episode,phase,episode_reward_sum,router_alpha,gate_entropy,gate_max,gate_static_weight,gate_balance_loss,expert_usage_l1_delta,actor_grad_norm,policy_loss,lr_experts,lr_router,expert_0_mean,expert_1_mean,expert_2_mean,expert_3_mean,expert_4_mean,primary/load_tracking/nmbe_pct,primary/load_tracking/cv_rmse_pct,primary/thermal_comfort/portfolio_exceedance_pct
1,router_only,-6594.251504778862,0.5,1.2251149535179138,0.6012168228626251,0.6012168228626251,0.0033258492418099194,0.0,0.06027030935510993,0.00019112098962068558,0.0,0.0001,0.21845690831542014,0.2011508598923683,0.3035421647131443,0.13556041345000266,0.1412896629422903,-0.5354632449238813,36.36447465561465,23.311827956989248
2,router_only,-6454.201390028,0.503333330154419,1.218695205450058,0.6031433671712876,0.6031433671712876,0.00270726143498905,0.033759517967700936,0.05901492293924093,0.0003487194888293743,0.0,0.0001,0.2164520613849163,0.2042688515037298,0.3150602519512177,0.12068549953401089,0.14353334121406078,-0.4520271560303981,35.48592955971323,22.908602150537636
3,router_only,-6218.2350162267685,0.5066666603088379,1.200772899389267,0.6074534013867379,0.6074534013867379,0.0020125187176745383,0.0486896993592381,0.06843897211365402,0.0002838668413460255,0.0,0.0001,0.2111831944435835,0.20868553593754768,0.333792994171381,0.10160951483994722,0.14472876228392123,0.09278498369122161,34.875060976333764,21.89247311827957
4,router_only,-6133.083101570606,0.5099999904632568,1.1734163403511046,0.6136414110660553,0.6136414110660553,0.0014626359537942336,0.06442205235362056,0.07748645897954702,-0.00016615227214060723,0.0,0.0001,0.19837660677731037,0.2159268494695425,0.35876270830631257,0.08935973960906267,0.13757410049438476,0.6847429324020158,34.31328419691627,21.78494623655914
5,router_only,-5822.668720543385,0.5133333206176758,1.1414686530828475,0.6191913798451424,0.6191913798451424,0.0012223414407344535,0.0695836465805769,0.09672271441668272,-0.0006429415196180343,0.0,0.0001,0.18749012537300586,0.2285198874771595,0.38096149265766144,0.0789502166211605,0.12407828066498042,0.966560194260326,34.31090378150808,20.526881720430108
6,router_only,-5640.3504673838615,0.5166666507720947,1.107949087023735,0.6245852977037429,0.6245852977037429,0.0011212196375709027,0.05549215823411939,0.07777908407151699,-6.052134558558464e-05,0.0,0.0001,0.1811484295874834,0.23263972625136375,0.40458773374557494,0.07238761093467475,0.10923650376498699,1.369737004167089,33.32209506475722,19.956989247311828
7,router_only,-5504.435894429684,0.5199999809265137,1.0664270877838136,0.629383085668087,0.629383085668087,0.0016415903635788708,0.06318587046116594,0.11880916766822339,-0.001626883354038,0.0,0.0001,0.1688125256448984,0.22693213410675525,0.4361806705594063,0.06536694411188364,0.102707733027637,1.2879248512435133,34.14921720911138,19.333333333333332
8,router_only,-5400.042971432209,0.5233333110809326,1.0180947855114937,0.6363094091415405,0.6363094091415405,0.002505174485850148,0.07758895708248016,0.07063322402536869,-0.0010780012933537364,0.0,0.0001,0.16271447837352754,0.2068069502711296,0.4749751478433609,0.06030436707660556,0.09519906137138605,1.3904448604019066,33.45967389913399,19.005376344086024
9,router_only,-5505.211141765118,0.5266666412353516,0.9737517595291137,0.642481480538845,0.642481480538845,0.0037412550649605692,0.06168038016185164,0.06413133041933179,-0.0009553950862027704,0.0,0.0001,0.15890168361365795,0.18961928971111774,0.5058153383433819,0.05739116854965687,0.08827252555638551,1.417805990285253,32.56709459937104,19.553763440860212
10,router_only,-5580.311465501785,0.5299999713897705,0.9503800347447395,0.6451175540685654,0.6451175540685654,0.0042703489540144805,0.023945673462003422,0.06617326885461808,-0.0012506521306931973,0.0,0.0001,0.15609218627214433,0.1913164146244526,0.5160910546779632,0.05420183418318629,0.08229852505028248,1.396748086161205,32.4823686705838,19.688172043010752
11,router_only,-5182.814575135708,0.5333333611488342,0.9257731780409812,0.6467376187443733,0.6467376187443733,0.00508808454615064,0.02790174512192615,0.06684865886345506,-0.0009157559834420681,0.0,0.0001,0.1484214447438717,0.19465697407722474,0.5267013639211655,0.051356117613613604,0.07886410672217607,1.9488213365019986,32.88847545904475,18.059139784946236
12,router_only,-5143.929140865803,0.5366666913032532,0.8911603659391403,0.6498741924762725,0.6498741924762725,0.006561774364672601,0.04376155948266388,0.05880270777270198,-0.0005681651062332093,0.0,0.0001,0.14333236403763294,0.1818284172564745,0.5485821396112442,0.04938759496435523,0.0768694831058383,1.8357954916362464,32.93149169812588,18.037634408602152
13,router_only,-5165.332797527313,0.5400000214576721,0.8390074029564858,0.6544090360403061,0.6544090360403061,0.008664828643668443,0.051740775350481244,0.08660374172031879,-0.0009744850918650627,0.0,0.0001,0.13626241721212864,0.17239999026060104,0.5744525283575058,0.04656716622412205,0.07031789906322956,1.4364057014080733,33.10714466915237,17.93010752688172
14,router_only,-4947.538013458252,0.5433333516120911,0.8102372482419014,0.6551857843995095,0.6551857843995095,0.009939716989174485,0.027435752470046246,0.06078354981727898,-0.000807617325335741,0.0,0.0001,0.13097317069768905,0.16958095841109752,0.5881704062223434,0.044946358818560836,0.06632911022752523,1.9747135021747249,32.34067862467826,17.31720430107527
15,router_only,-4989.168479144573,0.54666668176651,0.8094037443399429,0.653162094950676,0.653162094950676,0.009856489510275424,0.012552809529006427,0.05938792214728892,-0.0009086399339139461,0.0,0.0001,0.12955495342612267,0.17585736140608788,0.5867529809474945,0.04387583872303367,0.0639588663354516,1.7236306885993498,32.453699135785854,17.49462365591398
16,router_only,-5082.323022723198,0.550000011920929,0.8118582978844643,0.6518163412809372,0.6518163219094276,0.009788474277593195,0.00397247746586795,0.08086251746863127,-0.0006531056016683579,0.0,0.0001,0.131065908446908,0.17424516379833221,0.5863789424300194,0.044215047266334295,0.06409494411200285,1.8407378372383696,31.81878734856283,17.844086021505376
17,router_only,-5138.3335292339325,0.5533333420753479,0.7768457442522049,0.6528826341032982,0.6526498064398766,0.011733727646060288,0.039364123251289095,0.05791712375357747,-0.0008875815197825432,0.0,0.0001,0.12678133752197027,0.16106363125145434,0.6060610041022301,0.043277601804584266,0.06281643146649003,1.9137100087096566,32.864172791471326,18.048387096774192
18,router_only,-5098.135826051235,0.5566666722297668,0.7846917361021042,0.6506620451807976,0.6500779390335083,0.011480707256123424,0.012023183517158025,0.07653098683804274,-0.0014931926503777503,0.0,0.0001,0.1243790602311492,0.16371211148798465,0.6024516895413399,0.04378834664821625,0.0656687980517745,1.6714506073820916,32.62230424697119,17.940860215053764
19,router_only,-5065.056142449379,0.5600000023841858,0.7570353090763092,0.6525296911597251,0.6501589864492416,0.012791037862189113,0.02453424707055092,0.06347527923062443,-0.0007539903279393911,0.0,0.0001,0.12024317011237144,0.16145336516201497,0.6147188112139702,0.04241137634962797,0.06117327939718962,2.2235394378497126,32.169255279325945,17.86559139784946
20,router_only,-5149.854630947113,0.5633333325386047,0.7366620808839798,0.6561966598033905,0.6511537581682205,0.013964407308958472,0.022401641402393542,0.05690808305516839,-0.0006501066498458385,0.0,0.0001,0.11912151444703341,0.1535089984536171,0.6259196311235428,0.0419312602840364,0.05951859634369612,2.0707750408727077,32.161930576758195,18.20967741935484
21,router_only,-5113.305727183819,0.5666666626930237,0.7298104956746101,0.6591803371906281,0.6510666340589524,0.014289019303396345,0.0061355532146990105,0.06695785587653517,-0.0012427855283021927,0.0,0.0001,0.11898581627756358,0.15172402895987033,0.62898740619421,0.04169677430763841,0.05860597183927894,2.258836814171437,32.18881953415182,17.967741935483872
22,router_only,-5026.839026927948,0.5699999928474426,0.7034740790724754,0.6652556270360946,0.6508254930377007,0.015833409293554722,0.026186292432248674,0.05159448604099452,-0.0010318224783986806,0.0,0.0001,0.11675299536436796,0.14417784512043,0.6420805484056473,0.040642140340059994,0.05634646033868194,2.1983712278366716,32.664440508392104,17.758064516129032
23,router_only,-4875.783145666122,0.5733333230018616,0.6887063965201378,0.6702155098319054,0.6506105750799179,0.016638248949311672,0.0129470570012927,0.05869257962331176,-0.001023662183433771,0.0,0.0001,0.11536834314465523,0.14048281759023667,0.6485540822148324,0.04043557662516832,0.055159180611372,2.031481607417664,32.38179997382433,17.13978494623656
24,router_only,-5073.905831336975,0.5766666531562805,0.6792761132121086,0.6730701118707657,0.6495687946677208,0.017190540186129512,0.008874453790485834,0.04783002957701683,-0.0010967355221509934,0.0,0.0001,0.11456953529268503,0.13932421021163463,0.652991309762001,0.03998429756611586,0.05313064865767956,1.749325476426578,32.38652107771565,17.838709677419352
25,router_only,-5047.72234839201,0.5799999833106995,0.6732239916920661,0.6740787833929062,0.6481966778635979,0.017598047945648433,0.0098207558505237,0.060113678919151425,-0.0009256737306714058,0.0,0.0001,0.11288305148482322,0.14101013951003552,0.6562157556414604,0.03914904519915581,0.05074200415983796,2.154049922015443,31.88895661124186,17.758064516129032
26,router_only,-5119.483804702759,0.5833333134651184,0.682902742922306,0.6728055506944657,0.6477649047970772,0.01693273305427283,0.011304469592869286,0.04810105301439762,-0.0017462245654314757,0.0,0.0001,0.1129374062642455,0.14620473124086858,0.6508020371198654,0.03955233776941895,0.05050349216908216,1.852726923177135,32.38777003196483,17.940860215053764
27,router_only,-5158.490077137947,0.5866666436195374,0.6848485127091408,0.6729717716574669,0.6454005047678948,0.01703308098949492,0.0014976235106587757,0.0578922008164227,-0.001271385420113802,0.0,0.0001,0.11221097782254219,0.14618234522640705,0.6514329314231873,0.03962718062102795,0.05054656406864524,1.6653999183629804,32.011282316122966,18.161290322580644
28,router_only,-5051.057389378548,0.5899999737739563,0.687891648709774,0.673809389770031,0.6454403385519981,0.01667843493632972,0.007385392207652358,0.05798383448272944,-0.0012135589495301247,0.0,0.0001,0.11168559398502112,0.14887613505125047,0.6482656210660934,0.04011854361742735,0.05105410926043987,1.9524188143421162,32.24499839272498,17.698924731182796
29,router_only,-5086.610176444054,0.5933333039283752,0.6896843135356903,0.6750848531723023,0.6450713753700257,0.016529718460515142,0.005248522944748396,0.04865056145936251,-0.001490148063749075,0.0,0.0001,0.11080338656902314,0.15117898769676685,0.6466655194759369,0.03997658798471093,0.051375514920800926,2.0440870497317456,32.13544680746428,18.00537634408602
30,router_only,-4947.028818249702,0.596666693687439,0.6774807631969452,0.6795414879918098,0.6457723706960679,0.017163266614079475,0.010283142887055917,0.06484922668896616,-0.001324951509013772,0.0,0.0001,0.10996982026845217,0.14915655590593815,0.6518070936203003,0.03924126271158457,0.049825269542634484,2.1729499640747223,32.16884799323122,17.290322580645164
31,router_only,-4970.338905394077,0.6000000238418579,0.6772102549672127,0.6819750636816024,0.6465085417032241,0.017124354327097534,0.0015994230285287236,0.05539471423253417,-0.001524086156859994,0.0,0.0001,0.10958787091076375,0.14930089823901654,0.6513893306255341,0.039297822117805484,0.05042407847940922,2.2333925275418767,32.19467572589021,17.35483870967742
32,router_only,-4940.2542897462845,0.6033333539962769,0.6661850616335869,0.6875910371541977,0.6472789943218231,0.017635930934920906,0.01003141794353729,0.0750228070653975,-0.0020164063666015864,0.0,0.0001,0.10932888854295016,0.14454417675733566,0.6555551767349244,0.03974805297330022,0.050823715608567,2.1513822004341803,32.21188496260095,17.048387096774192
33,router_only,-5123.405089318752,0.6066666841506958,0.6737017601728439,0.687812814116478,0.6474124625325203,0.01710606806445867,0.010585525073111154,0.06761781191453338,-0.001639282051473856,0.0,0.0001,0.10868207141757011,0.14736425504088402,0.6509092271327972,0.04036139594390988,0.052683052700012924,1.6405426528568974,32.59060772114931,17.86559139784946
34,router_only,-4964.644919335842,0.6100000143051147,0.6856316462159157,0.6870259165763855,0.6473572984337806,0.016064312704838813,0.018185747601091817,0.07767173442989588,-0.002495486941188574,0.0,0.0001,0.10859624706208706,0.1543286617845297,0.6419021785259247,0.04170242790132761,0.053470488637685776,1.784833084608977,32.57575589099387,17.381720430107528
35,router_only,-5092.510514378548,0.6133333444595337,0.6822421088814735,0.6885121628642082,0.6454464688897132,0.016517093079164623,0.010225024633109585,0.0637376844882965,-0.002182123530656099,0.0,0.0001,0.10660814084112644,0.15588353089988233,0.6454598233103752,0.040626643039286134,0.05142186898738146,1.7605969859174615,32.49493182510378,17.85483870967742
36,router_only,-4976.328555583954,0.6166666746139526,0.6873405337333679,0.6912683859467507,0.6476694047451019,0.01588486444670707,0.012033710535615666,0.06488892370834946,-0.002123404946178198,0.0,0.0001,0.1062302567064762,0.15955950804054736,0.6398208513855934,0.04151530768722296,0.052874081674963234,1.945333631742795,32.85970257868938,17.198924731182796
37,router_only,-5054.362603724003,0.6200000047683716,0.6812372773885726,0.6937039896845818,0.6481150522828102,0.01597366789355874,0.002554237563163017,0.07319245040416718,-0.002071513235569,0.0,0.0001,0.10538080483675002,0.1603385742753744,0.6402836576104164,0.04155055359005928,0.05244641434401274,1.6551802231291803,32.12726441051568,17.634408602150536
38,router_only,-5188.494424343109,0.6233333349227905,0.6717785790562629,0.694503267109394,0.6464867278933525,0.01656631026417017,0.009526131674647324,0.06443653851747513,-0.002235346846282482,0.0,0.0001,0.10388885512948036,0.15896054692566394,0.6450467243790626,0.04143497506156564,0.05066890502348542,1.6445245954706644,32.31623124480795,18.166666666666668
39,router_only,-5014.779549539089,0.6266666650772095,0.6698068261146546,0.6987493634223938,0.6500940814614296,0.01622130493633449,0.009291104134172237,0.06039778534322977,-0.0020705506205558775,0.0,0.0001,0.10276142489165067,0.16314259618520738,0.6415286034345626,0.041515380050987004,0.05105200372636318,2.328389987379062,32.19860088632819,17.731182795698924
40,router_only,-4990.302717030048,0.6299999952316284,0.6725636020302772,0.7038427531719208,0.6536906719207763,0.015345890377648174,0.015248909033834829,0.08622403144836426,-0.001991986017674208,0.0,0.0001,0.10402629245072603,0.16645219288766383,0.6339041471481324,0.04257866889238358,0.05303870337083936,1.6584964290234792,32.288285718330116,17.446236559139784
41,router_only,-5053.264527618885,0.6333333253860474,0.6556055068969726,0.7140427738428116,0.6599564790725708,0.015508934133686125,0.006444609537720615,0.07578168576583266,-0.00255984952673316,0.0,0.0001,0.10422697383910418,0.16322988756000995,0.6355700850486755,0.043583381175994876,0.0533896760083735,1.8870428137346689,32.01485230022043,17.607526881720432
42,router_only,-4907.220721423626,0.6366666555404663,0.6541444078087807,0.720721036195755,0.6645172968506813,0.015063814725726843,0.010145998001098583,0.08052635109052061,-0.002549478318542242,0.0,0.0001,0.1040135757997632,0.16787556521594524,0.6313497826457024,0.04294408755376935,0.053817002288997176,1.9281018932543932,32.755949121534265,17.037634408602152
43,router_only,-4882.412657320499,0.6399999856948853,0.6560430571436882,0.7253633722662925,0.6674541234970093,0.014229518035426736,0.0226126397959888,0.06803574711084366,-0.002431420050561428,0.0,0.0001,0.10237716045230627,0.17836383432149888,0.6224414959549904,0.042182464804500344,0.054635048191994426,2.2427756588341716,32.820028335547185,17.043010752688172
44,router_only,-4987.097595274448,0.6433333158493042,0.650521045923233,0.7318655580282212,0.6738708406686783,0.013408035947941243,0.01849921802058821,0.08919439055025577,-0.0025539605412632227,0.0,0.0001,0.10202792771160603,0.18716625310480595,0.613541117310524,0.042362265102565286,0.05490243574604392,1.974329926831677,32.34189163569173,17.274193548387096
45,router_only,-4795.552251160145,0.6466666460037231,0.6363393560051918,0.7381283849477768,0.6770487308502198,0.013528434932231903,0.003036693204194349,0.07324363039806485,-0.002453857474029064,0.0,0.0001,0.10096921231597662,0.18782019801437855,0.6143036648631096,0.04190263543277979,0.05500429142266512,2.0359516897756107,32.89744056595008,16.72043010752688
46,router_only,-4856.742347300053,0.6499999761581421,0.6393611058592796,0.7404465571045875,0.679853518307209,0.012739314464852214,0.018567389529198418,0.08405164098367095,-0.0031696924939751624,0.0,0.0001,0.10122465696185827,0.19522649720311164,0.6054121404886246,0.04151046453043818,0.056626241840422156,2.006551750066893,32.39219334442335,16.693548387096772
47,router_only,-4876.158622682095,0.653333306312561,0.6244128838181495,0.7472818285226822,0.6838965743780137,0.012668186239898205,0.0048125190660357475,0.09045794997364283,-0.002649431096506305,0.0,0.0001,0.10082694888114929,0.19763275906443595,0.6042127907276154,0.04097308441996574,0.056354422587901354,2.005458528547904,33.32415206541741,16.78494623655914
48,router_only,-4923.714071989059,0.6566666960716248,0.6158960357308387,0.7529386296868325,0.691284142434597,0.011729042953811586,0.02362392824143176,0.08942086854949594,-0.002750907186418772,0.0,0.0001,0.10182802900671958,0.20721800960600376,0.5929566890001297,0.04219871461391449,0.05579855693504214,1.9166263318507908,32.61986099202171,17.086021505376344
49,router_only,-4658.275017857552,0.6600000262260437,0.6023637741804123,0.7579196915030479,0.6953768596053124,0.01165646305307746,0.014619979076087392,0.09442574307322502,-0.0028708856087177994,0.0,0.0001,0.1005763541907072,0.21452799886465074,0.5902217656373978,0.04088078141212463,0.05379309849813581,1.87594175232373,32.759707296746924,15.946236559139784
50,router_only,-4824.339543104172,0.6633333563804626,0.6017754390835762,0.7583914220333099,0.6969667851924897,0.011099377181380987,0.018125186674296932,0.09217075780034065,-0.003004832239821553,0.0,0.0001,0.09999272711575032,0.22223708778619766,0.5817428052425384,0.04145956477150321,0.05456782542169094,2.108491853171042,32.961015861261245,16.74731182795699
51,router_only,-4701.510707736015,0.6666666865348816,0.5886317253112793,0.764061664044857,0.7015057474374771,0.011094620730727912,0.004238006100058547,0.10074189770966768,-0.0033685237169265745,0.0,0.0001,0.10060931779444218,0.22373949661850928,0.5816300258040428,0.04051366234198213,0.0535075007006526,2.0381020783765673,32.83046905559753,16.182795698924732
52,router_only,-4763.97508585453,0.6700000166893005,0.5754433184862137,0.767966715991497,0.7017808049917221,0.01123511022888124,0.008746297098696246,0.10227105664089323,-0.003170377481728792,0.0,0.0001,0.09932543877512216,0.2281126447021961,0.5812740072607994,0.03967802627012133,0.051609885320067404,2.146996061937484,33.090524922968484,16.397849462365592
53,router_only,-4777.493117272854,0.6733333468437195,0.573463624715805,0.7696559473872184,0.7021227017045021,0.01097659592051059,0.005648900847881937,0.09616871094331145,-0.0034445209428668024,0.0,0.0001,0.10033055450767278,0.22764898799359798,0.5789132073521615,0.04099712874740362,0.052110111340880394,2.047285286068759,33.034806103771885,16.370967741935484
54,router_only,-4809.034020483494,0.6766666769981384,0.5664267063140869,0.7713918626308441,0.6995979681611061,0.011605848791077733,0.0154631809331476,0.09206997491419315,-0.0030549438088200986,0.0,0.0001,0.09871940426528454,0.22317457608878613,0.5866448059678078,0.040034201182425025,0.05142701873555779,2.384595256077847,33.10833844625118,16.672043010752688
55,router_only,-4749.572215974331,0.6800000071525574,0.5562468841671944,0.7749184802174568,0.7014518648386001,0.011703361221589149,0.0037912875413894376,0.10933527033776044,-0.0036592029966413973,0.0,0.0001,0.09824305642396211,0.22410435378551483,0.587235240638256,0.0404096357524395,0.050007725972682236,2.1537905982054952,33.33406751071163,16.43010752688172
56,router_only,-4622.314160585403,0.6833333373069763,0.5416063740849495,0.7793694108724594,0.7025946602225304,0.012497837794944644,0.017530435696244247,0.09905175250023604,-0.0031434202566742895,0.0,0.0001,0.09627672377973795,0.22128498554229736,0.5960004478693008,0.03981964020058513,0.046618193946778776,2.4035535884365404,32.47200796201254,15.865591397849462
57,router_only,-4674.552864909172,0.6866666674613953,0.5388099424540996,0.7814360335469246,0.7046514511108398,0.01199314659461379,0.011677456367760922,0.08428758773952723,-0.0028154379688203335,0.0,0.0001,0.0969077043235302,0.22399064153432846,0.5901617243885994,0.04206694941967726,0.04687298107892275,2.634156057723675,32.7747011652982,16.102150537634408
58,router_only,-4741.779999375343,0.6899999976158142,0.5290841594338417,0.7858689218759537,0.7048814505338669,0.012238138378597796,0.00821972005069254,0.09326657904312015,-0.0035617435351014137,0.0,0.0001,0.097558868303895,0.22181278988718986,0.593620416522026,0.04141413345932961,0.045593784749507905,2.656718664791287,33.1715013994287,16.413978494623656
59,router_only,-4678.361233830452,0.6933333277702332,0.5215678632259368,0.7887222722172738,0.7062704741954804,0.012198524293489754,0.008003146294504312,0.0905376042239368,-0.0036089096451178194,0.0,0.0001,0.0976743696257472,0.2256988652050495,0.5921356335282326,0.040855808462947604,0.04363532308489084,2.3665251134347898,32.53009079976673,16.295698924731184
60,router_only,-4615.413739025593,0.6966666579246521,0.5126238778233528,0.7907560646533967,0.7061177417635918,0.012355191470123827,0.00448732897639275,0.11025558207184076,-0.003101644734852016,0.0,0.0001,0.09738508891314268,0.22681449726223946,0.5932636663317681,0.04018145864829421,0.042355289496481416,2.291701675893294,33.086328011427426,15.865591397849462
61,router_only,-4574.968706846237,0.699999988079071,0.5037764877080917,0.7951451942324639,0.70898477435112,0.012016446888446808,0.009981290623545712,0.10599645860493183,-0.003325423412024975,0.0,0.0001,0.097847069054842,0.23109876327216625,0.5887006282806396,0.04042585911229253,0.041927683539688586,2.486698325856578,32.885423162101695,15.8494623655914
62,router_only,-4544.774876952171,0.70333331823349,0.5056515991687774,0.7938174113631249,0.7048588812351226,0.012157674389891326,0.004721589386463158,0.10492363069206476,-0.003035885654389858,0.0,0.0001,0.09628868009895086,0.2302963588386774,0.5896352365612983,0.041260293871164325,0.042519436497241256,2.595458504589758,32.78353792938321,15.725806451612904
63,router_only,-4519.505070090294,0.7066666483879089,0.5038380950689316,0.7949802741408348,0.7030736237764359,0.012251034192740918,0.003830929659307078,0.10436072470620275,-0.0030367850326001645,0.0,0.0001,0.09554294291883707,0.23165077939629555,0.5899297326803208,0.04009056277573109,0.042785981204360723,2.3638724819620043,33.065709122152995,15.435483870967742
64,router_only,-4559.208454072475,0.7099999785423279,0.5046344392001629,0.7953935995697975,0.7045936554670333,0.011857229308225215,0.009323695022612849,0.09457913171499968,-0.0036468980833888054,0.0,0.0001,0.0966741506010294,0.23385033942759037,0.5852678865194321,0.04010370736941695,0.04410391775891185,2.8232791392580796,32.69169846514758,15.693548387096772
65,router_only,-4666.402361690998,0.7133333086967468,0.5021134287118911,0.7964866444468498,0.7025715738534928,0.012109091668389738,0.006344991642981773,0.11731813549995422,-0.0032810693606734275,0.0,0.0001,0.09661104083061219,0.23244227916002275,0.5884403824806214,0.038801658898591995,0.043704640585929155,2.3649829974904097,32.95472906560041,16.096774193548388
66,router_only,-4664.806234359741,0.7166666388511658,0.5008278176188469,0.7976340308785439,0.7038802385330201,0.011544487904757261,0.012730099726468352,0.12424014136195183,-0.004295633059518878,0.0,0.0001,0.10065709222108125,0.23476127572357655,0.5832051545381546,0.038118903245776894,0.04325757240876556,2.814586665030774,32.479741288169684,16.064516129032256
67,router_only,-4615.651753246784,0.7200000286102295,0.5034102268517018,0.7974862411618233,0.7047492802143097,0.0110286362352781,0.016330985445529203,0.11871932130306959,-0.0035574711859226228,0.0,0.0001,0.1014643132686615,0.24139434061944484,0.5750396683812141,0.038403536193072796,0.043698152806609866,2.2703514831378886,33.15178529478696,15.822580645161292
68,router_only,-4749.606750011444,0.7233333587646484,0.4971267245709896,0.799650889635086,0.7020631074905396,0.011700646509416402,0.013253975939005569,0.09496823605149984,-0.0029972984455525877,0.0,0.0001,0.0977752109989524,0.24047304764389993,0.5816666528582572,0.03718869229778647,0.042896400485187766,2.2869473643813722,32.716152836482365,16.408602150537636
69,router_only,-4532.259331643581,0.7266666889190674,0.48771456331014634,0.8035372942686081,0.7044835850596428,0.011822024709545076,0.01176980584859856,0.11059238854795694,-0.003763660416007042,0.0,0.0001,0.10013793054968119,0.23676020018756389,0.5851888373494148,0.03630118807777762,0.04161185035482049,2.4171585538343656,32.62878151307847,15.623655913978496
70,router_only,-4563.558357059956,0.7300000190734863,0.4835058458149433,0.8046015977859498,0.706907419860363,0.011472428822889924,0.007563012652099126,0.11278416011482477,-0.0035394523292779922,0.0,0.0001,0.10270179193466902,0.23697780817747116,0.5824608683586121,0.03730122353881597,0.04055831152945757,2.769181047337983,33.36148180746437,15.521505376344086
71,router_only,-4670.447018146515,0.7333333492279053,0.47973146885633466,0.8063311219215393,0.7056801930069924,0.011504386155866086,0.014011421054601729,0.11660247948020697,-0.0038901346269994974,0.0,0.0001,0.101049561239779,0.24398351982235908,0.5793945550918579,0.03656067615374923,0.03901169346645474,2.4384695411333377,33.41725166572586,16.059139784946236
72,router_only,-4547.147196769714,0.7366666793823242,0.47971665412187575,0.8063540011644363,0.7036717891693115,0.01150671779178083,0.007785368151962735,0.11449290700256824,-0.003260051878169179,0.0,0.0001,0.0997591009363532,0.24782724827528,0.577508382499218,0.03660963019356132,0.0382956407032907,2.2802874409469065,32.59589373587136,15.553763440860216
73,router_only,-4601.200959086418,0.7400000095367432,0.47446238473057745,0.8087653607130051,0.70464558750391,0.01133112630341202,0.011504397820681321,0.12903148885816335,-0.003630290552973747,0.0,0.0001,0.10075724795460701,0.252581299841404,0.5737180292606354,0.036064946185797454,0.03687847871333361,2.297460042795302,33.64061475790943,15.806451612903224
74,router_only,-4625.009900212288,0.7433333396911621,0.4661834970116615,0.8118530333042144,0.7046373963356019,0.011556584271602333,0.005505574773997053,0.12892421372234822,-0.003944207262247801,0.0,0.0001,0.1008892523124814,0.2525079056620598,0.5763388127088547,0.03501822804100811,0.03524580406956375,2.43195103278953,32.94445421816734,15.919354838709676
75,router_only,-4544.694158315659,0.746666669845581,0.4630515329539776,0.8129088535904885,0.6996672242879868,0.012282512104138731,0.013512831507250689,0.14831915572285653,-0.00439140535891056,0.0,0.0001,0.09754774440079927,0.25276286229491235,0.582840271294117,0.032666075555607674,0.0341830481775105,2.539787139968121,33.262215410846764,15.623655913978496
76,router_only,-4465.157515645027,0.75,0.46897985562682154,0.8114897385239601,0.7011962980031967,0.01148326500551775,0.01694463300518695,0.10766842188313604,-0.003837538929656148,0.0,0.0001,0.10288092140108347,0.25578387416899206,0.5747745469212532,0.032259481493383646,0.034301173873245716,2.6873618900052363,32.791947374820126,15.32258064516129
77,router_only,-4772.054667174816,0.753333330154419,0.46220816522836683,0.8150220558047294,0.699844990670681,0.011761016468517483,0.013335930975154037,0.1531698875129223,-0.0038010490126907824,0.0,0.0001,0.10436817426234483,0.2514749504625797,0.5799552619457244,0.031280732108280064,0.03292088387534022,2.545898381453795,33.34661214895656,16.56989247311828
78,router_only,-4538.05435270071,0.7566666603088379,0.45411179810762403,0.8199382692575454,0.701792000234127,0.011988764780107885,0.011632512509822848,0.12464649751782417,-0.0038373244926333426,0.0,0.0001,0.10616642609238625,0.24854899011552334,0.5839732632040977,0.0299107083119452,0.0314006085973233,2.729516687842869,32.62784040815313,15.440860215053764
79,router_only,-4568.374507069588,0.7599999904632568,0.4520491145551205,0.8204444721341133,0.6983987659215927,0.012216534407343715,0.006695244694128626,0.13029423169791698,-0.003549010120332241,0.0,0.0001,0.10536556746810674,0.251029222458601,0.584840652346611,0.028479501930996777,0.030285050394013524,2.78225219982814,32.80832664735958,15.543010752688172
80,router_only,-4570.43090069294,0.7633333206176758,0.4493768483400345,0.8215773239731788,0.6983343079686165,0.012219306046608836,0.011927903583273284,0.15406186133623123,-0.004146792087703943,0.0,0.0001,0.10345386918634177,0.25699318125844,0.5814599514007568,0.028245183592662215,0.029847823176532985,2.216519181175348,32.73055066163288,15.63978494623656
81,router_only,-4627.19869685173,0.7666666507720947,0.4437807209789753,0.8243420332670212,0.699175538122654,0.01246754233725369,0.011787468893453501,0.13698413372039794,-0.0034476642496883867,0.0,0.0001,0.1040024908259511,0.2514872279018164,0.586805060505867,0.02806497532874346,0.029640246648341417,2.259400679296628,32.75934823165932,16.01075268817204
82,router_only,-4610.597123980522,0.7699999809265137,0.4365759789943695,0.8278841152787209,0.7010606855154038,0.012167651997879147,0.008581121824681737,0.13774420320987701,-0.0039591995999217035,0.0,0.0001,0.10829305350780487,0.24930821023881436,0.5861894056200981,0.02725241188891232,0.028956923494115473,2.3225731965133,32.90908953896144,15.763440860215052
83,router_only,-4698.499212741852,0.7733333110809326,0.4314787991344929,0.8292647421360015,0.6996428057551384,0.012062096735462546,0.009613266680389622,0.1391617625951767,-0.004185283929109574,0.0,0.0001,0.10776308570057154,0.25381786823272706,0.5825286015868187,0.027549385745078325,0.028341060504317284,2.240666535183494,33.332928627242794,16.086021505376344
84,router_only,-4582.351975381374,0.7766666412353516,0.426837307959795,0.8302653864026069,0.7003156676888466,0.012272314552683383,0.006034676963463329,0.12260546647012234,-0.0041601952165365216,0.0,0.0001,0.10639525465667247,0.25541461296379564,0.5839491918683052,0.027102924464270473,0.027138010878115893,2.566171934457238,32.5117877846651,15.655913978494624
85,router_only,-4546.286838233471,0.7799999713897705,0.42947421669960023,0.8282700911164284,0.6977325364947319,0.012017198302783073,0.011984831327572488,0.14019695166498422,-0.004096679482609033,0.0,0.0001,0.10659586247056722,0.26120642349123957,0.5786463096737862,0.02660758695565164,0.026943817595019938,2.27922302348724,32.50878957937238,15.580645161290322
86,router_only,-4743.158026874065,0.7833333611488342,0.423368126899004,0.8303702265024185,0.6987150862812996,0.011832277826033532,0.00690088048577309,0.13001174554228784,-0.004176209308207035,0.0,0.0001,0.10933240968734026,0.26192031279206274,0.5769194483757019,0.025991341471672057,0.025836480408906938,2.133567491859874,33.148853802089064,16.322580645161292
87,router_only,-4598.840513885021,0.7866666913032532,0.42091349363327024,0.8326116725802422,0.6988338708877564,0.012051720987074077,0.005664354609325531,0.1586410230025649,-0.004319815244525671,0.0,0.0001,0.10777200385928154,0.26099638268351555,0.5792298674583435,0.026513106049969794,0.025488645397126676,1.9155938664398642,33.097576823024916,15.655913978494624
88,router_only,-4730.584621787071,0.7900000214576721,0.420344153791666,0.8324770256876945,0.697698637843132,0.011721371032763273,0.006602268805727396,0.1314049093052745,-0.003821170888841152,0.0,0.0001,0.11018628533929586,0.26157328188419343,0.5759444952011108,0.02682305793277919,0.025472881412133573,2.4300668804111147,32.79367476383635,16.026881720430108
89,router_only,-4518.608945906162,0.7933333516120911,0.41484823226928713,0.8350303396582603,0.6960707038640976,0.012122889782767743,0.007948920410126539,0.13154505621641874,-0.0034425003454089166,0.0,0.0001,0.10773220993578433,0.26232356280088426,0.5791686728596688,0.025774856191128494,0.02500069672241807,2.0729748209406944,32.805187493016334,15.36021505376344
90,router_only,-4560.758169412613,0.79666668176651,0.4081498980522156,0.8384790673851967,0.6956983610987664,0.012671759072691201,0.017116233240812923,0.1532578647136688,-0.0036687375977635384,0.0,0.0001,0.10648410115391016,0.25609766207635404,0.587726791203022,0.02512172656133771,0.024569720961153507,2.500432832323733,32.60593270832432,15.521505376344086
91,router_only,-4533.580290019512,0.800000011920929,0.4016545251011848,0.841343854367733,0.6968701556324959,0.012801115168258548,0.010447022970765822,0.13555674590170383,-0.003764814045280218,0.0,0.0001,0.10780286062508822,0.25162293165922167,0.591631543636322,0.024970505572855472,0.023972161300480365,2.3928815889509765,33.16918171461115,15.682795698924732
92,router_only,-4477.730256855488,0.8033333420753479,0.3969225540757179,0.8434773743152618,0.6964746624231338,0.012696440843865276,0.005129167903214646,0.13473441116511822,-0.0038344219326972963,0.0,0.0001,0.10821013804525137,0.25378023609519007,0.5898402780294418,0.024719515768811106,0.02344983066432178,2.2838466955988688,32.94994611365511,15.301075268817204
93,router_only,-4420.487605571747,0.8066666722297668,0.39496989026665685,0.8440481707453728,0.6941911801695824,0.012702133366838097,0.008870376693084762,0.13196682408452035,-0.00399452717974782,0.0,0.0001,0.10791625138372182,0.25821543037891387,0.5878669649362565,0.023428423376753927,0.02257294040173292,2.403834130445555,32.7849163159366,15.059139784946238
94,router_only,-4510.459947168827,0.8100000023841858,0.3943118996918201,0.8448003381490707,0.696602176129818,0.01247573916334659,0.0072151975706220145,0.13847533687949182,-0.004762280732393265,0.0,0.0001,0.10766641832888127,0.2603770554065704,0.5845091924071312,0.02455110438168049,0.022896226355805994,2.128199904954982,33.48782884087764,15.473118279569892
95,router_only,-4493.00819081068,0.8133333325386047,0.3881288215517998,0.8478968665003777,0.6995523273944855,0.012441092473454773,0.005343447718769306,0.14399760048836469,-0.003542601689696312,0.0,0.0001,0.10849151574075222,0.25776708498597145,0.5856300443410873,0.02527687922120094,0.02283447324298322,2.2335438533792473,32.52460871241549,15.526881720430108
96,router_only,-4534.605105876923,0.8166666626930237,0.3852611184120178,0.8491873919963837,0.6981426820158958,0.012561419676057995,0.006730101443827102,0.1471961447969079,-0.003806869685649872,0.0,0.0001,0.10746792014688253,0.2558539740741253,0.5874716088175773,0.02680037128739059,0.022406134847551586,2.6532714907951687,32.6061608873985,15.688172043010754
97,router_only,-4495.945758223534,0.8199999928474426,0.3860508412122726,0.8495258376002311,0.6948232248425483,0.012504062708467245,0.0069664400536566876,0.14537753202021123,-0.003523366805166006,0.0,0.0001,0.10685246605426073,0.25933718830347063,0.585040932893753,0.026737228455021977,0.022032181872054933,2.157383665735825,32.964723463275945,15.521505376344086
98,router_only,-4495.905375421047,0.8233333230018616,0.38275743946433066,0.8509145513176918,0.6953518703579903,0.012439270317554475,0.003260380355641263,0.181345684081316,-0.004093143716454506,0.0,0.0001,0.10829937495291234,0.25908384956419467,0.5846357345581055,0.02692051511257887,0.021060534147545697,2.5062586728777254,32.83858785660036,15.408602150537634
99,router_only,-4535.640153884888,0.8266666531562805,0.3769616067409515,0.8549575880169868,0.6957194194197655,0.012987965508364141,0.011445211386308045,0.14957431610673666,-0.0043378382921218876,0.0,0.0001,0.10624017585068941,0.257897125557065,0.5903583377599716,0.025137889990583064,0.020366474194452165,2.5418192442605747,32.46955391644513,15.618279569892474
100,router_only,-4542.787118375301,0.8299999833106995,0.37944251000881196,0.8542640939354896,0.6919423088431358,0.013151383516378701,0.003276453493163002,0.14450229667127132,-0.0035492967814207076,0.0,0.0001,0.10475482642650605,0.25887312442064286,0.5909700229763984,0.02498500975780189,0.020417013950645924,2.1850137606551785,33.53965359425251,15.618279569892474
101,router_only,-4551.989716053009,0.8333333134651184,0.38153754025697706,0.8542571857571601,0.6913720712065696,0.013100963109172881,0.005272297887131565,0.1641975397244096,-0.003971432708203793,0.0,0.0001,0.10718200821429491,0.25810730531811715,0.5911789894104004,0.02316432036459446,0.020367372781038284,2.0979675039895547,32.84078704057713,15.60752688172043
102,router_only,-4397.357637643814,0.8366666436195374,0.381057670712471,0.855180811882019,0.6895221963524818,0.013344298675656318,0.004298549983650458,0.18099058791995049,-0.0037989066913723946,0.0,0.0001,0.1062488779425621,0.25803346037864683,0.5933038562536239,0.02202202226035297,0.02039178260602057,2.296987723296913,32.70765996494405,15.161290322580644
103,router_only,-4352.1218665242195,0.8399999737739563,0.37903058528900146,0.8561250358819962,0.6886277005076409,0.013138487562537193,0.012831033952534245,0.1531049232929945,-0.0048772629350423815,0.0,0.0001,0.10458171721547842,0.26273119226098063,0.5886699005961418,0.023739809542894362,0.02027738420292735,2.459315394180387,32.77423346684251,15.03225806451613
104,router_only,-4409.800046682358,0.8433333039283752,0.38329131454229354,0.8541615173220635,0.6863644614815712,0.0128563676844351,0.01054718797095116,0.15025359485298395,-0.004728152137249708,0.0,0.0001,0.10421874579042197,0.2645313896238804,0.5843414723873138,0.027213206188753246,0.019695189874619247,2.5131676335998288,32.763060629481814,15.155913978494622
105,router_only,-4365.031006753445,0.846666693687439,0.38486563637852667,0.8536670058965683,0.6851907655596733,0.012849404872395099,0.007242561643943157,0.15401752814650535,-0.004369356483221054,0.0,0.0001,0.10472419615834952,0.2676472179591656,0.5825759917497635,0.026287290593609215,0.018765303166583182,2.581684837078704,33.19622432474612,14.93010752688172
106,router_only,-4492.439638316631,0.8500000238418579,0.38483728617429735,0.8549719154834747,0.6838773563504219,0.012623717857059092,0.00397727475501599,0.18137541208416225,-0.0048550421372056006,0.0,0.0001,0.10577407963573933,0.2674535870552063,0.5808856785297394,0.027226049453020096,0.018660614872351287,2.313158933544175,33.24705430116232,15.451612903225806
107,router_only,-4489.540980398655,0.8533333539962769,0.37501754313707353,0.8583965584635734,0.6862366735935211,0.012834856496192515,0.003995043225586466,0.17239197418093682,-0.004130691010504961,0.0,0.0001,0.10457897689193488,0.267628538608551,0.5827082425355912,0.02686675894074142,0.018217480462044477,2.19109057686594,33.346579478618295,15.543010752688172
108,router_only,-4546.771778762341,0.8566666841506958,0.3753321386873722,0.8583990901708602,0.6804312780499459,0.012972432153765113,0.006331966817378947,0.15713626146316528,-0.004563276469707489,0.0,0.0001,0.10535022802650928,0.2697444327175617,0.5829870849847794,0.024595903046429158,0.017322357231751084,2.274271625297273,32.95033013323614,15.715053763440862
109,router_only,-4633.555393755436,0.8600000143051147,0.3753355830907822,0.858981478214264,0.6786197528243065,0.012952998536638916,0.011855632672086367,0.13955205902457238,-0.003992489725351334,0.0,0.0001,0.10601660870015621,0.27500586584210396,0.5802382901310921,0.02210478358902037,0.016634452668949962,2.1622795499312017,32.52258290053467,16.155913978494624
110,router_only,-4513.342430412769,0.8633333444595337,0.37343108132481573,0.8594981223344803,0.675885184109211,0.012875837390311062,0.006941792322322768,0.14475067611783743,-0.004286521580070257,0.0,0.0001,0.10810915231704712,0.2763842225074768,0.5790273070335388,0.020403827540576458,0.016075499774888157,2.223003894276831,32.30372440736593,15.6505376344086
111,router_only,-4502.18649071455,0.8666666746139526,0.37258265540003777,0.8595074862241745,0.6744946464896202,0.01293925850186497,0.0026466823183000747,0.17337277214974164,-0.004342095751781017,0.0,0.0001,0.10812499690800906,0.2752391092479229,0.5800746768712998,0.020663949334993957,0.015897266939282416,2.514323143821995,33.225951491967805,15.586021505376344
112,router_only,-4392.762455224991,0.8700000047683716,0.3631095550954342,0.8642764315009117,0.6770894557237626,0.013098673499189317,0.014080171450041243,0.1602098198607564,-0.0044228464365005495,0.0,0.0001,0.10966771133244038,0.26905811578035355,0.5855720520019532,0.01999573353677988,0.01570639431010932,1.9917376329349368,33.0433151747936,15.021505376344086
113,router_only,-4502.546645402908,0.8733333349227905,0.35941615924239156,0.8660365805029869,0.676739239692688,0.01328852161532268,0.0031733780866488853,0.1514371519908309,-0.0035120672546327114,0.0,0.0001,0.10919040627777576,0.26893287897109985,0.5871587425470353,0.01933848191983998,0.015379500249400735,2.188895376425683,33.03983248308992,15.494623655913978
114,router_only,-4403.010172665119,0.8766666650772095,0.3487519137561321,0.8703528732061386,0.6773738458752632,0.013828564574941993,0.015980672906152897,0.17121932823210956,-0.005487451422959566,0.0,0.0001,0.10947683211416007,0.26352263540029525,0.594862648844719,0.017655420443043114,0.014482464524917305,2.171440280411673,32.677888915853394,15.177419354838708
115,router_only,-4487.833979070187,0.8799999952316284,0.3520709902048111,0.868714739382267,0.6739139795303345,0.013538357347715645,0.006898397393524644,0.1526854822412133,-0.004406345915049315,0.0,0.0001,0.11065061073750257,0.26512510553002355,0.5915404334664345,0.018328374624252318,0.01435548544395715,2.3426393292745256,33.10865197293354,15.516129032258064
116,router_only,-4470.2990798950195,0.8833333253860474,0.3510825574398041,0.8691954493522644,0.6765418708324432,0.01339514134451747,0.002981306007132001,0.15205768961459398,-0.004107449483126402,0.0,0.0001,0.11090628392994403,0.2654600851237774,0.5900497779250145,0.01915539395995438,0.014428463787771762,2.3673185651376283,33.39025526982382,15.446236559139784
117,router_only,-4484.116223037243,0.8866666555404663,0.35014679580926894,0.8699204429984093,0.6754705533385277,0.013812923338264227,0.013849404477514395,0.16606940794736147,-0.003627783991396427,0.0,0.0001,0.10846088975667953,0.26098077520728113,0.5957864403724671,0.020256930589675905,0.01451496509835124,2.240504778416269,33.43935917106871,15.387096774193548
118,router_only,-4307.815793514252,0.8899999856948853,0.3571645185351372,0.8674498423933983,0.6715446308255195,0.013413269049488008,0.013226891262456863,0.1727207712829113,-0.004997117258608341,0.0,0.0001,0.10953487139195203,0.2650381248444319,0.5893645480275154,0.02173904455266893,0.014323411416262389,2.2295018284809918,32.91743186420174,14.768817204301074
119,router_only,-4479.613066852093,0.8933333158493042,0.3540034070611,0.8687460914254188,0.6693988651037216,0.013277379516512155,0.0036189795704557447,0.1565913174301386,-0.004941305227112025,0.0,0.0001,0.11111692152917385,0.2652655616402626,0.5885751947760582,0.02136182482354343,0.013680491759441794,2.5839270405622465,33.38284056078498,15.370967741935484
120,router_only,-4403.519670963287,0.8966666460037231,0.3487136423587799,0.8706397473812103,0.6688672676682472,0.013417761470191181,0.005547621659934429,0.17023676559329032,-0.004288478009402752,0.0,0.0001,0.1095715893432498,0.26795915365219114,0.5886554181575775,0.020667520677670838,0.013146321824751794,2.6306169680723026,32.888324063158976,15.155913978494622
121,router_only,-4554.999777197838,0.8999999761581421,0.3471134461462498,0.8707452535629272,0.664952090382576,0.013863158714957535,0.00977064019534731,0.16495301816612482,-0.004554896242916584,0.0,0.0001,0.10868257600814105,0.2654148869216442,0.5935407400131225,0.019588530575856567,0.012773273652419448,2.684552810291672,33.40344577720856,15.612903225806452
122,router_only,-4493.954003334045,0.903333306312561,0.3433500610291958,0.8725420698523522,0.6616777628660202,0.014562059380114078,0.016897495812736512,0.1677432583644986,-0.004939287435263395,0.0,0.0001,0.1080847505480051,0.2596336495131254,0.601989483833313,0.017919557308778165,0.012372557795606554,2.852496633150375,32.75224924299346,15.46236559139785
123,router_only,-4517.271717786789,0.9066666960716248,0.3428623743355274,0.8735101044178009,0.6596637770533562,0.014545522897969931,0.006926760496571633,0.16623790711164474,-0.0042744939215481285,0.0,0.0001,0.107756407558918,0.263097034022212,0.5997348442673683,0.017195738735608757,0.01221598293632269,2.409925149429255,33.289912196731464,15.629032258064516
124,router_only,-4399.142473161221,0.9100000262260437,0.3341299191117287,0.8782774224877358,0.6641223758459092,0.014629275118932129,0.008710042457096282,0.15878510233014823,-0.004231767170131207,0.0,0.0001,0.10898780524730682,0.26044594421982764,0.6028584629297257,0.016021481179632247,0.011686304188333451,2.53277334675699,32.951432275743635,15.166666666666668
125,router_only,-4446.127856314182,0.9133333563804626,0.3333720266819,0.8778528228402138,0.6601278617978096,0.014666826277971268,0.005273627466522251,0.14908802397549153,-0.004159791953861713,0.0,0.0001,0.10845612287521363,0.2630827590823174,0.6016601890325546,0.015435379231348634,0.01136554980184883,2.5752965537955435,33.163617781918404,15.387096774193548
126,router_only,-4513.416630029678,0.9166666865348816,0.32481650188565253,0.8823704853653908,0.6636708468198776,0.014891224924940615,0.010436735372059157,0.14532820843160152,-0.004304844420403242,0.0,0.0001,0.10980843380093575,0.25845973566174507,0.6055262416601181,0.01490732931997627,0.011298251315020024,2.349524702968655,33.250377793730145,15.661290322580646
127,router_only,-4420.051565110683,0.9200000166893005,0.3204284645617008,0.8843489736318588,0.6640583828091622,0.014985170681029558,0.0020611250773071854,0.18525075241923333,-0.004916226118803024,0.0,0.0001,0.10986202079802751,0.25762245133519174,0.6065032199025154,0.01485729981213808,0.011155005311593413,2.5321965980722134,33.32859462824395,15.284946236559142
128,router_only,-4472.54825425148,0.9233333468437195,0.3188804142177105,0.8858730807900429,0.6620275050401687,0.015194097941275686,0.004956985497847108,0.17134481929242612,-0.0047277725301682946,0.0,0.0001,0.1087934410199523,0.2591520633548498,0.6074520990252494,0.014001205749809741,0.01060118479654193,2.4767908635238864,32.79566088153052,15.489247311827958
129,router_only,-4534.950490176678,0.9266666769981384,0.32266450598835944,0.8836164399981499,0.6568529322743416,0.015451183822005988,0.007383942184969853,0.17567297201603652,-0.0040181172080338,0.0,0.0001,0.10511318370699882,0.26236772276461123,0.6075933367013931,0.01433628061786294,0.010589471878483891,2.5373517714862444,32.7808016924216,15.870967741935486
130,router_only,-4404.424358248711,0.9300000071525574,0.3230601578950882,0.882427316904068,0.6570317298173904,0.015121112985070795,0.01037611933425071,0.16399661395698786,-0.004444125015288592,0.0,0.0001,0.10602764915674925,0.2666413240134716,0.6031461536884308,0.013770746253430843,0.010414136620238424,2.8250809747957706,33.03176883218574,15.13978494623656
131,router_only,-4428.454173266888,0.9333333373069763,0.323885041475296,0.8809892013669014,0.6565400063991547,0.01491732724243775,0.010686614643782372,0.16923339404165744,-0.004690008342731744,0.0,0.0001,0.10635724663734436,0.27165503054857254,0.5985561475157738,0.013346617482602597,0.010084960935637355,2.527068149072773,33.258473007194986,15.376344086021506
132,router_only,-4379.367160260677,0.9366666674613953,0.3134915832430124,0.8859558150172233,0.6538863331079483,0.015786503138951958,0.019044724770355966,0.1972527990117669,-0.004842695826664567,0.0,0.0001,0.10280859135091305,0.2671600621193647,0.6080785095691681,0.012176068895496429,0.009776770521420985,3.0107558857093983,33.30131511817561,15.059139784946238
133,router_only,-4477.492107927799,0.9399999976158142,0.31168632246553896,0.8858185037970543,0.6567875176668168,0.015341593930497766,0.00945109218591823,0.2013025287538767,-0.004346568044275046,0.0,0.0001,0.10505395997315645,0.2687090314924717,0.6033909127116204,0.013107279362156988,0.009738823655061424,2.3886417523890997,33.437582186475254,15.43010752688172
134,router_only,-4251.682481884956,0.9433333277702332,0.30720675364136696,0.8870613932609558,0.6560666382312774,0.015183908422477544,0.008160873258020784,0.17732510212808847,-0.0047082129844056905,0.0,0.0001,0.10388121157884597,0.2715136714279652,0.6007666796445846,0.014383072243072092,0.009455364674795418,2.80468737025546,33.399328765166445,14.731182795698924
135,router_only,-4347.944918394089,0.9466666579246521,0.3074780650436878,0.8864044055342675,0.6524177893996239,0.01517541172215715,0.0027115479693747505,0.1716297060251236,-0.0045093552907928824,0.0,0.0001,0.10481735002249479,0.27104777470231056,0.600234466791153,0.014802706427872181,0.00909769891295582,2.5571819171227914,33.39790043367698,15.086021505376342
136,router_only,-4493.110271513462,0.949999988079071,0.3033336341381073,0.8895091906189918,0.6532921403646469,0.014875680766999721,0.006090238119941272,0.15990819800645112,-0.0053270162316039205,0.0,0.0001,0.10654842536896467,0.2723618224263191,0.5985502436757087,0.013686096272431314,0.008853417134378105,2.7110643927948894,33.399631182996394,15.634408602150538
137,router_only,-4425.23112231493,0.95333331823349,0.2994347669184208,0.8907095894217492,0.649823747575283,0.014802127471193671,0.00642257189610974,0.17318562362343073,-0.0045190688222646715,0.0,0.0001,0.10828296504914761,0.27383856326341627,0.5963058441877365,0.012897515040822326,0.008675106475129724,2.5682055930690746,33.110262729787664,15.408602150537634
138,router_only,-4425.3489282131195,0.9566666483879089,0.28818221054971216,0.8954119712114335,0.6517935261130333,0.015556497825309634,0.018880785396322576,0.21670267581939698,-0.005324949906207621,0.0,0.0001,0.10306265503168106,0.26992461532354356,0.605223786830902,0.013419964769855141,0.008368971408344805,2.572580146847301,33.002711499869186,15.397849462365592
139,router_only,-4355.406041443348,0.9599999785423279,0.28823680691421033,0.8943622380495071,0.6513848885893821,0.015532297163736076,0.004286968417000018,0.20245429705828427,-0.005825446211383678,0.0,0.0001,0.10358622986823321,0.2679703585803509,0.605034564435482,0.014716454804874957,0.008692395815160125,2.377962186263256,32.88401649180451,15.037634408602152
140,router_only,-4395.268043458462,0.9633333086967468,0.2858949597924948,0.8961200386285781,0.651758125424385,0.015120231511536986,0.011080410494469098,0.18795744217932225,-0.004783852398395539,0.0,0.0001,0.1090331606566906,0.2651760019361973,0.6043401941657066,0.01266497562173754,0.008785669424105436,2.6543336953768075,33.192993587899664,15.311827956989246
141,router_only,-4346.338543951511,0.9666666388511658,0.28138238079845906,0.8979279726743699,0.6485999777913094,0.015569883910939098,0.00786237491993238,0.21092330887913704,-0.004991912888363004,0.0,0.0001,0.10596593264490366,0.2648048229515553,0.6082713782787323,0.012393360538408161,0.008564500696957111,2.7596250015018082,33.336602996957865,14.989247311827958
142,router_only,-4420.484450936317,0.9700000286102295,0.28333399817347527,0.8973761186003685,0.6465682029724121,0.0148641423904337,0.014035605976823701,0.1916506627574563,-0.005524262087419629,0.0,0.0001,0.11228989455848933,0.26549866460263727,0.6023052349686623,0.01164469001814723,0.008261512115132064,2.71940128474336,33.23459323617402,15.301075268817204
143,router_only,-4461.700378477573,0.9733333587646484,0.2763479046523571,0.9002926096320152,0.647126841545105,0.01544985086657107,0.015088456578086992,0.1839714754372835,-0.004895533769740723,0.0,0.0001,0.1119301537051797,0.2593864895403385,0.609849464893341,0.011101191164925694,0.007732700230553747,2.7080536869684404,33.62959659353539,15.478494623655914
144,router_only,-4618.147389173508,0.9766666889190674,0.2733049400150776,0.9013332545757293,0.6425551161170006,0.016119864606298506,0.013163097202777935,0.20141475647687912,-0.004841713421046734,0.0,0.0001,0.10759613942354918,0.26196573711931703,0.6138517647981644,0.00954941411036998,0.007036941847763956,2.7941314593604676,33.15722765717943,16.22043010752688
145,router_only,-4413.615763306618,0.9800000190734863,0.27386971227824686,0.9005949288606644,0.6435616970062256,0.016064517968334257,0.012920187576673963,0.19092677887529136,-0.004873096570372581,0.0,0.0001,0.10638991128653288,0.26842583119869234,0.6094171270728111,0.009026173152960837,0.0067409551702439785,2.6833283642712846,33.05211491472163,15.301075268817204
146,router_only,-4426.321227312088,0.9833333492279053,0.27498905211687086,0.900126051902771,0.6434666663408279,0.01572617278434336,0.0038304411922581837,0.18346222899854184,-0.004887373372912407,0.0,0.0001,0.10787375792860984,0.268438545614481,0.6077672377228737,0.008760839886963367,0.0071596126887016,3.1169200329329625,33.448886089748235,15.483870967741936
147,router_only,-4288.895476281643,0.9866666793823242,0.27569488547742366,0.8995607420802116,0.6402082026004792,0.016106454003602267,0.006894969998393268,0.19258955921977758,-0.005157117731869221,0.0,0.0001,0.10491300839930773,0.27008563429117205,0.6092232048511506,0.008274110208731145,0.007504047674592585,2.6731488653832005,32.990449654470126,14.79032258064516
148,router_only,-4479.544232368469,0.9900000095367432,0.26828620210289955,0.9020838990807534,0.640883757174015,0.016519665950909257,0.010178492090199071,0.20182243771851063,-0.005271759838797152,0.0,0.0001,0.10347720924764872,0.26656990833580496,0.6143124461174011,0.008228554157540202,0.007411878008861094,2.738667873678967,33.43362026380481,15.60215053763441
149,router_only,-4444.268873214722,0.9933333396911621,0.2609276182949543,0.9051124408841134,0.6409363105893136,0.016784096090123057,0.004134170862380513,0.1926073519513011,-0.00563273741863668,0.0,0.0001,0.10301200468093157,0.2649680286645889,0.6163451462984085,0.008252157387323678,0.00742266122251749,2.873292562208926,33.41900278624569,15.489247311827958
150,router_only,-4386.225589454174,0.996666669845581,0.2677418988198042,0.9006523489952087,0.6408842459321022,0.015887756925076248,0.017392853670753536,0.1964835099875927,-0.004522530734539032,0.0,0.0001,0.10739632118493318,0.2679141670465469,0.6076487243175507,0.009538177447393537,0.007502617966383696,3.0252256040852776,33.03334296348743,15.338709677419354
151,router_only,-4251.170727133751,1.0,0.2582969982177019,0.9031798943877221,0.6445445731282234,0.016022267506923527,0.005632872506976086,0.20992990788072347,-0.005272081497605541,0.0,0.0001,0.10533652789890766,0.2677746430039406,0.6086829245090485,0.01132040754891932,0.0068854930810630325,2.880401223238086,33.191985641907735,14.79032258064516
152,router_only,-4349.300181925297,1.0,0.27250692062079906,0.8970009014010429,0.6411400198936462,0.015052361693233252,0.02763791942270466,0.19464694950729608,-0.00510347553063184,0.0,0.0001,0.11012656111270189,0.27662397399544714,0.5948639616370202,0.011335754836909472,0.007049738138448447,2.8913371965984034,33.00045405923767,15.075268817204302
153,router_only,-4294.204576969147,1.0,0.2705779727548361,0.8985111951828003,0.6411748886108398,0.015495602576993405,0.009214589500334072,0.18894772045314312,-0.005346292292233557,0.0,0.0001,0.10643452052026987,0.27719897106289865,0.5988962635397911,0.01065177924465388,0.006818463793024421,2.9779171553127646,33.135209652215266,14.903225806451612
154,router_only,-4354.248231828213,1.0,0.26982297003269196,0.8985203325748443,0.6392565593123436,0.0156926347524859,0.008269564330112254,0.1771105879917741,-0.004811630132462596,0.0,0.0001,0.10343426708132028,0.28085664808750155,0.5989185065031052,0.009517255064565688,0.007273330516181886,3.243673702318716,33.37983402768289,15.145161290322582
155,router_only,-4393.527978658676,1.0,0.2738490626215935,0.8967780023813248,0.6388993412256241,0.014905023958999664,0.01887417279649526,0.19076972864568234,-0.005328452307730913,0.0,0.0001,0.10887010470032692,0.2848241962492466,0.5899650678038597,0.009033605549484491,0.00730702931759879,3.235546816674923,33.22356056403655,15.193548387096776
156,router_only,-4253.336010038853,1.0,0.27570806406438353,0.8954103156924248,0.6394718021154404,0.015177044144365937,0.011271792638581194,0.2098832366988063,-0.005553624499589205,0.0,0.0001,0.10702547952532768,0.2810329280793667,0.5944275975227356,0.009859147819224746,0.007654856622684747,3.004266262443133,33.05569523444666,14.747311827956988
157,router_only,-4472.9716360569,1.0,0.2734814614057541,0.8977542147040367,0.6380388632416725,0.015615712106227874,0.009832764987368216,0.22024676874279975,-0.0050992213655263186,0.0,0.0001,0.1054867146536708,0.27944240272045134,0.59927878677845,0.008072054828517139,0.0077200491330586376,3.0661787899224997,32.86488085357086,15.53225806451613
158,router_only,-4401.122875988483,1.0,0.2799335174262524,0.8941667631268502,0.6385319858789444,0.015368203388061375,0.006392536195926432,0.19504194818437098,-0.0049906856380403045,0.0,0.0001,0.10656161438673735,0.28092965185642244,0.5961101859807968,0.0087061672587879,0.007692375034093857,2.9896970569267665,33.46594069267573,15.338709677419354
159,router_only,-4365.444755554199,1.0,0.2808043885976076,0.8934619054198265,0.6429898768663407,0.014788219251204281,0.014105695823673128,0.2258782207965851,-0.004135623527690768,0.0,0.0001,0.10977467577904462,0.28369766026735305,0.5894608370959759,0.009777952288277447,0.007288882927969098,3.3399599842456245,32.68466185859591,15.268817204301074
160,router_only,-4299.857583522797,1.0,0.2818487461656332,0.8933573350310325,0.6409129142761231,0.014722135034389794,0.010672824154607907,0.20044744554907085,-0.004846262047067285,0.0,0.0001,0.10842947140336037,0.28903406858444214,0.5857844293117523,0.00966963596874848,0.007082395569887013,3.2136486927358723,33.589074792067166,14.935483870967742
161,router_only,-4387.770632624626,1.0,0.27533783614635465,0.8954892054200172,0.6359153166413307,0.015748520055785774,0.02226880255620919,0.1839765204116702,-0.005130871664732695,0.0,0.0001,0.10374427698552609,0.28418793976306916,0.5969188332557678,0.00850444013485685,0.006644516030792147,3.1329273991983424,32.83681103823371,15.333333333333332
162,router_only,-4290.295944750309,1.0,0.2769226137548685,0.8946497738361359,0.6382977321743966,0.015287210408132523,0.011611367145087509,0.1897490568459034,-0.0043550091562792655,0.0,0.0001,0.10451037231832742,0.2866524405777454,0.5911131486296654,0.010109619563445449,0.007614422973711043,2.887430015534633,32.94642127837879,15.016129032258064
163,router_only,-4240.485037505627,1.0,0.2799237262457609,0.8933721154928207,0.6449547797441483,0.014824109768960625,0.009767017420381243,0.2105334673076868,-0.006513732799794525,0.0,0.0001,0.10603503957390785,0.28211223483085635,0.5907698422670364,0.012351881409995259,0.008730999182444067,3.111358933730146,32.85323718975827,14.720430107526884
164,router_only,-4347.8715089559555,1.0,0.2829966999590397,0.8920518413186074,0.6449970081448555,0.014394218171946704,0.010559295420534862,0.18918373342603445,-0.006421169827262929,0.0,0.0001,0.10892345160245895,0.28390047922730444,0.5859979689121246,0.011844111164100469,0.009333994577173144,3.1789688513072454,33.06639745063985,15.080645161290324
165,router_only,-4420.111243188381,1.0,0.28092088662087916,0.8936999350786209,0.6430818915367127,0.014722854481078684,0.012169904750771779,0.19097716603428125,-0.004948869347572327,0.0,0.0001,0.1070593448355794,0.27992377877235414,0.5915104150772095,0.011599966674111784,0.00990650145104155,3.161929227427815,32.68104566448058,15.435483870967742
166,router_only,-4366.18931555748,1.0,0.27860390804708,0.8949012741446495,0.6469426229596138,0.014606675668619572,0.004446742485742998,0.21387793086469173,-0.0049776828847825525,0.0,0.0001,0.1091385181993246,0.2782984167337418,0.5913888961076736,0.011123473942279815,0.010050696833059192,2.961227618382585,33.2037537705656,15.247311827956988
167,router_only,-4361.252812623978,1.0,0.28151267357170584,0.8939111202955246,0.6460437193512917,0.014437309000641108,0.006897995376493752,0.218402411788702,-0.005337913567200303,0.0,0.0001,0.11108609084039926,0.2797998383641243,0.5893820613622666,0.010478341113775968,0.009253663301933557,2.9265219767194672,32.86270672247964,15.22043010752688
168,router_only,-4263.099235057831,1.0,0.28196218721568583,0.8936691418290138,0.6475573107600212,0.014801374124363064,0.015340925508644404,0.18327095378190278,-0.004938722384395078,0.0,0.0001,0.10892154853790999,0.2742939189076424,0.5953084230422974,0.011706818197853863,0.009769288287498058,2.8414678841921828,33.51424384759533,14.779569892473118
169,router_only,-4239.754852235317,1.0,0.2837031714618206,0.8916039317846298,0.649155168235302,0.014274558669421821,0.010956252890173324,0.19999150913208724,-0.005329000709753018,0.0,0.0001,0.11329250037670135,0.27517634704709054,0.5903086677193642,0.01193156319204718,0.00929091569269076,2.9326405117844554,32.65271663722368,14.634408602150536
170,router_only,-4139.110189676285,1.0,0.2851114559918642,0.8909319788217545,0.6497764706611633,0.013925881078466772,0.005572206957731446,0.218621345795691,-0.006233064399930299,0.0,0.0001,0.1131797932088375,0.2754632242023945,0.5877615049481392,0.01443079374730587,0.009164686384610831,3.156873672084136,33.157013533730876,14.209677419354838
171,router_only,-4414.880196690559,1.0,0.2875265508890152,0.8893778175115585,0.6477953299880028,0.013467661500908435,0.024753850197885195,0.22672212570905687,-0.004756680307764327,0.0,0.0001,0.11258270107209682,0.2860544562339783,0.575981667637825,0.01609957227483392,0.00928159657632932,2.6075976894922976,33.356876326495055,15.32258064516129
172,router_only,-4246.718459010124,1.0,0.281418739259243,0.8920409947633743,0.6441900461912156,0.013577921292744577,0.009830703993793589,0.21195174101740122,-0.005192657746374607,0.0,0.0001,0.11211081109941005,0.2909698121249676,0.5742997013032436,0.014173594093881548,0.00844608296174556,2.6620715829482022,32.90253158610415,14.731182795698924
173,router_only,-4385.320001482964,1.0,0.27389694601297376,0.894249077141285,0.6456542298197746,0.013657022302504629,0.013931208173744398,0.2756597179919481,-0.00515020911116153,0.0,0.0001,0.11625999882817269,0.2871729262173176,0.5771161116659641,0.011603448051027953,0.007847504829987884,2.6674550243107746,33.18045143143919,15.284946236559142
174,router_only,-4407.229817986488,1.0,0.2758138120174408,0.8932104110717773,0.6432649418711662,0.013021095062140376,0.013869299099314936,0.20432430636137724,-0.004738679761067033,0.0,0.0001,0.1231577193364501,0.2862819120287895,0.5717187069356442,0.011640380905009805,0.007201278011780232,2.9690234620568705,33.30437521596313,15.177419354838708
175,router_only,-4316.207069993019,1.0,0.27669847458601,0.8931156247854233,0.6386254310607911,0.013302655785810202,0.00714109835680575,0.21441551055759192,-0.007025889772921801,0.0,0.0001,0.12125353850424289,0.28978653624653816,0.5717846319079399,0.010332993301562964,0.006842297280672938,3.1969799172710354,33.39799750788908,14.919354838709678
176,router_only,-4224.478444516659,1.0,0.27512571327388285,0.894235847890377,0.6389189302921295,0.013350433425512166,0.003158672421704968,0.25419409945607185,-0.006378164315538015,0.0,0.0001,0.12115916721522808,0.2894733496010303,0.5733639672398567,0.009331159084104002,0.0066723523428663615,2.8913181845550273,33.60821888367571,14.666666666666666
177,router_only,-4299.586403846741,1.0,0.270650652423501,0.8964483231306076,0.642294454574585,0.01310279950266704,0.01235171727603304,0.2566430538892746,-0.005302861332893372,0.0,0.0001,0.12582558803260327,0.2836066633462906,0.574735689163208,0.009021985647268593,0.006810067186597735,3.236943689476518,32.91486148919694,14.89247311827957
178,router_only,-4145.311315238476,1.0,0.2660767111927271,0.8972219571471214,0.6414687260985374,0.013773844216484577,0.014148034597747019,0.1969660000875592,-0.0053674061316996815,0.0,0.0001,0.11886401437222957,0.2834942154586315,0.581444987654686,0.009189301100559533,0.0070074662915430965,3.068790001167802,32.38058053210332,14.344086021505376
179,router_only,-4245.2501029372215,1.0,0.253644036129117,0.9026826098561287,0.6471614360809326,0.013919404521584511,0.005632161709945652,0.23015927337110043,-0.0056398252688723005,0.0,0.0001,0.11830824539065361,0.28229562267661096,0.5840463295578957,0.008127590839285404,0.007222214073408395,2.904598199708546,33.01114041731381,14.672043010752688
180,router_only,-4122.045722961426,1.0,0.2552001278847456,0.9022380113601685,0.6490102708339691,0.013939954445231707,0.0036631099996156267,0.24653835520148276,-0.004719825182110071,0.0,0.0001,0.11868335101753473,0.28046406507492067,0.5844108559191227,0.008678187732584774,0.007763537589926273,3.02457515522482,32.81333751970727,14.225806451612904
181,router_only,-4246.529123663902,1.0,0.25286863222718237,0.9029561445116997,0.6518684297800064,0.013857601955533028,0.00987474618013956,0.2537207132205367,-0.0050172115474197195,0.0,0.0001,0.12120830714702606,0.27602038010954855,0.5866958104074002,0.008184500690549611,0.007891001144889742,2.8807772772262665,33.14835098320941,14.672043010752688
182,router_only,-4095.4629766345024,1.0,0.2617612309753895,0.8987027063965798,0.6515786200761795,0.013355851115193218,0.01624660654924817,0.2612829187884927,-0.0052686951123178,0.0,0.0001,0.123431202955544,0.2803078182041645,0.5785725101828575,0.008960744214709849,0.008727730042301119,3.116888193112303,33.130787296282854,14.091397849462364
183,router_only,-4216.802059710026,1.0,0.25816419571638105,0.8997607529163361,0.6511270672082901,0.013111093931365758,0.006752557738218402,0.20957154948264362,-0.004953997749544215,0.0,0.0001,0.12525468319654465,0.2818606115877628,0.5760445944964886,0.008833147888071834,0.008006957941688597,2.8395597223192666,33.259491709917285,14.720430107526884
184,router_only,-4171.749724447727,1.0,0.24992040283977984,0.9026060819625854,0.6522293850779534,0.013420856476295739,0.006899977661669215,0.26291929222643373,-0.0051471489714458585,0.0,0.0001,0.1250022942200303,0.2807974755764008,0.5794945858418942,0.007204410748090595,0.0075012337532825765,3.2084492002412084,32.9202703230133,14.537634408602152
185,router_only,-4160.343897223473,1.0,0.24496756605803965,0.9041015580296516,0.6575064674019814,0.013797519460786134,0.01017376288073134,0.2419658014550805,-0.0052823441361397275,0.0,0.0001,0.119991872087121,0.28105088546872137,0.5842491030693054,0.007283367670606822,0.007424777047708631,2.934388417617637,32.86110991885077,14.49462365591398
186,router_only,-4073.175012230873,1.0,0.24298839829862118,0.9044815123081207,0.6591370388865471,0.013537461473606526,0.0062189025338739235,0.2365882843732834,-0.005792012577876449,0.0,0.0001,0.1227924956008792,0.2807863786816597,0.5827404424548149,0.005947080429177731,0.007733601424843073,2.96002268598795,33.02558827548443,14.059139784946236
187,router_only,-4122.278702437878,1.0,0.24888201877474786,0.9022578686475754,0.6603151559829712,0.013101901987101882,0.01116008197423081,0.20929852407425642,-0.00472411939081212,0.0,0.0001,0.12578421868383885,0.28171654865145684,0.5771604001522064,0.007022469164803624,0.00831635930808261,3.283789803218774,33.26525844912571,14.220430107526882
188,router_only,-4171.148395359516,1.0,0.2563232768326998,0.8987965270876884,0.6611136272549629,0.012737554509658366,0.007746305747423193,0.19888923782855272,-0.0054096557520097125,0.0,0.0001,0.12603373751044272,0.2827994555234909,0.5732872478663922,0.008878440398257225,0.009001115837600082,2.7675943250028494,32.912125311896354,14.403225806451614
189,router_only,-4073.980789244175,1.0,0.24964661300182342,0.9021488815546036,0.6637136906385421,0.012699058221187443,0.003129193524364327,0.22322657257318496,-0.004962382791563869,0.0,0.0001,0.12593740411102772,0.2813311919569969,0.5742028020322323,0.009233410318847746,0.00929518830962479,2.8235874821424938,32.9697135734143,14.016129032258066
190,router_only,-4184.897993028164,1.0,0.24742425009608268,0.9032416820526123,0.6600244686007499,0.01326445679878816,0.015045254840515589,0.23238287828862667,-0.0053966715931892395,0.0,0.0001,0.12370535060763359,0.27817986756563184,0.5817254275083542,0.007152553775813431,0.009236793383024633,2.956266017897215,32.61124215020771,14.46236559139785
191,router_only,-4163.243285477161,1.0,0.246332548558712,0.9044179111719132,0.667208443582058,0.013096095190849154,0.009266233653761453,0.21427880525588988,-0.005534406192600727,0.0,0.0001,0.12355704605579376,0.273695058375597,0.5830227985978127,0.008686473255511373,0.011038622725754977,3.004961835324656,32.92532281124544,14.43010752688172
192,router_only,-4303.265464067459,1.0,0.2553380448371172,0.9003076657652855,0.6641002357006073,0.012802242056932301,0.008829305891413303,0.2275545818731189,-0.0051269066287204625,0.0,0.0001,0.1246801946312189,0.27565284743905066,0.5786081425845623,0.009222318860702216,0.011836489359848202,2.9386493707600403,33.14606213664172,14.940860215053764
193,router_only,-4086.8939787745476,1.0,0.24842588678002359,0.9037143886089325,0.6681310176849365,0.013214321515988559,0.016315413278061873,0.2633327780291438,-0.004952221573330462,0.0,0.0001,0.12083557564765215,0.27133976072072985,0.5850278027355671,0.010715563094709068,0.012081292551010847,3.0162921785364896,32.66012311026189,14.13440860215054
194,router_only,-4103.538601875305,1.0,0.25201276652514937,0.9021528601646424,0.6662588104605675,0.013062343245837837,0.006476695369929038,0.2525176737457514,-0.004859859962016344,0.0,0.0001,0.12350231986492873,0.2719113685190678,0.5821126565337181,0.010500577534548939,0.011973080958705395,2.9394287880604444,33.30571594800681,14.225806451612904
195,router_only,-4155.556373119354,1.0,0.2555578950792551,0.9009382739663124,0.663606359064579,0.012796535459347069,0.008902174606919276,0.18874491415917874,-0.004930914373835549,0.0,0.0001,0.12778103165328503,0.26957348361611366,0.5813200913369656,0.009179934754502028,0.01214545089751482,3.0613222315683943,32.95006907157558,14.4247311827957
196,router_only,-4028.7377935647964,1.0,0.2534808497875929,0.9020467340946198,0.6687595680356025,0.012556575203780085,0.00717066159704694,0.21890297252684832,-0.005293463473208249,0.0,0.0001,0.12827337849885226,0.2661412969231606,0.5816454850137234,0.01194753274321556,0.0119923145044595,2.8824719093480016,32.69479474889471,13.903225806451614
197,router_only,-4060.032003581524,1.0,0.25630082823336126,0.9003520876169204,0.6668050587177277,0.012797824491281062,0.010383587656542653,0.22189146429300308,-0.004734792048111558,0.0,0.0001,0.12378324568271637,0.2654396340250969,0.5836999922990799,0.014783009118400515,0.01229412278626114,3.119259101716294,32.74556714284218,14.096774193548386
198,router_only,-4040.007769525051,1.0,0.2609716285020113,0.8990625083446503,0.6678044483065605,0.012355972989462316,0.013082299800589682,0.23237949330359697,-0.004543147422373295,0.0,0.0001,0.12799304462969302,0.26273619048297403,0.5798622854053974,0.01586124892346561,0.013547233399003744,2.940110757132676,32.74253515213765,13.897849462365592
199,router_only,-4211.209713041782,1.0,0.26264178976416586,0.8978634402155876,0.6649390548467636,0.012468978180550039,0.007892515021376369,0.28187232203781604,-0.004968986630410654,0.0,0.0001,0.12511226832866668,0.266177336871624,0.5790647201240062,0.01559332967735827,0.014052341203205287,2.9566123519084777,33.042504674886196,14.559139784946238
200,router_only,-4100.864893734455,1.0,0.2572073101997375,0.8993907660245896,0.670295612514019,0.012527914030943065,0.005838696169667012,0.24419006034731866,-0.005906495104136411,0.0,0.0001,0.12602768279612064,0.26711740382015703,0.5801285892724991,0.014062014152295887,0.012664311123080552,2.83657847504846,32.849669326109066,14.188172043010752
201,router_only,-4113.897421002388,1.0,0.26335340142250063,0.8975600257515908,0.6662891551852226,0.012684347620233894,0.005539734940975838,0.20191395338624715,-0.004962601000443101,0.0,0.0001,0.12373756896704435,0.26878745332360265,0.580255926400423,0.013582260790280997,0.013636792241595686,2.9451326027989477,32.79466725115638,14.204301075268816
202,router_only,-4144.258061885834,1.0,0.26033949516713617,0.8981896445155144,0.6673941105604172,0.012505813490133733,0.012608869664836687,0.22187911719083786,-0.005104936787392944,0.0,0.0001,0.1282583924010396,0.2705710642039776,0.5778202012181282,0.010093968256842344,0.013256374606862664,2.9546943850775538,32.61345760092936,14.403225806451614
203,router_only,-3987.29575920105,1.0,0.26274648793041705,0.8961916044354439,0.6683656141161919,0.012361898925155402,0.009783268102910416,0.24078926183283328,-0.005051057692617178,0.0,0.0001,0.12614111434668301,0.2677967041730881,0.5786910928785801,0.014020544989034534,0.01335053623188287,3.0825572118044873,33.10213300212826,13.736559139784946
204,router_only,-4190.319658398628,1.0,0.26054589487612245,0.8973773166537284,0.6650296822190285,0.012462880089879036,0.014026668749284023,0.2355074206367135,-0.005600948492065072,0.0,0.0001,0.12870531361550092,0.2718306504189968,0.5768170028924942,0.00888130048988387,0.013765724981203676,3.143533726337184,32.99755986501487,14.548387096774192
205,router_only,-4203.471840262413,1.0,0.25918472148478033,0.8984247505664825,0.6637007221579552,0.012343005475122482,0.005656645388808052,0.26189440209418535,-0.00529713905416429,0.0,0.0001,0.12766206972301006,0.2734804540872574,0.575031927973032,0.00947513843420893,0.014350409945473075,3.152463965671138,32.64053781197269,14.591397849462364
206,router_only,-4134.091159284115,1.0,0.25936564095318315,0.8988204702734948,0.6650258958339691,0.012466889969073237,0.008824725740123515,0.4558868587017059,-0.0032437398374895567,0.0,0.0001,0.1286678545176983,0.2692440789192915,0.57722809612751,0.009299151378218084,0.015560820512473584,3.2872576175118273,32.5944270460473,14.24731182795699
207,router_only,-4236.111742377281,1.0,0.25984062924981116,0.8985147774219513,0.6716721698641777,0.01236164941219613,0.014317767287138877,0.22997538205236195,-0.005514177097938955,0.0,0.0001,0.12457360737025738,0.2661794401705265,0.579325595498085,0.01421407440211624,0.015707279508933424,3.5128654362277745,33.23545542987467,14.61290322580645
208,router_only,-4169.994837284088,1.0,0.2639186453074217,0.8969076707959175,0.670509971678257,0.012294444732833653,0.0044389702146872476,0.24119071047753096,-0.00535492699345923,0.0,0.0001,0.1259089380502701,0.2664025485515594,0.5774282045662403,0.01487512297462672,0.015385187859646977,3.169706503278967,32.783590733502145,14.295698924731182
209,router_only,-4137.71015894413,1.0,0.2598686430603266,0.8994100332260132,0.6722199723124505,0.01205261213472113,0.009140966972336174,0.21444507725536824,-0.0051380444201640785,0.0,0.0001,0.12808317150920628,0.2687362223863602,0.5731386907398701,0.014594149752520024,0.01544776048976928,3.1080355042322543,32.98552726384101,14.338709677419356
210,router_only,-4195.962747633457,1.0,0.26021169535815714,0.8987563669681549,0.6691660404205322,0.012308687495533377,0.005787813267670515,0.19400468785315753,-0.004657896660501137,0.0,0.0001,0.12725718580186368,0.26928801387548446,0.5753985561430455,0.01252622997853905,0.0155300113838166,3.2170414967361984,33.26371332331512,14.46236559139785
211,router_only,-4234.971224009991,1.0,0.2601712331175804,0.8979589328169822,0.6677632361650467,0.012773163244128227,0.013453292241319954,0.22489752173423766,-0.00622046933931415,0.0,0.0001,0.12403706517070531,0.26682448051869867,0.5817602507770061,0.011483241454698145,0.01589496647939086,3.290832488189889,33.52279036586687,14.516129032258066
212,router_only,-4085.5155559778214,1.0,0.2581334441900253,0.8998581200838089,0.6693618863821029,0.012963177310302854,0.008137640333734444,0.23912356402724982,-0.00489578870110563,0.0,0.0001,0.1232098089531064,0.2638284288346767,0.5857982829213142,0.011237726476974786,0.015925751789472996,2.877325584580565,32.65345851767255,14.193548387096774
213,router_only,-4151.250197708607,1.0,0.25595659725368025,0.9008039623498917,0.6682879626750946,0.013427655806299298,0.013450028817169415,0.19681422766298057,-0.005621995311230421,0.0,0.0001,0.12322000227868557,0.25820918902754786,0.5924668788909913,0.010131950327195226,0.015971975354477762,3.2283781158289644,32.52240949717803,14.301075268817204
214,router_only,-4064.838396370411,1.0,0.25860710591077807,0.8998329147696496,0.6680874139070511,0.013521066389512271,0.011399728257674742,0.23955327291041612,-0.005140658092204831,0.0,0.0001,0.11841813046485186,0.2616796433925629,0.5915688887238503,0.01064841243205592,0.01768492516130209,3.2410539798415168,32.45613450533445,14.032258064516128
215,router_only,-4087.283707022667,1.0,0.25516309551894667,0.90145044028759,0.6684343442320824,0.013576128019485623,0.002629388379864364,0.20429833196103572,-0.00528188644675538,0.0,0.0001,0.11859093215316534,0.2611217889934778,0.5921084195375442,0.01125077361939475,0.016928084869869055,3.0189536789171467,32.676536905337706,14.086021505376344
216,router_only,-4142.270374178886,1.0,0.2582591067999601,0.9004737213253975,0.6718884095549583,0.013017524790484458,0.011794204788748102,0.23286171890795232,-0.005309863222646527,0.0,0.0001,0.12048255559056997,0.259862507507205,0.5878333404660225,0.015256252512335778,0.01656534296926111,3.1517142661105675,33.03613846629318,14.327956989247312
217,router_only,-4095.450820982456,1.0,0.25715068317949774,0.9020641461014748,0.6712913393974305,0.013212176912929863,0.014082927512936267,0.28329343162477016,-0.005053894477896392,0.0,0.0001,0.12254284266382456,0.2562652513384819,0.5922376498579979,0.011812045890837907,0.01714221122674644,2.9466496041558363,33.04128004269527,14.13440860215054
218,router_only,-4025.053230047226,1.0,0.2604462716728449,0.8999788522720337,0.6690227091312408,0.013153351366054267,0.003956436295993564,0.23637874238193035,-0.00502565368951764,0.0,0.0001,0.1232671681791544,0.25749830454587935,0.590820524096489,0.011832882929593325,0.016581116453744472,3.036009333173989,32.903493040851636,13.85483870967742
219,router_only,-3982.8769121170044,1.0,0.25705287642776964,0.9018321514129639,0.6687408655881881,0.013535693602170796,0.00802781903184948,0.26009221021085976,-0.005206919577904046,0.0,0.0001,0.12146136555820704,0.25618388429284095,0.594834440946579,0.011323825921863317,0.01619649415370077,3.075856793660504,33.05619159945138,13.596774193548386
220,router_only,-3946.0977239608765,1.0,0.2575658611953259,0.9011014506220818,0.6713846504688263,0.013091496948618442,0.014273020089603959,0.2789497448131442,-0.004988868080545217,0.0,0.0001,0.12432768288999796,0.2597286246716976,0.5889215111732483,0.012049275147728623,0.014972910773940385,2.9470051059147995,32.61627834574505,13.521505376344086
221,router_only,-4095.7186950445175,1.0,0.253426244109869,0.9021164804697037,0.670742592215538,0.013417721597943456,0.014898302196525041,0.2569723930209875,-0.004566214419901371,0.0,0.0001,0.12318358980119229,0.25489943474531174,0.5959279194474221,0.01249201896134764,0.013497043680399657,3.2913391600139272,33.358617164806724,14.086021505376344
222,router_only,-4138.646504163742,1.0,0.2577485915273428,0.9004339963197708,0.6747916132211685,0.012575341574847698,0.015074476785957903,0.22671225890517235,-0.0055415952578186985,0.0,0.0001,0.1294070664793253,0.2549258850514889,0.5883906826376915,0.013107309956103564,0.014169065677560867,3.052756274627699,32.52903080614642,14.306451612903226
223,router_only,-4043.544590651989,1.0,0.25122267864644526,0.9038370177149773,0.6727989256381989,0.013451527408324181,0.02004975070012739,0.19661206789314747,-0.004276405461132527,0.0,0.0001,0.12491195891052484,0.2510284785181284,0.5975726082921028,0.011474939773324876,0.015012006438337267,3.010750221031706,32.95694232157078,13.951612903225808
224,router_only,-4035.952597796917,1.0,0.24814168252050878,0.9042285293340683,0.6719213232398034,0.013410912407562137,0.00685152754886075,0.2071256425231695,-0.0055475026369094845,0.0,0.0001,0.12446630578488112,0.2544542532414198,0.5953384935855865,0.011341880518011748,0.01439908070024103,3.2456894884113927,32.85051318641641,13.82258064516129
225,router_only,-4148.536178410053,1.0,0.2460091408342123,0.9059703603386879,0.6744073629379272,0.013426357053685934,0.004359810776077208,0.2146668892353773,-0.004878775408724323,0.0,0.0001,0.12506624665111304,0.25297891832888125,0.5967887178063392,0.010637306794524192,0.014528817753307522,2.9551760653259334,33.0409562181017,14.370967741935484
226,router_only,-4041.161130666733,1.0,0.24474636539816857,0.9064064055681229,0.6730767875909806,0.013435267610475421,0.004000294127035812,0.2293522937223315,-0.0047099357303523,0.0,0.0001,0.12622109111398458,0.2518267646431923,0.5966761335730553,0.009901891427580268,0.01537411413155496,3.180555319219877,32.76760646911334,13.962365591397848
227,router_only,-3981.32378077507,1.0,0.25413551963865755,0.9021225348114967,0.6721032738685608,0.012627322389744223,0.02449261720757935,0.21775779854506255,-0.005977165969306952,0.0,0.0001,0.12828063014894725,0.25905548594892025,0.5844298273324966,0.011998484760988503,0.0162355714244768,3.029955216236084,32.52597471721393,13.682795698924732
228,router_only,-4089.702931523323,1.0,0.2567608464509249,0.9004617869853974,0.6775735482573509,0.012429433048237116,0.006248117296490814,0.20493252910673618,-0.0053371707908809185,0.0,0.0001,0.12545737493783235,0.25927291214466097,0.5841290205717087,0.014420233783312142,0.016720451531000435,3.145190677370149,32.46547656105165,14.225806451612904
229,router_only,-4106.6765229702,1.0,0.2560857251286507,0.9007400780916214,0.6830670312047005,0.011975062533747406,0.009538416110444784,0.22538877315819264,-0.004817044688388705,0.0,0.0001,0.12891877423971893,0.26058072634041307,0.5801519379019737,0.013938245794270188,0.016410319576971234,3.657967113778738,33.00040008018724,14.198924731182796
230,router_only,-3940.966625750065,1.0,0.26066123247146605,0.898401103913784,0.6809811398386956,0.011577720986679196,0.01674026170512663,0.23349095974117517,-0.005269131431941787,0.0,0.0001,0.12748282067477704,0.26270239502191545,0.5733231171965599,0.020186708332039414,0.016304963361471893,2.9530103388679394,32.733978268334845,13.45698924731183
231,router_only,-3934.753516793251,1.0,0.2600183438509703,0.898978017270565,0.6810951560735703,0.011345209553837776,0.009200249612331478,0.21028541065752507,-0.005970938262362324,0.0,0.0001,0.13208294697105885,0.2591836556792259,0.5730330392718315,0.01990862633101642,0.01579173931386322,2.9423448849492777,32.52436175058725,13.45698924731183
232,router_only,-4161.462164640427,1.0,0.26228308118879795,0.8975915297865867,0.6808146864175797,0.011209618381690234,0.017190145258791763,0.19452062156051397,-0.005226002726703882,0.0,0.0001,0.13127957358956338,0.26753695756196977,0.5679047562181949,0.017245205491781233,0.016033505415543915,2.9911969117950807,33.08797334561517,14.381720430107528
233,router_only,-3999.5927391052246,1.0,0.2635048720985651,0.8966414079070091,0.6824334159493446,0.011368043068796397,0.009597933874465513,0.22106751948595046,-0.0056518795900046825,0.0,0.0001,0.12762636747211217,0.2678551509976387,0.5688654191792011,0.020765319210477175,0.014887747773900627,2.966966682656115,33.57488153052399,13.709677419354838
234,router_only,-4095.58078455925,1.0,0.26384193263947964,0.896033139526844,0.6817907199263573,0.011308586387895048,0.0059822926064953055,0.2492455592378974,-0.005510515681817196,0.0,0.0001,0.1293914493173361,0.26644481793046,0.5700914829969406,0.019797816593199968,0.014274436514824629,3.1156494007087607,33.00570536713305,14.059139784946236
235,router_only,-4157.00894588232,1.0,0.2633650567382574,0.8954848006367684,0.6765632510185242,0.01153109063161537,0.0060472940793261706,0.23923712335526942,-0.004942667461000383,0.0,0.0001,0.12906840723007917,0.2690641313791275,0.570495817065239,0.01712593815755099,0.014245710475370288,3.1454998763674356,32.64122485230499,14.28494623655914
236,router_only,-4054.2012399435043,1.0,0.2653305187821388,0.8953275650739669,0.6769674122333527,0.01107241049176082,0.00999695297796283,0.26236718855798247,-0.0051412471570074555,0.0,0.0001,0.1287969382479787,0.2698151648044586,0.5657688081264496,0.020755437668412924,0.014863652596250176,2.6590037382899125,32.757526493016094,13.983870967741934
237,router_only,-4000.6906173825264,1.0,0.26646498776972294,0.8944874301552772,0.6797828376293182,0.010214306641137228,0.021540983207523852,0.2780325999483466,-0.005629184281315247,0.0,0.0001,0.13726381603628396,0.26889836713671683,0.5559151142835617,0.02271887285169214,0.015203831321559846,2.937472066892556,32.901218016523856,13.806451612903226
238,router_only,-4080.1847989559174,1.0,0.2601216360926628,0.8969624534249305,0.6832068756222724,0.010658260574564338,0.01302686994895337,0.25092383176088334,-0.004124792572110891,0.0,0.0001,0.13158391006290912,0.26820175498723986,0.5606171399354934,0.024530284688808024,0.015066916984505952,2.879719947307347,33.06367304746007,14.048387096774192
239,router_only,-4050.7214477062225,1.0,0.26031760051846503,0.8964578300714493,0.6804100707173347,0.010532316204626113,0.013330719969235289,0.25901504922658203,-0.004960198903609126,0.0,0.0001,0.13521352596580982,0.2712374933063984,0.5590174674987793,0.019680373021401465,0.014851135341450572,2.791331720752449,33.44052463194041,13.983870967741934
240,router_only,-3923.669190645218,1.0,0.26021737083792684,0.8965261891484261,0.6793428033590316,0.010383494780398905,0.01177240945398818,0.22305157780647278,-0.004373727727215737,0.0,0.0001,0.1359715111553669,0.2755408972501755,0.5542254567146301,0.018586178543046117,0.01567595039959997,3.009286522026163,33.020373889483814,13.39784946236559
241,router_only,-4110.511795282364,1.0,0.2622203651815653,0.8963008239865303,0.6800790742039681,0.010228622064460069,0.0036118900869041327,0.25013388879597187,-0.005507121235132218,0.0,0.0001,0.1352531747892499,0.27564667761325834,0.5531378544867038,0.01920644463971257,0.01675585543271154,3.043630358137322,32.61823437597946,14.295698924731182
242,router_only,-4031.0780342817307,1.0,0.25767038501799105,0.8987775519490242,0.6821265473961831,0.010495201603043824,0.016090338863432405,0.27356793358922005,-0.005166036338050617,0.0,0.0001,0.13280587177723646,0.27004880681633947,0.5598545342683792,0.02046382592525333,0.016826959419995548,3.0899729433853116,33.34895209882653,13.806451612903226
243,router_only,-4001.7180547714233,1.0,0.2549340344965458,0.899130417406559,0.6807529225945472,0.010749464307446032,0.008202459011226931,0.276024622656405,-0.004958544706460089,0.0,0.0001,0.13207496460527182,0.2730640597641468,0.5609405122697353,0.018141940259374677,0.01577852419577539,3.1922759088457693,33.29001602194002,13.801075268817204
244,router_only,-3931.2740800380707,1.0,0.2496202364563942,0.9014363884925842,0.6866221144795418,0.010954197309911252,0.010261625004932369,0.2485678108409047,-0.005381741761812009,0.0,0.0001,0.12796081490814687,0.27229577824473383,0.563124767690897,0.021088492032140492,0.015530137601308525,2.9529501954140285,33.321211304666804,13.494623655913978
245,router_only,-3966.2951366901398,1.0,0.24472898095846177,0.9033266752958298,0.6834254294633866,0.010915786633267999,0.015501019312068832,0.24531536661088466,-0.004559608176350594,0.0,0.0001,0.12870613113045692,0.27930097803473475,0.5593328639864922,0.017418662807904182,0.015241367230191826,3.01918558789343,32.754861295648126,13.634408602150538
246,router_only,-3870.1550393104553,1.0,0.24592312052845955,0.9025195792317391,0.6857430875301361,0.010767257714178413,0.01024717369582502,0.23594675976783036,-0.004770812671631574,0.0,0.0001,0.12909369450062513,0.2741773836314678,0.5608294814825058,0.020480720582418142,0.01541870788205415,2.943374865635479,32.82131113885422,13.370967741935482
247,router_only,-3896.2314110398293,1.0,0.24586254432797433,0.9028727427124977,0.6867757886648178,0.010813980572856962,0.0070934642339125515,0.22611518166959285,-0.004783998243510723,0.0,0.0001,0.1275034500285983,0.2725873202085495,0.5620085060596466,0.02284843528177589,0.015052290819585323,2.9089550701110904,32.757630341455126,13.263440860215054
248,router_only,-3967.6006392240524,1.0,0.24227046370506286,0.9042825400829315,0.6899539858102799,0.010609080805443228,0.004541837866418047,0.2218226781114936,-0.004888440633658319,0.0,0.0001,0.12792306076735258,0.27248876839876174,0.5600858762860298,0.024699745886027812,0.014802555879577994,2.8336667770701593,32.99361907503804,13.634408602150538
249,router_only,-3878.0894607305527,1.0,0.24128321297466754,0.9041420370340347,0.6878674283623696,0.010747264372184873,0.008331030094996162,0.23200203739106656,-0.005343009158968926,0.0,0.0001,0.12993411384522915,0.27375343814492226,0.5609756648540497,0.021060499851591884,0.01427628321107477,3.0226857027055973,33.3000586293489,13.204301075268818
250,router_only,-3961.660668730736,1.0,0.24019909799098968,0.9039629712700844,0.683279737830162,0.011059456504881382,0.009820331679657074,0.24812218360602856,-0.005595637098303996,0.0,0.0001,0.12976270075887442,0.2711367167532444,0.5658858269453049,0.019395635998807847,0.013819111953489482,3.0885195246308066,33.150729863723726,13.591397849462366
251,router_only,-3899.7394131422043,1.0,0.23917456492781639,0.9051832184195518,0.6888830423355102,0.010773760103620588,0.008011560468003201,0.22777397390455006,-0.005692948470823467,0.0,0.0001,0.12962465286254882,0.26812844201922414,0.5650263726711273,0.022466422035358848,0.014754109480418266,2.9583856089243654,33.01123531175409,13.392473118279568
252,router_only,-3916.123044848442,1.0,0.23832430578768254,0.9050529882311821,0.6860353216528893,0.01134431203827262,0.012318899435922558,0.32672088481485845,-0.005452558287652209,0.0,0.0001,0.12346519995480776,0.26903121173381805,0.5688953578472138,0.023577359318733216,0.015030863834545017,2.966624780761993,33.23962363033983,13.451612903225808
253,router_only,-3974.9635239243507,1.0,0.23695289231836797,0.9062387883663178,0.6823062807321548,0.011521576077211649,0.016251091461163013,0.29176333732903004,-0.004792090319097042,0.0,0.0001,0.12261417396366596,0.27639309912919996,0.5659306883811951,0.019267509842757137,0.01579452296718955,3.0949922205437534,33.35255678664951,13.5752688172043
254,router_only,-4080.689847588539,1.0,0.24556102901697158,0.9017761290073395,0.6795440956950187,0.011152324150316417,0.00562085452256722,0.24819897655397655,-0.0052883569267578425,0.0,0.0001,0.12411103192716837,0.2762963607907295,0.5632170021533967,0.020135736209340394,0.016239868593402207,2.935208764610557,33.182563055485716,14.021505376344088
255,router_only,-3917.39874202013,1.0,0.24450334459543227,0.9021696254611016,0.6790843188762665,0.011975103965960443,0.017142164614051467,0.23219581209123136,-0.0047112577594816685,0.0,0.0001,0.1184751158580184,0.27336119264364245,0.5714506790041923,0.0202881442848593,0.016424864064902067,3.0841773396273853,32.864757319832435,13.45698924731183
256,router_only,-3927.115053355694,1.0,0.24922833740711212,0.9003662839531898,0.6787167593836785,0.011278320383280516,0.013282510894350688,0.2728612828999758,-0.005103238252922892,0.0,0.0001,0.12244279719889165,0.27276894077658653,0.565401678532362,0.02218795772641897,0.0171986278379336,3.0479931054825915,32.90973626723201,13.430107526881722
257,router_only,-4059.2800345420837,1.0,0.25062627010047434,0.8998069643974305,0.6754948884248734,0.011497775081079454,0.006076448829844528,0.2557653270661831,-0.005841505993157625,0.0,0.0001,0.12261908575892448,0.271215907484293,0.5682636134326458,0.02200258302036673,0.015898810466751456,3.1366386898036813,33.10196715235504,13.908602150537636
258,router_only,-3990.685251712799,1.0,0.24880965910851954,0.8994078502058983,0.6749380052089691,0.011252211569808424,0.013902719237375967,0.2627847593277693,-0.005189966759644449,0.0,0.0001,0.12659885585308076,0.27349006831645967,0.5640959903597832,0.01921884313924238,0.01659623582381755,3.090850827448941,32.83006191700245,13.71505376344086
259,router_only,-3896.3891060352325,1.0,0.24773378409445285,0.900905168056488,0.6702811643481255,0.01089627791661769,0.010428007424343397,0.2256429662927985,-0.005508155279312632,0.0,0.0001,0.13013660181313752,0.2745571494102478,0.5604715690016746,0.017629261245019734,0.017205412941984834,3.316940323454402,33.40961042285015,13.24731182795699
260,router_only,-3962.364775657654,1.0,0.24888093285262586,0.8993075639009476,0.6764282643795013,0.01041230042465031,0.01565312838647506,0.23003200739622115,-0.005397484079003334,0.0,0.0001,0.13492471277713775,0.2693427562713623,0.5582913599908352,0.020667718909680843,0.01677345533389598,3.291775980346723,33.15026740439364,13.602150537634408
261,router_only,-3977.183091044426,1.0,0.24326365627348423,0.9022826477885246,0.6763654723763466,0.010761414899025112,0.01188490968197584,0.2565672259777784,-0.005393278505653143,0.0,0.0001,0.13044432997703553,0.2721434086561203,0.5614331617951394,0.019395954604260624,0.01658314694650471,3.2150675600634315,32.74495145564798,13.650537634408602
262,router_only,-4048.5585753917694,1.0,0.23738657012581826,0.9046623826026916,0.6733753427863121,0.011533452477306128,0.015633699996396872,0.2467104233801365,-0.005303486017510295,0.0,0.0001,0.12565885167568921,0.2720638535916805,0.5692500084638595,0.01690600218717009,0.01612127940170467,3.3360425449842115,32.86580213390975,13.849462365591398
263,router_only,-3905.8777815699577,1.0,0.23991086818277835,0.9036121010780335,0.677292488515377,0.010743247589562088,0.019248568825423643,0.2324830748140812,-0.005209021782502532,0.0,0.0001,0.13148247059434653,0.2696252763271332,0.5620643004775048,0.019056139537133275,0.017771806707605718,3.224053015150901,32.86201032520012,13.338709677419356
264,router_only,-3860.8107145428658,1.0,0.24203209169209003,0.9026855453848839,0.6770421177148819,0.011083332018461078,0.011183851072564723,0.22808308862149715,-0.005284832231700421,0.0,0.0001,0.12931961175054313,0.2670834943652153,0.5659252345561981,0.020787133183330298,0.01688452416565269,2.87503483594805,33.145412617267226,13.193548387096774
265,router_only,-3970.1177248954773,1.0,0.2440985281020403,0.9019000485539437,0.6714938163757325,0.011193834024015813,0.00993768637999885,0.26971581764519215,-0.005735987238585949,0.0,0.0001,0.1324271723628044,0.2661656841635704,0.5674538262188434,0.016736101103015245,0.017217215988785027,3.058520335586854,33.14360710441096,13.623655913978494
266,router_only,-3976.376988708973,1.0,0.23724219650030137,0.9049749463796616,0.6756578147411346,0.011446764296852052,0.013814596715383237,0.29254325591027736,-0.005065407045185566,0.0,0.0001,0.1289857706055045,0.26275423876941206,0.5724378988146782,0.018659328948706387,0.017162766866385938,3.350446371387695,33.07794316360636,13.60752688172043
267,router_only,-3937.952709674835,1.0,0.24291084706783295,0.9026532754302025,0.6706457868218422,0.011440475331619382,0.018393923237454087,0.29949492812156675,-0.005503518832847476,0.0,0.0001,0.1274921339005232,0.27103847488760946,0.5670619063079357,0.01633199058705941,0.018075486412271857,3.1838982226428163,32.560438979514764,13.521505376344086
268,router_only,-3925.241242289543,1.0,0.24327890388667583,0.9024803057312966,0.67161655575037,0.01150121244136244,0.0030004164087585293,0.31947951205074787,-0.004420960508286953,0.0,0.0001,0.12783063407987355,0.26977978050708773,0.5680964961647987,0.016090479400008916,0.018202607217244805,3.326842742409463,32.686098593300194,13.392473118279568
269,router_only,-3976.481241941452,1.0,0.24465302489697932,0.9015002712607384,0.6736620679497719,0.011482890602201224,0.005436054640449561,0.40671376399695874,-0.004895857907831669,0.0,0.0001,0.12882042415440081,0.27085413932800295,0.5687503762543201,0.01354533964768052,0.01802972131408751,3.2730698427799827,32.81074463919857,13.591397849462366
270,router_only,-3940.6804099082947,1.0,0.23774364218115807,0.9042522817850113,0.6710302338004113,0.012262289749924094,0.016807581146713345,0.2878243597224355,-0.005126099660992622,0.0,0.0001,0.12141752932220698,0.2716931484639645,0.5763151571154594,0.012877052335534244,0.01769711230881512,3.315292994148019,32.39300773295944,13.543010752688172
271,router_only,-3839.104197025299,1.0,0.2409395057708025,0.9027377843856812,0.67122151106596,0.012057710997760296,0.008143491775263065,0.23588605243712663,-0.0053271612152457236,0.0,0.0001,0.12420566212385893,0.27239577993750574,0.5741637900471688,0.01095666978508234,0.01827809019014239,3.2245988463936537,33.236275849272396,13.161290322580646
272,router_only,-3848.040483057499,1.0,0.23456873521208763,0.9060955464839935,0.6698564037680625,0.012364193866960704,0.01168852973496539,0.3255920153111219,-0.0050481042824685575,0.0,0.0001,0.12279560063034296,0.26807832941412923,0.5799008294939995,0.011063900461886078,0.0181613425957039,3.1605092848778833,33.01164249682897,13.129032258064516
273,router_only,-3932.387017726898,1.0,0.23218424431979656,0.9066626533865929,0.6729898929595948,0.01265073383692652,0.00668948014499623,0.2698079138994217,-0.0048817876580869776,0.0,0.0001,0.12027987856417895,0.26724931299686433,0.5824776098132134,0.011286094435490668,0.018707109964452684,3.1994733565833906,32.54259886770263,13.553763440860214
274,router_only,-3874.6498599648476,1.0,0.23279531858861446,0.906870323419571,0.6713470742106438,0.012526704568881542,0.00268156341044239,0.2162834841758013,-0.006155290780588985,0.0,0.0001,0.1212190056219697,0.2666801542043686,0.5817059800028801,0.011567816429305822,0.018827035720460118,3.3976540291729336,32.631731134034595,13.24731182795699
275,router_only,-3919.7852068543434,1.0,0.2344398245215416,0.9057072669267654,0.6757683515548706,0.01214740185532719,0.012683828675653763,0.2594034507870674,-0.005210554134100676,0.0,0.0001,0.12138776313513518,0.26332392618060113,0.5793798267841339,0.01774097380694002,0.01816750317811966,3.095664840816047,33.15558371804192,13.451612903225808
276,router_only,-3998.3548535108566,1.0,0.2350551076233387,0.9054268643260002,0.6765695437788963,0.012559749826323241,0.013255032175220501,0.29477385375648735,-0.004894183576107025,0.0,0.0001,0.11699704490602017,0.2610871333628893,0.5839952573180198,0.01910954259801656,0.01881102498155087,3.1983111837444502,32.84164890436558,13.704301075268818
277,router_only,-3975.2096073031425,1.0,0.23920155689120293,0.9036625161767006,0.67172522097826,0.012284445052500814,0.009487611718941434,0.2612413678318262,-0.006218383787199855,0.0,0.0001,0.12174084465950727,0.26099561154842377,0.5813343822956085,0.017424914904404433,0.0185042375465855,2.9939893151918207,32.99356922910093,13.650537634408602
278,router_only,-3976.589749455452,1.0,0.23503258861601353,0.9050793498754501,0.6726280689239502,0.012488627166021615,0.007121640082914337,0.24569610692560673,-0.006171372253447771,0.0,0.0001,0.12237430047243833,0.2601687662303448,0.5842617511749267,0.014713361090980471,0.018481821287423372,3.2461135675462813,32.64646575568164,13.548387096774196
279,router_only,-3987.712184846401,1.0,0.23318487368524074,0.9063384220004082,0.6736196249723434,0.01238442559260875,0.005061487015336685,0.23005042541772128,-0.005715923523530364,0.0,0.0001,0.12218373790383338,0.26256822422146797,0.5823856681585312,0.01484464448876679,0.018017721245996654,3.245879019430483,33.07404641650506,13.634408602150538
280,router_only,-4002.0576152801514,1.0,0.2327684350311756,0.9070914790034295,0.6706825464963913,0.012344840739388019,0.010448577441275135,0.24617558158934116,-0.005159227224066853,0.0,0.0001,0.12442988064140081,0.26534527614712716,0.5805979087948799,0.011408117157407105,0.018218817329034208,3.007457108074023,32.789098550484866,13.838709677419356
281,router_only,-3968.318543791771,1.0,0.23178344815969468,0.907073637843132,0.6698709428310394,0.012059677322395147,0.008372669247910414,0.2213321015238762,-0.0048222987912595276,0.0,0.0001,0.1276571024209261,0.2663043886423111,0.578226438164711,0.009762832103297115,0.018049238040111958,3.322071266183277,32.8130321978853,13.591397849462366
282,router_only,-3858.70306289196,1.0,0.23219269886612892,0.9074923306703567,0.6690526604652405,0.012096994125749915,0.013243320840410881,0.21880482081323863,-0.005369159393012524,0.0,0.0001,0.12401814088225364,0.2697425067424774,0.5752437397837639,0.011120328400284051,0.01987528456375003,3.4147733929564286,33.11259373427667,13.161290322580646
283,router_only,-3848.6223778128624,1.0,0.23615119904279708,0.904974228143692,0.6691783055663109,0.012015720084309577,0.005051842681132249,0.28740870840847493,-0.006246311962604523,0.0,0.0001,0.12469621654599905,0.2672165833413601,0.5757126808166504,0.012358645722270013,0.02001586982514709,3.2355110894044463,33.378270408651346,13.080645161290322
284,router_only,-3981.951580107212,1.0,0.2331249624490738,0.9065936893224716,0.6629395216703415,0.01219278178177774,0.006587218563072428,0.24297503419220448,-0.00542541468894342,0.0,0.0001,0.1255015516653657,0.2674331158399582,0.5772755548357964,0.009065040154382586,0.02072474118322134,3.5023459471074823,32.55419999039815,13.698924731182796
285,router_only,-3992.229082286358,1.0,0.2338246013969183,0.9062454104423523,0.6677572444081307,0.011277967900969087,0.01861341923940937,0.2595278963446617,-0.005865769681986421,0.0,0.0001,0.1320118049159646,0.26459132358431814,0.5708106368780136,0.01141015614848584,0.021176080964505673,3.66772034582779,32.46093371221253,13.741935483870968
286,router_only,-3988.6867706775665,1.0,0.23354576006531716,0.906316091120243,0.6706620663404464,0.011444263893645256,0.006454824097454556,0.281924931332469,-0.005012689682189375,0.0,0.0001,0.1308999391272664,0.26293938755989077,0.5735680788755417,0.011880122986622155,0.020712467515841125,3.464527188872745,33.050049240506326,13.688172043010752
287,router_only,-3953.6274139881134,1.0,0.23422874361276627,0.9062958732247353,0.6677021741867065,0.011319761758204549,0.004037315538153093,0.28232673518359663,-0.005135175089526456,0.0,0.0001,0.13072636239230634,0.26261345148086546,0.5720489352941514,0.01350726371165365,0.021103985933586956,3.2886669643061186,33.07012671880092,13.489247311827956
288,router_only,-3902.5210267305374,1.0,0.22595214731991292,0.9103554159402847,0.6723324835300446,0.011765856714919209,0.00966221825219684,0.24377628099173307,-0.005346294026821852,0.0,0.0001,0.12977683935314416,0.2617660615593195,0.576695267856121,0.010473065334372223,0.021288760285824538,3.337119733924638,32.73878796676839,13.28494623655914
289,router_only,-3918.9119780659676,1.0,0.23050154224038125,0.9079830065369606,0.6698051497340203,0.011361144238617272,0.014991159772034779,0.2902143158018589,-0.005601067042425712,0.0,0.0001,0.13196181785315275,0.26468242406845094,0.5692986592650413,0.012867306417319924,0.02118979119695723,3.424235144472128,33.07478030566482,13.38709677419355
290,router_only,-3905.231606721878,1.0,0.23438849709928036,0.9068313643336297,0.6705532863736152,0.010559520625974983,0.011665327928494605,0.2877720531076193,-0.006268576334696263,0.0,0.0001,0.1367239197716117,0.2652189895510674,0.5650438010692597,0.011289499723352492,0.02172378683462739,3.4207571975844564,33.28009516123001,13.360215053763442
291,router_only,-3917.7784635424614,1.0,0.24067080318927764,0.9028611615300178,0.6715559631586074,0.010404024552553893,0.01002784220036129,0.3039115909487009,-0.0063127490226179365,0.0,0.0001,0.1386007284745574,0.2632541313767433,0.5621856607496738,0.014426615741103887,0.02153286784887314,3.2156810664968143,33.47133822540129,13.392473118279568
292,router_only,-3992.8083058595657,1.0,0.24041792377829552,0.903497451543808,0.6694121614098549,0.010605016816407442,0.013348031416535393,0.21670642793178557,-0.0050299904542043805,0.0,0.0001,0.1359289601445198,0.2697099521756172,0.5614448718726635,0.011165151838213205,0.021751057356595993,3.241265740258946,33.20040997278074,13.64516129032258
293,router_only,-3988.349648475647,1.0,0.237337639182806,0.9052666440606117,0.6726619929075242,0.011039917753078044,0.00730060242349289,0.24088358283042907,-0.00529663588386029,0.0,0.0001,0.1350065005943179,0.26933087408542633,0.5650951728224755,0.009064714412670583,0.021502730948850513,3.260971724669859,32.8863629022476,13.682795698924732
294,router_only,-4063.754641532898,1.0,0.23778671436011792,0.9052046731114387,0.6721543952822685,0.010993433615658433,0.009727381519041992,0.29857330210506916,-0.006170431579630531,0.0,0.0001,0.1324836503714323,0.2737484805285931,0.5627543352544307,0.009303877328056842,0.021709655318409203,3.4090539005025335,33.01301948972976,14.091397849462364
295,router_only,-3904.8787371516228,1.0,0.24256215244531631,0.9038532942533493,0.6671614363789559,0.01066497121937573,0.009196503413841107,0.3182196132838726,-0.00507463589310646,0.0,0.0001,0.13470535688102245,0.27461411580443384,0.5581560879945755,0.010692480544093996,0.021831966470927,3.497842322726652,32.4154786179004,13.263440860215054
296,router_only,-4048.059834420681,1.0,0.23794921971857547,0.9057360425591469,0.6668107092380524,0.011433653766289353,0.017073422682005915,0.26984762474894525,-0.004933697823435068,0.0,0.0001,0.13146894816309213,0.27149381302297115,0.5666927941143513,0.008988509513437748,0.021355932438746096,3.5527678583755495,32.621689434574215,13.892473118279568
297,router_only,-3920.712107717991,1.0,0.23671615235507487,0.9068244978785515,0.6686005145311356,0.011492905090563,0.011865134909748965,0.23208733480423688,-0.005456592515110969,0.0,0.0001,0.12672822903841735,0.27445033714175227,0.5659402079880238,0.011964551359415054,0.020916668744757772,3.185542525272442,32.55401552027885,13.45698924731183
298,router_only,-4005.1655980944633,1.0,0.24512320309877395,0.903016459941864,0.662420466542244,0.01122049627592787,0.010529397346545077,0.2629147540777922,-0.005935958685586229,0.0,0.0001,0.1310455959290266,0.2741465844213963,0.5639415018260479,0.009002313658129424,0.02186400261707604,3.6387717264405435,32.34864686156247,13.688172043010752
299,router_only,-4007.9658576250076,1.0,0.24347206056118012,0.9027252569794655,0.6672599673271179,0.011353103863075375,0.014735880272928704,0.26976634599268434,-0.00557940288563259,0.0,0.0001,0.12992463652044534,0.26869486570358275,0.5682071708142757,0.01210458860732615,0.021068744407966734,3.5059883774643703,32.33639628757215,13.790322580645162
300,router_only,-4036.2738276124,1.0,0.2424127422273159,0.903963802754879,0.6671603381633758,0.01071954689687118,0.0157718164962717,0.21891814693808556,-0.005454526637913659,0.0,0.0001,0.13283913154155017,0.2726396329700947,0.5614959135651588,0.010929934948217123,0.022095387708395718,3.500676757898022,33.11321536323121,13.833333333333334
301,router_only,-3905.0896236896515,1.0,0.2500919006764889,0.9003262758255005,0.6640216320753097,0.010806743649300187,0.005356362240854605,0.29734327010810374,-0.005615175096318125,0.0,0.0001,0.13382311407476663,0.27424671351909635,0.5596841670572757,0.010063494020141662,0.022182499431073664,3.5751719036632967,33.07105261331822,13.252688172043012
302,router_only,-3967.453242301941,1.0,0.2491748496890068,0.9005568355321885,0.6703298717737198,0.010615801543463022,0.00929679025430228,0.28735224083065986,-0.0056130635552108284,0.0,0.0001,0.1318051762878895,0.2716162607073784,0.559760757535696,0.014393203612416982,0.02242459901608527,3.603772373289319,32.74049196942934,13.559139784946236
303,router_only,-3950.1308450102806,1.0,0.24452096708118914,0.9029665142297745,0.6700612157583237,0.011169776285532862,0.01288543513510389,0.30107220970094206,-0.005891103041358292,0.0,0.0001,0.12638319581747054,0.27269475236535073,0.5651249878108502,0.01352836370933801,0.022268706187605857,3.474683231373219,32.95273228591839,13.473118279569892
304,router_only,-3944.454214513302,1.0,0.2462011117488146,0.9025508403778076,0.6749093011021614,0.010854258853942155,0.006237371941097136,0.250742694735527,-0.005270537384785712,0.0,0.0001,0.12720233649015428,0.2730564005672932,0.5620063036680222,0.014756159158423543,0.022978809662163258,3.290152608464905,32.60751933063663,13.50537634408602
305,router_only,-3897.895691871643,1.0,0.2506436239928007,0.9000948086380959,0.6706501558423043,0.010117841383907944,0.016740780230611575,0.2603595569729805,-0.0055574086029082535,0.0,0.0001,0.13346540350466968,0.2738006792962551,0.553635910153389,0.014928837679326535,0.024169172113761305,3.286048371078612,33.03504471747503,13.35483870967742
306,router_only,-3814.3261793851852,1.0,0.24666503705084325,0.9022917166352272,0.6722657009959221,0.010402012255508453,0.008277299813926267,0.27907902505248783,-0.005485971877351403,0.0,0.0001,0.13068619463592768,0.2775122091174126,0.5538845375180245,0.013569391099736094,0.024347659293562175,3.2383055424856115,32.748827607882156,12.962365591397852
307,router_only,-3908.873653948307,1.0,0.24465312398970127,0.9039644494652748,0.6771044507622719,0.010579900082666427,0.007728709327056922,0.28351131454110146,-0.00494976432491967,0.0,0.0001,0.12743766456842423,0.280223985016346,0.5550371155142784,0.013397746114060282,0.023903478914871813,3.2386733296521633,32.690386646062706,13.38709677419355
308,router_only,-3825.457242190838,1.0,0.24799262620508672,0.902259673178196,0.6737874984741211,0.010845123475883156,0.014018588094040812,0.24924029745161533,-0.006200194312259555,0.0,0.0001,0.12750788051635026,0.27592805624008176,0.5601539611816406,0.01068438277579844,0.025725713279098273,3.38281764758856,32.861602036457896,13.0
309,router_only,-3969.5861889719963,1.0,0.24312231317162514,0.9033534422516822,0.6728017553687096,0.011276244185864925,0.009671572875231484,0.24884757287800313,-0.005991975963115692,0.0,0.0001,0.12469312902539968,0.27471590861678125,0.5646629869937897,0.011011147731915116,0.02491683028638363,3.1995023036575594,32.765783418772905,13.543010752688172
310,router_only,-3970.3457913398743,1.0,0.24155342690646647,0.9037045851349831,0.6725863993167878,0.011360238061752171,0.008855113177560315,0.25680122040212155,-0.005051434148481348,0.0,0.0001,0.12506970576941967,0.27259607166051864,0.5671530172228814,0.00870342596899718,0.026477777771651743,3.5105070752572964,32.56574323221097,13.612903225806452
311,router_only,-3865.0151041150093,1.0,0.23934014812111853,0.9053766563534736,0.6811410114169121,0.01119535368634388,0.010010492021683684,0.2934672886505723,-0.006208500266075135,0.0,0.0001,0.12388309091329575,0.27511436492204666,0.5633343853056431,0.010747381707187743,0.026920774020254612,3.37208665918286,32.61827622493297,13.21505376344086
312,router_only,-3779.264964044094,1.0,0.24667724519968032,0.9028468579053879,0.6755537003278732,0.010464048548601567,0.02276428175391622,0.2478174317628145,-0.0055925515054696005,0.0,0.0001,0.12944029849022626,0.2798008494079113,0.5533226631581784,0.009376962413080036,0.028059222269803286,3.259032561279332,32.40437070818237,12.913978494623656
313,router_only,-3741.6223004460335,1.0,0.24745082780718802,0.901319108903408,0.6790460035204887,0.010189789824653416,0.006162711442448262,0.2719796132296324,-0.0061994361691176895,0.0,0.0001,0.12962424885481597,0.2772232428193092,0.5528189115226269,0.011923085199669003,0.02841050233691931,3.4011637447225516,32.55874249865238,12.741935483870966
314,router_only,-3891.6068782806396,1.0,0.24875499978661536,0.9010269641876221,0.6762223288416862,0.010216212086379527,0.010201251134276343,0.2462078083306551,-0.005477822842658497,0.0,0.0001,0.132387912273407,0.27932675182819366,0.5515063360333443,0.00813503828831017,0.028643958643078803,3.676879547230358,32.78479786327342,13.236559139784946
315,router_only,-3845.569532930851,1.0,0.24877588525414468,0.9010645017027855,0.6777608722448349,0.010203148366417735,0.004609622934367461,0.25636075921356677,-0.00543459759792313,0.0,0.0001,0.1316540090367198,0.277755843102932,0.5518629677593708,0.008817300375085324,0.029909875802695753,3.523930086311751,32.92203008323608,13.161290322580646
316,router_only,-3848.096447467804,1.0,0.23988033831119537,0.9051559522747994,0.6791978076100349,0.010430771217215806,0.006599193857982693,0.2846463339403272,-0.005895045146462508,0.0,0.0001,0.12991644870489835,0.27801145911216735,0.5543305896222591,0.007255271112080663,0.030486242193728686,3.419438375793451,32.72091431345306,13.118279569892474
317,router_only,-3851.961739718914,1.0,0.23908240757882596,0.9059221237897873,0.6766025468707084,0.010633495263755321,0.008396807993994998,0.3033606708049774,-0.005563913541845977,0.0,0.0001,0.12885179445147515,0.28161211907863615,0.5522076323628425,0.006244471442187205,0.03108397903852165,3.553568930743968,32.575248212823155,13.172043010752688
318,router_only,-3770.9434347748756,1.0,0.2379490714520216,0.9063864901661873,0.6752633258700371,0.010230352240614592,0.007970992283662699,0.23504546023905276,-0.005681436462327838,0.0,0.0001,0.13236315231770276,0.2802593782544136,0.5501157023012638,0.006718609854578972,0.030543153919279576,3.7215440167052,32.79500592422875,12.908602150537634
319,router_only,-3760.8579748272896,1.0,0.23049217276275158,0.9096813589334488,0.6765274927020073,0.01061267415061593,0.009001430572243434,0.28606459945440293,-0.0051013430347666144,0.0,0.0001,0.12925232779234647,0.27993168905377386,0.5541173867881298,0.005656412587268278,0.031042189011350273,3.509740083377074,32.81175235497729,12.89784946236559
320,router_only,-3779.200790822506,1.0,0.24031320922076702,0.9043249070644379,0.6715971276164054,0.010055688279680907,0.015614669997012252,0.2593993924558163,-0.005928739784940263,0.0,0.0001,0.13705965969711542,0.2798381485044956,0.5481417514383793,0.004580401373095811,0.03038003803230822,3.7121472977085226,32.91727317711077,12.913978494623656
321,router_only,-3971.4160929322243,1.0,0.23833445236086845,0.9046769499778747,0.6747697278857231,0.010714614123571664,0.0198192960117013,0.3436306741088629,-0.005360141478013248,0.0,0.0001,0.12902112454175949,0.2779670305550098,0.5559053041040898,0.006231437087990344,0.030875092558562755,3.5672569462639947,32.94667771753242,13.74731182795699
322,router_only,-3817.172826230526,1.0,0.2418744046241045,0.9032755404710769,0.6765554159879684,0.009995676053222269,0.01743469465291128,0.2564124228432775,-0.005284710554406047,0.0,0.0001,0.13753708712756635,0.27682355120778085,0.5487013697624207,0.005861511954572051,0.031076485803350807,3.504009006905078,33.03282500593742,12.989247311827956
323,router_only,-3787.191441655159,1.0,0.23508260473608972,0.9063952580094338,0.6790493622422218,0.010701528284698725,0.019923473708331613,0.22338935900479556,-0.004916628629871411,0.0,0.0001,0.13056284245103597,0.27383605390787125,0.556976081430912,0.007523679255973548,0.03110133856534958,3.2979517875970754,32.850300712154244,12.908602150537634
324,router_only,-3797.5625903606415,1.0,0.2378597516566515,0.9050719127058983,0.6760055318474769,0.010630780307110399,0.005281516758259441,0.24877387415617705,-0.0056012900196947156,0.0,0.0001,0.13191587720066308,0.2749950036406517,0.555561351031065,0.0062976529821753505,0.031230114167556167,3.5639972435853275,32.85495415306203,12.935483870967742
325,router_only,-3854.08256649971,1.0,0.23535727113485336,0.9063109695911408,0.6733351692557334,0.01096758977510035,0.017656208691187288,0.2206717124208808,-0.005377077357843518,0.0,0.0001,0.13094503693282605,0.2684225220233202,0.5634650096297265,0.005012871022336185,0.03215456041507423,3.560488680614058,33.32185327281415,13.182795698924732
326,router_only,-3807.459368467331,1.0,0.23438915237784386,0.9074729084968567,0.6779659703373909,0.01072808230528608,0.01018191882758392,0.2536154087632895,-0.006154405232518911,0.0,0.0001,0.13370094392448664,0.26336122639477255,0.5647453106939793,0.0060676209803204985,0.03212489522993565,3.671470504786317,33.021639236656156,12.935483870967742
327,router_only,-3896.9049730300903,1.0,0.240096877142787,0.9044066324830056,0.6745055958628654,0.01011824919260107,0.01438660374260503,0.26464251298457386,-0.005833726655691862,0.0,0.0001,0.1390544343739748,0.2639693982899189,0.5575520135462284,0.006449315848294645,0.032974844612181184,3.430807857409099,33.22740511053702,13.344086021505378
328,router_only,-3856.6582921743393,1.0,0.24105906262993812,0.9045412585139274,0.6735107228159904,0.010161673167021944,0.006965506006963577,0.3219743225723505,-0.005735417790128849,0.0,0.0001,0.13745588324964048,0.2664075180888176,0.5560220226645469,0.006095100601669401,0.03401947356760502,3.4356944312311724,32.87503715679405,13.20967741935484
329,router_only,-3768.6595827937126,1.0,0.2394609697163105,0.9042350634932518,0.6804010644555092,0.009376451920252294,0.017050382285378855,0.296719690784812,-0.006764357537031173,0.0,0.0001,0.1398724714294076,0.2685923032462597,0.5479738153517246,0.010018921655137092,0.033542492985725404,3.703719209658739,32.99476694982862,12.865591397849464
330,router_only,-3830.52882617712,1.0,0.24347713701426982,0.9020186722278595,0.680936548113823,0.009832703648135066,0.017408011050429193,0.21847097016870975,-0.005519716115668416,0.0,0.0001,0.1329441675916314,0.2670247495174408,0.5537129901349545,0.012983745289966464,0.03333433791995048,3.498536171577958,32.994869988108974,13.021505376344086
331,router_only,-3889.245309948921,1.0,0.24267255514860153,0.902498884499073,0.6773172587156295,0.009497216274030506,0.01175070118624708,0.29214035868644717,-0.007224131748080254,0.0,0.0001,0.13408017344772816,0.27136206850409506,0.54806422367692,0.012757162214256823,0.03373636472970247,3.4181820329056825,32.97585273469073,13.252688172043012
332,router_only,-3930.0173450112343,1.0,0.24428811632096767,0.901123683154583,0.6758013755083084,0.00991899506188929,0.008070201065856935,0.26330844815820453,-0.005683793759089895,0.0,0.0001,0.1340343177318573,0.2715406335890293,0.5519207619130612,0.01001138516003266,0.03249289975501597,3.5178473607581875,33.39765466059637,13.430107526881722
333,router_only,-3923.6816388368607,1.0,0.2386454466730356,0.9044441476464271,0.6811387300491333,0.009977732121478766,0.005596556840464482,0.2888344988226891,-0.005506667774170637,0.0,0.0001,0.13123603370040654,0.27168882116675375,0.5526332013309002,0.011576697148848325,0.03286523357965052,3.3364275284177833,32.74080314716444,13.494623655913978
334,router_only,-3861.1959843039513,1.0,0.245810891315341,0.9013010948896408,0.6768469840288163,0.010199095075950026,0.01098890815628689,0.2307598102837801,-0.005414959869813174,0.0,0.0001,0.13198227602988483,0.26669210121035575,0.5573814235627651,0.01112620288040489,0.03281800420954824,3.152061545759595,32.78161459683787,13.279569892473116
335,router_only,-3923.237932085991,1.0,0.24074983708560466,0.9037581577897071,0.6836278900504112,0.010196490492671729,0.004740200680680651,0.24458820261061193,-0.006676263746339828,0.0,0.0001,0.13069399874657392,0.2683169037103653,0.5566598296165466,0.011871499475091696,0.03245777385309338,3.2552750218318596,32.73327246561749,13.489247311827956
336,router_only,-3842.773972392082,1.0,0.2415023546665907,0.9034295320510864,0.6860587030649186,0.009853384434245526,0.008514103293418878,0.2515243925154209,-0.00626629232428968,0.0,0.0001,0.13327498640865088,0.26536902859807016,0.5553506448864937,0.01318593039177358,0.03281939872540533,3.326646608558336,32.92914348982834,13.075268817204302
337,router_only,-3881.64373254776,1.0,0.2489315342158079,0.9002835169434548,0.6811448410153389,0.009807019669096917,0.012632803875021602,0.279485721886158,-0.006342563265934587,0.0,0.0001,0.1338319506496191,0.27112847492098807,0.5513344407081604,0.010989104327745736,0.03271603565663099,3.3588698305103097,32.77772079079641,13.252688172043012
338,router_only,-3910.157174348831,1.0,0.2450931567698717,0.9021634489297867,0.6808430209755898,0.009882810595445334,0.003921254037413703,0.27893613539636136,-0.0054949089069850745,0.0,0.0001,0.13420867696404457,0.27185978293418883,0.5521870277822017,0.009962043038103729,0.03178246431052685,3.466295131680488,32.81205384400719,13.349462365591396
339,router_only,-3843.654774606228,1.0,0.2459605187177658,0.9017812252044678,0.676923643052578,0.009960854658856988,0.009827012754976694,0.2567419096827507,-0.005769122880883515,0.0,0.0001,0.13118806816637515,0.274215891957283,0.5502941340208054,0.01065628087380901,0.03364562764763832,3.4418734082986346,32.87451053264281,13.06989247311828
340,router_only,-3776.2328553795815,1.0,0.24798912294209002,0.9011990174651145,0.6727551251649857,0.009717632120009511,0.007523495494388056,0.24553118385374545,-0.006553988833911717,0.0,0.0001,0.13280522916465998,0.2752984307706356,0.5465323865413666,0.010669457574840635,0.03469449914991855,3.348838510395268,33.23545335743096,12.833333333333332
341,router_only,-3881.2793611884117,1.0,0.252275000885129,0.8988025099039078,0.6734717100858688,0.009412827854976057,0.009559663233812963,0.29673408158123493,-0.005829476285725832,0.0,0.0001,0.1375850599259138,0.27491056770086286,0.5434168919920921,0.00956713380292058,0.03452034806832671,3.5066792674844187,32.94835678948317,13.290322580645162
342,router_only,-3814.566992878914,1.0,0.2498667273670435,0.9003034457564354,0.6703736558556557,0.009757179120788351,0.008178814558778003,0.27987729012966156,-0.006238529831171036,0.0,0.0001,0.13670727349817752,0.2733982875943184,0.5475063003599644,0.00811792443273589,0.03427021778188646,3.622585885830451,33.25334029493538,12.924731182795698
343,router_only,-3828.957897424698,1.0,0.24773386493325233,0.9020406812429428,0.6762433782219887,0.01001960838912055,0.014402526454068726,0.2893753685057163,-0.006185219064354897,0.0,0.0001,0.1295060073956847,0.27547591626644136,0.5493575796484947,0.010210002411622555,0.0354504921939224,3.547504945846009,32.8751223595977,13.118279569892474
344,router_only,-3750.535684645176,1.0,0.24898577593266963,0.9002559646964073,0.6830872446298599,0.010305688681546599,0.019483651558402947,0.24524988010525703,-0.0065352308563888075,0.0,0.0001,0.12460671439766884,0.2719846859574318,0.5539598420262337,0.015349570685066283,0.03409919459372759,3.4034826220682852,32.70186912413791,12.768817204301076
345,router_only,-3855.520043373108,1.0,0.2539963871240616,0.8989210531115532,0.6781580224633217,0.010299512860365212,0.0033580183982849076,0.2621341746300459,-0.005281002272386104,0.0,0.0001,0.12492235619574785,0.2729777328670025,0.5537070401012898,0.013923356938175858,0.03446950861252844,3.4029765011653597,33.391450337277114,13.118279569892474
346,router_only,-3881.551350057125,1.0,0.2541419219225645,0.8988152652978897,0.6822254598140717,0.009634842770174146,0.014662665454670872,0.2518469523638487,-0.006571630388498307,0.0,0.0001,0.12954540736973286,0.27434288859367373,0.5466404467821121,0.013658618438057601,0.03581263534724712,3.4544092419053642,33.391147657370546,13.258064516129032
347,router_only,-3751.307071208954,1.0,0.25663150623440745,0.898489634692669,0.6886151596903801,0.009489590197335928,0.002812748285941755,0.2347774337977171,-0.00610746843740344,0.0,0.0001,0.1307435642927885,0.27432143613696097,0.5454547792673111,0.01386683564633131,0.03561338116414845,3.366217341794005,33.20125806993764,12.725806451612904
348,router_only,-3846.943346321583,1.0,0.2523692864924669,0.9004342555999756,0.6878671765327453,0.00951979709789157,0.004240052797831533,0.23226885870099068,-0.00614972086623311,0.0,0.0001,0.12969231456518174,0.2732526630163193,0.5467449203133583,0.01415507944766432,0.036155026266351344,3.31795375931091,33.21886905506183,13.10752688172043
349,router_only,-3884.1993538737297,1.0,0.25956073626875875,0.8980773910880089,0.6793975874781608,0.009433977480512112,0.011067398684099275,0.2347235817462206,-0.0053200179943814875,0.0,0.0001,0.131530786678195,0.2759344831109047,0.541948901116848,0.01341739387717098,0.037168427975848316,3.249594652531771,32.9331955380959,13.306451612903224
350,router_only,-3686.7956102490425,1.0,0.2505656868219376,0.9019545510411262,0.6856062218546868,0.009349886467680335,0.004529994842596318,0.2429213285446167,-0.006162067796321935,0.0,0.0001,0.13183472752571107,0.2742294654250145,0.543909965455532,0.013308966672047973,0.03671688321046531,3.4662191760035848,32.95686020829392,12.494623655913978
351,router_only,-3862.2460564374924,1.0,0.25251739025115966,0.90101078748703,0.6793970718979836,0.00949581537861377,0.009812784288078502,0.25381867177784445,-0.0054164759814739226,0.0,0.0001,0.13145264685153962,0.2715345621109009,0.5474749438464641,0.01147955101914704,0.038058289466425775,3.3249897128864614,32.49063764881714,13.236559139784946
352,router_only,-3643.1138620376587,1.0,0.25284081175923345,0.9007280886173248,0.6817654371261597,0.009542992914794013,0.010358344577252812,0.2632298758253455,-0.006532416958361864,0.0,0.0001,0.13094076719135045,0.2746588930487633,0.54296959862113,0.011317601753398776,0.04011312895454466,3.3870943745110385,33.00145302713686,12.236559139784946
353,router_only,-3752.2946284413338,1.0,0.25779020935297015,0.8976479768753052,0.6799130752682686,0.009017127403058111,0.01223654892528441,0.27620845548808576,-0.006366012804210186,0.0,0.0001,0.13332446105778217,0.27653088942170145,0.5377371877431869,0.010431740607600659,0.04197571561671794,3.612982196570522,33.11176125451101,12.731182795698926
354,router_only,-3803.366378366947,1.0,0.25220562107861044,0.9002672135829926,0.677700400352478,0.00936272982507944,0.01861516584176578,0.2600011169910431,-0.005987198418006301,0.0,0.0001,0.13537117838859558,0.27053106650710107,0.5449980586767197,0.009570886485744268,0.03952881507575512,3.43134398858174,32.849368529606316,13.048387096774194
355,router_only,-3795.0957973599434,1.0,0.2563917517662048,0.8977553188800812,0.6758610114455224,0.009101506730075926,0.01255162933375684,0.3454216081649065,-0.005724475141141739,0.0,0.0001,0.136396480537951,0.27500431090593336,0.5398893631994724,0.00840375869302079,0.04030607459135353,3.628631746939634,33.346215164052964,12.817204301075268
356,router_only,-3849.550701677799,1.0,0.25043493546545503,0.9010387390851975,0.6781084477901459,0.00936494250781834,0.014447897218633366,0.2536570768803358,-0.006188361207023263,0.0,0.0001,0.13345640152692795,0.271907826513052,0.5457234144210815,0.007216375856660307,0.04169597434811294,3.3086808360024573,33.545131114380396,13.06989247311828
357,router_only,-3789.400482416153,1.0,0.24772145897150039,0.9025489017367363,0.6799467027187347,0.009541668137535453,0.009681235987227432,0.24631299842149018,-0.0059553165920078754,0.0,0.0001,0.13581101559102535,0.2690013825893402,0.5482094198465347,0.006334887759294361,0.040643289871513846,3.4562194596731244,32.71427555515377,12.956989247311828
358,router_only,-3805.5699756741524,1.0,0.24892788156867027,0.9017732635140419,0.6760730355978012,0.00960694464156404,0.010420171823352604,0.26638274528086187,-0.0060429125092923645,0.0,0.0001,0.1344935342669487,0.26583516150712966,0.5517431028187275,0.005608506628777832,0.042319695185869935,3.5986307030634905,32.865114672821775,12.96774193548387
359,router_only,-3879.523954987526,1.0,0.25550146102905275,0.8989733561873436,0.6753843560814857,0.00897437027306296,0.01542368263471872,0.37358371280133723,-0.005002957349643111,0.0,0.0001,0.13941542524844408,0.2675387281924486,0.5442350670695305,0.006694891315419227,0.042115890653803945,3.3863453204068903,32.81285291420517,13.376344086021504
360,router_only,-3804.9421639442444,1.0,0.24873076640069486,0.9021275222301484,0.6745870634913445,0.009862474200781434,0.018160990963224332,0.29352446757256984,-0.005989969335496425,0.0,0.0001,0.1316618651151657,0.26889460161328316,0.5509458757936955,0.0053679509554058315,0.043129698978736995,3.5356438398293846,33.19582730124729,12.919354838709676
361,router_only,-3811.467770576477,1.0,0.2487773135304451,0.9014732539653778,0.6736905172467231,0.009899556485470385,0.006009685900062235,0.3036870837211609,-0.006210302049294114,0.0,0.0001,0.12989438828080893,0.2678725697100163,0.5528555981814861,0.006463076081126928,0.042914369329810145,3.345964747630513,33.06885229761322,13.043010752688172
362,router_only,-3838.4329023957253,1.0,0.260617757961154,0.8968403890728951,0.670360641181469,0.009497004642616958,0.01233405653620135,0.2393051501363516,-0.006187080405652523,0.0,0.0001,0.13463338669389485,0.2683017961680889,0.5466885738074779,0.00673161797458306,0.04364463472738862,3.71587137697525,33.251885712800274,13.080645161290322
363,router_only,-3875.538154363632,1.0,0.25201443359255793,0.9008369222283363,0.6750399991869926,0.009383125905878842,0.0019448757055215166,0.31245683170855043,-0.00558507137466222,0.0,0.0001,0.13384402077645063,0.2692042216658592,0.5467252105474472,0.006548541528172791,0.04367800583131611,3.389171352113751,32.67587751011025,13.31720430107527
364,router_only,-3704.550595998764,1.0,0.2438201643526554,0.9045035868883133,0.677260322868824,0.010024198913015425,0.017627945158164997,0.4028377842158079,-0.004810492019169032,0.0,0.0001,0.12884975168854,0.26622417494654654,0.5551178902387619,0.005708886112552136,0.04409930007532239,3.58638576610078,32.82961456520921,12.602150537634408
365,router_only,-3758.0765094161034,1.0,0.2511294484138489,0.9006922125816346,0.6746354967355728,0.009646694734692573,0.01530128550366501,0.2497229974716902,-0.0059515504166483876,0.0,0.0001,0.13248842749744655,0.2696512795984745,0.5486769489943981,0.006293749710312113,0.04288959987461567,3.4120820274642605,33.034519474455124,12.784946236559138
366,router_only,-3760.579341828823,1.0,0.2455359674990177,0.9032349288463593,0.680440217256546,0.00954513248289004,0.0018696533923502363,0.26701520159840586,-0.005601226538419724,0.0,0.0001,0.13312414530664682,0.26985147669911386,0.5484171129763127,0.005618754820898175,0.04298850744962692,3.564653464664315,32.879341840464406,12.82795698924731
367,router_only,-3920.495019555092,1.0,0.24894530698657036,0.9002353370189666,0.6702223151922226,0.009945395740214736,0.007925379503285462,0.2550597246736288,-0.005846722121350467,0.0,0.0001,0.13116935547441244,0.2717148631811142,0.5505164191126823,0.004011436604196205,0.04258792861364782,3.3267375961912418,33.17518659706981,13.473118279569892
368,router_only,-3764.963637828827,1.0,0.24383154809474944,0.9038096576929092,0.6771533876657486,0.009650530549697578,0.006451630021911072,0.3072217464447021,-0.005744081363081932,0.0,0.0001,0.13280733600258826,0.26904926225543024,0.5499562039971352,0.005339390685549006,0.04284780798479915,3.504741890472233,33.32156017542054,12.876344086021504
369,router_only,-3915.5849139094353,1.0,0.24331357404589654,0.9026480615139008,0.6775848060846329,0.009962413588073104,0.008885732147609857,0.24411477372050286,-0.006491474981885403,0.0,0.0001,0.12980554401874542,0.26789501309394836,0.5534998692572117,0.006238588446285576,0.04256098000332713,3.4652965240313116,32.856399737248246,13.489247311827956
370,router_only,-3760.1810669898987,1.0,0.24773667752742767,0.9014784246683121,0.6795058757066726,0.009526511142030358,0.009163422079291265,0.2657358156517148,-0.0067314570769667625,0.0,0.0001,0.1338073605671525,0.2674085579812527,0.5494046159088611,0.006710463226772845,0.04266900229267776,3.4402544242217523,32.84514624452305,12.870967741935486
371,router_only,-3893.7195470929146,1.0,0.24650662280619146,0.9024223953485488,0.6785294368863106,0.00954732004320249,0.010188778908923182,0.27321430165320637,-0.00605188743211329,0.0,0.0001,0.1320773594081402,0.26981005296111105,0.5464382745325566,0.006312414002604782,0.04536189446225762,3.6965253825568167,32.5729568925528,13.32795698924731
372,router_only,-3880.851102948189,1.0,0.24465814121067525,0.9025449693202973,0.6784272015094757,0.009866372728720308,0.011093961709411758,0.29860228970646857,-0.006622862466610968,0.0,0.0001,0.13250089939683676,0.2675573922693729,0.5515617191791534,0.005113313667243347,0.04326667841523886,3.540214472571062,32.89822946121609,13.38709677419355
373,router_only,-3785.2926002144814,1.0,0.24372362419962884,0.903838649392128,0.6782045722007751,0.00932579890359193,0.02033747711102482,0.2500732708722353,-0.005564985470846296,0.0,0.0001,0.13560034707188606,0.2734783008694649,0.5424236863851547,0.004082602239213884,0.04441505502909422,3.426154263661605,32.92677054941253,12.806451612903224
374,router_only,-3820.2416363954544,1.0,0.24804042726755143,0.9024780184030533,0.6772122040390969,0.009405624103965237,0.005815265112323739,0.29320719130337236,-0.007035678275860846,0.0,0.0001,0.13443644642829894,0.27173457816243174,0.5448306478559971,0.004501847404753789,0.04449649015441537,3.4251439157594787,32.91332514485295,13.091397849462366
375,router_only,-3802.4211201667786,1.0,0.249482611566782,0.902378237247467,0.6829964712262153,0.008791273814858868,0.011848807526985196,0.3169794503599405,-0.0059645167551934716,0.0,0.0001,0.13943269103765488,0.2706972751766443,0.5399435415863991,0.004779036762192846,0.04514745445922017,3.504350883505461,33.20947186841276,13.005376344086022
376,router_only,-3837.184368133545,1.0,0.24859931617975234,0.9036354511976242,0.6807826265692711,0.008675956021761522,0.011080383986700325,0.258804651722312,-0.006058654631488025,0.0,0.0001,0.14120962657034397,0.27351895570755,0.5348527446389199,0.005720611067954451,0.04469805778935552,3.5321845818173645,32.627822756206804,13.198924731182796
377,router_only,-3874.2076098918915,1.0,0.25140640437602996,0.9018536627292633,0.6838927373290062,0.008228133583907038,0.022266464226413627,0.29669109359383583,-0.006226044334471226,0.0,0.0001,0.14863269086927175,0.27722912803292277,0.5253654837608337,0.004824968287721276,0.04394773384556174,3.868781666290276,32.86235697911623,13.236559139784946
378,router_only,-3848.8690212368965,1.0,0.23720859102904795,0.9082008019089699,0.6875968083739281,0.009024619241245091,0.030778674560133393,0.25768932364881036,-0.005515362894220744,0.0,0.0001,0.1342042189091444,0.2762682564556599,0.5389768742024899,0.005543197051156312,0.04500744566321373,3.6569329758570475,32.94959569903798,13.13978494623656
379,router_only,-3811.7973338365555,1.0,0.244075046479702,0.9049698427319527,0.6828550711274147,0.00885384758003056,0.01316076599759984,0.2692532282322645,-0.006946619821246713,0.0,0.0001,0.13857686873525382,0.27807336375117303,0.5351629674434661,0.005945819010958075,0.04224096550606191,3.4763728439650774,32.98889930314567,13.032258064516128
380,router_only,-3799.0366662740707,1.0,0.2481560565531254,0.9027667060494423,0.6887657091021537,0.008278679993236438,0.016907461942173428,0.2832876885309815,-0.006041210610419512,0.0,0.0001,0.14113316126167774,0.2788108140230179,0.5267092429101468,0.00873287154827267,0.04461390757933259,3.600503221726561,33.51290844079169,12.951612903225806
381,router_only,-3861.5978115797043,1.0,0.24649120457470416,0.9037313118577004,0.6911296933889389,0.008076967165106908,0.0029132067225874254,0.250466576218605,-0.006128980172798037,0.0,0.0001,0.1421638485044241,0.2789441466331482,0.5259162172675133,0.008069293689914048,0.044906490948051214,3.64749513673309,33.102493376955,13.172043010752688
382,router_only,-3730.9413512945175,1.0,0.2493993915617466,0.9022225424647331,0.6928858652710914,0.007948038267204537,0.004138693853747084,0.30121640376746656,-0.005657908972352743,0.0,0.0001,0.1414052141830325,0.27770439982414247,0.5258452482521534,0.008729882922489196,0.04631524542346597,3.94615497869606,33.066028457946274,12.580645161290322
383,router_only,-3839.211068689823,1.0,0.24842448048293592,0.9027576327323914,0.6868515461683273,0.008429397514555603,0.013578180235345001,0.29314379543066027,-0.006135215781978331,0.0,0.0001,0.13895425219088792,0.27588305100798605,0.5312082350254059,0.010155992978252471,0.043798472825437786,3.7844501980131855,32.85165321466734,13.06989247311828
384,router_only,-3974.600752234459,1.0,0.24913202188909053,0.902040445804596,0.68919897377491,0.008473086130106822,0.009912651323247588,0.2926079075783491,-0.006847241893410683,0.0,0.0001,0.13775793928653002,0.2721230320632458,0.5337696731090545,0.010482865700032562,0.045866481494158506,3.7099955598683683,32.886151003824985,13.71505376344086
385,router_only,-3837.649138212204,1.0,0.24593740776181222,0.902210247516632,0.6885565146803856,0.00874146784772165,0.006736503692809514,0.3906272936612368,-0.006200312916189432,0.0,0.0001,0.13545172177255155,0.2734439387917519,0.5358170233666897,0.010346427722834051,0.04494089027866721,3.667304255826684,32.85415104227327,13.064516129032258
386,router_only,-3862.115644454956,1.0,0.2514964614063501,0.901205450296402,0.6847457394003869,0.007650986191583798,0.02922392423497504,0.24455331601202487,-0.005796813502092846,0.0,0.0001,0.14593056663870813,0.27654574662446973,0.5217436879873276,0.009807800932321697,0.04597219964489341,3.83432656513365,32.97525430046886,13.14516129032258
387,router_only,-3768.382548689842,1.0,0.24811460115015507,0.9028323397040368,0.6872654497623444,0.007546494778944179,0.008043568592984211,0.26749301739037035,-0.006840663542971015,0.0,0.0001,0.14902116414159536,0.27390907183289526,0.5226748727262021,0.008544374955818057,0.04585051406174898,3.8975033147939153,33.283271602436734,12.774193548387098
388,router_only,-3834.7411354780197,1.0,0.2438199296593666,0.9047996267676354,0.6925948962569237,0.007961325027281418,0.017104225885122955,0.26480518765747546,-0.0064301375765353445,0.0,0.0001,0.1436790656298399,0.27069906070828437,0.5295865945518017,0.00993878091685474,0.04609650252386928,3.66751110216173,33.106780235118954,13.091397849462366
389,router_only,-3914.3385810256004,1.0,0.2527653895318508,0.8999040514230728,0.684857165813446,0.007541337859584019,0.013602542714215817,0.23985579572618007,-0.005588496942073107,0.0,0.0001,0.14981473218649627,0.2713646665215492,0.5249964237213135,0.008892730274237693,0.04493145365267992,3.8402631711566366,33.315436403100854,13.268817204301076
390,router_only,-3781.233950614929,1.0,0.24294523000717164,0.9045715287327767,0.6908341974020005,0.007970320113236085,0.01564986127195874,0.25908572040498257,-0.0063162767502944915,0.0,0.0001,0.1440106498077512,0.26948176994919776,0.531969641149044,0.0087547761737369,0.04578316444531083,3.6485943927116864,33.308807672013124,12.784946236559138
391,router_only,-3772.032732486725,1.0,0.24426440857350826,0.9044037267565728,0.6935881346464157,0.007851759833283723,0.004501671332400259,0.2834323696792126,-0.006142764694232028,0.0,0.0001,0.14446277990937234,0.2687598429620266,0.5304407313466072,0.009721612115390599,0.04661503294482827,3.8578411527992955,33.20135323251574,12.806451612903224
392,router_only,-3940.369985461235,1.0,0.24090774841606616,0.9051814705133439,0.6913434982299804,0.008091073716059327,0.011331831559073167,0.26106779724359513,-0.006219678558409214,0.0,0.0001,0.14492952320724725,0.2653364554047585,0.5356399044394493,0.008943221566732973,0.04515089588239789,3.7408843603415884,33.20086548398368,13.489247311827956
393,router_only,-3868.7920783758163,1.0,0.23621264696121216,0.9081512376666069,0.6969686418771743,0.00797876354190521,0.0055209772195667015,0.27158959545195105,-0.005994631233625114,0.0,0.0001,0.14560558162629605,0.2673452809453011,0.5338593177497387,0.007963317248504609,0.045226498134434225,3.5261126731844734,32.6455339462322,13.13978494623656
394,router_only,-3869.544157266617,1.0,0.2398470848798752,0.9070283517241478,0.6978392943739891,0.007736511545954272,0.014628520235419228,0.242053603194654,-0.0061892101541161535,0.0,0.0001,0.14643006287515165,0.27150690406560896,0.5273209638893605,0.007187415461521596,0.047554658353328706,3.990597934985994,32.8928373792217,13.10752688172043
395,router_only,-3699.337934434414,1.0,0.24078293405473233,0.907003678381443,0.6940770015120507,0.008075539424316958,0.011788209620863209,0.29368442110717297,-0.005376756547138939,0.0,0.0001,0.14159289840608835,0.27051978930830956,0.5320294044911862,0.007117585826199502,0.04874031851068139,3.744879162159603,33.18650913305342,12.505376344086022
396,router_only,-3806.545813500881,1.0,0.24836597368121147,0.9025426417589187,0.6960489392280579,0.007800751953618601,0.005966058291960591,0.32499833330512046,-0.005426281131803989,0.0,0.0001,0.14271095246076584,0.2698592871427536,0.5297068789601326,0.008867873251438141,0.048855007626116276,3.8282357345606157,33.152077087510456,12.956989247311828
397,router_only,-3773.488777399063,1.0,0.24814882613718509,0.9024378821253777,0.697502426803112,0.0076866899617016315,0.008184684289153596,0.24815464355051517,-0.006169483566191047,0.0,0.0001,0.14005926121026277,0.2698331974446774,0.5282923147082329,0.011080000677611678,0.05073521928861737,3.708645358983942,33.295275793405125,12.82795698924731
398,router_only,-3780.582786500454,1.0,0.24899564646184444,0.9019801512360572,0.6994464918971062,0.007692234346177429,0.003836831019725701,0.2631690349429846,-0.006269964668899774,0.0,0.0001,0.13953757006675005,0.2694060795009136,0.5284458465874196,0.012844886141829192,0.04976561469957232,3.6343879370629293,33.28814130866765,12.763440860215052
399,router_only,-3861.6257437467575,1.0,0.24407107420265675,0.9036462619900704,0.6979548275470734,0.008023667015368118,0.00800864986376836,0.26147940941154957,-0.0061336487240623684,0.0,0.0001,0.13817643877118826,0.2689888134598732,0.5324501760303975,0.01079587551066652,0.04958870224654675,3.6891395677603502,32.58811590476968,13.161290322580646
400,router_only,-3848.0421491861343,1.0,0.24142830036580562,0.9044737324118615,0.699566787481308,0.007944612798746675,0.007103621296118879,0.28717030212283134,-0.0053203625604510306,0.0,0.0001,0.1399144906550646,0.2659832864999771,0.5342639334499836,0.010268724500201642,0.04956956822425127,3.669349208746838,33.0220809456112,13.06989247311828
401,router_only,-3713.746909081936,1.0,0.2498053502291441,0.900240133702755,0.6963691383600235,0.007815922237932682,0.006711316050495889,0.28400038555264473,-0.006643109582364559,0.0,0.0001,0.14327014312148095,0.2649090655148029,0.5342618368566037,0.008807960187550635,0.04875098653137684,3.888489925017137,32.8091093557996,12.516129032258064
402,router_only,-3787.550359070301,1.0,0.24146089367568493,0.9038012892007827,0.6988849669694901,0.008307709509972483,0.01433646844234315,0.2946290746331215,-0.006773352506570518,0.0,0.0001,0.1387121696025133,0.2624919734895229,0.5413740128278732,0.008614798134658486,0.04880705140531063,3.7140715485096356,32.66209435599088,12.865591397849464
403,router_only,-3687.617676973343,1.0,0.24194921031594277,0.9037349596619606,0.6969033926725388,0.00822583467233926,0.006295294349547436,0.2681409243494272,-0.0062839255901053544,0.0,0.0001,0.14038338363170624,0.259985089674592,0.5416021019220352,0.00986313708126545,0.04816628294065595,3.599405051128702,33.10326371245226,12.5
404,router_only,-3914.1425907611847,1.0,0.24693630561232566,0.9017194256186485,0.6952282369136811,0.008204228384420276,0.009569982043467484,0.3055787231773138,-0.006947403261438012,0.0,0.0001,0.13970236983150244,0.2641324959695339,0.5382240645587444,0.009137196862138808,0.04880386730656028,3.715619906250541,33.267668341382695,13.376344086021504
405,router_only,-3661.7679231762886,1.0,0.2463046967983246,0.9018235877156258,0.6935082778334618,0.008144802303286269,0.0055496124667114635,0.25287445560097693,-0.006324818261782638,0.0,0.0001,0.14062681794166565,0.2633855778723955,0.5374773383140564,0.010987552942242473,0.047522703371942046,3.813318112032238,32.81525463635708,12.370967741935484
406,router_only,-3753.580095410347,1.0,0.25390583649277687,0.8990824654698372,0.6934860154986382,0.007500981906196103,0.01668574140639985,0.2777359027415514,-0.006988820736296475,0.0,0.0001,0.14872829262167214,0.26199800372123716,0.5316574431955814,0.01122894766740501,0.04638730064034462,3.7691406541792003,32.97694214530292,12.731182795698926
407,router_only,-3704.9661368727684,1.0,0.25239250212907793,0.9002681002020836,0.6940339893102646,0.007576780155068264,0.004890940967015993,0.27980664521455767,-0.006058877661052975,0.0,0.0001,0.14777881298214196,0.2634801957756281,0.5316665396094322,0.009732962562702596,0.04734148839488626,3.796435476575461,33.2025574482076,12.5
408,router_only,-3939.153221309185,1.0,0.2493200920522213,0.9010728076100349,0.6917821779847145,0.007678462762851268,0.006557969353161769,0.2610873062163591,-0.006510768039152026,0.0,0.0001,0.14767812583595513,0.2656575798988342,0.5300936371088028,0.008127572294324637,0.04844309370964765,3.6308656720345756,33.14022533742629,13.419354838709676
409,router_only,-3814.9924273490906,1.0,0.25490362048149107,0.8992699608206749,0.6898902729153633,0.007476312335347757,0.008617080596741227,0.26361566185951235,-0.005976591643411666,0.0,0.0001,0.1500565405935049,0.26758769899606705,0.5279919721186161,0.006904072558972985,0.04745971169322729,3.890205731433906,33.328347025165044,12.924731182795698
410,router_only,-3824.9894431829453,1.0,0.2591337192803621,0.8967708215117455,0.6878803297877312,0.00749204006860964,0.009427361853886394,0.2506451480090618,-0.0068629801273345946,0.0,0.0001,0.14861237686127424,0.26471493765711784,0.529690533131361,0.0065073167439550165,0.050474831648170945,3.6333782288325946,33.02437514083174,12.989247311827956
411,router_only,-3892.9058763980865,1.0,0.2626272488385439,0.8953841373324394,0.6845944792032241,0.007330967305460945,0.004123473155777902,0.25508895628154277,-0.006586427427828312,0.0,0.0001,0.150168576836586,0.26515787094831467,0.5276483550667763,0.00648776168236509,0.05053743841126561,3.7385937614804443,33.149597031467266,13.333333333333334
412,router_only,-3785.784978687763,1.0,0.24933446757495403,0.9004540726542473,0.690035717189312,0.007956793392077088,0.015845561062451385,0.26102538853883744,-0.0064048382286273405,0.0,0.0001,0.14382249470800162,0.26583966091275213,0.5348893418908119,0.0052072006510570645,0.0502412972971797,3.8235535407838825,33.03139772867749,12.688172043010754
413,router_only,-3785.069256722927,1.0,0.2564309149980545,0.8986928567290307,0.6885623514652253,0.007929634384345264,0.002182597550563513,0.3070023383945227,-0.006148299155756831,0.0,0.0001,0.14394323229789735,0.26583489403128624,0.5343557074666023,0.00465430342592299,0.05121185872703791,3.9753351542586435,32.81744869688429,12.89784946236559
414,router_only,-3846.793239712715,1.0,0.25508787147700784,0.8986339896917344,0.6885776534676552,0.007949257036671042,0.005428662267513508,0.28007376529276373,-0.00804126071743667,0.0,0.0001,0.14518535789102316,0.2654880478978157,0.5339653298258782,0.006126508279703557,0.04923475068062544,3.6199310380379406,32.876029015657885,13.118279569892474
415,router_only,-3935.9731340408325,1.0,0.2636147152632475,0.8947913035750389,0.6879481136798858,0.007482397009152919,0.012857167748734447,0.2660689573734999,-0.006342325382865966,0.0,0.0001,0.1480610344558954,0.26269153505563736,0.5303332589566707,0.007762730889953673,0.05115143554285169,3.6067187575015947,32.92252094864564,13.344086021505378
416,router_only,-3864.4699162244797,1.0,0.2608430813997984,0.896428570151329,0.6933182314038276,0.007442327716853469,0.004351896035950565,0.26760016456246377,-0.007634867122396827,0.0,0.0001,0.14876816496253015,0.2613672256469727,0.5301444694399834,0.007099885714706033,0.05262025697156787,3.5421098350125426,33.378964983870475,13.064516129032258
417,router_only,-3747.2492139935493,1.0,0.26116550490260126,0.8959679394960404,0.6909614697098732,0.007927153253694997,0.015022397448774372,0.26164791733026505,-0.006542214596265694,0.0,0.0001,0.14125696681439875,0.2650208409875631,0.5327612034976482,0.008026195387355984,0.05293479720130563,3.6924060522006705,32.78741423989549,12.618279569892474
418,router_only,-3782.0494883060455,1.0,0.26321756169199945,0.8944079890847206,0.6942685753107071,0.007738268055254594,0.00809958501486104,0.23241038732230662,-0.005983372125774622,0.0,0.0001,0.14210126213729382,0.26210013441741464,0.5317701354622841,0.011231692007277161,0.0527967787347734,3.573356500363952,33.09340890116246,12.870967741935486
419,router_only,-3820.034861803055,1.0,0.2521873727440834,0.899426431953907,0.7049992084503174,0.007758851622929797,0.014468731218948908,0.2644233897328377,-0.006231264676898718,0.0,0.0001,0.14233289211988448,0.2563823040574789,0.5358185164630413,0.014186047588009388,0.05128024443984032,3.758336363803942,32.9816722801926,12.838709677419354
420,router_only,-3845.442101895809,1.0,0.2595314245671034,0.8973440080881119,0.7051677316427231,0.0072039291902910915,0.02086357233347379,0.294914735481143,-0.00774909919127822,0.0,0.0001,0.14305734522640706,0.2585547104477882,0.5253867216408252,0.017020429694093765,0.05598078034818173,3.8192936429201345,33.0528149622914,12.924731182795698
421,router_only,-3972.68409126997,1.0,0.24324674606323243,0.9048294097185134,0.7140896037220955,0.0076773208798840645,0.027070842590183036,0.3593021083623171,-0.006069453619420529,0.0,0.0001,0.1359868071973324,0.2549071412533522,0.5330205000936985,0.022922076587565243,0.05316347032785416,3.481648501130764,33.51120336399467,13.5
422,router_only,-3835.214469730854,1.0,0.25102238468825816,0.900704312324524,0.7070996165275574,0.007683210592949763,0.004310911521315557,0.22752439752221107,-0.0069748657057061795,0.0,0.0001,0.13707836735993623,0.25528720282018186,0.5324759557843208,0.02131116532254964,0.05384730454534292,3.5730145187282547,33.468789989428686,12.865591397849464
423,router_only,-3792.2678501605988,1.0,0.2530339814722538,0.8995938464999199,0.7077759191393852,0.007226673106197267,0.012630835990421457,0.24398199655115604,-0.006205522126401774,0.0,0.0001,0.14038211833685638,0.2562107976526022,0.5261605359613896,0.02251141406595707,0.054735126160085204,3.676386782119434,33.137148115868044,12.741935483870966
424,router_only,-3900.9755930900574,1.0,0.25028248131275177,0.9011362418532372,0.706366753578186,0.0073169343057088556,0.008551600668579368,0.24060021303594112,-0.0067194060771726075,0.0,0.0001,0.13891920018941165,0.25404901541769503,0.528857845067978,0.021860318258404732,0.05631362153217197,3.8595590136954265,33.41234672271256,13.10752688172043
425,router_only,-3938.436091542244,1.0,0.25478037521243097,0.8981284469366073,0.7048772871494293,0.007443026651162654,0.007859861769247762,0.27255725525319574,-0.007373773399740458,0.0,0.0001,0.13998693581670524,0.25449288710951806,0.5312761649489403,0.019613171357195824,0.05463083386421204,3.6101307401026057,33.404457764416826,13.31720430107527
426,router_only,-3819.7850086688995,1.0,0.2548686251044273,0.8985234916210174,0.7005507096648216,0.007554758753394708,0.011408333259168995,0.24452137984335423,-0.006321792637027102,0.0,0.0001,0.1377831134945154,0.25907703265547755,0.5287896037101746,0.018599394359625876,0.055750861018896106,3.683200126511958,32.84997312986368,12.876344086021504
427,router_only,-3665.183450102806,1.0,0.2563953880220652,0.8979308158159256,0.705558405816555,0.007099788769846782,0.011662970110774096,0.2507747571915388,-0.006425458705052733,0.0,0.0001,0.1407494878396392,0.25763080827891827,0.5250019393861294,0.01800179744604975,0.05861597117036581,3.620546177453729,33.46457151297117,12.268817204301074
428,router_only,-3837.0095789432526,1.0,0.26741905361413953,0.8929243892431259,0.6942433059215546,0.00691400325158611,0.01027000205358487,0.27163521088659764,-0.006164259789511561,0.0,0.0001,0.14428627230226992,0.25922902040183543,0.5213715136051178,0.017436005815397948,0.05767718311399221,3.658275755032561,33.2696931241529,12.983870967741936
429,router_only,-3823.3808044195175,1.0,0.2578002423048019,0.897992254793644,0.7022985577583313,0.007000060356222093,0.01212439384544264,0.31174585931003096,-0.006690945581067353,0.0,0.0001,0.14135256502777338,0.25610053166747093,0.5235115759074688,0.019216802017763258,0.059818522445857523,3.7250582128154672,33.313876899279556,13.021505376344086
430,router_only,-3825.7171924710274,1.0,0.26525550745427606,0.8946171894669532,0.7015855595469475,0.006786465528421104,0.012241247994825209,0.28188401460647583,-0.00637754718773067,0.0,0.0001,0.13922922480851413,0.2530587762594223,0.52255604788661,0.02310707699507475,0.06204887181520462,3.7741064883730338,33.36612915153969,12.892473118279572
431,router_only,-3831.0088074207306,1.0,0.25597591586411,0.8984524190425873,0.698647464811802,0.007561779237585142,0.017230075644329202,0.2458798076957464,-0.007183486918802373,0.0,0.0001,0.13544147443026305,0.2548746049404144,0.5293552592396736,0.01867013000883162,0.06165853356942534,3.7276315911324702,33.2233208463418,12.983870967741936
432,router_only,-3714.449972808361,1.0,0.26036813892424104,0.8965192034840583,0.7019700929522514,0.006786044774344191,0.02266008297447113,0.33971099741756916,-0.006513496208935976,0.0,0.0001,0.14331409577280282,0.25422169379889964,0.521639832854271,0.0157084257574752,0.06511595342308282,3.55577414621078,33.320273991813835,12.564516129032258
433,router_only,-3841.9682735800743,1.0,0.2591416448354721,0.8974037557840348,0.7033822566270829,0.00731060272664763,0.025180888571776375,0.3011155378073454,-0.006602319586090743,0.0,0.0001,0.13336900603026153,0.2515763409435749,0.5291408233344554,0.019011449674144386,0.06690238500013948,3.758336192943299,32.977679235708884,12.983870967741936
434,router_only,-3882.114014685154,1.0,0.2568106073886156,0.898030512034893,0.6999297648668289,0.007525076932506636,0.012292751134373354,0.29198837019503115,-0.006635107983674971,0.0,0.0001,0.13506813608109952,0.2533892896026373,0.5317751161754132,0.015247486927546561,0.06451996816322207,3.514722044307926,33.21761264214514,13.290322580645162
435,router_only,-3713.9038614034653,1.0,0.26225039586424825,0.8958985045552254,0.7040623247623443,0.007331372052431106,0.012036730814725276,0.2604462057352066,-0.0069963506422936915,0.0,0.0001,0.13388174138963221,0.2578438386321068,0.5269431494176388,0.01671283256728202,0.06461844285950065,3.700099246120017,32.850561247599956,12.645161290322582
436,router_only,-3801.738516688347,1.0,0.2634389493614435,0.8965639427304268,0.7042528808116912,0.00746571256313473,0.004338333266787266,0.2915572337806225,-0.00717476428108057,0.0,0.0001,0.1339091332629323,0.25904164761304854,0.5270339876413346,0.014543658634647728,0.06547156311571597,3.679234056711953,32.80175500702599,12.924731182795698
437,router_only,-3735.4458860754967,1.0,0.2680488996207714,0.8953484684228897,0.705863855779171,0.006849011668236926,0.019284239481203298,0.2527612969279289,-0.006308570876717568,0.0,0.0001,0.1348896300420165,0.2556458655744791,0.5207876563072205,0.019679791782982646,0.06899705929681658,3.714344320745802,33.123049884204306,12.725806451612904
438,router_only,-3951.077829837799,1.0,0.27407388053834436,0.8926584884524346,0.7050918459892273,0.006386138196103275,0.014385223132558137,0.2615203600376844,-0.00690871525730472,0.0,0.0001,0.13933316860347986,0.255670827627182,0.5159424670040608,0.02240390465594828,0.06664963895455003,3.7532662048309766,33.001837958586265,13.510752688172042
439,router_only,-3816.3391283154488,1.0,0.2678977109491825,0.8943488880991936,0.6966046020388603,0.007057472341693937,0.022202217869926183,0.2550193849951029,-0.006148862862028181,0.0,0.0001,0.13678284902125598,0.2622292347252369,0.5204851612448692,0.015355216932948678,0.06514752972871066,3.8914891193794157,32.707586586146135,12.935483870967742
440,router_only,-3885.065716087818,1.0,0.27001633159816263,0.8932458117604256,0.6979060307145118,0.006893745117122307,0.010608181578572861,0.3824256766587496,-0.006530526233837009,0.0,0.0001,0.13545574564486743,0.25966809391975404,0.5190693259239196,0.01650282253976911,0.06930402619764209,3.8001787485220526,33.30409121345876,13.28494623655914
441,router_only,-3798.5268463492393,1.0,0.2755219504237175,0.8914526373147964,0.7055150881409645,0.00656055886647664,0.010190834058448613,0.2938068870455027,-0.006638599978759885,0.0,0.0001,0.13737244606018068,0.25874566212296485,0.5160788178443909,0.019681532331742347,0.06812154222279787,3.9459415081006366,33.021356522800716,12.876344086021504
442,router_only,-3821.7241138219833,1.0,0.2713555179536343,0.8927100360393524,0.7028662979602813,0.007233298668870703,0.016094390361104074,0.2970835968852043,-0.006814975442830473,0.0,0.0001,0.13371224850416183,0.25903167240321634,0.5238400034606456,0.016262229217682035,0.06715384842827916,3.7117696987993645,32.899073478597046,12.881720430107526
443,router_only,-3893.6995835900307,1.0,0.2617002919316292,0.8975272372364997,0.7086273819208145,0.006929289532126859,0.012390632386086453,0.2762851383537054,-0.006754122790880501,0.0,0.0001,0.13783608861267566,0.25964546389877796,0.5201705373823643,0.0177199125115294,0.06462799701839686,3.5443470621936015,32.60918787221898,13.172043010752688
444,router_only,-3813.360666155815,1.0,0.25759164094924925,0.8988654851913452,0.7079429417848587,0.006662937049986795,0.011090205580694568,0.2948068879544735,-0.006255339365452528,0.0,0.0001,0.14126054048538209,0.26097149439156053,0.5161344587802887,0.01621088703395799,0.06542261615395546,3.7277424626178717,33.04739609273975,13.086021505376344
445,router_only,-3786.04175978899,1.0,0.2629335906356573,0.8970104962587356,0.7009200647473335,0.006499381392495706,0.007008756278082711,0.30432094261050224,-0.007388743758201599,0.0,0.0001,0.14216972719877957,0.2590695358812809,0.5145320385694504,0.01736806785920635,0.06686062617227435,3.6941012113668985,33.35149709655299,12.838709677419354
446,router_only,-3775.229290485382,1.0,0.2644986815750599,0.8966655015945435,0.7065613999962806,0.0062169344164431095,0.017731582245323844,0.2983362715691328,-0.006338012428022921,0.0,0.0001,0.14117104951292275,0.26302659772336484,0.5066649243235588,0.021279885643161835,0.06785753685981036,3.8492090678518895,33.45086541107996,12.715053763440858
447,router_only,-3836.9936786293983,1.0,0.2660856168717146,0.8959782391786575,0.7060122504830361,0.005846693780040368,0.012531808344647326,0.29298313334584236,-0.00661182189360261,0.0,0.0001,0.14620947744697332,0.2598674166947603,0.5035582095384598,0.021833352907560766,0.06853155419230461,4.017429530857902,32.7200556210715,12.919354838709676
448,router_only,-3770.819865643978,1.0,0.2575501650571823,0.9000159680843354,0.7107546254992485,0.006145979830762371,0.012441172229591808,0.27792538441717624,-0.007404376973863691,0.0,0.0001,0.1419429263100028,0.2611226439476013,0.5085235588252545,0.02065141109051183,0.06775945145636797,3.8501164847936664,33.54477908235379,12.763440860215052
449,router_only,-3817.043550312519,1.0,0.256832205876708,0.9005969479680062,0.7159350201487541,0.00567638142965734,0.01800451363669716,0.3463351398706436,-0.006278470484539866,0.0,0.0001,0.14265612028539182,0.25683693774044514,0.503807009011507,0.024376927432604133,0.07232299875468015,3.7988710847121854,32.98281417942624,12.854838709677418
450,router_only,-3748.320992052555,1.0,0.247990133613348,0.9042631417512894,0.7168387725949288,0.005957699631107971,0.00895106997340929,0.3778196252882481,-0.005583912483416498,0.0,0.0001,0.1391958963125944,0.2558216344565153,0.5066412180662155,0.02482170381117612,0.07351955603808165,4.048474726280842,32.97867868044466,12.580645161290322
