episode,phase,episode_reward_sum,router_alpha,gate_entropy,gate_max,gate_static_weight,gate_balance_loss,expert_usage_l1_delta,actor_grad_norm,policy_loss,lr_experts,lr_router,expert_0_mean,expert_1_mean,expert_2_mean,expert_3_mean,expert_4_mean,primary/load_tracking/nmbe_pct,primary/load_tracking/cv_rmse_pct,primary/thermal_comfort/portfolio_exceedance_pct
1,static_actor,-41093.05766296387,0.0,7.368272463281755e-07,1.0,1.0,0.0,0.0,0.32905301079154015,-0.008895230933558197,0.0003,0.0,0.23999999463558197,0.20000000298023224,0.4000000059604645,0.07999999821186066,0.07999999821186066,37.82941815587256,70.52371411296134,80.10752688172043
2,static_actor,-39792.48157501221,0.0,7.368272463281755e-07,1.0,1.0,0.0,0.0,0.3219950802624226,-0.01404229442414362,0.0003,0.0,0.23999999463558197,0.20000000298023224,0.4000000059604645,0.07999999821186066,0.07999999821186066,31.015803508571675,65.5951897803852,80.1236559139785
3,static_actor,-37565.648597717285,0.0,7.368272463281755e-07,1.0,1.0,0.0,0.0,0.32001614645123483,-0.01671396492602071,0.0003,0.0,0.23999999463558197,0.20000000298023224,0.4000000059604645,0.07999999821186066,0.07999999821186066,28.956146955947087,60.13369288616528,78.95161290322581
4,static_actor,-36619.07427215576,0.0,7.368272463281755e-07,1.0,1.0,0.0,0.0,0.3395546115934849,-0.01957911057070305,0.0003,0.0,0.23999999463558197,0.20000000298023224,0.4000000059604645,0.07999999821186066,0.07999999821186066,27.32284183564515,58.233170274688106,77.63440860215054
5,static_actor,-34643.29174995422,0.0,7.368272463281755e-07,1.0,1.0,0.0,0.0,0.33902211487293243,-0.01947636597251403,0.0003,0.0,0.23999999463558197,0.20000000298023224,0.4000000059604645,0.07999999821186066,0.07999999821186066,23.74560640501721,53.61228460675418,76.11827956989248
6,static_actor,-32970.23411178589,0.0,7.368272463281755e-07,1.0,1.0,0.0,0.0,0.3827380821108818,-0.020984272912028246,0.0003,0.0,0.23999999463558197,0.20000000298023224,0.4000000059604645,0.07999999821186066,0.07999999821186066,21.341724407420614,51.55806992518555,74.88709677419355
7,static_actor,-32341.662677764893,0.0,7.368272463281755e-07,1.0,1.0,0.0,0.0,0.36043264865875246,-0.02350598434859421,0.0003,0.0,0.23999999463558197,0.20000000298023224,0.4000000059604645,0.07999999821186066,0.07999999821186066,19.628579344919654,51.57930399693655,74.21505376344086
8,static_actor,-31662.343063354492,0.0,7.368272463281755e-07,1.0,1.0,0.0,0.0,0.41387712880969046,-0.023394635424483567,0.0003,0.0,0.23999999463558197,0.20000000298023224,0.4000000059604645,0.07999999821186066,0.07999999821186066,16.0628182402374,48.12284698401502,73.55913978494624
9,static_actor,-30060.956663131714,0.0,7.368272463281755e-07,1.0,1.0,0.0,0.0,0.4184258505702019,-0.023620716819641528,0.0003,0.0,0.23999999463558197,0.20000000298023224,0.4000000059604645,0.07999999821186066,0.07999999821186066,13.553505762117988,45.59316791667602,72.68279569892474
10,static_actor,-28567.848402023315,0.0,7.368272463281755e-07,1.0,1.0,0.0,0.0,0.4095483012497425,-0.024554725945927204,0.0003,0.0,0.23999999463558197,0.20000000298023224,0.4000000059604645,0.07999999821186066,0.07999999821186066,9.303423821523161,42.552305587336335,70.88172043010753
11,static_actor,-28032.15967464447,0.0,7.368272463281755e-07,1.0,1.0,0.0,0.0,0.5004956737160683,-0.026928516938278337,0.0003,0.0,0.23999999463558197,0.20000000298023224,0.4000000059604645,0.07999999821186066,0.07999999821186066,9.610527993637294,42.083367471677725,70.20430107526882
12,static_actor,-27221.901191711426,0.0,7.368272463281755e-07,1.0,1.0,0.0,0.0,0.44164898321032525,-0.02545409513695631,0.0003,0.0,0.23999999463558197,0.20000000298023224,0.4000000059604645,0.07999999821186066,0.07999999821186066,6.384487577538693,42.24218845170032,69.28494623655914
13,static_actor,-26416.95918083191,0.0,7.368272463281755e-07,1.0,1.0,0.0,0.0,0.5133999273180961,-0.028084127010515658,0.0003,0.0,0.23999999463558197,0.20000000298023224,0.4000000059604645,0.07999999821186066,0.07999999821186066,5.621083401673876,42.17072328073394,68.0
14,static_actor,-26120.494201660156,0.0,7.368272463281755e-07,1.0,1.0,0.0,0.0,0.4638068348169327,-0.028099017252679916,0.0003,0.0,0.23999999463558197,0.20000000298023224,0.4000000059604645,0.07999999821186066,0.07999999821186066,4.494000478591413,39.329990983149095,68.48924731182797
15,static_actor,-25346.83533668518,0.0,7.368272463281755e-07,1.0,1.0,0.0,0.0,0.4801742136478424,-0.02908498691394925,0.0003,0.0,0.23999999463558197,0.20000000298023224,0.4000000059604645,0.07999999821186066,0.07999999821186066,1.629260508153305,39.19313397984538,67.33333333333333
16,static_actor,-24846.671844482422,0.0,7.368272463281755e-07,1.0,1.0,0.0,0.0,0.5170927844941616,-0.02850763995993475,0.0003,0.0,0.23999999463558197,0.20000000298023224,0.4000000059604645,0.07999999821186066,0.07999999821186066,-1.5027754521274166,38.932872772373386,66.95161290322581
17,static_actor,-24185.343601226807,0.0,7.368272463281755e-07,1.0,1.0,0.0,0.0,0.5403876915574074,-0.026980208093300463,0.0003,0.0,0.23999999463558197,0.20000000298023224,0.4000000059604645,0.07999999821186066,0.07999999821186066,-2.3582009925894774,38.417917871159766,66.09677419354838
18,static_actor,-24040.080696105957,0.0,7.368272463281755e-07,1.0,1.0,0.0,0.0,0.5729742616415023,-0.029067755187134024,0.0003,0.0,0.23999999463558197,0.20000000298023224,0.4000000059604645,0.07999999821186066,0.07999999821186066,-1.9292374454288417,40.08394214523889,65.80645161290323
19,static_actor,-23773.30849647522,0.0,7.368272463281755e-07,1.0,1.0,0.0,0.0,0.5824926204979419,-0.02945581731983111,0.0003,0.0,0.23999999463558197,0.20000000298023224,0.4000000059604645,0.07999999821186066,0.07999999821186066,-2.1434320412252967,41.2131728393904,65.04301075268816
20,static_actor,-23906.13087081909,0.0,7.368272463281755e-07,1.0,1.0,0.0,0.0,0.6061312034726143,-0.02941580723563675,0.0003,0.0,0.23999999463558197,0.20000000298023224,0.4000000059604645,0.07999999821186066,0.07999999821186066,-4.712182630783358,38.65357932423664,65.9731182795699
21,static_actor,-23514.339059829712,0.0,7.368272463281755e-07,1.0,1.0,0.0,0.0,0.6054140217602253,-0.03369488071766682,0.0003,0.0,0.23999999463558197,0.20000000298023224,0.4000000059604645,0.07999999821186066,0.07999999821186066,-5.717960299515505,39.20259143526386,65.5215053763441
22,static_actor,-23340.167510032654,0.0,7.368272463281755e-07,1.0,1.0,0.0,0.0,0.6797084465622902,-0.03284871376818046,0.0003,0.0,0.23999999463558197,0.20000000298023224,0.4000000059604645,0.07999999821186066,0.07999999821186066,-8.031290209468084,39.11513735539171,65.15053763440861
23,static_actor,-23102.100832939148,0.0,7.368272463281755e-07,1.0,1.0,0.0,0.0,0.6274408526718617,-0.037304453225806354,0.0003,0.0,0.23999999463558197,0.20000000298023224,0.4000000059604645,0.07999999821186066,0.07999999821186066,-10.302976481729367,40.83636087553902,64.88709677419355
24,static_actor,-23002.04081916809,0.0,7.368272463281755e-07,1.0,1.0,0.0,0.0,0.6499812752008438,-0.03780721586663276,0.0003,0.0,0.23999999463558197,0.20000000298023224,0.4000000059604645,0.07999999821186066,0.07999999821186066,-9.759379084554187,40.35659479181029,64.62903225806451
25,static_actor,-22886.33489227295,0.0,7.368272463281755e-07,1.0,1.0,0.0,0.0,0.7264013275504112,-0.039554578415118155,0.0003,0.0,0.23999999463558197,0.20000000298023224,0.4000000059604645,0.07999999821186066,0.07999999821186066,-10.258504710090225,39.48103890901477,64.6236559139785
26,static_actor,-22685.04776573181,0.0,7.368272463281755e-07,1.0,1.0,0.0,0.0,0.671096745878458,-0.03767390063439961,0.0003,0.0,0.23999999463558197,0.20000000298023224,0.4000000059604645,0.07999999821186066,0.07999999821186066,-10.303158596875114,40.53876279828172,64.46774193548387
27,static_actor,-22532.785975456238,0.0,7.368272463281755e-07,1.0,1.0,0.0,0.0,0.6916548810899258,-0.03657769121346064,0.0003,0.0,0.23999999463558197,0.20000000298023224,0.4000000059604645,0.07999999821186066,0.07999999821186066,-11.8370775717806,40.19419429977141,64.46774193548387
28,static_actor,-22385.973846435547,0.0,7.368272463281755e-07,1.0,1.0,0.0,0.0,0.7694188386201859,-0.03917441992671229,0.0003,0.0,0.23999999463558197,0.20000000298023224,0.4000000059604645,0.07999999821186066,0.07999999821186066,-11.31975783812785,40.156245688598204,63.90860215053763
29,static_actor,-22368.611221313477,0.0,7.368272463281755e-07,1.0,1.0,0.0,0.0,0.7907096847891808,-0.04225442377792206,0.0003,0.0,0.23999999463558197,0.20000000298023224,0.4000000059604645,0.07999999821186066,0.07999999821186066,-11.25508972046832,39.58717024938594,63.752688172043015
30,static_actor,-22276.609006881714,0.0,7.368272463281755e-07,1.0,1.0,0.0,0.0,0.8646829754114151,-0.040995917850523256,0.0003,0.0,0.23999999463558197,0.20000000298023224,0.4000000059604645,0.07999999821186066,0.07999999821186066,-9.696020097481743,38.934605694225255,63.02150537634409
31,static_actor,-21979.69585609436,0.0,7.368272463281755e-07,1.0,1.0,0.0,0.0,0.7901780366897583,-0.04188389731571078,0.0003,0.0,0.23999999463558197,0.20000000298023224,0.4000000059604645,0.07999999821186066,0.07999999821186066,-9.877747209776294,40.06854121793213,62.784946236559136
32,static_actor,-22222.3163728714,0.0,7.368272463281755e-07,1.0,1.0,0.0,0.0,0.810139362514019,-0.03988097319379449,0.0003,0.0,0.23999999463558197,0.20000000298023224,0.4000000059604645,0.07999999821186066,0.07999999821186066,-8.967704417353323,41.32528251011828,62.645161290322584
33,static_actor,-21945.75039291382,0.0,7.368272463281755e-07,1.0,1.0,0.0,0.0,0.7914429873228073,-0.04315334923157934,0.0003,0.0,0.23999999463558197,0.20000000298023224,0.4000000059604645,0.07999999821186066,0.07999999821186066,-11.65968416245664,41.88473118700193,63.05376344086021
34,static_actor,-22103.993079185486,0.0,7.368272463281755e-07,1.0,1.0,0.0,0.0,0.8577257886528968,-0.04124583870288916,0.0003,0.0,0.23999999463558197,0.20000000298023224,0.4000000059604645,0.07999999821186066,0.07999999821186066,-12.475405581979219,41.707824605154734,63.23118279569893
35,static_actor,-22060.827677726746,0.0,7.368272463281755e-07,1.0,1.0,0.0,0.0,0.9774876207113266,-0.04087933647388127,0.0003,0.0,0.23999999463558197,0.20000000298023224,0.4000000059604645,0.07999999821186066,0.07999999821186066,-12.071823762569219,41.92244489648028,62.83333333333333
36,static_actor,-21977.296956062317,0.0,7.368272463281755e-07,1.0,1.0,0.0,0.0,0.9787257492542267,-0.03883832562714815,0.0003,0.0,0.23999999463558197,0.20000000298023224,0.4000000059604645,0.07999999821186066,0.07999999821186066,-8.98333204837912,41.80779256815281,61.967741935483865
37,static_actor,-21778.653599739075,0.0,7.368272463281755e-07,1.0,1.0,0.0,0.0,0.901923482120037,-0.04210832717071753,0.0003,0.0,0.23999999463558197,0.20000000298023224,0.4000000059604645,0.07999999821186066,0.07999999821186066,-10.081374780460436,42.89512547856941,61.645161290322584
38,static_actor,-21480.36300754547,0.0,7.368272463281755e-07,1.0,1.0,0.0,0.0,0.916099663078785,-0.042285873858782,0.0003,0.0,0.23999999463558197,0.20000000298023224,0.4000000059604645,0.07999999821186066,0.07999999821186066,-10.585946625590296,42.9206632383939,60.822580645161295
39,static_actor,-21649.75186920166,0.0,7.368272463281755e-07,1.0,1.0,0.0,0.0,0.8696138054132462,-0.043209073733305556,0.0003,0.0,0.23999999463558197,0.20000000298023224,0.4000000059604645,0.07999999821186066,0.07999999821186066,-10.117763375564055,40.98874393110625,61.005376344086024
40,static_actor,-21411.909712791443,0.0,7.368272463281755e-07,1.0,1.0,0.0,0.0,0.9328357771039009,-0.041293741087429225,0.0003,0.0,0.23999999463558197,0.20000000298023224,0.4000000059604645,0.07999999821186066,0.07999999821186066,-9.648704138110716,41.92188180595666,60.89784946236559
41,static_actor,-21484.375171661377,0.0,7.368272463281755e-07,1.0,1.0,0.0,0.0,0.9589730069041252,-0.04372123771463521,0.0003,0.0,0.23999999463558197,0.20000000298023224,0.4000000059604645,0.07999999821186066,0.07999999821186066,-7.846011106455664,39.851113070894186,60.53225806451613
42,static_actor,-21814.922446250916,0.0,7.368272463281755e-07,1.0,1.0,0.0,0.0,0.9943816587328911,-0.04123459847760387,0.0003,0.0,0.23999999463558197,0.20000000298023224,0.4000000059604645,0.07999999821186066,0.07999999821186066,-5.931159918296201,39.51158398138668,61.36021505376345
43,static_actor,-21398.134342193604,0.0,7.368272463281755e-07,1.0,1.0,0.0,0.0,0.9260712206363678,-0.04501169613795355,0.0003,0.0,0.23999999463558197,0.20000000298023224,0.4000000059604645,0.07999999821186066,0.07999999821186066,-7.578219818522452,40.58861298952564,60.62365591397849
44,static_actor,-21746.690611839294,0.0,7.368272463281755e-07,1.0,1.0,0.0,0.0,0.888375747203827,-0.04403099205519538,0.0003,0.0,0.23999999463558197,0.20000000298023224,0.4000000059604645,0.07999999821186066,0.07999999821186066,-8.309109457769354,40.75951292246683,60.75806451612903
45,static_actor,-21540.652596473694,0.0,7.368272463281755e-07,1.0,1.0,0.0,0.0,0.9908542290329934,-0.0416532073286362,0.0003,0.0,0.23999999463558197,0.20000000298023224,0.4000000059604645,0.07999999821186066,0.07999999821186066,-8.217395360568247,40.9278331138647,60.59139784946237
46,static_actor,-21181.152194023132,0.0,7.368272463281755e-07,1.0,1.0,0.0,0.0,0.9090766876935958,-0.04437537319608964,0.0003,0.0,0.23999999463558197,0.20000000298023224,0.4000000059604645,0.07999999821186066,0.07999999821186066,-8.014639135772752,38.76731199459252,59.34408602150537
47,static_actor,-21368.089673042297,0.0,7.368272463281755e-07,1.0,1.0,0.0,0.0,0.9786004975438118,-0.04404016343178228,0.0003,0.0,0.23999999463558197,0.20000000298023224,0.4000000059604645,0.07999999821186066,0.07999999821186066,-7.7462009538386525,39.949110443916425,59.87096774193549
48,static_actor,-21058.05451107025,0.0,7.368272463281755e-07,1.0,1.0,0.0,0.0,1.0350351810455323,-0.044355085084680466,0.0003,0.0,0.23999999463558197,0.20000000298023224,0.4000000059604645,0.07999999821186066,0.07999999821186066,-7.845476658845054,39.31415617516472,59.62365591397849
49,static_actor,-21119.254851341248,0.0,7.368272463281755e-07,1.0,1.0,0.0,0.0,1.0053880736231804,-0.042817269521765414,0.0003,0.0,0.23999999463558197,0.20000000298023224,0.4000000059604645,0.07999999821186066,0.07999999821186066,-9.034046197947413,39.70045935162891,59.89247311827957
50,static_actor,-21052.748658180237,0.0,7.368272463281755e-07,1.0,1.0,0.0,0.0,1.1186222195625306,-0.04463384902337566,0.0003,0.0,0.23999999463558197,0.20000000298023224,0.4000000059604645,0.07999999821186066,0.07999999821186066,-8.508326287494082,39.005545457355424,59.14516129032258
51,static_actor,-21031.62348651886,0.0,7.368272463281755e-07,1.0,1.0,0.0,0.0,1.1575532868504523,-0.039481704245554285,0.0003,0.0,0.23999999463558197,0.20000000298023224,0.4000000059604645,0.07999999821186066,0.07999999821186066,-8.800582509978815,40.427275202761884,59.553763440860216
52,static_actor,-21297.973603248596,0.0,7.368272463281755e-07,1.0,1.0,0.0,0.0,1.0317541524767875,-0.042423898963897956,0.0003,0.0,0.23999999463558197,0.20000000298023224,0.4000000059604645,0.07999999821186066,0.07999999821186066,-7.257159484112406,40.008094793944785,60.18817204301076
53,static_actor,-21038.677825927734,0.0,7.368272463281755e-07,1.0,1.0,0.0,0.0,1.0338810980319977,-0.04006564494484337,0.0003,0.0,0.23999999463558197,0.20000000298023224,0.4000000059604645,0.07999999821186066,0.07999999821186066,-7.168485638415671,41.474028707036545,59.3494623655914
54,static_actor,-20985.33898639679,0.0,7.368272463281755e-07,1.0,1.0,0.0,0.0,1.0695021450519562,-0.04228740663966164,0.0003,0.0,0.23999999463558197,0.20000000298023224,0.4000000059604645,0.07999999821186066,0.07999999821186066,-7.055157412476251,41.223169731884965,59.096774193548384
55,static_actor,-21191.340987205505,0.0,7.368272463281755e-07,1.0,1.0,0.0,0.0,1.7550841629505158,-0.009964505129028111,0.0003,0.0,0.23999999463558197,0.20000000298023224,0.4000000059604645,0.07999999821186066,0.07999999821186066,-8.643746117106922,41.1120530009769,59.55913978494623
56,static_actor,-21142.917021751404,0.0,7.368272463281755e-07,1.0,1.0,0.0,0.0,1.0340398788452148,-0.038724262558389455,0.0003,0.0,0.23999999463558197,0.20000000298023224,0.4000000059604645,0.07999999821186066,0.07999999821186066,-7.90805111866682,39.331230228305486,59.40860215053764
57,static_actor,-20960.490929603577,0.0,7.368272463281755e-07,1.0,1.0,0.0,0.0,1.0753076791763305,-0.04192409899260383,0.0003,0.0,0.23999999463558197,0.20000000298023224,0.4000000059604645,0.07999999821186066,0.07999999821186066,-7.684266714121167,40.25682340776623,59.037634408602145
58,static_actor,-21335.110281944275,0.0,7.368272463281755e-07,1.0,1.0,0.0,0.0,1.0734992176294327,-0.04044855068677862,0.0003,0.0,0.23999999463558197,0.20000000298023224,0.4000000059604645,0.07999999821186066,0.07999999821186066,-5.486064802043181,39.86531966572795,59.39247311827957
59,static_actor,-21102.736360549927,0.0,7.368272463281755e-07,1.0,1.0,0.0,0.0,1.124002104997635,-0.04206745555566158,0.0003,0.0,0.23999999463558197,0.20000000298023224,0.4000000059604645,0.07999999821186066,0.07999999821186066,-6.017606062470963,40.03896147828456,58.53225806451613
60,static_actor,-20677.400599479675,0.0,7.368272463281755e-07,1.0,1.0,0.0,0.0,1.1984126359224319,-0.039779759934026514,0.0003,0.0,0.23999999463558197,0.20000000298023224,0.4000000059604645,0.07999999821186066,0.07999999821186066,-7.272492248597706,40.97205262883684,58.27956989247311
61,static_actor,-20854.8453540802,0.0,7.368272463281755e-07,1.0,1.0,0.0,0.0,1.091430914402008,-0.04271774932858534,0.0003,0.0,0.23999999463558197,0.20000000298023224,0.4000000059604645,0.07999999821186066,0.07999999821186066,-8.47311202315711,41.55760939583437,58.79032258064516
62,static_actor,-20632.219148635864,0.0,7.368272463281755e-07,1.0,1.0,0.0,0.0,1.1327806070446969,-0.03998763629933819,0.0003,0.0,0.23999999463558197,0.20000000298023224,0.4000000059604645,0.07999999821186066,0.07999999821186066,-7.656171844446981,40.672930687758274,58.02150537634409
63,static_actor,-20736.55851173401,0.0,7.368272463281755e-07,1.0,1.0,0.0,0.0,0.9800002202391624,-0.04319169034133665,0.0003,0.0,0.23999999463558197,0.20000000298023224,0.4000000059604645,0.07999999821186066,0.07999999821186066,-7.12086676069972,40.47175464879225,57.86559139784946
64,static_actor,-20455.311526298523,0.0,7.368272463281755e-07,1.0,1.0,0.0,0.0,1.043447409570217,-0.04098678218433634,0.0003,0.0,0.23999999463558197,0.20000000298023224,0.4000000059604645,0.07999999821186066,0.07999999821186066,-7.145826971507023,39.854054806944596,57.39784946236559
65,static_actor,-20648.05327606201,0.0,7.368272463281755e-07,1.0,1.0,0.0,0.0,2.2834278270602226,0.0024088185076834635,0.0003,0.0,0.23999999463558197,0.20000000298023224,0.4000000059604645,0.07999999821186066,0.07999999821186066,-6.967958625845765,40.876519697011,57.876344086021504
66,static_actor,-20345.61379623413,0.0,7.368272463281755e-07,1.0,1.0,0.0,0.0,1.2848490998148918,-0.03589033477474004,0.0003,0.0,0.23999999463558197,0.20000000298023224,0.4000000059604645,0.07999999821186066,0.07999999821186066,-6.036344390069972,41.765681310476005,57.40860215053763
67,static_actor,-20481.33498954773,0.0,7.368272463281755e-07,1.0,1.0,0.0,0.0,1.0411912366747855,-0.042458137549692763,0.0003,0.0,0.23999999463558197,0.20000000298023224,0.4000000059604645,0.07999999821186066,0.07999999821186066,-6.14591782181606,42.45797543862669,58.01075268817204
68,static_actor,-20530.35013771057,0.0,7.368272463281755e-07,1.0,1.0,0.0,0.0,1.0965653195977212,-0.03816581197606865,0.0003,0.0,0.23999999463558197,0.20000000298023224,0.4000000059604645,0.07999999821186066,0.07999999821186066,-6.145594862725594,42.73910548557727,58.17204301075268
69,static_actor,-20521.925664901733,0.0,7.368272463281755e-07,1.0,1.0,0.0,0.0,1.254195660352707,-0.03921894314698875,0.0003,0.0,0.23999999463558197,0.20000000298023224,0.4000000059604645,0.07999999821186066,0.07999999821186066,-5.203840094662647,43.04497814747661,57.49999999999999
70,static_actor,-20247.735030174255,0.0,7.368272463281755e-07,1.0,1.0,0.0,0.0,1.2162058979272843,-0.040557862175046464,0.0003,0.0,0.23999999463558197,0.20000000298023224,0.4000000059604645,0.07999999821186066,0.07999999821186066,-7.336691279232069,43.573184114213426,57.774193548387096
71,static_actor,-20419.877687454224,0.0,7.368272463281755e-07,1.0,1.0,0.0,0.0,1.1302747562527657,-0.04067048327997327,0.0003,0.0,0.23999999463558197,0.20000000298023224,0.4000000059604645,0.07999999821186066,0.07999999821186066,-8.440795153598042,43.93303051010673,57.67741935483871
72,static_actor,-20264.90169620514,0.0,7.368272463281755e-07,1.0,1.0,0.0,0.0,1.120686998963356,-0.042342563217971474,0.0003,0.0,0.23999999463558197,0.20000000298023224,0.4000000059604645,0.07999999821186066,0.07999999821186066,-7.424918601677486,43.12213357129806,57.32795698924731
73,static_actor,-20272.6854224205,0.0,7.368272463281755e-07,1.0,1.0,0.0,0.0,1.3372225686907768,-0.03684627159964293,0.0003,0.0,0.23999999463558197,0.20000000298023224,0.4000000059604645,0.07999999821186066,0.07999999821186066,-6.261642771306011,44.3222028551865,57.09139784946237
74,static_actor,-20104.669144630432,0.0,7.368272463281755e-07,1.0,1.0,0.0,0.0,1.2648933738470078,-0.043301538623154556,0.0003,0.0,0.23999999463558197,0.20000000298023224,0.4000000059604645,0.07999999821186066,0.07999999821186066,-8.355169187004757,43.53237765122174,57.24731182795699
75,static_actor,-20184.141793251038,0.0,7.368272463281755e-07,1.0,1.0,0.0,0.0,1.1997428238391876,-0.043534851889126,0.0003,0.0,0.23999999463558197,0.20000000298023224,0.4000000059604645,0.07999999821186066,0.07999999821186066,-7.8116962879676715,43.38418780072173,57.505376344086024
76,static_actor,-20030.375968933105,0.0,7.368272463281755e-07,1.0,1.0,0.0,0.0,1.2613692328333854,-0.04298067534691654,0.0003,0.0,0.23999999463558197,0.20000000298023224,0.4000000059604645,0.07999999821186066,0.07999999821186066,-7.537829853665652,44.34040199045154,56.446236559139784
77,static_actor,-19705.46453666687,0.0,7.368272463281755e-07,1.0,1.0,0.0,0.0,1.3615748539566994,-0.040675529946020104,0.0003,0.0,0.23999999463558197,0.20000000298023224,0.4000000059604645,0.07999999821186066,0.07999999821186066,-9.414023039738794,44.3651242464901,56.225806451612904
78,static_actor,-19588.60156726837,0.0,7.368272463281755e-07,1.0,1.0,0.0,0.0,1.2518137842416763,-0.043504945273161864,0.0003,0.0,0.23999999463558197,0.20000000298023224,0.4000000059604645,0.07999999821186066,0.07999999821186066,-7.809037708399343,43.78582401834692,55.956989247311824
79,static_actor,-19673.806393623352,0.0,7.368272463281755e-07,1.0,1.0,0.0,0.0,1.294105949997902,-0.04223191600613063,0.0003,0.0,0.23999999463558197,0.20000000298023224,0.4000000059604645,0.07999999821186066,0.07999999821186066,-6.3122327176613595,44.30786923841636,55.69354838709677
80,static_actor,-20019.992434501648,0.0,7.368272463281755e-07,1.0,1.0,0.0,0.0,1.2492040514945983,-0.04119228609488346,0.0003,0.0,0.23999999463558197,0.20000000298023224,0.4000000059604645,0.07999999821186066,0.07999999821186066,-7.113238106905248,43.579160347717654,56.84408602150538
81,static_actor,-19638.460468292236,0.0,7.368272463281755e-07,1.0,1.0,0.0,0.0,1.2304638400673866,-0.04347547592187766,0.0003,0.0,0.23999999463558197,0.20000000298023224,0.4000000059604645,0.07999999821186066,0.07999999821186066,-6.010896601348652,43.84512191292857,55.5483870967742
82,static_actor,-19789.719588279724,0.0,7.368272463281755e-07,1.0,1.0,0.0,0.0,1.3254694119095802,-0.042415833252016456,0.0003,0.0,0.23999999463558197,0.20000000298023224,0.4000000059604645,0.07999999821186066,0.07999999821186066,-5.200489564608654,43.25796784409419,56.28494623655914
83,static_actor,-19619.82305908203,0.0,7.368272463281755e-07,1.0,1.0,0.0,0.0,1.3869884595274926,-0.02507105114054866,0.0003,0.0,0.23999999463558197,0.20000000298023224,0.4000000059604645,0.07999999821186066,0.07999999821186066,-7.829726781539192,43.81715050193929,56.01075268817204
84,static_actor,-19421.949542045593,0.0,7.368272463281755e-07,1.0,1.0,0.0,0.0,1.3886989921331405,-0.04063007530858158,0.0003,0.0,0.23999999463558197,0.20000000298023224,0.4000000059604645,0.07999999821186066,0.07999999821186066,-5.7016812244495405,41.27608217723499,55.25806451612903
85,static_actor,-19428.382042884827,0.0,7.368272463281755e-07,1.0,1.0,0.0,0.0,1.3508385241031646,-0.03982078549670405,0.0003,0.0,0.23999999463558197,0.20000000298023224,0.4000000059604645,0.07999999821186066,0.07999999821186066,-7.702807148251495,41.73922188918414,55.24193548387096
86,static_actor,-19306.588198661804,0.0,7.368272463281755e-07,1.0,1.0,0.0,0.0,1.2681275710463524,-0.043305420759133996,0.0003,0.0,0.23999999463558197,0.20000000298023224,0.4000000059604645,0.07999999821186066,0.07999999821186066,-4.466010144415099,41.35499976473794,55.21505376344086
87,static_actor,-19312.238605499268,0.0,7.368272463281755e-07,1.0,1.0,0.0,0.0,1.2502933472394944,-0.04600640664139064,0.0003,0.0,0.23999999463558197,0.20000000298023224,0.4000000059604645,0.07999999821186066,0.07999999821186066,-4.533245233185331,40.79624363349149,54.98924731182796
88,static_actor,-19251.604632377625,0.0,7.368272463281755e-07,1.0,1.0,0.0,0.0,1.3872679084539414,-0.04447171692718257,0.0003,0.0,0.23999999463558197,0.20000000298023224,0.4000000059604645,0.07999999821186066,0.07999999821186066,-5.034081179867448,40.8893236465122,54.58602150537635
89,static_actor,-19140.656664848328,0.0,7.368272463281755e-07,1.0,1.0,0.0,0.0,1.4265872523188592,-0.03908346945827361,0.0003,0.0,0.23999999463558197,0.20000000298023224,0.4000000059604645,0.07999999821186066,0.07999999821186066,-3.509727218119243,40.88686142893086,53.87096774193548
90,static_actor,-19015.55319595337,0.0,7.368272463281755e-07,1.0,1.0,0.0,0.0,1.2807763397693634,-0.044674434576154456,0.0003,0.0,0.23999999463558197,0.20000000298023224,0.4000000059604645,0.07999999821186066,0.07999999821186066,-2.5552483765977967,40.96002797221266,53.11290322580645
91,static_actor,-18978.800899505615,0.0,7.368272463281755e-07,1.0,1.0,0.0,0.0,1.409399577975273,-0.04183766773567186,0.0003,0.0,0.23999999463558197,0.20000000298023224,0.4000000059604645,0.07999999821186066,0.07999999821186066,-5.181268899663671,42.3197854027294,53.962365591397855
92,static_actor,-19054.25203704834,0.0,7.368272463281755e-07,1.0,1.0,0.0,0.0,1.4058829545974731,-0.044332062627654524,0.0003,0.0,0.23999999463558197,0.20000000298023224,0.4000000059604645,0.07999999821186066,0.07999999821186066,-4.2810392715266286,41.12805515112861,53.8010752688172
93,static_actor,-18563.25972557068,0.0,7.368272463281755e-07,1.0,1.0,0.0,0.0,1.3656465023756028,-0.037121862772073654,0.0003,0.0,0.23999999463558197,0.20000000298023224,0.4000000059604645,0.07999999821186066,0.07999999821186066,-2.7756533798422285,40.55483198626029,52.52150537634409
94,static_actor,-18648.23245048523,0.0,7.368272463281755e-07,1.0,1.0,0.0,0.0,1.3541382431983948,-0.04563368044910021,0.0003,0.0,0.23999999463558197,0.20000000298023224,0.4000000059604645,0.07999999821186066,0.07999999821186066,-5.036403021916986,41.486060219337176,52.295698924731184
95,static_actor,-18334.91944503784,0.0,7.368272463281755e-07,1.0,1.0,0.0,0.0,1.4175588384270668,-0.04424821792636067,0.0003,0.0,0.23999999463558197,0.20000000298023224,0.4000000059604645,0.07999999821186066,0.07999999821186066,-4.8672519470591995,39.15848986678025,52.31182795698924
96,static_actor,-18351.10830116272,0.0,7.368272463281755e-07,1.0,1.0,0.0,0.0,1.6126109838485718,-0.040550065832212566,0.0003,0.0,0.23999999463558197,0.20000000298023224,0.4000000059604645,0.07999999821186066,0.07999999821186066,-3.6263286201695735,39.19951945825898,52.236559139784944
97,static_actor,-18570.26654815674,0.0,7.368272463281755e-07,1.0,1.0,0.0,0.0,1.420053394138813,-0.039986851375215335,0.0003,0.0,0.23999999463558197,0.20000000298023224,0.4000000059604645,0.07999999821186066,0.07999999821186066,-4.275906270555178,41.352870753977164,52.32258064516129
98,static_actor,-18171.850251197815,0.0,7.368272463281755e-07,1.0,1.0,0.0,0.0,1.3845655858516692,-0.04589404448634014,0.0003,0.0,0.23999999463558197,0.20000000298023224,0.4000000059604645,0.07999999821186066,0.07999999821186066,-3.626796936325135,38.586402860277346,51.903225806451616
99,static_actor,-18308.986686706543,0.0,7.368272463281755e-07,1.0,1.0,0.0,0.0,1.4337332844734192,-0.040693223371636125,0.0003,0.0,0.23999999463558197,0.20000000298023224,0.4000000059604645,0.07999999821186066,0.07999999821186066,-3.566876417977463,39.928810101806484,51.69892473118279
100,static_actor,-18289.045672416687,0.0,7.368272463281755e-07,1.0,1.0,0.0,0.0,2.0214324682950973,0.022632345993770286,0.0003,0.0,0.23999999463558197,0.20000000298023224,0.4000000059604645,0.07999999821186066,0.07999999821186066,-3.000377534852126,40.85926981435493,51.70430107526882
101,static_actor,-18458.61413192749,0.0,7.368272463281755e-07,1.0,1.0,0.0,0.0,1.3277116179466248,-0.04298105405177921,0.0003,0.0,0.23999999463558197,0.20000000298023224,0.4000000059604645,0.07999999821186066,0.07999999821186066,-1.40298655576023,40.800598547718636,52.284946236559136
102,static_actor,-18406.37560558319,0.0,7.368272463281755e-07,1.0,1.0,0.0,0.0,1.427993267774582,-0.04243458831842872,0.0003,0.0,0.23999999463558197,0.20000000298023224,0.4000000059604645,0.07999999821186066,0.07999999821186066,-2.3191932890476794,40.760426427993465,51.58064516129032
103,static_actor,-18814.953673362732,0.0,7.368272463281755e-07,1.0,1.0,0.0,0.0,1.4355695366859436,-0.041550410559284504,0.0003,0.0,0.23999999463558197,0.20000000298023224,0.4000000059604645,0.07999999821186066,0.07999999821186066,1.3858338146313927,41.31472507880617,51.50537634408602
104,static_actor,-18002.05090045929,0.0,7.368272463281755e-07,1.0,1.0,0.0,0.0,1.4558417975902558,-0.043693539811647496,0.0003,0.0,0.23999999463558197,0.20000000298023224,0.4000000059604645,0.07999999821186066,0.07999999821186066,-3.2452216731950756,40.03828172481444,50.79032258064517
105,static_actor,-18809.64598083496,0.0,7.368272463281755e-07,1.0,1.0,0.0,0.0,1.4427131205797195,-0.041064400342293084,0.0003,0.0,0.23999999463558197,0.20000000298023224,0.4000000059604645,0.07999999821186066,0.07999999821186066,3.393926307018681,39.655163385381165,51.3978494623656
106,static_actor,-17921.73552417755,0.0,7.368272463281755e-07,1.0,1.0,0.0,0.0,1.4486194550991058,-0.045066115737427026,0.0003,0.0,0.23999999463558197,0.20000000298023224,0.4000000059604645,0.07999999821186066,0.07999999821186066,-5.332960328778812,40.48310190343208,50.89247311827957
107,static_actor,-17885.415002822876,0.0,7.368272463281755e-07,1.0,1.0,0.0,0.0,1.6862851172685622,-0.03882060652540531,0.0003,0.0,0.23999999463558197,0.20000000298023224,0.4000000059604645,0.07999999821186066,0.07999999821186066,-5.628170550498053,39.99544942046227,50.96236559139785
108,static_actor,-17615.184754371643,0.0,7.368272463281755e-07,1.0,1.0,0.0,0.0,1.7878281265497207,-0.02830751972505823,0.0003,0.0,0.23999999463558197,0.20000000298023224,0.4000000059604645,0.07999999821186066,0.07999999821186066,-4.512428607216825,39.380190137816676,50.13978494623655
109,static_actor,-17945.283653259277,0.0,7.368272463281755e-07,1.0,1.0,0.0,0.0,1.656484255194664,-0.04228937768639298,0.0003,0.0,0.23999999463558197,0.20000000298023224,0.4000000059604645,0.07999999821186066,0.07999999821186066,-2.5823193039132635,39.542227556919585,50.97849462365591
110,static_actor,-17765.711884498596,0.0,7.368272463281755e-07,1.0,1.0,0.0,0.0,1.7001543790102005,-0.04212121201871923,0.0003,0.0,0.23999999463558197,0.20000000298023224,0.4000000059604645,0.07999999821186066,0.07999999821186066,-2.281965995893343,39.886090911325645,50.252688172043015
111,static_actor,-17717.12117767334,0.0,7.368272463281755e-07,1.0,1.0,0.0,0.0,1.594528466463089,-0.04371772741142195,0.0003,0.0,0.23999999463558197,0.20000000298023224,0.4000000059604645,0.07999999821186066,0.07999999821186066,-3.399757759412699,40.057238153358945,50.46236559139785
112,static_actor,-17684.10817337036,0.0,7.368272463281755e-07,1.0,1.0,0.0,0.0,1.5721956312656402,-0.04394665986401378,0.0003,0.0,0.23999999463558197,0.20000000298023224,0.4000000059604645,0.07999999821186066,0.07999999821186066,-5.658621580353426,38.82063132150475,50.715053763440864
113,static_actor,-17500.430002212524,0.0,7.368272463281755e-07,1.0,1.0,0.0,0.0,1.7163056313991547,-0.04086216948344372,0.0003,0.0,0.23999999463558197,0.20000000298023224,0.4000000059604645,0.07999999821186066,0.07999999821186066,-3.30251416238532,40.259164275738456,49.95698924731183
114,static_actor,-17237.005624771118,0.0,7.368272463281755e-07,1.0,1.0,0.0,0.0,1.8168483823537827,-0.0380000571560231,0.0003,0.0,0.23999999463558197,0.20000000298023224,0.4000000059604645,0.07999999821186066,0.07999999821186066,-2.4389652899989307,40.379923611728884,49.05913978494624
115,static_actor,-17459.852820396423,0.0,7.368272463281755e-07,1.0,1.0,0.0,0.0,1.6057367742061615,-0.0417427670879988,0.0003,0.0,0.23999999463558197,0.20000000298023224,0.4000000059604645,0.07999999821186066,0.07999999821186066,-0.29754210957902605,38.977020126283286,49.39247311827957
116,static_actor,-17482.822045326233,0.0,7.368272463281755e-07,1.0,1.0,0.0,0.0,1.7663484901189803,-0.038087540032574904,0.0003,0.0,0.23999999463558197,0.20000000298023224,0.4000000059604645,0.07999999821186066,0.07999999821186066,-0.8009571235153967,40.0516760716794,49.51075268817205
117,static_actor,-17160.244645118713,0.0,7.368272463281755e-07,1.0,1.0,0.0,0.0,1.7345722228288651,-0.0397064438846428,0.0003,0.0,0.23999999463558197,0.20000000298023224,0.4000000059604645,0.07999999821186066,0.07999999821186066,-1.8062386311836525,39.047889535727265,48.98924731182795
118,static_actor,-17315.517669677734,0.0,7.368272463281755e-07,1.0,1.0,0.0,0.0,1.6023014515638352,-0.043769414187408984,0.0003,0.0,0.23999999463558197,0.20000000298023224,0.4000000059604645,0.07999999821186066,0.07999999821186066,-3.502159514812988,40.02679843232497,49.45161290322581
119,static_actor,-17236.64068031311,0.0,7.368272463281755e-07,1.0,1.0,0.0,0.0,1.7906070411205293,-0.03978063318645582,0.0003,0.0,0.23999999463558197,0.20000000298023224,0.4000000059604645,0.07999999821186066,0.07999999821186066,-4.713760336363948,40.36217316688819,49.1989247311828
120,static_actor,-17281.505851745605,0.0,7.368272463281755e-07,1.0,1.0,0.0,0.0,1.612271425127983,-0.04214546833391068,0.0003,0.0,0.23999999463558197,0.20000000298023224,0.4000000059604645,0.07999999821186066,0.07999999821186066,-4.2757578532392335,39.46855269972475,48.98924731182795
121,static_actor,-17150.7253780365,0.0,7.368272463281755e-07,1.0,1.0,0.0,0.0,1.6648167759180068,-0.04238496117759496,0.0003,0.0,0.23999999463558197,0.20000000298023224,0.4000000059604645,0.07999999821186066,0.07999999821186066,-1.7598252144521942,39.96701713408667,48.16666666666667
122,static_actor,-17198.281143665314,0.0,7.368272463281755e-07,1.0,1.0,0.0,0.0,1.770952233672142,-0.042966725368751214,0.0003,0.0,0.23999999463558197,0.20000000298023224,0.4000000059604645,0.07999999821186066,0.07999999821186066,-1.6842533953093073,40.24165839889961,48.91935483870968
123,static_actor,-17017.423184394836,0.0,7.368272463281755e-07,1.0,1.0,0.0,0.0,1.7742797970771789,-0.04210543813242111,0.0003,0.0,0.23999999463558197,0.20000000298023224,0.4000000059604645,0.07999999821186066,0.07999999821186066,-3.1392559611876965,39.90534271899355,48.90322580645161
124,static_actor,-16827.919897079468,0.0,7.368272463281755e-07,1.0,1.0,0.0,0.0,1.8289614111185073,-0.016432865036767906,0.0003,0.0,0.23999999463558197,0.20000000298023224,0.4000000059604645,0.07999999821186066,0.07999999821186066,-1.788557443451703,39.33327573463212,48.064516129032256
125,static_actor,-16636.91909980774,0.0,7.368272463281755e-07,1.0,1.0,0.0,0.0,1.837091287970543,-0.043609668011777104,0.0003,0.0,0.23999999463558197,0.20000000298023224,0.4000000059604645,0.07999999821186066,0.07999999821186066,-4.511886908690038,40.13066245819664,47.68817204301075
126,static_actor,-16776.019576072693,0.0,7.368272463281755e-07,1.0,1.0,0.0,0.0,1.8918528765439988,-0.04281088116986211,0.0003,0.0,0.23999999463558197,0.20000000298023224,0.4000000059604645,0.07999999821186066,0.07999999821186066,-1.6442995012560104,39.959745376441845,47.20967741935484
127,static_actor,-16565.3807015419,0.0,7.368272463281755e-07,1.0,1.0,0.0,0.0,1.8134861499071122,-0.042029726598411796,0.0003,0.0,0.23999999463558197,0.20000000298023224,0.4000000059604645,0.07999999821186066,0.07999999821186066,-2.8634518737769983,40.499483042186334,47.04838709677419
128,static_actor,-16582.635667800903,0.0,7.368272463281755e-07,1.0,1.0,0.0,0.0,1.992149782180786,-0.03999745994224213,0.0003,0.0,0.23999999463558197,0.20000000298023224,0.4000000059604645,0.07999999821186066,0.07999999821186066,-1.6818649358778586,39.48821814399411,47.596774193548384
129,static_actor,-16766.55393409729,0.0,7.368272463281755e-07,1.0,1.0,0.0,0.0,2.024988454580307,-0.03681786023080349,0.0003,0.0,0.23999999463558197,0.20000000298023224,0.4000000059604645,0.07999999821186066,0.07999999821186066,-1.7321654663126949,40.104167708350296,47.473118279569896
130,static_actor,-16653.233722686768,0.0,7.368272463281755e-07,1.0,1.0,0.0,0.0,1.7615545272827149,-0.04217081979732029,0.0003,0.0,0.23999999463558197,0.20000000298023224,0.4000000059604645,0.07999999821186066,0.07999999821186066,-1.0082070119677018,39.830204926686555,47.00537634408602
131,static_actor,-16492.051601409912,0.0,7.368272463281755e-07,1.0,1.0,0.0,0.0,1.8228934019804002,-0.042529478610958904,0.0003,0.0,0.23999999463558197,0.20000000298023224,0.4000000059604645,0.07999999821186066,0.07999999821186066,-2.1950300721720613,40.049901686928166,46.46774193548387
132,static_actor,-16531.044178962708,0.0,7.368272463281755e-07,1.0,1.0,0.0,0.0,1.8539684176445008,-0.042726421990664676,0.0003,0.0,0.23999999463558197,0.20000000298023224,0.4000000059604645,0.07999999821186066,0.07999999821186066,-2.1432771960870243,38.877717928263316,46.6505376344086
133,static_actor,-16525.482651233673,0.0,7.368272463281755e-07,1.0,1.0,0.0,0.0,1.8747665464878083,-0.044993401318788526,0.0003,0.0,0.23999999463558197,0.20000000298023224,0.4000000059604645,0.07999999821186066,0.07999999821186066,-0.971833517721604,39.552529306801894,46.63978494623656
134,static_actor,-16626.762383461,0.0,7.368272463281755e-07,1.0,1.0,0.0,0.0,1.8901897579431535,-0.04422681489959359,0.0003,0.0,0.23999999463558197,0.20000000298023224,0.4000000059604645,0.07999999821186066,0.07999999821186066,-2.524766695859182,40.325216874476574,47.16129032258065
135,static_actor,-16853.13360309601,0.0,7.368272463281755e-07,1.0,1.0,0.0,0.0,1.7929678052663802,-0.039934650139184666,0.0003,0.0,0.23999999463558197,0.20000000298023224,0.4000000059604645,0.07999999821186066,0.07999999821186066,-2.542862505820748,40.05372499347249,47.13440860215054
136,static_actor,-16696.673329353333,0.0,7.368272463281755e-07,1.0,1.0,0.0,0.0,1.9534911215305328,-0.0373458418995142,0.0003,0.0,0.23999999463558197,0.20000000298023224,0.4000000059604645,0.07999999821186066,0.07999999821186066,0.7508881120686898,41.30402477518243,46.586021505376344
137,static_actor,-16613.167961120605,0.0,7.368272463281755e-07,1.0,1.0,0.0,0.0,1.7941250056028366,-0.04369395576941315,0.0003,0.0,0.23999999463558197,0.20000000298023224,0.4000000059604645,0.07999999821186066,0.07999999821186066,1.2991995820483975,41.03304847073292,45.876344086021504
138,static_actor,-16564.48331308365,0.0,7.368272463281755e-07,1.0,1.0,0.0,0.0,2.060561203956604,-0.04369253288896289,0.0003,0.0,0.23999999463558197,0.20000000298023224,0.4000000059604645,0.07999999821186066,0.07999999821186066,0.4406201429950015,39.58243674517855,46.17204301075269
139,static_actor,-16080.05754852295,0.0,7.368272463281755e-07,1.0,1.0,0.0,0.0,2.1267017781734467,-0.041461640893248844,0.0003,0.0,0.23999999463558197,0.20000000298023224,0.4000000059604645,0.07999999821186066,0.07999999821186066,-0.2597690669362,39.86763254197599,45.41935483870968
140,static_actor,-16323.86689376831,0.0,7.368272463281755e-07,1.0,1.0,0.0,0.0,2.1849905788898467,-0.04229288309288677,0.0003,0.0,0.23999999463558197,0.20000000298023224,0.4000000059604645,0.07999999821186066,0.07999999821186066,0.37384615498575535,40.51645418360606,45.29032258064516
141,static_actor,-16265.58958530426,0.0,7.368272463281755e-07,1.0,1.0,0.0,0.0,1.992605248093605,-0.04140687490580604,0.0003,0.0,0.23999999463558197,0.20000000298023224,0.4000000059604645,0.07999999821186066,0.07999999821186066,1.5856748012724131,39.39592848760442,44.946236559139784
142,static_actor,-16483.718668937683,0.0,7.368272463281755e-07,1.0,1.0,0.0,0.0,2.0957801401615144,-0.043651498626422834,0.0003,0.0,0.23999999463558197,0.20000000298023224,0.4000000059604645,0.07999999821186066,0.07999999821186066,3.881701853185212,41.832366849195445,45.274193548387096
143,static_actor,-15744.099082946777,0.0,7.368272463281755e-07,1.0,1.0,0.0,0.0,2.008887940645218,-0.042216868518153206,0.0003,0.0,0.23999999463558197,0.20000000298023224,0.4000000059604645,0.07999999821186066,0.07999999821186066,1.9714660608954895,39.90273158962268,43.946236559139784
144,static_actor,-15923.795186042786,0.0,7.368272463281755e-07,1.0,1.0,0.0,0.0,2.07467303276062,-0.04250199519447051,0.0003,0.0,0.23999999463558197,0.20000000298023224,0.4000000059604645,0.07999999821186066,0.07999999821186066,1.2035607821020886,40.09250192002643,44.06451612903226
145,static_actor,-15904.553230762482,0.0,7.368272463281755e-07,1.0,1.0,0.0,0.0,2.247062087059021,-0.04158057790482417,0.0003,0.0,0.23999999463558197,0.20000000298023224,0.4000000059604645,0.07999999821186066,0.07999999821186066,1.0112118912588552,42.13060998441963,43.93548387096774
146,static_actor,-16387.652024269104,0.0,7.368272463281755e-07,1.0,1.0,0.0,0.0,2.0993132650852204,-0.039844701166657615,0.0003,0.0,0.23999999463558197,0.20000000298023224,0.4000000059604645,0.07999999821186066,0.07999999821186066,3.545046060139604,42.828671560143746,44.0
147,static_actor,-15765.811638832092,0.0,7.368272463281755e-07,1.0,1.0,0.0,0.0,2.1597949773073197,-0.03728365434799343,0.0003,0.0,0.23999999463558197,0.20000000298023224,0.4000000059604645,0.07999999821186066,0.07999999821186066,1.151370697970929,40.51213494740841,42.913978494623656
148,static_actor,-16208.545547485352,0.0,7.368272463281755e-07,1.0,1.0,0.0,0.0,2.037471356987953,-0.04095828822173644,0.0003,0.0,0.23999999463558197,0.20000000298023224,0.4000000059604645,0.07999999821186066,0.07999999821186066,6.185818916183368,43.19997835859484,43.24193548387097
149,static_actor,-16080.231999397278,0.0,7.368272463281755e-07,1.0,1.0,0.0,0.0,1.8957844495773315,-0.0431798927806085,0.0003,0.0,0.23999999463558197,0.20000000298023224,0.4000000059604645,0.07999999821186066,0.07999999821186066,4.342558614497024,42.5520883290606,43.52150537634409
150,static_actor,-15970.827056407928,0.0,7.368272463281755e-07,1.0,1.0,0.0,0.0,2.160076579451561,-0.0426499093115126,0.0003,0.0,0.23999999463558197,0.20000000298023224,0.4000000059604645,0.07999999821186066,0.07999999821186066,1.8839839928817395,41.4128483420312,43.81720430107527
151,static_actor,-15947.979383468628,0.0,7.368272463281755e-07,1.0,1.0,0.0,0.0,2.0688085824251177,-0.041491908953685194,0.0003,0.0,0.23999999463558197,0.20000000298023224,0.4000000059604645,0.07999999821186066,0.07999999821186066,4.151158490421755,41.71025438562035,43.02688172043011
152,static_actor,-15619.17827796936,0.0,7.368272463281755e-07,1.0,1.0,0.0,0.0,2.2443849086761474,-0.03866514980909415,0.0003,0.0,0.23999999463558197,0.20000000298023224,0.4000000059604645,0.07999999821186066,0.07999999821186066,3.2659241468986653,41.91394893076807,42.736559139784944
153,static_actor,-15695.18116569519,0.0,7.368272463281755e-07,1.0,1.0,0.0,0.0,2.0886677533388136,-0.043122404132736845,0.0003,0.0,0.23999999463558197,0.20000000298023224,0.4000000059604645,0.07999999821186066,0.07999999821186066,4.165428970940105,43.231745246816516,42.456989247311824
154,static_actor,-16025.831602096558,0.0,7.368272463281755e-07,1.0,1.0,0.0,0.0,2.1881001770496367,-0.03995220669312403,0.0003,0.0,0.23999999463558197,0.20000000298023224,0.4000000059604645,0.07999999821186066,0.07999999821186066,1.9077568413297508,41.867192394767116,43.10752688172043
155,static_actor,-15591.435403347015,0.0,7.368272463281755e-07,1.0,1.0,0.0,0.0,2.299066871404648,-0.03941330626289528,0.0003,0.0,0.23999999463558197,0.20000000298023224,0.4000000059604645,0.07999999821186066,0.07999999821186066,2.6594033062537066,41.80127393939761,42.73118279569893
156,static_actor,-16025.927165985107,0.0,7.368272463281755e-07,1.0,1.0,0.0,0.0,2.04087975025177,-0.040500041487393904,0.0003,0.0,0.23999999463558197,0.20000000298023224,0.4000000059604645,0.07999999821186066,0.07999999821186066,4.147923119937096,42.71498354896828,42.97849462365592
157,static_actor,-15929.256134986877,0.0,7.368272463281755e-07,1.0,1.0,0.0,0.0,2.0902961790561676,-0.034486212048796004,0.0003,0.0,0.23999999463558197,0.20000000298023224,0.4000000059604645,0.07999999821186066,0.07999999821186066,3.422587514460223,41.90901742118627,42.645161290322584
158,static_actor,-15332.764759540558,0.0,7.368272463281755e-07,1.0,1.0,0.0,0.0,2.280554065108299,-0.040548324829433116,0.0003,0.0,0.23999999463558197,0.20000000298023224,0.4000000059604645,0.07999999821186066,0.07999999821186066,4.43415619015866,41.54412978917521,41.424731182795696
159,static_actor,-15466.650912761688,0.0,7.368272463281755e-07,1.0,1.0,0.0,0.0,2.184366464614868,-0.04198881657794118,0.0003,0.0,0.23999999463558197,0.20000000298023224,0.4000000059604645,0.07999999821186066,0.07999999821186066,1.6901425380213702,42.203866859311994,42.053763440860216
160,static_actor,-15490.966164588928,0.0,7.368272463281755e-07,1.0,1.0,0.0,0.0,2.2832951575517653,-0.04062844239015249,0.0003,0.0,0.23999999463558197,0.20000000298023224,0.4000000059604645,0.07999999821186066,0.07999999821186066,3.8097001038891736,42.05866010564523,42.13978494623656
161,static_actor,-15531.426638126373,0.0,7.368272463281755e-07,1.0,1.0,0.0,0.0,2.3032778441905974,-0.039353143475455,0.0003,0.0,0.23999999463558197,0.20000000298023224,0.4000000059604645,0.07999999821186066,0.07999999821186066,3.3568492622192565,42.776827958449694,42.3494623655914
162,static_actor,-15397.549726963043,0.0,7.368272463281755e-07,1.0,1.0,0.0,0.0,2.4741007685661316,-0.04102278257487342,0.0003,0.0,0.23999999463558197,0.20000000298023224,0.4000000059604645,0.07999999821186066,0.07999999821186066,2.8541508416472303,41.8009893755366,42.295698924731184
163,static_actor,-15676.781955718994,0.0,7.368272463281755e-07,1.0,1.0,0.0,0.0,2.4589187473058702,-0.03630670207567164,0.0003,0.0,0.23999999463558197,0.20000000298023224,0.4000000059604645,0.07999999821186066,0.07999999821186066,2.3706540377352603,41.551676173616826,41.817204301075265
164,static_actor,-15485.309095859528,0.0,7.368272463281755e-07,1.0,1.0,0.0,0.0,2.1710732698440554,-0.04182316467922646,0.0003,0.0,0.23999999463558197,0.20000000298023224,0.4000000059604645,0.07999999821186066,0.07999999821186066,3.5602497573156366,42.96996312625811,41.564516129032256
165,static_actor,-15475.023859977722,0.0,7.368272463281755e-07,1.0,1.0,0.0,0.0,2.4849148452281953,-0.039374777476041345,0.0003,0.0,0.23999999463558197,0.20000000298023224,0.4000000059604645,0.07999999821186066,0.07999999821186066,1.4165890044896197,42.00649654444793,41.88709677419355
166,static_actor,-15267.888391494751,0.0,7.368272463281755e-07,1.0,1.0,0.0,0.0,2.318078973889351,-0.03924216266022995,0.0003,0.0,0.23999999463558197,0.20000000298023224,0.4000000059604645,0.07999999821186066,0.07999999821186066,1.9478443786764494,42.283701443646855,41.075268817204304
167,static_actor,-15281.794076442719,0.0,7.368272463281755e-07,1.0,1.0,0.0,0.0,2.5518761426210403,-0.03606961656478234,0.0003,0.0,0.23999999463558197,0.20000000298023224,0.4000000059604645,0.07999999821186066,0.07999999821186066,1.8968994660555343,41.94839887866493,40.833333333333336
168,static_actor,-15436.403861045837,0.0,7.368272463281755e-07,1.0,1.0,0.0,0.0,2.3595773458480833,-0.03805569112882949,0.0003,0.0,0.23999999463558197,0.20000000298023224,0.4000000059604645,0.07999999821186066,0.07999999821186066,0.6072342217012615,43.195281336277,41.854838709677416
169,static_actor,-15203.8378739357,0.0,7.368272463281755e-07,1.0,1.0,0.0,0.0,2.710652953386307,-0.03704055743837671,0.0003,0.0,0.23999999463558197,0.20000000298023224,0.4000000059604645,0.07999999821186066,0.07999999821186066,0.5595596043194391,41.75005119545215,41.193548387096776
170,static_actor,-15141.668311595917,0.0,7.368272463281755e-07,1.0,1.0,0.0,0.0,2.5905583441257476,-0.036421961874293626,0.0003,0.0,0.23999999463558197,0.20000000298023224,0.4000000059604645,0.07999999821186066,0.07999999821186066,0.5413426482569509,42.53928641096264,41.48924731182796
171,static_actor,-15218.381391525269,0.0,7.368272463281755e-07,1.0,1.0,0.0,0.0,2.503565865755081,-0.03880344803910703,0.0003,0.0,0.23999999463558197,0.20000000298023224,0.4000000059604645,0.07999999821186066,0.07999999821186066,1.235676012397201,42.36773383739597,41.53763440860215
172,static_actor,-15378.049583435059,0.0,7.368272463281755e-07,1.0,1.0,0.0,0.0,2.5139754116535187,-0.03488478735962417,0.0003,0.0,0.23999999463558197,0.20000000298023224,0.4000000059604645,0.07999999821186066,0.07999999821186066,2.9675621615724905,41.14749728683204,40.82258064516129
173,static_actor,-15270.209797859192,0.0,7.368272463281755e-07,1.0,1.0,0.0,0.0,2.5235912650823593,-0.03962881268817,0.0003,0.0,0.23999999463558197,0.20000000298023224,0.4000000059604645,0.07999999821186066,0.07999999821186066,4.909968965815592,42.50334954385077,41.39247311827957
174,static_actor,-14942.088492393494,0.0,7.368272463281755e-07,1.0,1.0,0.0,0.0,2.522134166955948,-0.04034355112817138,0.0003,0.0,0.23999999463558197,0.20000000298023224,0.4000000059604645,0.07999999821186066,0.07999999821186066,2.438147129070879,41.135735569345414,40.956989247311824
175,static_actor,-15235.874025821686,0.0,7.368272463281755e-07,1.0,1.0,0.0,0.0,2.5722426980733872,-0.04052473290066701,0.0003,0.0,0.23999999463558197,0.20000000298023224,0.4000000059604645,0.07999999821186066,0.07999999821186066,3.700373162697806,40.71027366598036,41.70967741935484
176,static_actor,-15286.637613773346,0.0,7.368272463281755e-07,1.0,1.0,0.0,0.0,2.5082058757543564,-0.03803823335329071,0.0003,0.0,0.23999999463558197,0.20000000298023224,0.4000000059604645,0.07999999821186066,0.07999999821186066,-0.6597413503385204,41.35595227146566,41.40860215053763
177,static_actor,-14901.68094921112,0.0,7.368272463281755e-07,1.0,1.0,0.0,0.0,2.5613140940666197,-0.04067958867235575,0.0003,0.0,0.23999999463558197,0.20000000298023224,0.4000000059604645,0.07999999821186066,0.07999999821186066,3.2639665739959884,40.86329168528937,40.596774193548384
178,static_actor,-15208.457248210907,0.0,7.368272463281755e-07,1.0,1.0,0.0,0.0,2.480613175034523,-0.03982604045449989,0.0003,0.0,0.23999999463558197,0.20000000298023224,0.4000000059604645,0.07999999821186066,0.07999999821186066,0.39215370524780646,40.459430468428245,40.88172043010753
179,static_actor,-15283.412645816803,0.0,7.368272463281755e-07,1.0,1.0,0.0,0.0,2.7218991607427596,-0.03550876267545391,0.0003,0.0,0.23999999463558197,0.20000000298023224,0.4000000059604645,0.07999999821186066,0.07999999821186066,-1.6293873654699778,40.52271526705382,41.053763440860216
180,static_actor,-15178.106620788574,0.0,7.368272463281755e-07,1.0,1.0,0.0,0.0,2.6226927816867827,-0.04038892597309314,0.0003,0.0,0.23999999463558197,0.20000000298023224,0.4000000059604645,0.07999999821186066,0.07999999821186066,4.481869453999635,40.00483332734915,40.14516129032258
181,static_actor,-15259.315327644348,0.0,7.368272463281755e-07,1.0,1.0,0.0,0.0,2.57982123196125,-0.03801164841570426,0.0003,0.0,0.23999999463558197,0.20000000298023224,0.4000000059604645,0.07999999821186066,0.07999999821186066,2.1073094545730324,40.69402830684139,41.00537634408602
182,static_actor,-15039.063712596893,0.0,7.368272463281755e-07,1.0,1.0,0.0,0.0,2.7757089644670487,-0.03878774881595746,0.0003,0.0,0.23999999463558197,0.20000000298023224,0.4000000059604645,0.07999999821186066,0.07999999821186066,1.8229311165146946,41.31980728643227,40.24731182795699
183,static_actor,-14993.552561283112,0.0,7.368272463281755e-07,1.0,1.0,0.0,0.0,2.9927823901176454,-0.03584300255133712,0.0003,0.0,0.23999999463558197,0.20000000298023224,0.4000000059604645,0.07999999821186066,0.07999999821186066,4.994224573535067,41.567112595360726,39.946236559139784
184,static_actor,-15085.171661376953,0.0,7.368272463281755e-07,1.0,1.0,0.0,0.0,2.9201592206954956,-0.03514767508022487,0.0003,0.0,0.23999999463558197,0.20000000298023224,0.4000000059604645,0.07999999821186066,0.07999999821186066,7.341049350770154,40.81259494344482,39.946236559139784
185,static_actor,-15188.997326850891,0.0,7.368272463281755e-07,1.0,1.0,0.0,0.0,2.762437456846237,-0.03616713877709117,0.0003,0.0,0.23999999463558197,0.20000000298023224,0.4000000059604645,0.07999999821186066,0.07999999821186066,9.405538784345891,41.063961282179875,39.60215053763441
186,static_actor,-14900.528784751892,0.0,7.368272463281755e-07,1.0,1.0,0.0,0.0,2.783434736728668,-0.03980014193803072,0.0003,0.0,0.23999999463558197,0.20000000298023224,0.4000000059604645,0.07999999821186066,0.07999999821186066,3.644469713556817,40.27183647808976,39.61827956989247
187,static_actor,-15150.431503295898,0.0,7.368272463281755e-07,1.0,1.0,0.0,0.0,2.9181659698486326,-0.03902683652122505,0.0003,0.0,0.23999999463558197,0.20000000298023224,0.4000000059604645,0.07999999821186066,0.07999999821186066,6.356691160818039,42.60127592534309,39.53225806451613
188,static_actor,-14683.579672336578,0.0,7.368272463281755e-07,1.0,1.0,0.0,0.0,2.881569838523865,-0.03722581897454802,0.0003,0.0,0.23999999463558197,0.20000000298023224,0.4000000059604645,0.07999999821186066,0.07999999821186066,4.944958753225938,40.554891706304815,39.31720430107527
189,static_actor,-15067.704947471619,0.0,7.368272463281755e-07,1.0,1.0,0.0,0.0,3.1831110179424287,-0.030558743490837516,0.0003,0.0,0.23999999463558197,0.20000000298023224,0.4000000059604645,0.07999999821186066,0.07999999821186066,7.696328411715621,41.25400540481338,38.946236559139784
190,static_actor,-14814.200724124908,0.0,7.368272463281755e-07,1.0,1.0,0.0,0.0,3.2447253584861757,-0.035741082075401207,0.0003,0.0,0.23999999463558197,0.20000000298023224,0.4000000059604645,0.07999999821186066,0.07999999821186066,2.623223951746317,42.432843488891486,39.795698924731184
191,static_actor,-14933.374849319458,0.0,7.368272463281755e-07,1.0,1.0,0.0,0.0,2.9673856675624846,-0.036034602689323944,0.0003,0.0,0.23999999463558197,0.20000000298023224,0.4000000059604645,0.07999999821186066,0.07999999821186066,5.163094351005621,41.4205667853001,39.53225806451613
192,static_actor,-15173.253817558289,0.0,7.368272463281755e-07,1.0,1.0,0.0,0.0,2.9835002422332764,-0.03685332494005707,0.0003,0.0,0.23999999463558197,0.20000000298023224,0.4000000059604645,0.07999999821186066,0.07999999821186066,4.734073155140152,43.21788474491788,39.55376344086021
193,static_actor,-15107.68100309372,0.0,7.368272463281755e-07,1.0,1.0,0.0,0.0,3.1753832161426545,-0.03873127675324213,0.0003,0.0,0.23999999463558197,0.20000000298023224,0.4000000059604645,0.07999999821186066,0.07999999821186066,4.683441341503473,41.7349080910182,39.46774193548387
194,static_actor,-14717.337013244629,0.0,7.368272463281755e-07,1.0,1.0,0.0,0.0,3.0414634227752684,-0.0367731266800547,0.0003,0.0,0.23999999463558197,0.20000000298023224,0.4000000059604645,0.07999999821186066,0.07999999821186066,6.393770598425981,42.13095561236983,38.913978494623656
195,static_actor,-14941.248526573181,0.0,7.368272463281755e-07,1.0,1.0,0.0,0.0,3.2787612676620483,-0.03638397193572018,0.0003,0.0,0.23999999463558197,0.20000000298023224,0.4000000059604645,0.07999999821186066,0.07999999821186066,6.010879023203661,41.2988006973327,38.844086021505376
196,static_actor,-14868.506474494934,0.0,7.368272463281755e-07,1.0,1.0,0.0,0.0,2.9972305715084078,-0.03835650597466156,0.0003,0.0,0.23999999463558197,0.20000000298023224,0.4000000059604645,0.07999999821186066,0.07999999821186066,7.5314131293137185,41.54116966120853,38.655913978494624
197,static_actor,-14863.191243648529,0.0,7.368272463281755e-07,1.0,1.0,0.0,0.0,3.3352081954479216,-0.03737267323303968,0.0003,0.0,0.23999999463558197,0.20000000298023224,0.4000000059604645,0.07999999821186066,0.07999999821186066,7.447391134553852,39.94123377396013,38.54838709677419
198,static_actor,-14575.431629657745,0.0,7.368272463281755e-07,1.0,1.0,0.0,0.0,3.3593102395534515,-0.036573897451853556,0.0003,0.0,0.23999999463558197,0.20000000298023224,0.4000000059604645,0.07999999821186066,0.07999999821186066,6.994780012163419,42.18934492944485,38.494623655913976
199,static_actor,-15158.58995771408,0.0,7.368272463281755e-07,1.0,1.0,0.0,0.0,3.054969835281372,-0.035060143632290416,0.0003,0.0,0.23999999463558197,0.20000000298023224,0.4000000059604645,0.07999999821186066,0.07999999821186066,8.644750470866121,42.7403241389793,39.365591397849464
200,static_actor,-14997.185300827026,0.0,7.368272463281755e-07,1.0,1.0,0.0,0.0,3.2013038396835327,-0.03190693351589289,0.0003,0.0,0.23999999463558197,0.20000000298023224,0.4000000059604645,0.07999999821186066,0.07999999821186066,8.395862517140921,41.548749088856454,38.623655913978496
201,static_actor,-14781.438299179077,0.0,7.368272463281755e-07,1.0,1.0,0.0,0.0,3.17477570772171,-0.03523697860655375,0.0003,0.0,0.23999999463558197,0.20000000298023224,0.4000000059604645,0.07999999821186066,0.07999999821186066,6.824301631857941,41.80888862310308,38.48924731182796
202,static_actor,-14824.056172847748,0.0,7.368272463281755e-07,1.0,1.0,0.0,0.0,3.2682416141033173,-0.03758345151145477,0.0003,0.0,0.23999999463558197,0.20000000298023224,0.4000000059604645,0.07999999821186066,0.07999999821186066,7.443202702305627,42.28510924215571,38.32795698924731
203,static_actor,-14766.905445575714,0.0,7.368272463281755e-07,1.0,1.0,0.0,0.0,3.6556395173072813,-0.032879855677310846,0.0003,0.0,0.23999999463558197,0.20000000298023224,0.4000000059604645,0.07999999821186066,0.07999999821186066,6.8573938400404,42.680031542963725,38.23655913978495
204,static_actor,-14642.597562789917,0.0,7.368272463281755e-07,1.0,1.0,0.0,0.0,3.2850335776805877,-0.029993970493342202,0.0003,0.0,0.23999999463558197,0.20000000298023224,0.4000000059604645,0.07999999821186066,0.07999999821186066,8.73808139225461,42.37323121602366,37.82795698924731
205,static_actor,-14569.487223625183,0.0,7.368272463281755e-07,1.0,1.0,0.0,0.0,3.4434668481349946,-0.034972105368797204,0.0003,0.0,0.23999999463558197,0.20000000298023224,0.4000000059604645,0.07999999821186066,0.07999999821186066,7.1841249360663735,42.90964543264067,38.23655913978495
206,static_actor,-14696.64412355423,0.0,7.368272463281755e-07,1.0,1.0,0.0,0.0,3.462333643436432,-0.034153118747053665,0.0003,0.0,0.23999999463558197,0.20000000298023224,0.4000000059604645,0.07999999821186066,0.07999999821186066,7.3433529501533465,42.838919236696825,38.69892473118279
207,static_actor,-14847.598288536072,0.0,7.368272463281755e-07,1.0,1.0,0.0,0.0,3.589330089092255,-0.03259298617704189,0.0003,0.0,0.23999999463558197,0.20000000298023224,0.4000000059604645,0.07999999821186066,0.07999999821186066,7.09617632880786,42.8753037305607,38.983870967741936
208,static_actor,-14896.052963256836,0.0,7.368272463281755e-07,1.0,1.0,0.0,0.0,3.531985819339752,-0.03298485569102923,0.0003,0.0,0.23999999463558197,0.20000000298023224,0.4000000059604645,0.07999999821186066,0.07999999821186066,9.68021735012815,43.16567099629855,38.413978494623656
209,static_actor,-15000.965061187744,0.0,7.368272463281755e-07,1.0,1.0,0.0,0.0,3.7586434304714205,-0.03102785466471687,0.0003,0.0,0.23999999463558197,0.20000000298023224,0.4000000059604645,0.07999999821186066,0.07999999821186066,10.67038208445859,42.81809484057943,38.71505376344086
210,static_actor,-14793.189455509186,0.0,7.368272463281755e-07,1.0,1.0,0.0,0.0,3.309554862976074,-0.034119380836273194,0.0003,0.0,0.23999999463558197,0.20000000298023224,0.4000000059604645,0.07999999821186066,0.07999999821186066,9.082915445479196,43.24152902329496,38.645161290322584
211,static_actor,-14854.906850337982,0.0,7.368272463281755e-07,1.0,1.0,0.0,0.0,3.605026388168335,-0.03516473533818498,0.0003,0.0,0.23999999463558197,0.20000000298023224,0.4000000059604645,0.07999999821186066,0.07999999821186066,8.52815114561852,41.96051518520905,38.63978494623656
212,static_actor,-14693.961904525757,0.0,7.368272463281755e-07,1.0,1.0,0.0,0.0,4.252625697851181,-0.024821289628744126,0.0003,0.0,0.23999999463558197,0.20000000298023224,0.4000000059604645,0.07999999821186066,0.07999999821186066,7.051780208519519,43.724216358661785,38.88172043010753
213,static_actor,-14788.612212181091,0.0,7.368272463281755e-07,1.0,1.0,0.0,0.0,3.5157617688179017,-0.03322810818208381,0.0003,0.0,0.23999999463558197,0.20000000298023224,0.4000000059604645,0.07999999821186066,0.07999999821186066,5.848044308329683,42.298001105857544,38.5
214,static_actor,-14733.168434143066,0.0,7.368272463281755e-07,1.0,1.0,0.0,0.0,3.718089336156845,-0.03519660713500343,0.0003,0.0,0.23999999463558197,0.20000000298023224,0.4000000059604645,0.07999999821186066,0.07999999821186066,6.155830863144207,43.08762366153404,38.747311827956985
215,static_actor,-14775.786126613617,0.0,7.368272463281755e-07,1.0,1.0,0.0,0.0,4.192591315507888,-0.03131501859461423,0.0003,0.0,0.23999999463558197,0.20000000298023224,0.4000000059604645,0.07999999821186066,0.07999999821186066,6.863512835011684,43.24976385178412,38.67741935483871
216,static_actor,-14644.680866241455,0.0,7.368272463281755e-07,1.0,1.0,0.0,0.0,3.698373055458069,-0.03260925992944976,0.0003,0.0,0.23999999463558197,0.20000000298023224,0.4000000059604645,0.07999999821186066,0.07999999821186066,6.514249480062779,41.84963987133847,38.435483870967744
217,static_actor,-14617.527956962585,0.0,7.368272463281755e-07,1.0,1.0,0.0,0.0,3.8909096479415894,-0.03071712383716658,0.0003,0.0,0.23999999463558197,0.20000000298023224,0.4000000059604645,0.07999999821186066,0.07999999821186066,7.056500181211741,43.51902259128273,38.32795698924731
218,static_actor,-14877.922004699707,0.0,7.368272463281755e-07,1.0,1.0,0.0,0.0,3.8831464111804963,-0.006626205563952681,0.0003,0.0,0.23999999463558197,0.20000000298023224,0.4000000059604645,0.07999999821186066,0.07999999821186066,6.148239230246352,41.88546531309544,38.946236559139784
219,static_actor,-14711.730636119843,0.0,7.368272463281755e-07,1.0,1.0,0.0,0.0,4.236135333776474,-0.026402260969916824,0.0003,0.0,0.23999999463558197,0.20000000298023224,0.4000000059604645,0.07999999821186066,0.07999999821186066,8.101995950167447,41.31485063600396,38.24193548387097
220,static_actor,-14405.271330356598,0.0,7.368272463281755e-07,1.0,1.0,0.0,0.0,3.6184862434864042,-0.03285858939598256,0.0003,0.0,0.23999999463558197,0.20000000298023224,0.4000000059604645,0.07999999821186066,0.07999999821186066,8.26992825989869,42.05329476649485,37.655913978494624
221,static_actor,-14600.014937877655,0.0,7.368272463281755e-07,1.0,1.0,0.0,0.0,3.90601789355278,-0.026255552226211877,0.0003,0.0,0.23999999463558197,0.20000000298023224,0.4000000059604645,0.07999999821186066,0.07999999821186066,7.052350940801798,42.84844056910115,38.28494623655914
222,static_actor,-14691.305216312408,0.0,7.368272463281755e-07,1.0,1.0,0.0,0.0,3.993671327829361,-0.030842224293155595,0.0003,0.0,0.23999999463558197,0.20000000298023224,0.4000000059604645,0.07999999821186066,0.07999999821186066,7.04248497381735,42.66213549444895,38.26881720430107
223,static_actor,-14774.142426490784,0.0,7.368272463281755e-07,1.0,1.0,0.0,0.0,4.2787502884864805,-0.029247128515999067,0.0003,0.0,0.23999999463558197,0.20000000298023224,0.4000000059604645,0.07999999821186066,0.07999999821186066,7.385986025168255,41.159551098221414,38.65053763440861
224,static_actor,-14812.077103614807,0.0,7.368272463281755e-07,1.0,1.0,0.0,0.0,3.8073663234710695,-0.031286690834531325,0.0003,0.0,0.23999999463558197,0.20000000298023224,0.4000000059604645,0.07999999821186066,0.07999999821186066,7.89847412858274,42.10430744142059,38.47849462365591
225,static_actor,-14559.745904922485,0.0,7.368272463281755e-07,1.0,1.0,0.0,0.0,3.747159022092819,-0.03335708933809656,0.0003,0.0,0.23999999463558197,0.20000000298023224,0.4000000059604645,0.07999999821186066,0.07999999821186066,6.276090132487476,42.22357281070549,37.96774193548387
226,static_actor,-14402.18534898758,0.0,7.368272463281755e-07,1.0,1.0,0.0,0.0,4.154290211200714,-0.03070776704698801,0.0003,0.0,0.23999999463558197,0.20000000298023224,0.4000000059604645,0.07999999821186066,0.07999999821186066,6.859244823529702,41.57373532607073,38.1989247311828
227,static_actor,-14548.090465068817,0.0,7.368272463281755e-07,1.0,1.0,0.0,0.0,3.8685285270214083,-0.030749352526618166,0.0003,0.0,0.23999999463558197,0.20000000298023224,0.4000000059604645,0.07999999821186066,0.07999999821186066,7.310843175632995,41.41242025738453,38.44086021505376
228,static_actor,-14486.626240730286,0.0,7.368272463281755e-07,1.0,1.0,0.0,0.0,4.266518616676331,-0.02971338090719655,0.0003,0.0,0.23999999463558197,0.20000000298023224,0.4000000059604645,0.07999999821186066,0.07999999821186066,7.3964874624005885,42.8759056545531,37.81720430107527
229,static_actor,-14316.496136188507,0.0,7.368272463281755e-07,1.0,1.0,0.0,0.0,4.237577986717224,-0.026912968338001518,0.0003,0.0,0.23999999463558197,0.20000000298023224,0.4000000059604645,0.07999999821186066,0.07999999821186066,6.967960231879804,41.47283113878522,37.9247311827957
230,static_actor,-14380.674785614014,0.0,7.368272463281755e-07,1.0,1.0,0.0,0.0,4.171944117546081,-0.030429230851586907,0.0003,0.0,0.23999999463558197,0.20000000298023224,0.4000000059604645,0.07999999821186066,0.07999999821186066,7.333310953959292,41.008797783967985,37.61827956989247
231,static_actor,-14381.375980854034,0.0,7.368272463281755e-07,1.0,1.0,0.0,0.0,4.081575113534927,-0.0295137085908209,0.0003,0.0,0.23999999463558197,0.20000000298023224,0.4000000059604645,0.07999999821186066,0.07999999821186066,6.738999616199381,42.54524107611626,37.59139784946237
232,static_actor,-14334.880434036255,0.0,7.368272463281755e-07,1.0,1.0,0.0,0.0,4.207862085103988,-0.03106270975986263,0.0003,0.0,0.23999999463558197,0.20000000298023224,0.4000000059604645,0.07999999821186066,0.07999999821186066,6.683122721566878,41.54891366511081,37.76881720430107
233,static_actor,-14555.98525762558,0.0,7.368272463281755e-07,1.0,1.0,0.0,0.0,4.324205577373505,-0.02751726057904307,0.0003,0.0,0.23999999463558197,0.20000000298023224,0.4000000059604645,0.07999999821186066,0.07999999821186066,7.271435451832861,41.26928018867913,37.865591397849464
234,static_actor,-14307.773564338684,0.0,7.368272463281755e-07,1.0,1.0,0.0,0.0,4.818356865644455,-0.025993547445978038,0.0003,0.0,0.23999999463558197,0.20000000298023224,0.4000000059604645,0.07999999821186066,0.07999999821186066,5.966327630261359,41.37470967916499,37.89784946236559
235,static_actor,-14587.92359495163,0.0,7.368272463281755e-07,1.0,1.0,0.0,0.0,4.585510456562043,-0.02303354275645688,0.0003,0.0,0.23999999463558197,0.20000000298023224,0.4000000059604645,0.07999999821186066,0.07999999821186066,5.646558381603574,41.504607418476006,37.903225806451616
236,static_actor,-14445.275563716888,0.0,7.368272463281755e-07,1.0,1.0,0.0,0.0,4.62040798664093,-0.026148864705464802,0.0003,0.0,0.23999999463558197,0.20000000298023224,0.4000000059604645,0.07999999821186066,0.07999999821186066,6.639954726817657,40.806564109473584,38.043010752688176
237,static_actor,-14265.996347427368,0.0,7.368272463281755e-07,1.0,1.0,0.0,0.0,4.424619847536087,-0.030339442606782542,0.0003,0.0,0.23999999463558197,0.20000000298023224,0.4000000059604645,0.07999999821186066,0.07999999821186066,7.0004421177599,41.34155231610468,37.473118279569896
238,static_actor,-14541.417647838593,0.0,7.368272463281755e-07,1.0,1.0,0.0,0.0,4.444858878850937,-0.029091723571764306,0.0003,0.0,0.23999999463558197,0.20000000298023224,0.4000000059604645,0.07999999821186066,0.07999999821186066,7.1103753953342546,41.818361086626446,37.88172043010753
239,static_actor,-14555.864416122437,0.0,7.368272463281755e-07,1.0,1.0,0.0,0.0,4.52425383925438,-0.028602016776858363,0.0003,0.0,0.23999999463558197,0.20000000298023224,0.4000000059604645,0.07999999821186066,0.07999999821186066,7.004342837202743,41.86382758946155,38.145161290322584
240,static_actor,-14407.476817131042,0.0,7.368272463281755e-07,1.0,1.0,0.0,0.0,4.898384416103363,-0.01704009682871401,0.0003,0.0,0.23999999463558197,0.20000000298023224,0.4000000059604645,0.07999999821186066,0.07999999821186066,7.963679699473514,42.156708119896635,38.123655913978496
241,static_actor,-14337.003765106201,0.0,7.368272463281755e-07,1.0,1.0,0.0,0.0,4.7871195614337925,-0.021393761923536658,0.0003,0.0,0.23999999463558197,0.20000000298023224,0.4000000059604645,0.07999999821186066,0.07999999821186066,6.685440428420055,40.74159247822603,38.38172043010752
242,static_actor,-14323.384345054626,0.0,7.368272463281755e-07,1.0,1.0,0.0,0.0,4.701000058650971,-0.022042096074073925,0.0003,0.0,0.23999999463558197,0.20000000298023224,0.4000000059604645,0.07999999821186066,0.07999999821186066,7.414582881152009,41.33500084445016,37.52150537634409
243,static_actor,-14647.99710226059,0.0,7.368272463281755e-07,1.0,1.0,0.0,0.0,4.39302459359169,-0.030769131728447974,0.0003,0.0,0.23999999463558197,0.20000000298023224,0.4000000059604645,0.07999999821186066,0.07999999821186066,7.331928710660312,40.88060492380818,38.44086021505376
244,static_actor,-14346.711352348328,0.0,7.368272463281755e-07,1.0,1.0,0.0,0.0,5.219417673349381,-0.024021112715126948,0.0003,0.0,0.23999999463558197,0.20000000298023224,0.4000000059604645,0.07999999821186066,0.07999999821186066,6.147013237313248,40.09263958515468,38.134408602150536
245,static_actor,-14662.422365665436,0.0,7.368272463281755e-07,1.0,1.0,0.0,0.0,4.737277120351791,-0.025675132079049943,0.0003,0.0,0.23999999463558197,0.20000000298023224,0.4000000059604645,0.07999999821186066,0.07999999821186066,8.026472232395387,41.04340147157247,38.32258064516129
246,static_actor,-14326.202016830444,0.0,7.368272463281755e-07,1.0,1.0,0.0,0.0,5.067316091060638,-0.02581614525988698,0.0003,0.0,0.23999999463558197,0.20000000298023224,0.4000000059604645,0.07999999821186066,0.07999999821186066,6.050412102157847,39.94507778596319,37.994623655913976
247,static_actor,-14276.77182006836,0.0,7.368272463281755e-07,1.0,1.0,0.0,0.0,5.316971176862717,-0.024354705639052555,0.0003,0.0,0.23999999463558197,0.20000000298023224,0.4000000059604645,0.07999999821186066,0.07999999821186066,6.055894509918649,40.32341424631606,38.27956989247312
248,static_actor,-14291.925651073456,0.0,7.368272463281755e-07,1.0,1.0,0.0,0.0,5.2596041560173035,-0.026625621219864115,0.0003,0.0,0.23999999463558197,0.20000000298023224,0.4000000059604645,0.07999999821186066,0.07999999821186066,6.7916000761900905,40.96876172488324,37.71505376344086
249,static_actor,-14073.275799751282,0.0,7.368272463281755e-07,1.0,1.0,0.0,0.0,5.1702774405479435,-0.02289160344080301,0.0003,0.0,0.23999999463558197,0.20000000298023224,0.4000000059604645,0.07999999821186066,0.07999999821186066,6.373483230909674,41.00708903329108,37.24193548387097
250,static_actor,-14495.672615528107,0.0,7.368272463281755e-07,1.0,1.0,0.0,0.0,4.819058680534363,-0.02187809410970658,0.0003,0.0,0.23999999463558197,0.20000000298023224,0.4000000059604645,0.07999999821186066,0.07999999821186066,6.384601984366407,41.034216203777305,37.75806451612903
251,static_actor,-14415.856793403625,0.0,7.368272463281755e-07,1.0,1.0,0.0,0.0,4.647414183616638,-0.027526766152004712,0.0003,0.0,0.23999999463558197,0.20000000298023224,0.4000000059604645,0.07999999821186066,0.07999999821186066,5.913974794506013,41.64817912902499,37.55913978494624
252,static_actor,-14435.333605766296,0.0,7.368272463281755e-07,1.0,1.0,0.0,0.0,4.774607545137405,-0.026680459300405347,0.0003,0.0,0.23999999463558197,0.20000000298023224,0.4000000059604645,0.07999999821186066,0.07999999821186066,5.547302343964191,42.11154743763314,37.95698924731183
253,static_actor,-14310.952629089355,0.0,7.368272463281755e-07,1.0,1.0,0.0,0.0,5.03161324262619,-0.027208428280209772,0.0003,0.0,0.23999999463558197,0.20000000298023224,0.4000000059604645,0.07999999821186066,0.07999999821186066,6.517190745507681,42.150714977066244,37.774193548387096
254,static_actor,-14544.70848274231,0.0,7.368272463281755e-07,1.0,1.0,0.0,0.0,5.518011629581451,-0.014661783196424949,0.0003,0.0,0.23999999463558197,0.20000000298023224,0.4000000059604645,0.07999999821186066,0.07999999821186066,5.261043538766689,42.236285467630616,38.29032258064516
255,static_actor,-14514.231036186218,0.0,7.368272463281755e-07,1.0,1.0,0.0,0.0,5.113539445400238,-0.025076388098932513,0.0003,0.0,0.23999999463558197,0.20000000298023224,0.4000000059604645,0.07999999821186066,0.07999999821186066,5.225722852051021,42.457993436974725,38.31182795698925
256,static_actor,-14562.85912513733,0.0,7.368272463281755e-07,1.0,1.0,0.0,0.0,5.341563940048218,-0.0180078774697904,0.0003,0.0,0.23999999463558197,0.20000000298023224,0.4000000059604645,0.07999999821186066,0.07999999821186066,4.610915000763724,42.167364137616744,38.12903225806451
257,static_actor,-14357.37099647522,0.0,7.368272463281755e-07,1.0,1.0,0.0,0.0,5.149439287185669,-0.026189699133101384,0.0003,0.0,0.23999999463558197,0.20000000298023224,0.4000000059604645,0.07999999821186066,0.07999999821186066,2.2803218708369832,41.82213587010836,38.435483870967744
258,static_actor,-14623.738018035889,0.0,7.368272463281755e-07,1.0,1.0,0.0,0.0,5.278778874874115,-0.022811411099974067,0.0003,0.0,0.23999999463558197,0.20000000298023224,0.4000000059604645,0.07999999821186066,0.07999999821186066,5.375775987421237,42.576829598503494,38.0
259,static_actor,-14738.112006187439,0.0,7.368272463281755e-07,1.0,1.0,0.0,0.0,5.514025592803955,-0.019597455523035025,0.0003,0.0,0.23999999463558197,0.20000000298023224,0.4000000059604645,0.07999999821186066,0.07999999821186066,4.751522021664972,42.58658914121116,38.81182795698925
260,static_actor,-14420.727759361267,0.0,7.368272463281755e-07,1.0,1.0,0.0,0.0,5.520927357673645,-0.013302050944184884,0.0003,0.0,0.23999999463558197,0.20000000298023224,0.4000000059604645,0.07999999821186066,0.07999999821186066,5.282935292597444,41.73293339457832,37.946236559139784
261,static_actor,-14410.284495830536,0.0,7.368272463281755e-07,1.0,1.0,0.0,0.0,5.563417780399322,-0.019254928291775286,0.0003,0.0,0.23999999463558197,0.20000000298023224,0.4000000059604645,0.07999999821186066,0.07999999821186066,4.956895724759871,41.79561873044614,37.95698924731183
262,static_actor,-14553.443025112152,0.0,7.368272463281755e-07,1.0,1.0,0.0,0.0,5.624162387847901,-0.017840017355047165,0.0003,0.0,0.23999999463558197,0.20000000298023224,0.4000000059604645,0.07999999821186066,0.07999999821186066,7.584794788461524,42.836945548698964,38.20967741935484
263,static_actor,-14436.691321372986,0.0,7.368272463281755e-07,1.0,1.0,0.0,0.0,5.752421164512635,-0.021766383819340263,0.0003,0.0,0.23999999463558197,0.20000000298023224,0.4000000059604645,0.07999999821186066,0.07999999821186066,5.411341567372621,42.801880400444944,38.02150537634408
264,static_actor,-14409.797297000885,0.0,7.368272463281755e-07,1.0,1.0,0.0,0.0,5.57975025177002,-0.022324892232427375,0.0003,0.0,0.23999999463558197,0.20000000298023224,0.4000000059604645,0.07999999821186066,0.07999999821186066,6.476348720412897,43.57027795538782,37.973118279569896
265,static_actor,-14286.7132396698,0.0,7.368272463281755e-07,1.0,1.0,0.0,0.0,5.2927996754646305,-0.024874418114995932,0.0003,0.0,0.23999999463558197,0.20000000298023224,0.4000000059604645,0.07999999821186066,0.07999999821186066,5.332085992573037,42.81704009192112,37.53225806451613
266,static_actor,-14230.694121360779,0.0,7.368272463281755e-07,1.0,1.0,0.0,0.0,5.713203847408295,-0.018176918209792347,0.0003,0.0,0.23999999463558197,0.20000000298023224,0.4000000059604645,0.07999999821186066,0.07999999821186066,6.611231545497917,42.86311451796438,37.28494623655914
267,static_actor,-14364.372677326202,0.0,7.368272463281755e-07,1.0,1.0,0.0,0.0,6.173769879341125,-0.013079598834156058,0.0003,0.0,0.23999999463558197,0.20000000298023224,0.4000000059604645,0.07999999821186066,0.07999999821186066,6.41078118482202,42.582815883061556,37.645161290322584
268,static_actor,-14451.45221376419,0.0,7.368272463281755e-07,1.0,1.0,0.0,0.0,5.975703740119934,-0.003168896785064135,0.0003,0.0,0.23999999463558197,0.20000000298023224,0.4000000059604645,0.07999999821186066,0.07999999821186066,5.8808273092575565,42.81912079529151,37.76881720430107
269,static_actor,-14410.443202972412,0.0,7.368272463281755e-07,1.0,1.0,0.0,0.0,5.616601765155792,-0.019474343527690507,0.0003,0.0,0.23999999463558197,0.20000000298023224,0.4000000059604645,0.07999999821186066,0.07999999821186066,4.828680927718202,42.96923179546718,38.026881720430104
270,static_actor,-14346.428981781006,0.0,7.368272463281755e-07,1.0,1.0,0.0,0.0,6.45963990688324,-0.016592507681343703,0.0003,0.0,0.23999999463558197,0.20000000298023224,0.4000000059604645,0.07999999821186066,0.07999999821186066,6.1815215340949266,41.99772404419233,38.08064516129032
271,static_actor,-14200.612936973572,0.0,7.368272463281755e-07,1.0,1.0,0.0,0.0,5.987548625469207,-0.016948633923311716,0.0003,0.0,0.23999999463558197,0.20000000298023224,0.4000000059604645,0.07999999821186066,0.07999999821186066,5.462842425900773,42.54721516238648,37.655913978494624
272,static_actor,-14292.167784690857,0.0,7.368272463281755e-07,1.0,1.0,0.0,0.0,5.605617082118988,-0.02097406483080704,0.0003,0.0,0.23999999463558197,0.20000000298023224,0.4000000059604645,0.07999999821186066,0.07999999821186066,5.160215876613354,41.839229365759486,38.16129032258064
273,static_actor,-14450.689620494843,0.0,7.368272463281755e-07,1.0,1.0,0.0,0.0,6.154341554641723,-0.016029447532491758,0.0003,0.0,0.23999999463558197,0.20000000298023224,0.4000000059604645,0.07999999821186066,0.07999999821186066,5.896010477075424,41.83480689058411,38.45161290322581
274,static_actor,-14414.750134468079,0.0,7.368272463281755e-07,1.0,1.0,0.0,0.0,6.073750329017639,-0.017908216531213838,0.0003,0.0,0.23999999463558197,0.20000000298023224,0.4000000059604645,0.07999999821186066,0.07999999821186066,3.035217740318759,42.301594433487345,38.61827956989247
275,static_actor,-14221.794541358948,0.0,7.368272463281755e-07,1.0,1.0,0.0,0.0,6.588515269756317,-0.012395919876144034,0.0003,0.0,0.23999999463558197,0.20000000298023224,0.4000000059604645,0.07999999821186066,0.07999999821186066,6.106004494855131,41.439780246252205,37.74731182795699
276,static_actor,-14614.55764579773,0.0,7.368272463281755e-07,1.0,1.0,0.0,0.0,6.200754308700562,-0.018750108237145468,0.0003,0.0,0.23999999463558197,0.20000000298023224,0.4000000059604645,0.07999999821186066,0.07999999821186066,3.7490241918050664,42.6479233373706,38.39247311827957
277,static_actor,-14622.378535747528,0.0,7.368272463281755e-07,1.0,1.0,0.0,0.0,6.39299783706665,-0.010407203619251959,0.0003,0.0,0.23999999463558197,0.20000000298023224,0.4000000059604645,0.07999999821186066,0.07999999821186066,5.289957396715035,43.31449159581837,38.52150537634408
278,static_actor,-14653.930497169495,0.0,7.368272463281755e-07,1.0,1.0,0.0,0.0,6.746719741821289,-0.01147691604855936,0.0003,0.0,0.23999999463558197,0.20000000298023224,0.4000000059604645,0.07999999821186066,0.07999999821186066,5.399838402754178,43.651818824134,38.53763440860215
279,static_actor,-14351.182553768158,0.0,7.368272463281755e-07,1.0,1.0,0.0,0.0,6.183904755115509,-0.01708139279508032,0.0003,0.0,0.23999999463558197,0.20000000298023224,0.4000000059604645,0.07999999821186066,0.07999999821186066,5.213565592506735,42.200204150865794,37.865591397849464
280,static_actor,-14310.465544700623,0.0,7.368272463281755e-07,1.0,1.0,0.0,0.0,7.013248324394226,-0.014084400347201154,0.0003,0.0,0.23999999463558197,0.20000000298023224,0.4000000059604645,0.07999999821186066,0.07999999821186066,5.57779696442619,42.8269790900895,37.774193548387096
281,static_actor,-14795.705271720886,0.0,7.368272463281755e-07,1.0,1.0,0.0,0.0,6.766244518756866,-0.006785218222648837,0.0003,0.0,0.23999999463558197,0.20000000298023224,0.4000000059604645,0.07999999821186066,0.07999999821186066,5.723442984364943,42.52451001560144,38.95161290322581
282,static_actor,-14535.796122074127,0.0,7.368272463281755e-07,1.0,1.0,0.0,0.0,6.016460871696472,-0.01486613864544779,0.0003,0.0,0.23999999463558197,0.20000000298023224,0.4000000059604645,0.07999999821186066,0.07999999821186066,4.463373444506883,41.68635775795663,38.543010752688176
283,static_actor,-14577.262400627136,0.0,7.368272463281755e-07,1.0,1.0,0.0,0.0,6.226040923595429,-0.015494032121205236,0.0003,0.0,0.23999999463558197,0.20000000298023224,0.4000000059604645,0.07999999821186066,0.07999999821186066,5.434649278640453,41.54334242835127,38.55913978494624
284,static_actor,-14725.199908733368,0.0,7.368272463281755e-07,1.0,1.0,0.0,0.0,6.311061215400696,-0.008942614776424307,0.0003,0.0,0.23999999463558197,0.20000000298023224,0.4000000059604645,0.07999999821186066,0.07999999821186066,4.393395979959997,41.300643709838006,38.65053763440861
285,static_actor,-14675.001060962677,0.0,7.368272463281755e-07,1.0,1.0,0.0,0.0,6.127647387981415,-0.014284578568913275,0.0003,0.0,0.23999999463558197,0.20000000298023224,0.4000000059604645,0.07999999821186066,0.07999999821186066,5.726292303317472,41.306514825261296,38.75806451612903
286,static_actor,-14715.007297754288,0.0,7.368272463281755e-07,1.0,1.0,0.0,0.0,6.535811495780945,-0.014818379445932806,0.0003,0.0,0.23999999463558197,0.20000000298023224,0.4000000059604645,0.07999999821186066,0.07999999821186066,4.9527086999752665,42.212536707646784,38.865591397849464
287,static_actor,-14547.257014751434,0.0,7.368272463281755e-07,1.0,1.0,0.0,0.0,7.609055840969086,-0.004931269142252859,0.0003,0.0,0.23999999463558197,0.20000000298023224,0.4000000059604645,0.07999999821186066,0.07999999821186066,4.317890514305032,42.17246255885863,38.40860215053763
288,static_actor,-14453.640001773834,0.0,7.368272463281755e-07,1.0,1.0,0.0,0.0,6.238133430480957,-0.00870110981632024,0.0003,0.0,0.23999999463558197,0.20000000298023224,0.4000000059604645,0.07999999821186066,0.07999999821186066,4.835288840136678,41.76900568084715,38.333333333333336
289,static_actor,-14735.326244354248,0.0,7.368272463281755e-07,1.0,1.0,0.0,0.0,6.537046289443969,-0.013842362622381189,0.0003,0.0,0.23999999463558197,0.20000000298023224,0.4000000059604645,0.07999999821186066,0.07999999821186066,4.022268549726236,41.716408721888875,38.67204301075269
290,static_actor,-14550.6455950737,0.0,7.368272463281755e-07,1.0,1.0,0.0,0.0,6.658595228195191,-0.014397633660701103,0.0003,0.0,0.23999999463558197,0.20000000298023224,0.4000000059604645,0.07999999821186066,0.07999999821186066,3.2104153356901186,42.554490768055665,38.376344086021504
291,static_actor,-14442.580721855164,0.0,7.368272463281755e-07,1.0,1.0,0.0,0.0,6.979189479351044,-0.005069265465135686,0.0003,0.0,0.23999999463558197,0.20000000298023224,0.4000000059604645,0.07999999821186066,0.07999999821186066,4.779497574603836,41.67913714200158,38.56989247311828
292,static_actor,-14596.386216163635,0.0,7.368272463281755e-07,1.0,1.0,0.0,0.0,7.108653557300568,-0.010438352816709084,0.0003,0.0,0.23999999463558197,0.20000000298023224,0.4000000059604645,0.07999999821186066,0.07999999821186066,2.538288909794328,42.35161143263135,38.89784946236559
293,static_actor,-14795.622245311737,0.0,7.368272463281755e-07,1.0,1.0,0.0,0.0,7.856290340423584,0.013674836097925436,0.0003,0.0,0.23999999463558197,0.20000000298023224,0.4000000059604645,0.07999999821186066,0.07999999821186066,2.5026597080687583,42.656673094446816,39.60215053763441
294,static_actor,-14751.781187057495,0.0,7.368272463281755e-07,1.0,1.0,0.0,0.0,7.1872046947479244,-0.005669614838552661,0.0003,0.0,0.23999999463558197,0.20000000298023224,0.4000000059604645,0.07999999821186066,0.07999999821186066,2.1601952733563636,42.02748008557205,39.12903225806452
295,static_actor,-14704.964725494385,0.0,7.368272463281755e-07,1.0,1.0,0.0,0.0,6.634229397773742,0.0032064952043583616,0.0003,0.0,0.23999999463558197,0.20000000298023224,0.4000000059604645,0.07999999821186066,0.07999999821186066,3.4860668426783246,42.88051685924784,39.20967741935484
296,static_actor,-14549.322844028473,0.0,7.368272463281755e-07,1.0,1.0,0.0,0.0,7.212853002548218,-0.003566487223724835,0.0003,0.0,0.23999999463558197,0.20000000298023224,0.4000000059604645,0.07999999821186066,0.07999999821186066,2.70584564969285,42.5327911734711,38.89247311827957
297,static_actor,-14836.422377586365,0.0,7.368272463281755e-07,1.0,1.0,0.0,0.0,7.2443873405456545,-0.0011673979373881594,0.0003,0.0,0.23999999463558197,0.20000000298023224,0.4000000059604645,0.07999999821186066,0.07999999821186066,2.101836185756122,41.43830224538765,39.322580645161295
298,static_actor,-14450.406172275543,0.0,7.368272463281755e-07,1.0,1.0,0.0,0.0,6.9583901286125185,-0.006868514863890595,0.0003,0.0,0.23999999463558197,0.20000000298023224,0.4000000059604645,0.07999999821186066,0.07999999821186066,1.6855240634529058,42.99856535522628,38.575268817204304
299,static_actor,-14638.557677268982,0.0,7.368272463281755e-07,1.0,1.0,0.0,0.0,7.308796906471253,-0.0016629094969403014,0.0003,0.0,0.23999999463558197,0.20000000298023224,0.4000000059604645,0.07999999821186066,0.07999999821186066,1.1248618881635895,42.80450835481531,39.005376344086024
300,static_actor,-14790.711050987244,0.0,7.368272463281755e-07,1.0,1.0,0.0,0.0,7.2033808588981625,-0.008056596554524731,0.0003,0.0,0.23999999463558197,0.20000000298023224,0.4000000059604645,0.07999999821186066,0.07999999821186066,3.514941552801388,41.5470437455024,39.60215053763441
301,static_actor,-14617.26673746109,0.0,7.368272463281755e-07,1.0,1.0,0.0,0.0,7.046782433986664,-0.001264374861784745,0.0003,0.0,0.23999999463558197,0.20000000298023224,0.4000000059604645,0.07999999821186066,0.07999999821186066,2.046853121860433,41.021148723271054,39.18817204301075
302,static_actor,-14769.5522108078,0.0,7.368272463281755e-07,1.0,1.0,0.0,0.0,7.369945991039276,-0.0058949271158780904,0.0003,0.0,0.23999999463558197,0.20000000298023224,0.4000000059604645,0.07999999821186066,0.07999999821186066,2.0063831244395733,41.24615482935854,38.994623655913976
303,static_actor,-14689.28031539917,0.0,7.368272463281755e-07,1.0,1.0,0.0,0.0,7.3844275832176205,0.00693869313581672,0.0003,0.0,0.23999999463558197,0.20000000298023224,0.4000000059604645,0.07999999821186066,0.07999999821186066,1.8159945554531827,41.209842352874695,39.005376344086024
304,static_actor,-14702.353447914124,0.0,7.368272463281755e-07,1.0,1.0,0.0,0.0,7.059685552120209,-0.00028927707662660394,0.0003,0.0,0.23999999463558197,0.20000000298023224,0.4000000059604645,0.07999999821186066,0.07999999821186066,3.2719155304418983,42.93600555398919,39.29032258064516
305,static_actor,-14627.036827087402,0.0,7.368272463281755e-07,1.0,1.0,0.0,0.0,7.642711865901947,-0.0023250245838426055,0.0003,0.0,0.23999999463558197,0.20000000298023224,0.4000000059604645,0.07999999821186066,0.07999999821186066,2.3333388575853298,42.20776090005417,38.66129032258064
306,static_actor,-14796.613534450531,0.0,7.368272463281755e-07,1.0,1.0,0.0,0.0,7.032593607902527,-0.00912387645803392,0.0003,0.0,0.23999999463558197,0.20000000298023224,0.4000000059604645,0.07999999821186066,0.07999999821186066,3.241021832077324,42.147492883660945,39.39784946236559
307,static_actor,-14644.186612606049,0.0,7.368272463281755e-07,1.0,1.0,0.0,0.0,7.1472737193107605,-0.008460603561252356,0.0003,0.0,0.23999999463558197,0.20000000298023224,0.4000000059604645,0.07999999821186066,0.07999999821186066,1.6777643776654767,42.19382507221389,38.27956989247312
308,static_actor,-14723.058519363403,0.0,7.368272463281755e-07,1.0,1.0,0.0,0.0,7.604177331924438,-0.008752502693096176,0.0003,0.0,0.23999999463558197,0.20000000298023224,0.4000000059604645,0.07999999821186066,0.07999999821186066,3.1523617044319296,42.37180444925947,38.645161290322584
309,static_actor,-14638.771100997925,0.0,7.368272463281755e-07,1.0,1.0,0.0,0.0,7.566121196746826,-0.006917444957070984,0.0003,0.0,0.23999999463558197,0.20000000298023224,0.4000000059604645,0.07999999821186066,0.07999999821186066,2.981292660201547,42.248709062125265,39.08064516129032
310,static_actor,-14691.860119342804,0.0,7.368272463281755e-07,1.0,1.0,0.0,0.0,8.28484799861908,0.003826841898262501,0.0003,0.0,0.23999999463558197,0.20000000298023224,0.4000000059604645,0.07999999821186066,0.07999999821186066,1.912182065788197,40.88064800047152,38.81720430107527
311,static_actor,-14740.421779155731,0.0,7.368272463281755e-07,1.0,1.0,0.0,0.0,7.4451780080795285,-0.0066143069456302325,0.0003,0.0,0.23999999463558197,0.20000000298023224,0.4000000059604645,0.07999999821186066,0.07999999821186066,2.882260291584595,42.17347469541812,39.075268817204304
312,static_actor,-14606.912292480469,0.0,7.368272463281755e-07,1.0,1.0,0.0,0.0,7.88093911409378,-0.004593856330029666,0.0003,0.0,0.23999999463558197,0.20000000298023224,0.4000000059604645,0.07999999821186066,0.07999999821186066,2.228546716989046,42.907013410710654,39.29032258064516
313,static_actor,-14642.223004341125,0.0,7.368272463281755e-07,1.0,1.0,0.0,0.0,8.22695050239563,0.0015385603689537675,0.0003,0.0,0.23999999463558197,0.20000000298023224,0.4000000059604645,0.07999999821186066,0.07999999821186066,1.296561224133441,41.753510901923484,39.387096774193544
314,static_actor,-14679.950221061707,0.0,7.368272463281755e-07,1.0,1.0,0.0,0.0,7.9406779408454895,-0.0014603807132516522,0.0003,0.0,0.23999999463558197,0.20000000298023224,0.4000000059604645,0.07999999821186066,0.07999999821186066,3.2748272445317763,42.8733675487142,39.03225806451613
315,static_actor,-14657.255971431732,0.0,7.368272463281755e-07,1.0,1.0,0.0,0.0,8.281128942966461,-0.0013688665654626674,0.0003,0.0,0.23999999463558197,0.20000000298023224,0.4000000059604645,0.07999999821186066,0.07999999821186066,2.336324956800346,42.05699594451337,38.87096774193549
316,static_actor,-14584.699454784393,0.0,7.368272463281755e-07,1.0,1.0,0.0,0.0,7.6894778370857235,0.011443341993435751,0.0003,0.0,0.23999999463558197,0.20000000298023224,0.4000000059604645,0.07999999821186066,0.07999999821186066,2.545876901275762,43.048770215391286,38.73118279569893
317,static_actor,-14813.959213256836,0.0,7.368272463281755e-07,1.0,1.0,0.0,0.0,7.823518836498261,-0.001818623809958808,0.0003,0.0,0.23999999463558197,0.20000000298023224,0.4000000059604645,0.07999999821186066,0.07999999821186066,3.9740872540471073,43.031520547540744,39.10215053763441
318,static_actor,-14912.130939483643,0.0,7.368272463281755e-07,1.0,1.0,0.0,0.0,7.903620326519013,0.0022408133660064776,0.0003,0.0,0.23999999463558197,0.20000000298023224,0.4000000059604645,0.07999999821186066,0.07999999821186066,2.9839434861630787,43.22952388478167,39.93010752688172
319,static_actor,-14849.886069774628,0.0,7.368272463281755e-07,1.0,1.0,0.0,0.0,7.97791086435318,-0.0022297456132946538,0.0003,0.0,0.23999999463558197,0.20000000298023224,0.4000000059604645,0.07999999821186066,0.07999999821186066,2.6282539220755154,42.885859488292176,39.29032258064516
320,static_actor,-14732.093201637268,0.0,7.368272463281755e-07,1.0,1.0,0.0,0.0,9.149589383602143,0.005243003667419544,0.0003,0.0,0.23999999463558197,0.20000000298023224,0.4000000059604645,0.07999999821186066,0.07999999821186066,2.728709156623284,42.81727084099304,39.77956989247311
321,static_actor,-15036.815711021423,0.0,7.368272463281755e-07,1.0,1.0,0.0,0.0,8.545032274723052,0.013448889087885618,0.0003,0.0,0.23999999463558197,0.20000000298023224,0.4000000059604645,0.07999999821186066,0.07999999821186066,1.247872368658606,41.82044896368776,39.98924731182796
322,static_actor,-14761.762617111206,0.0,7.368272463281755e-07,1.0,1.0,0.0,0.0,8.004736721515656,-0.0018874522880651056,0.0003,0.0,0.23999999463558197,0.20000000298023224,0.4000000059604645,0.07999999821186066,0.07999999821186066,-0.0017515740911709812,43.058128713034684,40.10752688172043
323,static_actor,-14912.803594112396,0.0,7.368272463281755e-07,1.0,1.0,0.0,0.0,7.832422721385956,-0.005456264970962366,0.0003,0.0,0.23999999463558197,0.20000000298023224,0.4000000059604645,0.07999999821186066,0.07999999821186066,2.779257676605777,41.266175951771665,39.83333333333333
324,static_actor,-14946.961488723755,0.0,7.368272463281755e-07,1.0,1.0,0.0,0.0,8.418798744678497,0.0031297975125198717,0.0003,0.0,0.23999999463558197,0.20000000298023224,0.4000000059604645,0.07999999821186066,0.07999999821186066,1.3037960211173398,42.162984902630875,40.215053763440864
325,static_actor,-14970.794749736786,0.0,7.368272463281755e-07,1.0,1.0,0.0,0.0,8.428324377536773,-0.0011313659022562205,0.0003,0.0,0.23999999463558197,0.20000000298023224,0.4000000059604645,0.07999999821186066,0.07999999821186066,2.8867864369812963,42.353314861725636,40.043010752688176
326,static_actor,-14576.075776576996,0.0,7.368272463281755e-07,1.0,1.0,0.0,0.0,8.25674148797989,0.012574267001764384,0.0003,0.0,0.23999999463558197,0.20000000298023224,0.4000000059604645,0.07999999821186066,0.07999999821186066,1.2074815333994329,41.746266350854995,39.483870967741936
327,static_actor,-14743.345056533813,0.0,7.368272463281755e-07,1.0,1.0,0.0,0.0,9.659477066993713,0.007033321096969303,0.0003,0.0,0.23999999463558197,0.20000000298023224,0.4000000059604645,0.07999999821186066,0.07999999821186066,1.620721357095866,42.22327876945852,40.123655913978496
328,static_actor,-14700.920655727386,0.0,7.368272463281755e-07,1.0,1.0,0.0,0.0,8.220642149448395,0.0022567743915715257,0.0003,0.0,0.23999999463558197,0.20000000298023224,0.4000000059604645,0.07999999821186066,0.07999999821186066,2.566520647233727,41.5153908888844,39.284946236559136
329,static_actor,-14661.91672039032,0.0,7.368272463281755e-07,1.0,1.0,0.0,0.0,8.323774254322052,-0.00021670876594725996,0.0003,0.0,0.23999999463558197,0.20000000298023224,0.4000000059604645,0.07999999821186066,0.07999999821186066,2.639185770071394,41.211391503879064,38.98924731182796
330,static_actor,-14759.762739658356,0.0,7.368272463281755e-07,1.0,1.0,0.0,0.0,8.804536533355712,0.015506827313220128,0.0003,0.0,0.23999999463558197,0.20000000298023224,0.4000000059604645,0.07999999821186066,0.07999999821186066,2.9805757339314836,43.175279893986364,39.365591397849464
331,static_actor,-14466.823041915894,0.0,7.368272463281755e-07,1.0,1.0,0.0,0.0,9.162485587596894,0.00762367955994705,0.0003,0.0,0.23999999463558197,0.20000000298023224,0.4000000059604645,0.07999999821186066,0.07999999821186066,1.323442014943807,43.08939817409686,38.564516129032256
332,static_actor,-14781.024260520935,0.0,7.368272463281755e-07,1.0,1.0,0.0,0.0,9.145615804195405,0.0029864237789297477,0.0003,0.0,0.23999999463558197,0.20000000298023224,0.4000000059604645,0.07999999821186066,0.07999999821186066,4.465857041304886,42.92883450105778,39.25806451612903
333,static_actor,-14557.398523807526,0.0,7.368272463281755e-07,1.0,1.0,0.0,0.0,8.526261460781097,0.0015355478622950613,0.0003,0.0,0.23999999463558197,0.20000000298023224,0.4000000059604645,0.07999999821186066,0.07999999821186066,3.5343486652209455,42.328941791183524,38.516129032258064
334,static_actor,-14609.147793293,0.0,7.368272463281755e-07,1.0,1.0,0.0,0.0,8.530983781814575,0.0030996099245385266,0.0003,0.0,0.23999999463558197,0.20000000298023224,0.4000000059604645,0.07999999821186066,0.07999999821186066,3.360152495539041,42.44537218522642,39.02150537634409
335,static_actor,-14697.493296146393,0.0,7.368272463281755e-07,1.0,1.0,0.0,0.0,9.171791172027588,-0.0005766613976447843,0.0003,0.0,0.23999999463558197,0.20000000298023224,0.4000000059604645,0.07999999821186066,0.07999999821186066,4.254116453245616,43.57459199097924,39.35483870967742
336,static_actor,-14781.11658000946,0.0,7.368272463281755e-07,1.0,1.0,0.0,0.0,8.773300755023957,0.007022722409965354,0.0003,0.0,0.23999999463558197,0.20000000298023224,0.4000000059604645,0.07999999821186066,0.07999999821186066,2.7515700986290192,42.65911532191505,39.17204301075269
337,static_actor,-14693.713407993317,0.0,7.368272463281755e-07,1.0,1.0,0.0,0.0,9.972620046138763,0.0073899640934541825,0.0003,0.0,0.23999999463558197,0.20000000298023224,0.4000000059604645,0.07999999821186066,0.07999999821186066,2.145148351312874,42.50637249386645,39.043010752688176
338,static_actor,-14616.903829574585,0.0,7.368272463281755e-07,1.0,1.0,0.0,0.0,10.758013761043548,0.018580549549369607,0.0003,0.0,0.23999999463558197,0.20000000298023224,0.4000000059604645,0.07999999821186066,0.07999999821186066,4.885437529829768,42.65963176549599,38.60215053763441
339,static_actor,-14288.699128627777,0.0,7.368272463281755e-07,1.0,1.0,0.0,0.0,10.181894207000733,0.008599401370156556,0.0003,0.0,0.23999999463558197,0.20000000298023224,0.4000000059604645,0.07999999821186066,0.07999999821186066,5.720572799974464,42.99011022142902,37.666666666666664
340,static_actor,-14446.698199748993,0.0,7.368272463281755e-07,1.0,1.0,0.0,0.0,9.558061146736145,0.002500656136544421,0.0003,0.0,0.23999999463558197,0.20000000298023224,0.4000000059604645,0.07999999821186066,0.07999999821186066,2.510144389156523,41.57053063008934,38.043010752688176
341,static_actor,-14436.22818660736,0.0,7.368272463281755e-07,1.0,1.0,0.0,0.0,9.322004497051239,-0.0015045622283651027,0.0003,0.0,0.23999999463558197,0.20000000298023224,0.4000000059604645,0.07999999821186066,0.07999999821186066,4.488886044688182,42.45774183533007,38.21505376344086
342,static_actor,-14395.185423851013,0.0,7.368272463281755e-07,1.0,1.0,0.0,0.0,10.098423385620118,0.014841468825670745,0.0003,0.0,0.23999999463558197,0.20000000298023224,0.4000000059604645,0.07999999821186066,0.07999999821186066,3.819626848169974,43.023401128966235,38.13978494623656
343,static_actor,-14692.271880626678,0.0,7.368272463281755e-07,1.0,1.0,0.0,0.0,10.015795373916626,0.0034382703648589085,0.0003,0.0,0.23999999463558197,0.20000000298023224,0.4000000059604645,0.07999999821186066,0.07999999821186066,4.165485683681318,42.562792774961366,39.04838709677419
344,static_actor,-14409.288709640503,0.0,7.368272463281755e-07,1.0,1.0,0.0,0.0,10.392676448822021,0.009023191896267236,0.0003,0.0,0.23999999463558197,0.20000000298023224,0.4000000059604645,0.07999999821186066,0.07999999821186066,3.813979455295162,41.571083264635824,37.72043010752688
345,static_actor,-14271.435649394989,0.0,7.368272463281755e-07,1.0,1.0,0.0,0.0,9.647704911231994,0.009379461924254429,0.0003,0.0,0.23999999463558197,0.20000000298023224,0.4000000059604645,0.07999999821186066,0.07999999821186066,5.7948656882014395,43.805886854721656,37.68279569892473
346,static_actor,-14239.00973701477,0.0,7.368272463281755e-07,1.0,1.0,0.0,0.0,9.490921485424042,0.0015099781754543073,0.0003,0.0,0.23999999463558197,0.20000000298023224,0.4000000059604645,0.07999999821186066,0.07999999821186066,5.985185385189536,41.540072025086474,37.33870967741936
347,static_actor,-14199.32257270813,0.0,7.368272463281755e-07,1.0,1.0,0.0,0.0,9.781083524227142,0.0031636456566047854,0.0003,0.0,0.23999999463558197,0.20000000298023224,0.4000000059604645,0.07999999821186066,0.07999999821186066,4.873310183519178,42.26816259937179,37.90860215053763
348,static_actor,-14240.189908027649,0.0,7.368272463281755e-07,1.0,1.0,0.0,0.0,10.414924228191376,0.012082811352956923,0.0003,0.0,0.23999999463558197,0.20000000298023224,0.4000000059604645,0.07999999821186066,0.07999999821186066,3.8013149771549313,42.75177621339383,37.89784946236559
349,static_actor,-14148.21677350998,0.0,7.368272463281755e-07,1.0,1.0,0.0,0.0,11.208319103717804,0.012570475322718266,0.0003,0.0,0.23999999463558197,0.20000000298023224,0.4000000059604645,0.07999999821186066,0.07999999821186066,5.905990333940049,42.56432726995918,37.04838709677419
350,static_actor,-14085.282061100006,0.0,7.368272463281755e-07,1.0,1.0,0.0,0.0,10.738149285316467,0.002867275578319095,0.0003,0.0,0.23999999463558197,0.20000000298023224,0.4000000059604645,0.07999999821186066,0.07999999821186066,4.520173202180122,42.898486269577674,37.23118279569893
351,static_actor,-13998.496006011963,0.0,7.368272463281755e-07,1.0,1.0,0.0,0.0,10.51364895105362,0.008416782058338868,0.0003,0.0,0.23999999463558197,0.20000000298023224,0.4000000059604645,0.07999999821186066,0.07999999821186066,6.7095639435431735,42.45017582796735,36.91935483870968
352,static_actor,-13998.057631015778,0.0,7.368272463281755e-07,1.0,1.0,0.0,0.0,9.621202158927918,0.001056495207012631,0.0003,0.0,0.23999999463558197,0.20000000298023224,0.4000000059604645,0.07999999821186066,0.07999999821186066,6.14143411136838,44.0565195268555,36.90322580645161
353,static_actor,-14096.401099681854,0.0,7.368272463281755e-07,1.0,1.0,0.0,0.0,11.621703040599822,0.019586712174532294,0.0003,0.0,0.23999999463558197,0.20000000298023224,0.4000000059604645,0.07999999821186066,0.07999999821186066,4.78845209548615,42.60553565373048,37.38709677419355
354,static_actor,-13920.718225002289,0.0,7.368272463281755e-07,1.0,1.0,0.0,0.0,9.704478895664215,0.0079316806019051,0.0003,0.0,0.23999999463558197,0.20000000298023224,0.4000000059604645,0.07999999821186066,0.07999999821186066,4.903777896883548,42.47577099915112,36.87096774193549
355,static_actor,-14348.862196445465,0.0,7.368272463281755e-07,1.0,1.0,0.0,0.0,11.702667844295501,0.004508708545472473,0.0003,0.0,0.23999999463558197,0.20000000298023224,0.4000000059604645,0.07999999821186066,0.07999999821186066,6.380188145777285,44.13420626186015,37.844086021505376
356,static_actor,-13906.921123981476,0.0,7.368272463281755e-07,1.0,1.0,0.0,0.0,11.62921608686447,0.0057925094166421335,0.0003,0.0,0.23999999463558197,0.20000000298023224,0.4000000059604645,0.07999999821186066,0.07999999821186066,5.753463339964257,42.591599659203965,37.01075268817205
357,static_actor,-13913.658032894135,0.0,7.368272463281755e-07,1.0,1.0,0.0,0.0,11.625455069541932,0.008796483156766044,0.0003,0.0,0.23999999463558197,0.20000000298023224,0.4000000059604645,0.07999999821186066,0.07999999821186066,6.620937119052446,43.98976499969922,36.806451612903224
358,static_actor,-13992.299926280975,0.0,7.368272463281755e-07,1.0,1.0,0.0,0.0,11.062707996368408,0.008632044961450447,0.0003,0.0,0.23999999463558197,0.20000000298023224,0.4000000059604645,0.07999999821186066,0.07999999821186066,5.918003586063268,44.48590305323303,36.76881720430107
359,static_actor,-14297.609004497528,0.0,7.368272463281755e-07,1.0,1.0,0.0,0.0,9.927491402626037,0.0008196299408155028,0.0003,0.0,0.23999999463558197,0.20000000298023224,0.4000000059604645,0.07999999821186066,0.07999999821186066,5.654872795153811,43.33107592231895,37.41935483870968
360,static_actor,-14287.146461486816,0.0,7.368272463281755e-07,1.0,1.0,0.0,0.0,9.322295558452605,0.0022977549724600976,0.0003,0.0,0.23999999463558197,0.20000000298023224,0.4000000059604645,0.07999999821186066,0.07999999821186066,5.134241195723869,43.145646511151625,37.17204301075269
361,static_actor,-14052.336258888245,0.0,7.368272463281755e-07,1.0,1.0,0.0,0.0,10.3774804353714,0.0081238913568086,0.0003,0.0,0.23999999463558197,0.20000000298023224,0.4000000059604645,0.07999999821186066,0.07999999821186066,6.245420764830905,42.289004814160826,36.72043010752688
362,static_actor,-14007.979735851288,0.0,7.368272463281755e-07,1.0,1.0,0.0,0.0,10.592210602760314,0.005471460614353418,0.0003,0.0,0.23999999463558197,0.20000000298023224,0.4000000059604645,0.07999999821186066,0.07999999821186066,6.193393405884874,43.23123886076342,36.596774193548384
363,static_actor,-14062.986976623535,0.0,7.368272463281755e-07,1.0,1.0,0.0,0.0,11.297608709335327,0.012780485901748762,0.0003,0.0,0.23999999463558197,0.20000000298023224,0.4000000059604645,0.07999999821186066,0.07999999821186066,5.727645398484258,42.448457241130974,37.016129032258064
364,static_actor,-13890.792983531952,0.0,7.368272463281755e-07,1.0,1.0,0.0,0.0,9.82042317390442,0.0028879890262032857,0.0003,0.0,0.23999999463558197,0.20000000298023224,0.4000000059604645,0.07999999821186066,0.07999999821186066,6.240128532701779,42.559341378101706,35.983870967741936
365,static_actor,-13994.540273189545,0.0,7.368272463281755e-07,1.0,1.0,0.0,0.0,9.94990133047104,0.025271882698871196,0.0003,0.0,0.23999999463558197,0.20000000298023224,0.4000000059604645,0.07999999821186066,0.07999999821186066,5.399898153021053,43.131327413151396,36.41935483870968
366,static_actor,-13996.906831264496,0.0,7.368272463281755e-07,1.0,1.0,0.0,0.0,9.529866695404053,0.006768731857300736,0.0003,0.0,0.23999999463558197,0.20000000298023224,0.4000000059604645,0.07999999821186066,0.07999999821186066,5.489551300825877,42.526167964680184,36.145161290322584
367,static_actor,-13894.734142303467,0.0,7.368272463281755e-07,1.0,1.0,0.0,0.0,13.815881371498108,0.01402411724848207,0.0003,0.0,0.23999999463558197,0.20000000298023224,0.4000000059604645,0.07999999821186066,0.07999999821186066,6.370219739900835,42.63800662707343,35.8494623655914
368,static_actor,-13705.278121471405,0.0,7.368272463281755e-07,1.0,1.0,0.0,0.0,12.336601638793946,0.013500798707354988,0.0003,0.0,0.23999999463558197,0.20000000298023224,0.4000000059604645,0.07999999821186066,0.07999999821186066,4.471566477968263,42.2914072180927,35.892473118279575
369,static_actor,-14245.839383602142,0.0,7.368272463281755e-07,1.0,1.0,0.0,0.0,10.807442545890808,0.010772486848509288,0.0003,0.0,0.23999999463558197,0.20000000298023224,0.4000000059604645,0.07999999821186066,0.07999999821186066,6.593225986300301,42.62393307881614,36.61827956989248
370,static_actor,-13794.770076274872,0.0,7.368272463281755e-07,1.0,1.0,0.0,0.0,12.852628231048584,0.013607475871685893,0.0003,0.0,0.23999999463558197,0.20000000298023224,0.4000000059604645,0.07999999821186066,0.07999999821186066,5.641590143136817,41.691712645515025,35.994623655913976
371,static_actor,-13943.414598464966,0.0,7.368272463281755e-07,1.0,1.0,0.0,0.0,12.935123872756957,0.01100618272248539,0.0003,0.0,0.23999999463558197,0.20000000298023224,0.4000000059604645,0.07999999821186066,0.07999999821186066,5.587279879914595,41.85242924644343,36.053763440860216
372,static_actor,-14033.063771724701,0.0,7.368272463281755e-07,1.0,1.0,0.0,0.0,11.614817190170289,0.015387310409278144,0.0003,0.0,0.23999999463558197,0.20000000298023224,0.4000000059604645,0.07999999821186066,0.07999999821186066,4.60400460387065,41.04802073818974,36.752688172043015
373,static_actor,-14015.896269321442,0.0,7.368272463281755e-07,1.0,1.0,0.0,0.0,12.085381650924683,0.019092205143533648,0.0003,0.0,0.23999999463558197,0.20000000298023224,0.4000000059604645,0.07999999821186066,0.07999999821186066,3.6861307125313054,42.901481569317916,36.27956989247312
374,static_actor,-13937.850678443909,0.0,7.368272463281755e-07,1.0,1.0,0.0,0.0,11.788307499885558,0.017382382578216494,0.0003,0.0,0.23999999463558197,0.20000000298023224,0.4000000059604645,0.07999999821186066,0.07999999821186066,4.182231734268454,41.782829339318624,36.84946236559139
375,static_actor,-14157.28179359436,0.0,7.368272463281755e-07,1.0,1.0,0.0,0.0,12.13108139038086,0.049484377854969355,0.0003,0.0,0.23999999463558197,0.20000000298023224,0.4000000059604645,0.07999999821186066,0.07999999821186066,5.465577401933912,42.03764649101365,36.89784946236559
376,static_actor,-13966.419853687286,0.0,7.368272463281755e-07,1.0,1.0,0.0,0.0,13.613885426521302,0.015818647834399256,0.0003,0.0,0.23999999463558197,0.20000000298023224,0.4000000059604645,0.07999999821186066,0.07999999821186066,6.792253884128422,42.612978398524206,36.51075268817204
377,static_actor,-14033.868845462799,0.0,7.368272463281755e-07,1.0,1.0,0.0,0.0,13.622087121009827,0.022476782713783904,0.0003,0.0,0.23999999463558197,0.20000000298023224,0.4000000059604645,0.07999999821186066,0.07999999821186066,5.963649575622921,42.347067951607684,36.435483870967744
378,static_actor,-13908.932305812836,0.0,7.368272463281755e-07,1.0,1.0,0.0,0.0,11.586735248565674,0.01673305220901966,0.0003,0.0,0.23999999463558197,0.20000000298023224,0.4000000059604645,0.07999999821186066,0.07999999821186066,6.745839998136237,43.505681239336,36.344086021505376
379,static_actor,-14037.081197738647,0.0,7.368272463281755e-07,1.0,1.0,0.0,0.0,11.432859063148499,0.02040753725086688,0.0003,0.0,0.23999999463558197,0.20000000298023224,0.4000000059604645,0.07999999821186066,0.07999999821186066,3.699625795983378,41.84456832411592,36.645161290322584
380,static_actor,-13941.297095775604,0.0,7.368272463281755e-07,1.0,1.0,0.0,0.0,12.259091210365295,0.011589928640387371,0.0003,0.0,0.23999999463558197,0.20000000298023224,0.4000000059604645,0.07999999821186066,0.07999999821186066,2.8728272740296315,42.20343722409768,36.93010752688172
381,static_actor,-14118.989359378815,0.0,7.368272463281755e-07,1.0,1.0,0.0,0.0,11.928543496131898,0.03462843591696583,0.0003,0.0,0.23999999463558197,0.20000000298023224,0.4000000059604645,0.07999999821186066,0.07999999821186066,2.9285312910239516,41.9315979830312,37.086021505376344
382,static_actor,-14217.106716156006,0.0,7.368272463281755e-07,1.0,1.0,0.0,0.0,10.599185848236084,0.016998662275712208,0.0003,0.0,0.23999999463558197,0.20000000298023224,0.4000000059604645,0.07999999821186066,0.07999999821186066,3.211282468446773,41.02893947671093,37.1989247311828
383,static_actor,-13753.263622760773,0.0,7.368272463281755e-07,1.0,1.0,0.0,0.0,11.133432483673095,0.01970572275167797,0.0003,0.0,0.23999999463558197,0.20000000298023224,0.4000000059604645,0.07999999821186066,0.07999999821186066,5.488991671821366,41.8192347471979,36.32795698924731
384,static_actor,-13830.649237632751,0.0,7.368272463281755e-07,1.0,1.0,0.0,0.0,11.195985460281372,0.0187737813491367,0.0003,0.0,0.23999999463558197,0.20000000298023224,0.4000000059604645,0.07999999821186066,0.07999999821186066,5.581488080466852,42.289073949674425,36.177419354838705
385,static_actor,-13932.560138225555,0.0,7.368272463281755e-07,1.0,1.0,0.0,0.0,11.102568054199219,0.015955766837578267,0.0003,0.0,0.23999999463558197,0.20000000298023224,0.4000000059604645,0.07999999821186066,0.07999999821186066,7.3502856615808,43.85019790890819,36.16129032258065
386,static_actor,-13935.342976093292,0.0,7.368272463281755e-07,1.0,1.0,0.0,0.0,12.221365070343017,0.019081614693277515,0.0003,0.0,0.23999999463558197,0.20000000298023224,0.4000000059604645,0.07999999821186066,0.07999999821186066,3.8215784420927887,42.20689208935798,36.24731182795699
387,static_actor,-13951.046961784363,0.0,7.368272463281755e-07,1.0,1.0,0.0,0.0,12.143536400794982,0.022600410314043983,0.0003,0.0,0.23999999463558197,0.20000000298023224,0.4000000059604645,0.07999999821186066,0.07999999821186066,6.585448605958841,42.91524200021244,36.10215053763441
388,static_actor,-13896.73421382904,0.0,7.368272463281755e-07,1.0,1.0,0.0,0.0,12.57478220462799,0.013970099785365165,0.0003,0.0,0.23999999463558197,0.20000000298023224,0.4000000059604645,0.07999999821186066,0.07999999821186066,5.7954426277401225,41.87183562233589,36.112903225806456
389,static_actor,-13734.439733028412,0.0,7.368272463281755e-07,1.0,1.0,0.0,0.0,12.884441471099853,0.014368573785759509,0.0003,0.0,0.23999999463558197,0.20000000298023224,0.4000000059604645,0.07999999821186066,0.07999999821186066,5.150474102406791,41.95916413577247,35.87096774193548
390,static_actor,-13794.75308084488,0.0,7.368272463281755e-07,1.0,1.0,0.0,0.0,11.789769172668457,0.014583266441695742,0.0003,0.0,0.23999999463558197,0.20000000298023224,0.4000000059604645,0.07999999821186066,0.07999999821186066,5.0257748715140815,42.924601312441666,35.736559139784944
391,static_actor,-14014.226548194885,0.0,7.368272463281755e-07,1.0,1.0,0.0,0.0,11.903236174583435,0.018102019361685963,0.0003,0.0,0.23999999463558197,0.20000000298023224,0.4000000059604645,0.07999999821186066,0.07999999821186066,6.110131372184459,43.04880091321957,36.26881720430107
392,static_actor,-13865.03424024582,0.0,7.368272463281755e-07,1.0,1.0,0.0,0.0,11.819567227363587,0.017288748981081882,0.0003,0.0,0.23999999463558197,0.20000000298023224,0.4000000059604645,0.07999999821186066,0.07999999821186066,5.676493752600288,42.99780661294765,36.03225806451613
393,static_actor,-13693.852962970734,0.0,7.368272463281755e-07,1.0,1.0,0.0,0.0,12.520735120773315,0.02081062725628726,0.0003,0.0,0.23999999463558197,0.20000000298023224,0.4000000059604645,0.07999999821186066,0.07999999821186066,6.075737018698167,42.634433092028075,35.946236559139784
394,static_actor,-13644.24962759018,0.0,7.368272463281755e-07,1.0,1.0,0.0,0.0,13.848890686035157,0.02725786085211439,0.0003,0.0,0.23999999463558197,0.20000000298023224,0.4000000059604645,0.07999999821186066,0.07999999821186066,4.497438911387914,42.21002058867007,35.67204301075269
395,static_actor,-13631.807215452194,0.0,7.368272463281755e-07,1.0,1.0,0.0,0.0,12.240365266799927,0.02417258160421625,0.0003,0.0,0.23999999463558197,0.20000000298023224,0.4000000059604645,0.07999999821186066,0.07999999821186066,4.571956078671282,42.69546154809937,35.66666666666667
396,static_actor,-13606.948561668396,0.0,7.368272463281755e-07,1.0,1.0,0.0,0.0,12.558909058570862,0.026548534817629844,0.0003,0.0,0.23999999463558197,0.20000000298023224,0.4000000059604645,0.07999999821186066,0.07999999821186066,5.2259691010182285,40.64321142482804,35.06989247311828
397,static_actor,-13584.34527349472,0.0,7.368272463281755e-07,1.0,1.0,0.0,0.0,12.580081343650818,0.021061712433584033,0.0003,0.0,0.23999999463558197,0.20000000298023224,0.4000000059604645,0.07999999821186066,0.07999999821186066,6.145946970037781,41.80448289389885,35.40322580645161
398,static_actor,-13570.137808799744,0.0,7.368272463281755e-07,1.0,1.0,0.0,0.0,12.77248136997223,0.017480661839363164,0.0003,0.0,0.23999999463558197,0.20000000298023224,0.4000000059604645,0.07999999821186066,0.07999999821186066,5.235294521193782,43.19665841705883,35.333333333333336
399,static_actor,-13542.256731510162,0.0,7.368272463281755e-07,1.0,1.0,0.0,0.0,15.421581745147705,0.025080718908429844,0.0003,0.0,0.23999999463558197,0.20000000298023224,0.4000000059604645,0.07999999821186066,0.07999999821186066,6.761519546500551,42.335209350877484,35.204301075268816
400,static_actor,-13506.530976295471,0.0,7.368272463281755e-07,1.0,1.0,0.0,0.0,14.49892086982727,0.02302172964118654,0.0003,0.0,0.23999999463558197,0.20000000298023224,0.4000000059604645,0.07999999821186066,0.07999999821186066,6.191533046515193,43.43850605893979,34.844086021505376
401,static_actor,-13455.689908027649,0.0,7.368272463281755e-07,1.0,1.0,0.0,0.0,12.264245104789733,0.019592448968978715,0.0003,0.0,0.23999999463558197,0.20000000298023224,0.4000000059604645,0.07999999821186066,0.07999999821186066,6.186634803066236,42.83698403180324,34.876344086021504
402,static_actor,-13445.912721157074,0.0,7.368272463281755e-07,1.0,1.0,0.0,0.0,12.85638177394867,0.017319507558568148,0.0003,0.0,0.23999999463558197,0.20000000298023224,0.4000000059604645,0.07999999821186066,0.07999999821186066,6.669740856723422,43.3552757780133,34.60215053763441
403,static_actor,-13569.77834224701,0.0,7.368272463281755e-07,1.0,1.0,0.0,0.0,16.267662239074706,0.032954971387516706,0.0003,0.0,0.23999999463558197,0.20000000298023224,0.4000000059604645,0.07999999821186066,0.07999999821186066,7.659033502335724,43.35899610528202,34.553763440860216
404,static_actor,-13391.80081319809,0.0,7.368272463281755e-07,1.0,1.0,0.0,0.0,13.26172890663147,0.015072663126920816,0.0003,0.0,0.23999999463558197,0.20000000298023224,0.4000000059604645,0.07999999821186066,0.07999999821186066,7.89420351671654,43.70080538642513,34.483870967741936
405,static_actor,-13328.091473579407,0.0,7.368272463281755e-07,1.0,1.0,0.0,0.0,15.524021983146667,0.026710396775160915,0.0003,0.0,0.23999999463558197,0.20000000298023224,0.4000000059604645,0.07999999821186066,0.07999999821186066,6.151532969108228,42.39908621126255,34.46774193548387
406,static_actor,-13217.144508361816,0.0,7.368272463281755e-07,1.0,1.0,0.0,0.0,13.066887664794923,0.02358586380141787,0.0003,0.0,0.23999999463558197,0.20000000298023224,0.4000000059604645,0.07999999821186066,0.07999999821186066,7.778994507746116,42.938857779389224,33.99462365591398
407,static_actor,-13344.542174816132,0.0,7.368272463281755e-07,1.0,1.0,0.0,0.0,13.851851511001588,0.023873394325346454,0.0003,0.0,0.23999999463558197,0.20000000298023224,0.4000000059604645,0.07999999821186066,0.07999999821186066,6.8291818161902995,42.64139199221273,34.46236559139785
408,static_actor,-13416.41796207428,0.0,7.368272463281755e-07,1.0,1.0,0.0,0.0,13.72936475276947,0.01855103069683537,0.0003,0.0,0.23999999463558197,0.20000000298023224,0.4000000059604645,0.07999999821186066,0.07999999821186066,7.425083622860784,43.01491011889023,34.39784946236559
409,static_actor,-13382.905050754547,0.0,7.368272463281755e-07,1.0,1.0,0.0,0.0,12.734105443954467,0.022864669274713378,0.0003,0.0,0.23999999463558197,0.20000000298023224,0.4000000059604645,0.07999999821186066,0.07999999821186066,6.794157617432854,41.9203480753865,34.58064516129033
410,static_actor,-13491.781226873398,0.0,7.368272463281755e-07,1.0,1.0,0.0,0.0,13.88052077293396,0.023856169859936927,0.0003,0.0,0.23999999463558197,0.20000000298023224,0.4000000059604645,0.07999999821186066,0.07999999821186066,6.998143544250713,42.66346761610758,34.45161290322581
411,static_actor,-13299.66747379303,0.0,7.368272463281755e-07,1.0,1.0,0.0,0.0,14.321322965621949,0.029331991064827888,0.0003,0.0,0.23999999463558197,0.20000000298023224,0.4000000059604645,0.07999999821186066,0.07999999821186066,6.623999456795028,43.39558606676466,34.806451612903224
412,static_actor,-13448.63258266449,0.0,7.368272463281755e-07,1.0,1.0,0.0,0.0,13.728371596336364,0.0318465951597318,0.0003,0.0,0.23999999463558197,0.20000000298023224,0.4000000059604645,0.07999999821186066,0.07999999821186066,7.60851012847983,41.77282369776616,35.05913978494624
413,static_actor,-13195.498939037323,0.0,7.368272463281755e-07,1.0,1.0,0.0,0.0,14.513835525512695,0.02512736509961542,0.0003,0.0,0.23999999463558197,0.20000000298023224,0.4000000059604645,0.07999999821186066,0.07999999821186066,6.3264656564446895,42.13902111283711,34.236559139784944
414,static_actor,-13402.015533447266,0.0,7.368272463281755e-07,1.0,1.0,0.0,0.0,14.71213502883911,0.042712153763568496,0.0003,0.0,0.23999999463558197,0.20000000298023224,0.4000000059604645,0.07999999821186066,0.07999999821186066,7.001637989948294,42.17947994652143,34.26881720430108
415,static_actor,-13403.429388046265,0.0,7.368272463281755e-07,1.0,1.0,0.0,0.0,16.406950187683105,0.03712281913612969,0.0003,0.0,0.23999999463558197,0.20000000298023224,0.4000000059604645,0.07999999821186066,0.07999999821186066,8.718260844786375,42.97359311216534,34.38709677419355
416,static_actor,-13296.421473503113,0.0,7.368272463281755e-07,1.0,1.0,0.0,0.0,15.279390835762024,0.02859509760164656,0.0003,0.0,0.23999999463558197,0.20000000298023224,0.4000000059604645,0.07999999821186066,0.07999999821186066,9.095155643572719,43.39239717440243,34.053763440860216
417,static_actor,-13426.31696844101,0.0,7.368272463281755e-07,1.0,1.0,0.0,0.0,16.296635818481445,0.04274270773748867,0.0003,0.0,0.23999999463558197,0.20000000298023224,0.4000000059604645,0.07999999821186066,0.07999999821186066,7.345528572979172,43.328419214933625,34.31720430107527
418,static_actor,-13435.654681682587,0.0,7.368272463281755e-07,1.0,1.0,0.0,0.0,16.141587829589845,0.056276219425490125,0.0003,0.0,0.23999999463558197,0.20000000298023224,0.4000000059604645,0.07999999821186066,0.07999999821186066,6.880341165022723,43.326027313026096,34.63440860215054
419,static_actor,-13252.82948589325,0.0,7.368272463281755e-07,1.0,1.0,0.0,0.0,13.99038348197937,0.04326241189264692,0.0003,0.0,0.23999999463558197,0.20000000298023224,0.4000000059604645,0.07999999821186066,0.07999999821186066,7.766256367547557,44.26634706757317,34.52688172043011
420,static_actor,-13339.88411951065,0.0,7.368272463281755e-07,1.0,1.0,0.0,0.0,14.954151034355164,0.03451104690539068,0.0003,0.0,0.23999999463558197,0.20000000298023224,0.4000000059604645,0.07999999821186066,0.07999999821186066,7.270247471825994,42.32001918978747,34.40860215053764
421,static_actor,-13434.083607673645,0.0,7.368272463281755e-07,1.0,1.0,0.0,0.0,14.601745653152467,0.029452085797674953,0.0003,0.0,0.23999999463558197,0.20000000298023224,0.4000000059604645,0.07999999821186066,0.07999999821186066,8.582870892265904,43.68889217139028,34.575268817204304
422,static_actor,-13480.455928325653,0.0,7.368272463281755e-07,1.0,1.0,0.0,0.0,15.252231812477111,0.0367824839631794,0.0003,0.0,0.23999999463558197,0.20000000298023224,0.4000000059604645,0.07999999821186066,0.07999999821186066,7.518134464012165,42.90110026441227,34.876344086021504
423,static_actor,-13485.32188463211,0.0,7.368272463281755e-07,1.0,1.0,0.0,0.0,13.954470586776733,0.027569703504968856,0.0003,0.0,0.23999999463558197,0.20000000298023224,0.4000000059604645,0.07999999821186066,0.07999999821186066,7.345586157007525,43.4137372074706,34.49462365591398
424,static_actor,-13594.691951751709,0.0,7.368272463281755e-07,1.0,1.0,0.0,0.0,14.83105776309967,0.024775705428328364,0.0003,0.0,0.23999999463558197,0.20000000298023224,0.4000000059604645,0.07999999821186066,0.07999999821186066,7.459162280186786,43.135987756833195,34.83870967741935
425,static_actor,-13366.593168735504,0.0,7.368272463281755e-07,1.0,1.0,0.0,0.0,14.17622685432434,0.02945653035421856,0.0003,0.0,0.23999999463558197,0.20000000298023224,0.4000000059604645,0.07999999821186066,0.07999999821186066,6.657427797647491,43.86493484917743,34.36021505376344
426,static_actor,-13374.056102275848,0.0,7.368272463281755e-07,1.0,1.0,0.0,0.0,13.973130631446839,0.03729790433790185,0.0003,0.0,0.23999999463558197,0.20000000298023224,0.4000000059604645,0.07999999821186066,0.07999999821186066,8.3831812655068,43.76220403681246,34.51075268817204
427,static_actor,-13367.762047290802,0.0,7.368272463281755e-07,1.0,1.0,0.0,0.0,13.714730262756348,0.02870207706873771,0.0003,0.0,0.23999999463558197,0.20000000298023224,0.4000000059604645,0.07999999821186066,0.07999999821186066,8.439544797414424,44.07378630165463,34.284946236559136
428,static_actor,-13432.164498806,0.0,7.368272463281755e-07,1.0,1.0,0.0,0.0,14.518703413009643,0.03335104816796956,0.0003,0.0,0.23999999463558197,0.20000000298023224,0.4000000059604645,0.07999999821186066,0.07999999821186066,9.206900194617958,43.578910844375564,34.67204301075269
429,static_actor,-13356.918386936188,0.0,7.368272463281755e-07,1.0,1.0,0.0,0.0,14.200073313713073,0.03411402949132025,0.0003,0.0,0.23999999463558197,0.20000000298023224,0.4000000059604645,0.07999999821186066,0.07999999821186066,8.59407920023738,44.32405397804197,34.17741935483871
430,static_actor,-13435.48653793335,0.0,7.368272463281755e-07,1.0,1.0,0.0,0.0,15.747750234603881,0.03413355656521162,0.0003,0.0,0.23999999463558197,0.20000000298023224,0.4000000059604645,0.07999999821186066,0.07999999821186066,8.918224294445928,43.77715885750843,34.13440860215054
431,static_actor,-13392.409121990204,0.0,7.368272463281755e-07,1.0,1.0,0.0,0.0,13.932008957862854,0.03587137194117531,0.0003,0.0,0.23999999463558197,0.20000000298023224,0.4000000059604645,0.07999999821186066,0.07999999821186066,8.717829649490964,44.33782357537822,34.20967741935484
432,static_actor,-13430.505981445312,0.0,7.368272463281755e-07,1.0,1.0,0.0,0.0,14.942444968223572,0.03400020999251865,0.0003,0.0,0.23999999463558197,0.20000000298023224,0.4000000059604645,0.07999999821186066,0.07999999821186066,8.530779679160972,43.245292795877475,34.31182795698925
433,static_actor,-13397.094397068024,0.0,7.368272463281755e-07,1.0,1.0,0.0,0.0,15.07154848575592,0.030114015098661184,0.0003,0.0,0.23999999463558197,0.20000000298023224,0.4000000059604645,0.07999999821186066,0.07999999821186066,7.212462031969784,42.718289596032065,34.13978494623656
434,static_actor,-13328.918763160706,0.0,7.368272463281755e-07,1.0,1.0,0.0,0.0,16.354422402381896,0.03238288383436157,0.0003,0.0,0.23999999463558197,0.20000000298023224,0.4000000059604645,0.07999999821186066,0.07999999821186066,6.927197012680206,42.87951875823574,34.24731182795699
435,static_actor,-13215.419595241547,0.0,7.368272463281755e-07,1.0,1.0,0.0,0.0,14.62164340019226,0.028418825642438604,0.0003,0.0,0.23999999463558197,0.20000000298023224,0.4000000059604645,0.07999999821186066,0.07999999821186066,7.562475359210389,42.65721306682476,34.215053763440864
436,static_actor,-13467.378864765167,0.0,7.368272463281755e-07,1.0,1.0,0.0,0.0,14.483912587165833,0.03689640751690604,0.0003,0.0,0.23999999463558197,0.20000000298023224,0.4000000059604645,0.07999999821186066,0.07999999821186066,7.691149796580829,42.76324206165369,34.6505376344086
437,static_actor,-13355.457637786865,0.0,7.368272463281755e-07,1.0,1.0,0.0,0.0,15.518948221206665,0.04876519837271189,0.0003,0.0,0.23999999463558197,0.20000000298023224,0.4000000059604645,0.07999999821186066,0.07999999821186066,8.109699407042225,43.04838631600491,34.24193548387097
438,static_actor,-13439.232916355133,0.0,7.368272463281755e-07,1.0,1.0,0.0,0.0,15.721985554695129,0.04194149240738625,0.0003,0.0,0.23999999463558197,0.20000000298023224,0.4000000059604645,0.07999999821186066,0.07999999821186066,8.904259167045812,42.77346717213775,33.97311827956989
439,static_actor,-13496.01773738861,0.0,7.368272463281755e-07,1.0,1.0,0.0,0.0,14.91552197933197,0.04059650908457115,0.0003,0.0,0.23999999463558197,0.20000000298023224,0.4000000059604645,0.07999999821186066,0.07999999821186066,8.272558460205714,43.54359260342452,34.52150537634409
440,static_actor,-13409.555510520935,0.0,7.368272463281755e-07,1.0,1.0,0.0,0.0,15.637363624572753,0.048124584939796475,0.0003,0.0,0.23999999463558197,0.20000000298023224,0.4000000059604645,0.07999999821186066,0.07999999821186066,8.181940614042496,42.902919006303335,34.30107526881721
441,static_actor,-13090.964195728302,0.0,7.368272463281755e-07,1.0,1.0,0.0,0.0,15.793557333946229,0.03198609606479295,0.0003,0.0,0.23999999463558197,0.20000000298023224,0.4000000059604645,0.07999999821186066,0.07999999821186066,6.802463079552709,42.49895384257363,34.18817204301075
442,static_actor,-13377.606210708618,0.0,7.368272463281755e-07,1.0,1.0,0.0,0.0,14.734908366203308,0.03336856159003219,0.0003,0.0,0.23999999463558197,0.20000000298023224,0.4000000059604645,0.07999999821186066,0.07999999821186066,7.377377754722319,42.29310321061089,34.50537634408602
443,static_actor,-13295.175951480865,0.0,7.368272463281755e-07,1.0,1.0,0.0,0.0,14.97446653842926,0.03053075784991961,0.0003,0.0,0.23999999463558197,0.20000000298023224,0.4000000059604645,0.07999999821186066,0.07999999821186066,7.608437622670728,43.00608804764655,34.39247311827957
444,static_actor,-13397.296894311905,0.0,7.368272463281755e-07,1.0,1.0,0.0,0.0,14.648117709159852,0.0431761213199934,0.0003,0.0,0.23999999463558197,0.20000000298023224,0.4000000059604645,0.07999999821186066,0.07999999821186066,7.94345217955134,43.048311997893464,34.61827956989247
445,static_actor,-13268.462203979492,0.0,7.368272463281755e-07,1.0,1.0,0.0,0.0,16.847876453399657,0.043011341945384626,0.0003,0.0,0.23999999463558197,0.20000000298023224,0.4000000059604645,0.07999999821186066,0.07999999821186066,6.561136057858813,42.28746097117266,34.27956989247312
446,static_actor,-13373.144068717957,0.0,7.368272463281755e-07,1.0,1.0,0.0,0.0,14.981852698326112,0.03192205508457846,0.0003,0.0,0.23999999463558197,0.20000000298023224,0.4000000059604645,0.07999999821186066,0.07999999821186066,6.0802196025681186,41.990273092696206,34.564516129032256
447,static_actor,-13236.092184066772,0.0,7.368272463281755e-07,1.0,1.0,0.0,0.0,16.519206285476685,0.03504856932559051,0.0003,0.0,0.23999999463558197,0.20000000298023224,0.4000000059604645,0.07999999821186066,0.07999999821186066,6.9871710111810215,43.46655529933018,34.306451612903224
448,static_actor,-13211.766337394714,0.0,7.368272463281755e-07,1.0,1.0,0.0,0.0,14.948495817184448,0.03540387872344582,0.0003,0.0,0.23999999463558197,0.20000000298023224,0.4000000059604645,0.07999999821186066,0.07999999821186066,7.0943460887383845,43.17768172375598,34.25806451612903
449,static_actor,-13422.995876312256,0.0,7.368272463281755e-07,1.0,1.0,0.0,0.0,14.817405200004577,0.03166103710536845,0.0003,0.0,0.23999999463558197,0.20000000298023224,0.4000000059604645,0.07999999821186066,0.07999999821186066,8.577631487384455,42.885590429438935,34.25268817204301
450,static_actor,-13337.286615371704,0.0,7.368272463281755e-07,1.0,1.0,0.0,0.0,14.45983121395111,0.045090915853870685,0.0003,0.0,0.23999999463558197,0.20000000298023224,0.4000000059604645,0.07999999821186066,0.07999999821186066,7.497354664948583,42.80998388982297,34.5
451,static_actor,-13399.339796543121,0.0,7.368272463281755e-07,1.0,1.0,0.0,0.0,13.919261240959168,0.05133350822143257,0.0003,0.0,0.23999999463558197,0.20000000298023224,0.4000000059604645,0.07999999821186066,0.07999999821186066,6.96946518260065,43.132830168777964,34.69892473118279
452,static_actor,-13546.17837381363,0.0,7.368272463281755e-07,1.0,1.0,0.0,0.0,14.37816379070282,0.03937596967725767,0.0003,0.0,0.23999999463558197,0.20000000298023224,0.4000000059604645,0.07999999821186066,0.07999999821186066,8.17982849963319,43.679708959637445,34.63978494623656
453,static_actor,-13361.076416015625,0.0,7.368272463281755e-07,1.0,1.0,0.0,0.0,15.54534215927124,0.04702887143212138,0.0003,0.0,0.23999999463558197,0.20000000298023224,0.4000000059604645,0.07999999821186066,0.07999999821186066,6.983219365698385,43.854266375079504,34.63440860215054
454,static_actor,-13374.844716072083,0.0,7.368272463281755e-07,1.0,1.0,0.0,0.0,15.172133255004884,0.04581019505858421,0.0003,0.0,0.23999999463558197,0.20000000298023224,0.4000000059604645,0.07999999821186066,0.07999999821186066,6.324139696121696,42.769975804741655,34.543010752688176
455,static_actor,-13268.616573810577,0.0,7.368272463281755e-07,1.0,1.0,0.0,0.0,16.441333651542664,0.03750671400339343,0.0003,0.0,0.23999999463558197,0.20000000298023224,0.4000000059604645,0.07999999821186066,0.07999999821186066,6.106353350776314,42.990770659535364,34.24193548387097
456,static_actor,-13332.360988616943,0.0,7.368272463281755e-07,1.0,1.0,0.0,0.0,16.174226093292237,0.03734733622404747,0.0003,0.0,0.23999999463558197,0.20000000298023224,0.4000000059604645,0.07999999821186066,0.07999999821186066,5.223209104005154,42.860592885819244,34.596774193548384
457,static_actor,-13367.428340435028,0.0,7.368272463281755e-07,1.0,1.0,0.0,0.0,16.92432689666748,0.03903640218777582,0.0003,0.0,0.23999999463558197,0.20000000298023224,0.4000000059604645,0.07999999821186066,0.07999999821186066,6.239736145931215,43.49989704166292,34.182795698924735
458,static_actor,-13294.209652423859,0.0,7.368272463281755e-07,1.0,1.0,0.0,0.0,16.86848075389862,0.03758111615316011,0.0003,0.0,0.23999999463558197,0.20000000298023224,0.4000000059604645,0.07999999821186066,0.07999999821186066,4.890893661661009,42.479430703379585,35.193548387096776
459,static_actor,-13369.50526046753,0.0,7.368272463281755e-07,1.0,1.0,0.0,0.0,14.693396615982056,0.04355046080308966,0.0003,0.0,0.23999999463558197,0.20000000298023224,0.4000000059604645,0.07999999821186066,0.07999999821186066,5.832539729952208,42.4735318083185,35.04301075268817
460,static_actor,-13283.14202451706,0.0,7.368272463281755e-07,1.0,1.0,0.0,0.0,14.772245860099792,0.032580695714568716,0.0003,0.0,0.23999999463558197,0.20000000298023224,0.4000000059604645,0.07999999821186066,0.07999999821186066,7.448393733856676,43.07826392494374,34.274193548387096
461,static_actor,-13161.677659988403,0.0,7.368272463281755e-07,1.0,1.0,0.0,0.0,17.031052947044373,0.03193106000326225,0.0003,0.0,0.23999999463558197,0.20000000298023224,0.4000000059604645,0.07999999821186066,0.07999999821186066,5.755604274384986,42.55621881403808,34.225806451612904
462,static_actor,-13275.116035461426,0.0,7.368272463281755e-07,1.0,1.0,0.0,0.0,18.680808591842652,0.043637617153581235,0.0003,0.0,0.23999999463558197,0.20000000298023224,0.4000000059604645,0.07999999821186066,0.07999999821186066,4.576537930670586,41.738808087355174,34.725806451612904
463,static_actor,-13377.335244178772,0.0,7.368272463281755e-07,1.0,1.0,0.0,0.0,15.301990008354187,0.04720399002544582,0.0003,0.0,0.23999999463558197,0.20000000298023224,0.4000000059604645,0.07999999821186066,0.07999999821186066,5.6149912517934,42.559089919028395,34.795698924731184
464,static_actor,-13468.692943572998,0.0,7.368272463281755e-07,1.0,1.0,0.0,0.0,15.41739182472229,0.03890273092720235,0.0003,0.0,0.23999999463558197,0.20000000298023224,0.4000000059604645,0.07999999821186066,0.07999999821186066,5.388866769661701,42.27772690806207,34.46774193548387
465,static_actor,-13286.756747245789,0.0,7.368272463281755e-07,1.0,1.0,0.0,0.0,16.342391419410706,0.036845627743605294,0.0003,0.0,0.23999999463558197,0.20000000298023224,0.4000000059604645,0.07999999821186066,0.07999999821186066,5.444946418312785,41.6718383738576,34.44086021505377
466,static_actor,-13423.177544593811,0.0,7.368272463281755e-07,1.0,1.0,0.0,0.0,15.590512752532959,0.039356418969691734,0.0003,0.0,0.23999999463558197,0.20000000298023224,0.4000000059604645,0.07999999821186066,0.07999999821186066,5.950521963756093,43.46705713516745,34.817204301075265
467,static_actor,-13415.555017709732,0.0,7.368272463281755e-07,1.0,1.0,0.0,0.0,15.8615243434906,0.04830850574508076,0.0003,0.0,0.23999999463558197,0.20000000298023224,0.4000000059604645,0.07999999821186066,0.07999999821186066,4.646149035904328,42.615813655468955,34.99462365591398
468,static_actor,-13362.642525672913,0.0,7.368272463281755e-07,1.0,1.0,0.0,0.0,17.474317693710326,0.039774680114351216,0.0003,0.0,0.23999999463558197,0.20000000298023224,0.4000000059604645,0.07999999821186066,0.07999999821186066,4.59115091351634,42.66557753856423,35.13978494623656
469,static_actor,-13282.448183059692,0.0,7.368272463281755e-07,1.0,1.0,0.0,0.0,16.90439944267273,0.032256560944369995,0.0003,0.0,0.23999999463558197,0.20000000298023224,0.4000000059604645,0.07999999821186066,0.07999999821186066,2.96658667974792,42.322302960506335,34.48924731182796
470,static_actor,-13348.702481746674,0.0,7.368272463281755e-07,1.0,1.0,0.0,0.0,16.790848302841187,0.03400680945123895,0.0003,0.0,0.23999999463558197,0.20000000298023224,0.4000000059604645,0.07999999821186066,0.07999999821186066,4.3630118057344385,43.01396379350511,34.88172043010753
471,static_actor,-13327.497945070267,0.0,7.368272463281755e-07,1.0,1.0,0.0,0.0,16.417010021209716,0.04177948701544665,0.0003,0.0,0.23999999463558197,0.20000000298023224,0.4000000059604645,0.07999999821186066,0.07999999821186066,5.401326270204316,43.46290434402819,34.403225806451616
472,static_actor,-13204.34397649765,0.0,7.368272463281755e-07,1.0,1.0,0.0,0.0,17.28944401741028,0.03751705809263513,0.0003,0.0,0.23999999463558197,0.20000000298023224,0.4000000059604645,0.07999999821186066,0.07999999821186066,2.9636104465674262,42.17860694876859,35.053763440860216
473,static_actor,-13288.23531627655,0.0,7.368272463281755e-07,1.0,1.0,0.0,0.0,16.251384568214416,0.03826369246089598,0.0003,0.0,0.23999999463558197,0.20000000298023224,0.4000000059604645,0.07999999821186066,0.07999999821186066,4.7868889989924295,43.11996397368948,34.47849462365591
474,static_actor,-13266.541078090668,0.0,7.368272463281755e-07,1.0,1.0,0.0,0.0,14.494346833229065,0.044919600535649806,0.0003,0.0,0.23999999463558197,0.20000000298023224,0.4000000059604645,0.07999999821186066,0.07999999821186066,2.154020262971487,42.7683305441927,34.68817204301075
475,static_actor,-13256.576592445374,0.0,7.368272463281755e-07,1.0,1.0,0.0,0.0,15.944080066680907,0.03784047322551487,0.0003,0.0,0.23999999463558197,0.20000000298023224,0.4000000059604645,0.07999999821186066,0.07999999821186066,5.113480389217403,42.53161027760189,34.56989247311828
476,static_actor,-13340.94412279129,0.0,7.368272463281755e-07,1.0,1.0,0.0,0.0,18.297109007835388,0.042602654901565985,0.0003,0.0,0.23999999463558197,0.20000000298023224,0.4000000059604645,0.07999999821186066,0.07999999821186066,1.7254275480386598,41.459405618773886,34.75806451612903
477,static_actor,-13232.925369262695,0.0,7.368272463281755e-07,1.0,1.0,0.0,0.0,15.176788759231567,0.04557854922022671,0.0003,0.0,0.23999999463558197,0.20000000298023224,0.4000000059604645,0.07999999821186066,0.07999999821186066,3.398162336348266,42.06618670456307,34.274193548387096
478,static_actor,-13254.868092536926,0.0,7.368272463281755e-07,1.0,1.0,0.0,0.0,15.675188541412354,0.0337338794119205,0.0003,0.0,0.23999999463558197,0.20000000298023224,0.4000000059604645,0.07999999821186066,0.07999999821186066,5.201982769566835,42.23581966941678,34.83870967741935
479,static_actor,-13400.364727973938,0.0,7.368272463281755e-07,1.0,1.0,0.0,0.0,15.126902890205383,0.04589762929826975,0.0003,0.0,0.23999999463558197,0.20000000298023224,0.4000000059604645,0.07999999821186066,0.07999999821186066,2.8713281990495934,42.78980123190252,34.63978494623656
480,static_actor,-13462.661748409271,0.0,7.368272463281755e-07,1.0,1.0,0.0,0.0,15.854288554191589,0.049989600712433455,0.0003,0.0,0.23999999463558197,0.20000000298023224,0.4000000059604645,0.07999999821186066,0.07999999821186066,2.2758446105028085,41.90265861392579,35.01075268817204
481,static_actor,-13274.87857723236,0.0,7.368272463281755e-07,1.0,1.0,0.0,0.0,16.349362921714782,0.06039475764846429,0.0003,0.0,0.23999999463558197,0.20000000298023224,0.4000000059604645,0.07999999821186066,0.07999999821186066,1.7710832515430375,40.5512121052087,34.83870967741935
482,static_actor,-13409.117364883423,0.0,7.368272463281755e-07,1.0,1.0,0.0,0.0,16.11185817718506,0.041638614059775134,0.0003,0.0,0.23999999463558197,0.20000000298023224,0.4000000059604645,0.07999999821186066,0.07999999821186066,1.5811255076186768,42.43387665863048,34.68279569892473
483,static_actor,-13279.702585220337,0.0,7.368272463281755e-07,1.0,1.0,0.0,0.0,19.216843914985656,0.036417514720233156,0.0003,0.0,0.23999999463558197,0.20000000298023224,0.4000000059604645,0.07999999821186066,0.07999999821186066,3.4315274526975728,40.82628471990487,34.817204301075265
484,static_actor,-13419.082373142242,0.0,7.368272463281755e-07,1.0,1.0,0.0,0.0,17.364526915550233,0.03885034775012173,0.0003,0.0,0.23999999463558197,0.20000000298023224,0.4000000059604645,0.07999999821186066,0.07999999821186066,2.380050365526549,41.40698936915707,34.82795698924731
485,static_actor,-13379.593584537506,0.0,7.368272463281755e-07,1.0,1.0,0.0,0.0,17.02536587715149,0.04990230985567905,0.0003,0.0,0.23999999463558197,0.20000000298023224,0.4000000059604645,0.07999999821186066,0.07999999821186066,1.3114340585649107,41.302429746015065,35.1505376344086
486,static_actor,-13283.474754333496,0.0,7.368272463281755e-07,1.0,1.0,0.0,0.0,17.003674840927125,0.05012565576471388,0.0003,0.0,0.23999999463558197,0.20000000298023224,0.4000000059604645,0.07999999821186066,0.07999999821186066,2.390231462648095,40.89461453123239,34.623655913978496
487,static_actor,-13309.304555416107,0.0,7.368272463281755e-07,1.0,1.0,0.0,0.0,17.553786706924438,0.03819471868337132,0.0003,0.0,0.23999999463558197,0.20000000298023224,0.4000000059604645,0.07999999821186066,0.07999999821186066,2.338823431353919,41.965216306221635,35.01075268817204
488,static_actor,-13438.812057495117,0.0,7.368272463281755e-07,1.0,1.0,0.0,0.0,16.080490708351135,0.04994458347646287,0.0003,0.0,0.23999999463558197,0.20000000298023224,0.4000000059604645,0.07999999821186066,0.07999999821186066,2.527751592006882,42.04998229423709,34.72043010752689
489,static_actor,-13411.158802986145,0.0,7.368272463281755e-07,1.0,1.0,0.0,0.0,16.817308640480043,0.049534052556555255,0.0003,0.0,0.23999999463558197,0.20000000298023224,0.4000000059604645,0.07999999821186066,0.07999999821186066,2.740748092490925,41.64811245365354,34.90860215053763
490,static_actor,-13229.23712348938,0.0,7.368272463281755e-07,1.0,1.0,0.0,0.0,18.67685387134552,0.048615823726868256,0.0003,0.0,0.23999999463558197,0.20000000298023224,0.4000000059604645,0.07999999821186066,0.07999999821186066,1.7232959724834918,41.084087875372326,34.52150537634409
491,static_actor,-13420.401236534119,0.0,7.368272463281755e-07,1.0,1.0,0.0,0.0,16.88226342201233,0.04074246867094189,0.0003,0.0,0.23999999463558197,0.20000000298023224,0.4000000059604645,0.07999999821186066,0.07999999821186066,2.8976167037032834,40.45160011887997,34.50537634408602
492,static_actor,-13263.268247127533,0.0,7.368272463281755e-07,1.0,1.0,0.0,0.0,15.735959720611572,0.041916534188203514,0.0003,0.0,0.23999999463558197,0.20000000298023224,0.4000000059604645,0.07999999821186066,0.07999999821186066,3.260500716176712,41.95055461195902,34.564516129032256
493,static_actor,-13193.430070877075,0.0,7.368272463281755e-07,1.0,1.0,0.0,0.0,17.41514883041382,0.04934725870607508,0.0003,0.0,0.23999999463558197,0.20000000298023224,0.4000000059604645,0.07999999821186066,0.07999999821186066,2.603890161558576,42.35385501659755,34.13440860215054
494,static_actor,-13199.695130825043,0.0,7.368272463281755e-07,1.0,1.0,0.0,0.0,16.190870380401613,0.04420558518613689,0.0003,0.0,0.23999999463558197,0.20000000298023224,0.4000000059604645,0.07999999821186066,0.07999999821186066,3.3152530319986946,42.481467390905685,34.24731182795699
495,static_actor,-13144.502279281616,0.0,7.368272463281755e-07,1.0,1.0,0.0,0.0,17.954812812805176,0.043267175758956,0.0003,0.0,0.23999999463558197,0.20000000298023224,0.4000000059604645,0.07999999821186066,0.07999999821186066,1.6275199120160802,42.64260758558459,34.73118279569892
496,static_actor,-13398.551076889038,0.0,7.368272463281755e-07,1.0,1.0,0.0,0.0,16.989285826683044,0.054907324723899364,0.0003,0.0,0.23999999463558197,0.20000000298023224,0.4000000059604645,0.07999999821186066,0.07999999821186066,4.3702332574151646,41.965108530526415,34.376344086021504
497,static_actor,-13101.707099437714,0.0,7.368272463281755e-07,1.0,1.0,0.0,0.0,16.779014444351198,0.05268263287143782,0.0003,0.0,0.23999999463558197,0.20000000298023224,0.4000000059604645,0.07999999821186066,0.07999999821186066,3.3633463410259434,41.48260213419375,34.27956989247312
498,static_actor,-13023.185062408447,0.0,7.368272463281755e-07,1.0,1.0,0.0,0.0,16.013609981536867,0.03650240323331673,0.0003,0.0,0.23999999463558197,0.20000000298023224,0.4000000059604645,0.07999999821186066,0.07999999821186066,2.4174465380970385,41.6886869938669,34.39247311827957
499,static_actor,-13189.144853115082,0.0,7.368272463281755e-07,1.0,1.0,0.0,0.0,15.801154398918152,0.04176567845279351,0.0003,0.0,0.23999999463558197,0.20000000298023224,0.4000000059604645,0.07999999821186066,0.07999999821186066,4.4706599893318355,42.98179335324492,34.064516129032256
500,static_actor,-13362.665651798248,0.0,7.368272463281755e-07,1.0,1.0,0.0,0.0,16.911013054847718,0.04512247811071575,0.0003,0.0,0.23999999463558197,0.20000000298023224,0.4000000059604645,0.07999999821186066,0.07999999821186066,3.4321606035776275,41.983104794532466,34.89247311827957
501,router_only,-17952.125921726227,0.5,1.230052176117897,0.598389883339405,0.598389883339405,0.0038653738622087984,0.256142770126462,0.07167211016640067,-0.0006300932829617523,0.0,0.0001,0.2166574105620384,0.1980048671364784,0.2972663439810276,0.1447301972657442,0.14334118738770485,-5.280580923567561,40.775044072419504,48.82258064516129
502,router_only,-18349.18311214447,0.503333330154419,1.237948939204216,0.5925024449825287,0.5925024449825287,0.004717474174685776,0.03834475800395007,0.07914734296500683,0.0020338338892543105,0.0,0.0001,0.20875881798565388,0.1920623082667589,0.29193511679768563,0.1553925361484289,0.15185122787952424,-6.212972036585043,41.61341603704028,49.9247311827957
503,router_only,-19210.13787651062,0.5066666603088379,1.2432370752096176,0.5878258422017097,0.5878258422017097,0.005335606716107577,0.02320460826158524,0.08141450555995107,-0.0015971278578945202,0.0,0.0001,0.20667222402989865,0.18753208890557288,0.28694962337613106,0.15977380350232123,0.15907226204872132,-5.203210625109981,41.63565539138857,51.18817204301075
504,router_only,-19182.380632400513,0.5099999904632568,1.2489921987056731,0.5834978118538856,0.5834978118538856,0.005822837457526475,0.028110942617058737,0.08443526215851307,-0.0011982900614384562,0.0,0.0001,0.20991367138922215,0.19085379801690577,0.2776389829814434,0.15502897426486015,0.16656457856297494,-6.570575871405213,42.176137171052545,51.94086021505376
505,router_only,-18964.79778766632,0.5133333206176758,1.2495583921670914,0.5769303038716316,0.5769303038716316,0.007230815629009157,0.04221503920853134,0.09449632111936808,-0.00030579092272091656,0.0,0.0001,0.20176964104175568,0.18831123411655426,0.2681556694209576,0.15409136153757572,0.18767209723591805,-6.554785620169648,42.07907359836807,51.04301075268817
506,router_only,-19680.883980751038,0.5166666507720947,1.2493529945611954,0.5697423085570336,0.5697423085570336,0.008855023165233433,0.04501348547637468,0.09645699318498373,-0.000598103817901574,0.0,0.0001,0.19781840033829212,0.1799381233751774,0.25797327905893325,0.15977261476218702,0.20449758768081666,-6.277885131708133,41.883048313767105,52.43010752688172
507,router_only,-20175.951895713806,0.5199999809265137,1.237220001220703,0.5641863167285919,0.5641863167285919,0.010634112101979554,0.04632370918989184,0.1144280394539237,-0.0007889409811468795,0.0,0.0001,0.1932562582194805,0.17235885374248028,0.2501407194882631,0.15658473111689092,0.22765944190323353,-6.30799218710313,42.27401699180491,53.27956989247312
508,router_only,-20364.010361671448,0.5233333110809326,1.2297864109277725,0.5583936363458634,0.5583936363458634,0.011886658566072583,0.03184177689254278,0.10401144213974475,-0.0012799503390851896,0.0,0.0001,0.18661451973021032,0.16794626750051975,0.2452741540968418,0.16299322992563248,0.23717182986438273,-7.321378733858541,42.99709203303011,54.01075268817205
509,router_only,-20307.990604400635,0.5266666412353516,1.210539761185646,0.5519348606467247,0.5519348606467247,0.014060583454556764,0.04810579493641856,0.12675552852451802,-0.0006561156769748777,0.0,0.0001,0.17412151023745537,0.16280360668897628,0.2388569287955761,0.1698740903288126,0.25434386879205706,-9.357624743342779,42.53699218606611,54.446236559139784
510,router_only,-21099.858201026917,0.5299999713897705,1.208594274520874,0.5463806867599488,0.5463806867599488,0.0152345257345587,0.024808687716722455,0.10335793849080802,-0.0019325316105096135,0.0,0.0001,0.16874158531427383,0.16282230503857137,0.23485714606940747,0.16684945337474347,0.26672951355576513,-9.695241175555667,42.411850728089085,56.08602150537635
511,router_only,-21063.845311164856,0.5333333611488342,1.1960176229476929,0.5425215363502502,0.5425215363502502,0.016364119201898574,0.025761371478438433,0.12219798024743796,-0.0010643540168530307,0.0,0.0001,0.16234879232943059,0.1589008942246437,0.2322906658053398,0.17378696687519551,0.27267268747091294,-8.77427824962087,42.0194944300348,56.43548387096774
512,router_only,-21082.643084526062,0.5366666913032532,1.1758928716182708,0.5386319726705551,0.5386312261223793,0.018027104809880255,0.034478984773159,0.1183668240904808,-0.0008174103379133158,0.0,0.0001,0.15465481616556645,0.15122865475714206,0.2304173894226551,0.1793054647743702,0.2843936823308468,-9.596375612139164,42.09318524698342,56.22043010752689
513,router_only,-21521.951751708984,0.5400000214576721,1.1688266009092332,0.5332403361797333,0.5332352012395859,0.019441140769049525,0.028900395333766954,0.10487819798290729,-0.0013708130660234018,0.0,0.0001,0.15145378038287163,0.148239791020751,0.2272364765405655,0.17422607503831386,0.2988438755273819,-8.864360235617,41.831956218718894,57.204301075268816
514,router_only,-21630.146270751953,0.5433333516120911,1.1544245839118958,0.5277618020772934,0.5276606842875481,0.021518152579665183,0.03504839986562727,0.1104367446154356,-0.0009102005074964836,0.0,0.0001,0.14738622568547727,0.14461124837398528,0.2214526604861021,0.170181792229414,0.3163680791854858,-11.702717800175831,42.48644938450999,57.78494623655914
515,router_only,-22182.74003124237,0.54666668176651,1.1329830825328826,0.5222609356045723,0.5217474088072777,0.023517818981781603,0.03489524684846407,0.10494812335819007,-0.0008094217781035695,0.0,0.0001,0.14227338656783103,0.1378711901605129,0.2158579308539629,0.1776228740811348,0.32637461721897126,-10.46221174221236,42.88792436982593,58.274193548387096
516,router_only,-22499.633145332336,0.550000011920929,1.1245859742164612,0.5192790448665618,0.5185337170958519,0.024392683804035187,0.016059035062789884,0.11311954241245985,-0.00172888309971313,0.0,0.0001,0.14134117141366004,0.1362001307308674,0.21043169237673282,0.18458849489688872,0.32743851840496063,-12.554762341114204,42.84657951023414,59.52150537634409
517,router_only,-22924.684659957886,0.5533333420753479,1.114295169711113,0.5149845600128173,0.5133425548672677,0.025623955763876438,0.015879062935709953,0.10272994991391897,-0.0015656301013223129,0.0,0.0001,0.13883205987513064,0.1350998178124428,0.2061015795916319,0.18507265597581862,0.33489388301968576,-9.6417575229309,43.45218581254654,59.704301075268816
518,router_only,-22750.534008026123,0.5566666722297668,1.1081194221973418,0.5133447751402855,0.5107644304633141,0.025770292896777392,0.007847769930958787,0.11184818353503942,-0.002352499963308219,0.0,0.0001,0.1391280312091112,0.1328821051865816,0.2054127212613821,0.188700570166111,0.3338765695691109,-11.46111088798763,43.83994124271779,59.63978494623656
519,router_only,-22769.07166671753,0.5600000023841858,1.105012059211731,0.5120457947254181,0.509363180398941,0.02589582772925496,0.014917933940887446,0.10938783772289754,-0.0018443170560203726,0.0,0.0001,0.13761911429464818,0.13146064803004265,0.2045821461826563,0.19615953974425793,0.33017855435609816,-11.14387706808986,41.91763788920462,59.70967741935483
520,router_only,-22542.18590259552,0.5633333325386047,1.1100848227739335,0.5084515437483788,0.5048090219497681,0.026607963209971785,0.011212471500039123,0.10207494851201773,-0.001645180134437396,0.0,0.0001,0.13544273041188717,0.1317086171358824,0.2011522941291332,0.1995605058968067,0.33213585466146467,-12.487670512146737,43.41030222806961,59.483870967741936
521,router_only,-23401.713233947754,0.5666666626930237,1.1136376351118087,0.5052267357707023,0.5007585197687149,0.0268970999866724,0.004691428691148802,0.10057474505156279,-0.0024234340222392347,0.0,0.0001,0.13565591163933277,0.13159130327403545,0.19892389439046382,0.20139790885150433,0.33243098556995393,-10.299452757468416,43.30861753357639,60.45698924731183
522,router_only,-22881.805736541748,0.5699999928474426,1.1050905138254166,0.5036174520850182,0.4980482243001461,0.027406198950484396,0.01754532027989622,0.1037889864295721,-0.0016279359166219364,0.0,0.0001,0.1345959048718214,0.12763258423656226,0.1973728310316801,0.21017056852579116,0.3302281141281128,-11.059853270717165,43.13993912275285,59.96236559139785
523,router_only,-23381.607082366943,0.5733333230018616,1.0828495413064956,0.5035873174667358,0.49456716179847715,0.028744524670764805,0.02134199645370241,0.10572709403932094,-0.0013184080729843118,0.0,0.0001,0.13171645887196065,0.12300524897873402,0.19420861303806305,0.215590850263834,0.33547882959246633,-12.38851163896154,42.39044264459208,60.725806451612904
524,router_only,-23445.28607940674,0.5766666531562805,1.084257334470749,0.5022258475422859,0.4915105506777763,0.0289244229439646,0.018319789133965925,0.10910329334437847,-0.0027453146285552066,0.0,0.0001,0.12840511314570904,0.12501274030655624,0.19261480495333672,0.22274325378239154,0.3312240891158581,-13.088560688329556,44.39545953885648,61.22043010752688
525,router_only,-23366.884450912476,0.5799999833106995,1.0792207688093185,0.5018301337957383,0.4886658899486065,0.02980003724806011,0.011746061965823201,0.09776402618736028,-0.0017707391678413841,0.0,0.0001,0.12574567161500455,0.12474985290318727,0.18966409862041472,0.22498414851725101,0.3348562210798264,-12.890423837185002,42.84693740785263,61.096774193548384
526,router_only,-23541.397393226624,0.5833333134651184,1.0713720053434372,0.5016048513352871,0.4845520846545696,0.03099031150341034,0.022961538098752482,0.10831417366862298,-0.0024311472225235775,0.0,0.0001,0.12564806416630744,0.12078669071197509,0.1876199685037136,0.21960828341543676,0.3463369943201542,-12.936543805308684,42.136206867726834,61.17741935483871
527,router_only,-23812.796151161194,0.5866666436195374,1.0748735517263412,0.4999477446079254,0.48044721484184266,0.030929797561839223,0.006344886310398562,0.09506264440715313,-0.0022623612720053645,0.0,0.0001,0.12593055721372365,0.1203951496630907,0.1872326008975506,0.2224982339888811,0.3439434602856636,-11.864880403165028,43.15722540973002,61.25806451612903
528,router_only,-23893.30711364746,0.5899999737739563,1.0776099145412446,0.4986480675637722,0.4775080054998398,0.03147199009545147,0.008384772948920718,0.10046986881643534,-0.0026462718891707483,0.0,0.0001,0.12389820758253337,0.1210598872974515,0.18571306467056276,0.22185773700475692,0.3474711127579212,-12.740090768014875,43.44462571728604,61.586021505376344
529,router_only,-23689.790811538696,0.5933333039283752,1.0829744458198547,0.4971296742558479,0.47562867030501366,0.03231417993083596,0.025870789028704155,0.10195271298289299,-0.0028991164041144656,0.0,0.0001,0.12330348882824183,0.12154805958271027,0.18479277044534684,0.21043735258281232,0.35991833209991453,-12.805960674986228,41.89068562658867,61.586021505376344
530,router_only,-23572.986337661743,0.596666693687439,1.074490138888359,0.49692236036062243,0.4714124478399754,0.03428721902891994,0.03648391198366885,0.10801932588219643,-0.002168576706753811,0.0,0.0001,0.12195198349654675,0.11730249784886837,0.18263916969299315,0.1999460630118847,0.3781602866947651,-12.248377576717957,42.55178360700103,61.49462365591398
531,router_only,-23709.880867004395,0.6000000238418579,1.0694075167179107,0.49801736176013944,0.46805810928344727,0.03555819634348154,0.026886146888136883,0.09947238080203533,-0.00234642151845037,0.0,0.0001,0.12160023488104343,0.11558208242058754,0.18189756013453007,0.18931676559150218,0.39160336256027223,-11.60793514774306,42.507716825832546,61.854838709677416
532,router_only,-24201.878247261047,0.6033333539962769,1.0498260468244554,0.5022004328668117,0.46396460980176923,0.03652828354388475,0.022562499158084393,0.10513071343302727,-0.0015924882885883563,0.0,0.0001,0.11751482952386141,0.11198170259594917,0.1792576115578413,0.20059801563620566,0.39064784720540047,-12.676747760422808,42.76705189989429,62.688172043010745
533,router_only,-24398.036096572876,0.6066666841506958,1.0541830599308013,0.4992540031671524,0.4595482423901558,0.0357728854753077,0.03796796835958961,0.10601695943623782,-0.001845394576957915,0.0,0.0001,0.11602887772023678,0.11186145339161158,0.17792607955634593,0.21958199590444566,0.37460159212350846,-12.524247201827956,43.30979751865512,62.52150537634409
534,router_only,-24678.596450805664,0.6100000143051147,1.0426331430673599,0.5040376923978329,0.4576545111835003,0.035866576433181765,0.018689176999032456,0.09772654222324491,-0.0019261681321950165,0.0,0.0001,0.11467708665877581,0.10958788935095072,0.17747901901602745,0.22892658561468124,0.3693294204771519,-13.139238247254317,43.47866130543922,63.40860215053763
535,router_only,-24432.021883010864,0.6133333444595337,1.0301768362522126,0.5082932949066162,0.45545280501246455,0.03692451808601618,0.01221742033958434,0.09686290565878153,-0.0021918931663094552,0.0,0.0001,0.11242963057011365,0.1072700520977378,0.1759356029331684,0.229220612347126,0.37514410465955733,-12.88098054195258,43.31019908650384,63.10752688172043
536,router_only,-24426.33929347992,0.6166666746139526,1.028369951248169,0.5100332275032997,0.45117911249399184,0.03715604431927204,0.005556385591626134,0.0988463742658496,-0.002713620052963961,0.0,0.0001,0.1126134505495429,0.10618925299495459,0.1746883973479271,0.23181498385965824,0.3746939152479172,-13.236089978710247,42.526280637781646,62.811827956989255
537,router_only,-24511.272241592407,0.6200000047683716,1.0129504770040512,0.5163711026310921,0.44804862216115,0.03837449885904789,0.017024047486484048,0.11310926992446184,0.0009624936617910862,0.0,0.0001,0.11107812188565731,0.10489405374974012,0.17197709977626802,0.22884478643536568,0.38320593982934953,-12.51198421123478,42.429136766593366,63.435483870967744
538,router_only,-24961.10076522827,0.6233333349227905,1.00283013433218,0.5200597584247589,0.4440174654126167,0.039687241334468125,0.01855487525463101,0.10174730923026801,-0.0022762490556488047,0.0,0.0001,0.10897215120494366,0.1037535035982728,0.16945728659629822,0.22533368356525899,0.3924833782017231,-12.416041607732682,42.77930071851517,64.32795698924731
539,router_only,-24726.961277008057,0.6266666650772095,1.0021870970726012,0.5218119978904724,0.44115613028407097,0.04023158429190517,0.00930584222078329,0.10462116133421659,-0.002109498140634969,0.0,0.0001,0.10796938799321651,0.10279322769492864,0.16928931027650834,0.2228117771446705,0.3971362985670567,-13.814485046778449,44.685540644891354,63.55913978494624
540,router_only,-25098.629343032837,0.6299999952316284,1.0003966763615608,0.5233050048351288,0.4383533239364624,0.041390393674373624,0.02610352654010059,0.10588966012001037,-0.0033382042247467325,0.0,0.0001,0.10829612351953984,0.10168504901230335,0.1684085577726364,0.21174894645810127,0.4098613277077675,-14.57758747586565,43.08987340736286,64.19354838709678
541,router_only,-24472.505082130432,0.6333333253860474,1.0094477966427804,0.5215335443615914,0.4356802560389042,0.04151360094547272,0.004546765238046618,0.10053131096065045,-0.002709026163938688,0.0,0.0001,0.10939065292477608,0.10213585197925568,0.16680415123701095,0.21107997074723245,0.41058937832713127,-13.091776147529671,43.38778178121353,63.736559139784944
542,router_only,-24659.530807495117,0.6366666555404663,1.009731736779213,0.5229070544242859,0.4322000741958618,0.04265011753886938,0.028565086424350766,0.09974504616111517,-0.0030301158905785995,0.0,0.0001,0.10979689992964267,0.10346581116318702,0.16521715521812438,0.19838442616164684,0.4231357179582119,-13.271625619037803,43.41872079933887,63.473118279569896
543,router_only,-24533.523007392883,0.6399999856948853,1.0104266107082367,0.523691537976265,0.4304868921637535,0.04311256557703018,0.007241812162101263,0.0954294566065073,-0.002696078104781918,0.0,0.0001,0.1085228955373168,0.10206900350749493,0.16568887792527676,0.19743432961404322,0.4262848988175392,-12.87881624054734,43.43443781527069,63.47849462365591
544,router_only,-24768.535818099976,0.6433333158493042,1.0124415099620818,0.5249167948961257,0.4272398941218853,0.0433183528482914,0.012553680129349182,0.09595258589833974,-0.003132742165325908,0.0,0.0001,0.10776898004114628,0.10168743655085563,0.16778506822884082,0.1922929711639881,0.4304655477404594,-12.995677229931418,43.871633658575185,64.01075268817205
545,router_only,-24762.855167865753,0.6466666460037231,1.008524487912655,0.5259388342499733,0.4244571655988693,0.043649475835263726,0.0149957666173577,0.09484407212585211,-0.001689654692017939,0.0,0.0001,0.10680437535047531,0.09973704982548952,0.16568187326192857,0.19979085437953473,0.42798585072159767,-13.455691947961283,43.614284256816205,64.01075268817205
546,router_only,-25323.64514541626,0.6499999761581421,1.0091486260294915,0.5270826876163482,0.4200576260685921,0.04282367043197155,0.03249308988451957,0.10020403433591127,-0.0023435029295796996,0.0,0.0001,0.10760637558996677,0.09925601501017808,0.16328437104821206,0.2152353972196579,0.4146178409457207,-12.80708565934359,42.23501197883214,65.0
547,router_only,-24971.558628082275,0.653333306312561,1.012399797141552,0.5291913762688637,0.4182486370205879,0.04141911286860704,0.0393373867496848,0.09838549988344311,-0.0030156211265421006,0.0,0.0001,0.109886016510427,0.10089655462652444,0.161289269477129,0.23098391331732274,0.39694425240159037,-13.945553026341745,44.22927082234324,64.85483870967742
548,router_only,-24537.656567573547,0.6566666960716248,1.0034817472100257,0.5362954676151276,0.41800220832228663,0.04116211971268058,0.02263519875705243,0.10953376442193985,-0.002699284005939262,0.0,0.0001,0.10964445285499096,0.1025817908346653,0.15863307267427446,0.24061627686023712,0.38852441385388375,-14.65183035034254,45.199071633906264,63.473118279569896
549,router_only,-24728.87889289856,0.6600000262260437,1.0066154524683952,0.5368002250790596,0.4150618344545364,0.04106159824877977,0.007001882046461086,0.10523899979889392,-0.0029808458115439863,0.0,0.0001,0.1078971141949296,0.1059328718110919,0.1584604237228632,0.23903532288968563,0.38867427334189414,-14.10748687634024,43.299745258597454,64.12903225806451
550,router_only,-24496.83505344391,0.6633333563804626,1.001532456278801,0.5404954314231872,0.4114578992128372,0.04102079253643751,0.013021489605307593,0.10586718320846558,-0.0022811910617747343,0.0,0.0001,0.1052237443625927,0.10826381929218769,0.15799520835280417,0.24321512095630168,0.3853021144866943,-14.490189344809052,43.91277390832035,64.39784946236558
551,router_only,-24875.927171707153,0.6666666865348816,0.9967090263962746,0.5431800425052643,0.4081926167011261,0.04160578940063715,0.00847649089992046,0.09928175769746303,-0.002724161121295765,0.0,0.0001,0.10470502488315106,0.10618493035435676,0.15635456815361976,0.2467768207192421,0.3859786570072174,-13.954388945150143,43.399348540020284,64.43010752688171
552,router_only,-24355.50459766388,0.6700000166893005,0.9979506969451905,0.5426298633217812,0.405180237442255,0.04214538102969527,0.008852429129183298,0.10132063254714012,-0.0026955034878483274,0.0,0.0001,0.10467999186366797,0.10468429215252399,0.15556442365050316,0.24466642290353774,0.3904048725962639,-15.482544041137473,44.29452956705279,63.93010752688172
553,router_only,-24824.161808013916,0.6733333468437195,0.9962206408381462,0.5447153255343438,0.40279378071427346,0.04247214430943132,0.003967973589897186,0.10798623077571393,-0.0026351179665653037,0.0,0.0001,0.1048626696690917,0.10416983924806118,0.1540948912501335,0.24570770263671876,0.39116490334272386,-14.894604648452187,42.77102430014232,64.55376344086021
554,router_only,-24751.327713012695,0.6766666769981384,0.9971577063202858,0.5461828052997589,0.40086850300431254,0.04207482784986496,0.013325270451605309,0.11296564061194658,-0.002966302045206248,0.0,0.0001,0.10564440544694662,0.1057673143222928,0.1529431790113449,0.24999112598598003,0.38565397933125495,-14.601757031814158,44.11479536167529,64.61290322580645
555,router_only,-25106.363277435303,0.6800000071525574,0.9885689109563828,0.5513945773243905,0.3978391423821449,0.04230768959969282,0.014325547777116324,0.11327209826558829,-0.003680304378940491,0.0,0.0001,0.10439484287053347,0.10903027765452862,0.1517514895647764,0.2452696070075035,0.3895537927746773,-14.16061856919553,42.97385548556445,64.54838709677419
556,router_only,-24626.264556884766,0.6833333373069763,0.9867194622755051,0.5541655495762825,0.3954661190509796,0.04218820268288255,0.01114719361066814,0.11046295762062072,-0.0030845372180920093,0.0,0.0001,0.10371698159724474,0.11199295297265052,0.15001779682934285,0.24788052402436733,0.38639174550771715,-15.448796653103217,43.351150965874496,64.28494623655914
557,router_only,-24111.818358421326,0.6866666674613953,0.986183625459671,0.5547646075487137,0.39185210391879083,0.04187018573284149,0.019108504243195074,0.11141171548515558,-0.002282645588456944,0.0,0.0001,0.10445801950991154,0.11386059410870075,0.14792631790041924,0.2548260953277349,0.3789289705455303,-16.261273624198388,43.85220474252515,63.59677419354839
558,router_only,-24615.07098007202,0.6899999976158142,0.9678009420633316,0.5652963057160377,0.39213337525725367,0.04253453901037574,0.017644205689430245,0.11079142224043607,-0.0029445239382766887,0.0,0.0001,0.10530523546040058,0.11214163973927498,0.1468941617757082,0.24875510595738887,0.38690386041998864,-15.925477100039345,43.62580101769904,64.53763440860214
559,router_only,-24495.3054523468,0.6933333277702332,0.967781588435173,0.5663231819868088,0.388973830640316,0.0425592016428709,0.004907924868166436,0.11114014349877835,-0.0029818939190590756,0.0,0.0001,0.103618935495615,0.11391793470829725,0.14708577357232572,0.2479874473065138,0.3873899199068546,-14.10032747699236,43.920574777081754,64.45698924731182
560,router_only,-24632.897283554077,0.6966666579246521,0.9691012293100357,0.5686230912804604,0.3872779317200184,0.04175527086481452,0.010155607014894458,0.11664858013391495,-0.003348120228474727,0.0,0.0001,0.10361686367541552,0.1156875491142273,0.14923092760145665,0.24915047772228718,0.382314183562994,-16.253458857302594,45.63492464347211,64.55913978494624
561,router_only,-24399.849263191223,0.699999988079071,0.9824811816215515,0.56440819054842,0.38495964035391805,0.04008625838905573,0.025249581038951877,0.11132886279374361,-0.004034793582832208,0.0,0.0001,0.10778293628245592,0.1170653834939003,0.15149905681610107,0.2539632312953472,0.36968939229846,-16.53349615630418,45.955566575013,64.25806451612902
562,router_only,-24451.487999916077,0.70333331823349,0.9818059414625168,0.5667595118284225,0.3852209381759167,0.04001905405893922,0.013016531057655822,0.11619565524160862,-0.0037063924042740836,0.0,0.0001,0.10669147782027721,0.12071429006755352,0.15124662034213543,0.24879886247217656,0.3725487530231476,-15.53747371456227,42.43808909806706,64.63440860215054
563,router_only,-23713.45973110199,0.7066666483879089,0.9792511478066445,0.5689682945609092,0.38248435482382775,0.039890965446829796,0.01209747493267059,0.12448286712169647,-0.0034456148627214135,0.0,0.0001,0.10457862336188554,0.12032790053635836,0.1528784405440092,0.25321577712893484,0.3689992569386959,-15.047554564523825,43.05316867226315,63.376344086021504
564,router_only,-24070.804062843323,0.7099999785423279,0.9822765439748764,0.5679882675409317,0.3808213397860527,0.03921568812802434,0.011547773145139162,0.11906418837606907,-0.0029168126966396812,0.0,0.0001,0.10361314713954925,0.12462657112628221,0.15435365960001945,0.25072744488716125,0.3666791819036007,-15.91902397025938,44.73545375650249,64.01075268817205
565,router_only,-23800.39661502838,0.7133333086967468,0.9799875557422638,0.5698399841785431,0.37596685737371444,0.03945548543706536,0.008667637780308712,0.11569362189620733,-0.0027885444098501464,0.0,0.0001,0.10127154532819986,0.12659697644412518,0.1541363440454006,0.24895254112780094,0.3690425932407379,-16.74261370066538,43.220931465234415,63.69892473118279
566,router_only,-23767.421313285828,0.7166666388511658,0.9772771626710892,0.573572301864624,0.37759285271167753,0.03830101750791073,0.024228557571768825,0.12128612231463194,-0.0035141539163305426,0.0,0.0001,0.10135528668761254,0.13043117802590132,0.15555412769317628,0.2557310961186886,0.35692831724882124,-18.126702096688398,44.29946848446656,63.80107526881721
567,router_only,-23781.361889839172,0.7200000286102295,0.9817700743675232,0.5719860032200813,0.3730316758155823,0.03774556582793594,0.015000887401402013,0.1273317165672779,-0.004371477033328119,0.0,0.0001,0.10187366828322411,0.13137627579271793,0.15870057381689548,0.24823065400123595,0.3598188370466232,-17.294891166056768,44.292226955341725,63.586021505376344
568,router_only,-23206.801482200623,0.7233333587646484,0.9820985540747642,0.5726564601063728,0.37279894575476646,0.03771991925314069,0.011810155026614713,0.12223195508122445,-0.003366378418286331,0.0,0.0001,0.10210654996335507,0.13054447192698718,0.1603427290916443,0.24315737672150134,0.3638488739728928,-16.387153775828047,42.908293191956886,62.623655913978496
569,router_only,-23541.671615600586,0.7266666889190674,0.9756126925349236,0.5761184349656105,0.3690019458532333,0.03843467067927122,0.007950713671743881,0.12459913659840822,-0.0027013786020688713,0.0,0.0001,0.10133793838322162,0.13100759722292424,0.15713598616421223,0.24363380149006844,0.366884683072567,-15.479430757215997,44.571954013182626,63.59139784946236
570,router_only,-23664.805633544922,0.7300000190734863,0.9887034088373184,0.5716397956013679,0.36939978674054147,0.0367465615272522,0.02785132918506865,0.12691409904509782,-0.004357761175560882,0.0,0.0001,0.1033794166520238,0.13776311725378038,0.1582569871097803,0.24764146506786347,0.35295901671051977,-16.33923166343793,44.76711700961143,63.7258064516129
571,router_only,-23221.270424842834,0.7333333492279053,0.9875082269310951,0.5726832017302513,0.36613431870937346,0.0375019870698452,0.031365944445133215,0.12255550883710384,-0.0036011409602906496,0.0,0.0001,0.10172835867851973,0.13909173123538493,0.15832782164216042,0.23360955156385899,0.3672425411641598,-17.237035458531313,43.94459718335764,62.82258064516129
572,router_only,-23145.38745689392,0.7366666793823242,0.9747505322098732,0.5789118766784668,0.3613921746611595,0.03759509762749076,0.03567753173410894,0.13362111132591964,-0.0028264359571039677,0.0,0.0001,0.09709658455103636,0.13801527507603167,0.1582659523934126,0.251448317989707,0.3551738753914833,-16.56184653003893,42.86012677069458,63.247311827956985
573,router_only,-22810.65320777893,0.7400000095367432,0.9627123862504959,0.5851119145750999,0.36378251388669014,0.037476218212395905,0.007573306374251784,0.1360192060470581,-0.002749716675316449,0.0,0.0001,0.09538612142205238,0.1386997900903225,0.15939289443194865,0.25342351421713827,0.35309768542647363,-16.24916799040915,43.96531625229097,62.311827956989255
574,router_only,-23223.687430381775,0.7433333396911621,0.9684186309576035,0.5834332451224327,0.35856995210051534,0.03604034809395671,0.03094995822757489,0.13715137150138618,-0.003344625511090271,0.0,0.0001,0.09799240883439779,0.14177914708852768,0.16097106076776982,0.26163468286395075,0.337622706592083,-16.15957833810639,43.927572904380554,62.752688172043015
575,router_only,-22562.112573623657,0.746666669845581,0.9607126876711846,0.5888067737221718,0.35863655284047125,0.03609225749969482,0.018614200130105077,0.14044051580131053,-0.00391413193065091,0.0,0.0001,0.09796688798815012,0.15042736381292343,0.1559986975044012,0.25732546523213384,0.3382815882563591,-17.157625986036532,43.44892031755951,62.193548387096776
576,router_only,-22855.163551330566,0.75,0.9566225111484528,0.5920554757118225,0.35454773604869844,0.03702249126508832,0.011545327492058277,0.13469110168516635,-0.0027061980588769076,0.0,0.0001,0.09710774756968021,0.1484835810959339,0.15302895642817022,0.25882058329880236,0.34255913347005845,-15.912127896508894,43.34855713735445,62.18279569892473
577,router_only,-23037.60401725769,0.753333330154419,0.9608153611421585,0.5903138473629952,0.34948685243725774,0.03726995838806033,0.014150365628302075,0.13556351456791163,-0.002913612792508502,0.0,0.0001,0.09549743626266718,0.1465236719697714,0.15321787111461163,0.2657068528234959,0.33905417248606684,-15.682228420097791,45.05262476516133,62.967741935483865
578,router_only,-23006.57151889801,0.7566666603088379,0.9611543923616409,0.5907531008124352,0.34926612824201586,0.036559894774109127,0.009349362924694987,0.14652145877480507,-0.003414702246664092,0.0,0.0001,0.0946255313232541,0.14715605042874813,0.1572601731866598,0.26503118462860586,0.33592706322669985,-16.9811604699825,43.51867260237616,62.87096774193548
579,router_only,-22821.566390037537,0.7599999904632568,0.9539101645350456,0.5946933880448342,0.3478290304541588,0.035771884769201276,0.01698903180658816,0.14179193899035453,-0.0037877136419410817,0.0,0.0001,0.09207349661737681,0.15325780361890792,0.15949898771941662,0.2651851329952478,0.32998458221554755,-16.529902079626478,43.83068934087281,62.543010752688176
580,router_only,-22813.29593372345,0.7633333206176758,0.9480732887983322,0.5977947056293488,0.34693919494748116,0.03566842274740338,0.01661997009068733,0.14004538487643003,-0.0031047537086124066,0.0,0.0001,0.09182383790612221,0.14607637859880923,0.1642769355326891,0.2687171705067158,0.32910568118095396,-17.289313945790155,44.792256541757794,63.11827956989248
581,router_only,-22579.981355667114,0.7666666507720947,0.9463434979319573,0.5989319056272506,0.34310206547379496,0.03517668452113867,0.03303715158253906,0.14856722578406334,-0.003415938565012766,0.0,0.0001,0.09011047724634409,0.15040524452924728,0.1644095081835985,0.28077430799603464,0.31430046632885933,-16.541554666836188,43.90208603902008,62.33870967741936
582,router_only,-22646.229455947876,0.7699999809265137,0.9476967945694923,0.5993063002824783,0.3454754836857319,0.034164702706038955,0.02204673625528812,0.14867210015654564,-0.0037692663849156816,0.0,0.0001,0.08816644083708525,0.15894588343799115,0.16629802137613298,0.28136852383613586,0.3052211344242096,-16.391175236416874,44.76416745780505,61.88172043010752
583,router_only,-22622.485864639282,0.7733333110809326,0.9344530254602432,0.6080695703625679,0.3419099755585194,0.03531207675114274,0.027303596027195495,0.14266576021909713,-0.0022668768633593572,0.0,0.0001,0.08743857704102993,0.16033199802041054,0.15942605696618556,0.2936342068016529,0.2991691641509533,-16.044956287912008,43.4687774230526,61.95161290322581
584,router_only,-22565.458389282227,0.7766666412353516,0.9446391329169274,0.6040782079100608,0.33541469424963,0.0347558026202023,0.01397745311260222,0.1433659726753831,-0.002525186260754708,0.0,0.0001,0.09112385623157024,0.16342436745762826,0.1578311275690794,0.293845284730196,0.2937753669917583,-16.49942471982299,43.814848933888946,62.1021505376344
585,router_only,-22361.9454164505,0.7799999713897705,0.9399810791015625,0.6068031519651413,0.33917572125792506,0.03443881031125784,0.018983559869229755,0.16242593191564084,-0.00362206693389453,0.0,0.0001,0.08918816279619932,0.1560596503317356,0.1653426367789507,0.2958255559206009,0.2935839980840683,-16.947425232611092,43.47491910734028,62.24193548387097
586,router_only,-22665.37510585785,0.7833333611488342,0.9375413790345192,0.608452881872654,0.3365226715803146,0.03324215086176992,0.038882144913077316,0.15011016577482222,-0.00434715136457271,0.0,0.0001,0.08609117809683084,0.165224801748991,0.1695761051028967,0.2794814720749855,0.2996264547109604,-17.099900659182808,44.514977250368034,62.456989247311824
587,router_only,-22312.739748954773,0.7866666913032532,0.9313545197248458,0.6121567398309707,0.3367343060672283,0.033840046357363464,0.017315304093062867,0.1436419915407896,-0.004120779059303459,0.0,0.0001,0.08461618088185788,0.16403306908905507,0.1685177557170391,0.27454889491200446,0.3082841023802757,-15.956266078505363,41.667995749450085,61.69892473118279
588,router_only,-21985.512504577637,0.7900000214576721,0.9237719148397445,0.616860993206501,0.3299817718565464,0.03431648425757885,0.02524352259933947,0.1426353480666876,-0.0029651692992047176,0.0,0.0001,0.0818885013461113,0.17409157007932663,0.16240397803485393,0.2771121546626091,0.3045037977397442,-15.766456548073752,44.64361440539047,61.376344086021504
589,router_only,-22198.762454986572,0.7933333516120911,0.9103627428412437,0.6253775835037232,0.328316280990839,0.03537789825350046,0.02723270766437054,0.15702491588890552,-0.003325286740664524,0.0,0.0001,0.0814573135226965,0.18249662555754184,0.15240157395601273,0.28232345134019854,0.3013210341334343,-16.55178886122411,44.63676549689341,62.0752688172043
590,router_only,-22418.304166793823,0.79666668176651,0.9053049981594086,0.629022254049778,0.32596259713172915,0.03473874740302563,0.03149675950407982,0.14152844212949275,-0.003379708902866696,0.0,0.0001,0.07962142117321491,0.19388524442911148,0.151645602658391,0.2866832122206688,0.2881645180284977,-17.29304882313352,45.06046834361878,62.44623655913979
591,router_only,-22279.820015907288,0.800000011920929,0.8947800993919373,0.6341076403856277,0.32079571709036825,0.03555466858670116,0.019594969786703595,0.1539468862116337,-0.0030744492993107996,0.0,0.0001,0.0756120866164565,0.18863428831100465,0.15303075537085534,0.28614602237939835,0.29657685458660127,-17.647814632880614,45.616479781053236,62.30107526881721
592,router_only,-21784.21971511841,0.8033333420753479,0.8818897649645805,0.6398774743080139,0.3221473067998886,0.0356972798705101,0.03251087348908181,0.14804471265524627,-0.0029512285684177185,0.0,0.0001,0.07158293053507805,0.19381079599261283,0.1531063973903656,0.2971493065357208,0.2843505710363388,-16.5574422493695,44.65912000955516,60.806451612903224
593,router_only,-22270.52427005768,0.8066666722297668,0.8688856959342957,0.6473317950963974,0.31684721261262894,0.03700403068214655,0.017674818634986877,0.13864095266908408,-0.0010612146319544991,0.0,0.0001,0.0693507868796587,0.19128367193043233,0.1490282565355301,0.297728905826807,0.29260838180780413,-16.68258546568121,44.01820483349551,61.784946236559136
594,router_only,-22091.077807426453,0.8100000023841858,0.8730425223708153,0.6467828199267387,0.31304520517587664,0.03718011882156134,0.029309629090130324,0.1527432708069682,-0.0023401013080729173,0.0,0.0001,0.06991329919546843,0.2053759764879942,0.14114295244216918,0.293963348120451,0.2896044313907623,-17.47457947282233,43.90852737315579,61.98924731182795
595,router_only,-22358.22221183777,0.8133333325386047,0.8726102635264397,0.6483086258172989,0.3110075116157532,0.03796246638521552,0.00983960237354048,0.13735103905200957,-0.001973989928410447,0.0,0.0001,0.06968986988067627,0.20439859479665756,0.1375520873814821,0.2938352219760418,0.2945242315530777,-17.09063402881992,43.74470677860589,61.95698924731183
596,router_only,-22019.24817276001,0.8166666626930237,0.8696416407823563,0.6504014506936073,0.3085967920720577,0.03833378255367279,0.014510945044457962,0.15492431726306677,-0.00215661399270175,0.0,0.0001,0.06825745347887277,0.21100598610937596,0.133965814858675,0.2944832980632782,0.2922874428331852,-16.059848096857902,42.30445729518276,61.424731182795696
597,router_only,-22136.03338432312,0.8199999928474426,0.8620080083608628,0.6541656777262688,0.3065753817558289,0.0386983972042799,0.018958002142608177,0.15472784992307426,-0.001692971063312143,0.0,0.0001,0.06678159013390542,0.20725426450371742,0.13499752506613732,0.30293059423565866,0.28803603202104566,-16.25657909238881,42.960776263146016,61.752688172043015
598,router_only,-22282.49649333954,0.8233333230018616,0.8463352173566818,0.6619690358638763,0.3054370105266571,0.039086648542433974,0.01574554983526466,0.15229798015207052,-0.002607660159264924,0.0,0.0001,0.06536380853503942,0.20757160447537898,0.13436494432389737,0.31048602536320685,0.2822136156260967,-16.00419454387703,43.465203918287706,62.064516129032256
599,router_only,-21856.94071006775,0.8266666531562805,0.8403407663106919,0.6659099966287613,0.2984956666827202,0.039143847301602364,0.017058665119111513,0.14519645031541586,-0.0011203308120457222,0.0,0.0001,0.06477951891720295,0.21074160039424897,0.1335377138108015,0.31584536135196684,0.2750958025455475,-16.371962679596155,44.95716841107718,61.483870967741936
600,router_only,-22214.828615427017,0.8299999833106995,0.839963398873806,0.6672977045178413,0.3006196469068527,0.0380856522358954,0.018406354822218363,0.15520696602761747,-0.0025803726734011435,0.0,0.0001,0.06464198436588049,0.2167213536798954,0.13676114082336427,0.31154548153281214,0.27033004239201547,-15.847469329493114,43.832430632358964,61.59139784946237
601,router_only,-21737.423250198364,0.8333333134651184,0.8190612941980362,0.6775563329458236,0.30246887132525446,0.038627469819039105,0.008293098118156171,0.15017908476293088,-0.0018379103516053875,0.0,0.0001,0.062424594443291424,0.21892419159412385,0.13483198247849942,0.3117120236158371,0.2721072122454643,-16.574958151580944,42.57926739975648,61.47849462365591
602,router_only,-21766.774906158447,0.8366666436195374,0.8158014789223671,0.6798693999648094,0.29723826348781585,0.03749004565179348,0.031937515642493905,0.16592793595045804,-0.002976024168310687,0.0,0.0001,0.060635659471154214,0.23302001245319842,0.1367049179971218,0.30312826484441757,0.2665111467242241,-17.02455974800279,44.63417121602086,61.12365591397849
603,router_only,-21472.04233646393,0.8399999737739563,0.8022141933441163,0.6860460087656974,0.2929059393703938,0.03873269185423851,0.019920429959893217,0.1448209946975112,-0.0010868053563171999,0.0,0.0001,0.05770204775035381,0.23193041570484638,0.13253904916346074,0.30135712698101996,0.2764713615179062,-16.06963190700201,44.65930819224073,60.747311827956985
604,router_only,-21418.855127334595,0.8433333039283752,0.8026699915528297,0.6866054087877274,0.29548722952604295,0.03789946427568793,0.019144016224890953,0.15303027331829072,-0.0018792885850416497,0.0,0.0001,0.056518863420933485,0.23838487938046454,0.1356565948575735,0.2994577094912529,0.26998195648193357,-16.977641940758208,43.66781567370971,60.844086021505376
605,router_only,-21508.764439105988,0.846666693687439,0.7987843438982963,0.6889475539326668,0.2933388814330101,0.03838437283411622,0.013097878545522669,0.1510950630530715,-0.0017483680116129109,0.0,0.0001,0.0572230807505548,0.24381020963191985,0.1307021513581276,0.2998771004378796,0.2683874599635601,-16.541521810122035,44.36022030273563,60.817204301075265
606,router_only,-21695.30275774002,0.8500000238418579,0.7944221943616867,0.6927048221230507,0.28763583302497864,0.03978810543194413,0.023971936199814046,0.15088664088398218,-0.0002586431452073157,0.0,0.0001,0.0556930311024189,0.2371745277196169,0.12688191775232555,0.3054259203374386,0.2748246110975742,-15.351353230724962,43.105077185620345,60.94623655913979
607,router_only,-21609.910106658936,0.8533333539962769,0.7909845501184464,0.6943745255470276,0.2849005706608295,0.03966907700523734,0.012726880982518209,0.1501876674592495,-0.00048051130725070836,0.0,0.0001,0.0547608869150281,0.23259396031498908,0.12986094541847706,0.3045751892030239,0.2782090216875076,-16.463212307129897,44.675088359129155,61.06989247311828
608,router_only,-21643.352412223816,0.8566666841506958,0.7780137225985527,0.7009995251893997,0.28680689036846163,0.038835993595421316,0.022073518484830815,0.15637353174388408,-0.0018009379782597534,0.0,0.0001,0.05290586072951555,0.2406320285052061,0.1328596357256174,0.2996628910303116,0.273939586058259,-16.573094362244685,43.39018788065076,61.12365591397849
609,router_only,-21529.998616218567,0.8600000143051147,0.7781406506896019,0.7011439353227615,0.28565232530236245,0.03810895672068,0.020802005566656664,0.1633567988872528,-0.0015106862469110639,0.0,0.0001,0.05194016322493553,0.24343210235238075,0.1369419012218714,0.30318155586719514,0.2645042821764946,-16.94835774876161,43.71324986002711,61.02150537634409
610,router_only,-21151.67099094391,0.8633333444595337,0.773506635427475,0.7042763605713844,0.2810659997165203,0.03910488095134497,0.011409718450158833,0.1726369759067893,-0.0010722834398620763,0.0,0.0001,0.05143334465101361,0.24477917440235614,0.13174386061728,0.30556229054927825,0.2664813347160816,-16.196775381642517,45.25473130320915,60.40322580645161
611,router_only,-21315.079469680786,0.8666666746139526,0.7603742897510528,0.7109673023223877,0.2763462357223034,0.039994869381189346,0.020657126512378457,0.15524193923920393,-0.0002181494222895708,0.0,0.0001,0.04990862496197224,0.24850931353867053,0.1275281785055995,0.31216071248054506,0.2618931710720062,-16.023952688279923,43.09798811997989,60.376344086021504
612,router_only,-21344.365439414978,0.8700000047683716,0.7554320186376572,0.7129567459225654,0.27623865455389024,0.03992935884743929,0.022876333259046075,0.1583455627784133,-0.0003317680038890103,0.0,0.0001,0.04751436803489924,0.24897620566189288,0.12899779099971057,0.30311680361628535,0.27139483392238617,-16.12353601067692,43.58983355898962,60.913978494623656
613,router_only,-21032.948833465576,0.8733333349227905,0.7539640873670578,0.7135378986597061,0.27453266978263857,0.0395967242307961,0.016581599600613117,0.16548080276697874,-0.0008841701914207078,0.0,0.0001,0.046168635785579684,0.2542132459580898,0.13047042060643435,0.30469793602824213,0.2644497688859701,-16.957106209983234,43.346310718483004,60.34408602150537
614,router_only,-20954.857188224792,0.8766666650772095,0.7432785972952842,0.7185383200645447,0.27219152748584746,0.04007659945636988,0.007029367145150886,0.15528589375317098,-0.00032074777118396014,0.0,0.0001,0.044951296877115965,0.2530999194830656,0.12928640395402907,0.3053663283586502,0.26729606166481973,-17.214713191994196,44.10104556185769,60.27956989247312
615,router_only,-20924.760338783264,0.8799999952316284,0.7400018513202667,0.7203165352344513,0.26645189374685285,0.04116343725472689,0.013113948609679973,0.16266367677599192,0.0003500669845379889,0.0,0.0001,0.043093126453459266,0.2548708599060774,0.12458759415894746,0.3084226183593273,0.26902579963207246,-15.907200796128034,44.72610520460665,59.82795698924731
616,router_only,-21248.696969032288,0.8833333253860474,0.7413497418165207,0.7199015960097312,0.26841300129890444,0.04017174551263451,0.014029174949973869,0.1607586994767189,-0.0002654452073329594,0.0,0.0001,0.04330927086994052,0.25534707829356196,0.12910414375364782,0.3014080338180065,0.27083147764205934,-15.676786857378591,42.45028337099157,60.47849462365591
617,router_only,-21170.337752342224,0.8866666555404663,0.7385402470827103,0.7223130941390992,0.2611657872796059,0.04116320163011551,0.01216713311150669,0.17363118585199117,0.00043220475690759487,0.0,0.0001,0.0442695451900363,0.2555330652743578,0.12302057649940253,0.3033120475709438,0.2738647684454918,-17.178772720899147,42.79072152216055,60.16129032258064
618,router_only,-21624.95142173767,0.8899999856948853,0.7409260854125023,0.7214116424322128,0.2574396185576916,0.042065711319446565,0.01844938574358823,0.16594238430261612,0.0004238800029270351,0.0,0.0001,0.04542237212881446,0.2502964995801449,0.1190324492752552,0.3053901337087154,0.27985854819417,-16.504967221155535,44.36710801474745,61.40322580645161
619,router_only,-20945.775247573853,0.8933333158493042,0.7347566485404968,0.7247484639286995,0.2525175165385008,0.042929434403777125,0.03772588949650528,0.17172741666436195,0.0002713362890062854,0.0,0.0001,0.0448138683103025,0.26577054224908353,0.11095618959516287,0.30877903699874876,0.269680368155241,-16.777407602374993,44.24198415760743,60.37096774193549
620,router_only,-21025.49358177185,0.8966666460037231,0.7221080496907234,0.7296481341123581,0.2526799488812685,0.04312271401286125,0.01066546561196445,0.18013069778680801,-0.0007157956468290649,0.0,0.0001,0.04333262722939253,0.27110327407717705,0.10965534467250108,0.3079740427434444,0.26793471463024615,-16.381939606112425,43.377018736308024,59.973118279569896
621,router_only,-21109.88010406494,0.8999999761581421,0.7336235702037811,0.7241523131728173,0.24896916449069978,0.042482105642557146,0.012952945102006161,0.1745827214792371,-0.0014286200668720995,0.0,0.0001,0.04359672283753753,0.265752873942256,0.11411637123674154,0.30684796944260595,0.26968606412410734,-17.039946851092388,43.681577133479074,60.79032258064516
622,router_only,-20826.10809135437,0.903333306312561,0.7221981808543205,0.729807722568512,0.25220253355801103,0.04207081943750381,0.013706987537443621,0.17220624275505542,0.001226871610924718,0.0,0.0001,0.04305878905579448,0.26847874037921426,0.11614047363400459,0.3089514970779419,0.26337050683796404,-16.97937678563673,44.36223146260258,59.8494623655914
623,router_only,-21309.077248096466,0.9066666960716248,0.7299275413155556,0.726608395576477,0.242447080463171,0.04241825258359313,0.024667658563703343,0.16580642592161893,0.0009288549728807994,0.0,0.0001,0.04306567180901766,0.2561449076980352,0.11776154972612858,0.310443639755249,0.27258423119783404,-16.21015106982345,45.167440933962425,61.13978494623657
624,router_only,-21140.733325004578,0.9100000262260437,0.7233965158462524,0.7295509532094002,0.24644159264862536,0.041818573605269194,0.014327656570822044,0.17450461052358152,0.0004117111639061477,0.0,0.0001,0.0436014580540359,0.2622127205133438,0.11832177639007568,0.3045260101556778,0.27133802995085715,-15.98369804106914,43.39206072536281,60.62903225806452
625,router_only,-20932.15359687805,0.9133333563804626,0.714393763244152,0.7338122054934502,0.24462584517896174,0.04157020421698689,0.005716458056121962,0.18007306903600692,0.0001236576642440923,0.0,0.0001,0.04305462967604399,0.26221796609461306,0.12011410184204578,0.3055866718292236,0.26902663297951224,-16.037987277205275,43.58752500361449,60.026881720430104
626,router_only,-20841.868523597717,0.9166666865348816,0.7032369673252106,0.739804008603096,0.2385617360472679,0.042584757786244154,0.014224348403513373,0.17231792565435172,0.0007311057968763634,0.0,0.0001,0.04121078979223967,0.263714012503624,0.1159055633470416,0.30452687442302706,0.27464275918900966,-15.87503712949358,44.61915132507956,59.54838709677419
627,router_only,-20750.617935180664,0.9200000166893005,0.7104949668049813,0.7360774993896484,0.24138683676719666,0.04166400730609894,0.012597465049475474,0.1749280221760273,0.0008956929072155617,0.0,0.0001,0.041456236969679594,0.2585997827351093,0.12195885181427002,0.30419698655605315,0.2737881474196911,-16.101388266361297,43.01412897155552,59.333333333333336
628,router_only,-20705.333178520203,0.9233333468437195,0.7098716959357262,0.7358568742871284,0.24004922322928907,0.04078237609937787,0.02139699961990125,0.17988992538303136,-0.00032656823968864047,0.0,0.0001,0.04020218169316649,0.2659802071750164,0.1252769285812974,0.2974568344652653,0.2710838563740253,-15.706620282559209,43.174066060848624,59.166666666666664
629,router_only,-20573.416556358337,0.9266666769981384,0.7010960757732392,0.7403139710426331,0.23829131089150907,0.04139464190229773,0.00994792925193911,0.1785579714924097,0.0008513287168398165,0.0,0.0001,0.03700954392552376,0.2642623484134674,0.12521346099674702,0.2977764159440994,0.27573824003338815,-15.819013069163965,43.19115494575603,59.4516129032258
630,router_only,-21005.06637954712,0.9300000071525574,0.6898981139063836,0.7450854927301407,0.23411716371774674,0.04111158074811101,0.0214240975677967,0.1797141434624791,0.0011045488805393688,0.0,0.0001,0.03431840036064386,0.2633762273937464,0.12957886774092914,0.3041230536997318,0.26860345155000687,-15.525111286532539,43.176695445651426,60.086021505376344
631,router_only,-20440.408873558044,0.9333333373069763,0.6875481516122818,0.7451618611812592,0.23047387972474098,0.04101760219782591,0.011342906346544591,0.1732837541028857,0.0020701911962078155,0.0,0.0001,0.031531028309836985,0.26407906524837016,0.1321199968457222,0.3012389749288559,0.2710309401154518,-15.66356130633397,44.36898978263245,59.478494623655905
632,router_only,-20673.161323547363,0.9366666674613953,0.6782664299011231,0.7486405476927758,0.22739483863115312,0.04156024660915136,0.016845028987154384,0.18015372715890407,0.0025820418144576252,0.0,0.0001,0.03068851949647069,0.26021438986063006,0.13164297491312027,0.30966148525476456,0.26779262758791444,-15.324922170887803,42.63584282905343,59.78494623655914
633,router_only,-20650.748787879944,0.9399999976158142,0.6681149691343308,0.7540559396147728,0.22998361028730868,0.041722722444683315,0.01608952591195698,0.1828693315386772,0.0024002921982173575,0.0,0.0001,0.03046361617743969,0.26430501900613307,0.13019146136939524,0.31361562088131906,0.261424283310771,-16.194100944294142,44.60348992710493,59.806451612903224
634,router_only,-20548.101371765137,0.9433333277702332,0.6626513317227364,0.7560019344091415,0.2234975542873144,0.04169228002429008,0.02426905920729038,0.1755630798637867,0.0019679883022035937,0.0,0.0001,0.030585029255598785,0.2612378492951393,0.13041462562978268,0.30454826131463053,0.2732142359018326,-15.558984839583875,44.92149721092245,59.053763440860216
635,router_only,-20617.553174495697,0.9466666579246521,0.6653902366757393,0.755097559094429,0.22218652814626694,0.041608665883541104,0.007104497915133796,0.18781577926129103,0.0016865894009242765,0.0,0.0001,0.03147608046419918,0.2638531237840652,0.1292816326022148,0.3045941852033138,0.27079498060047624,-15.652971570797607,43.536886857796226,59.37096774193549
636,router_only,-20502.140094280243,0.949999988079071,0.6543922021985054,0.7610580340027809,0.22032744511961938,0.042617665510624646,0.022770464094355715,0.19152402523905038,0.0025469031339525826,0.0,0.0001,0.03237653886899352,0.26101643592119217,0.12380118947476149,0.3015260845422745,0.2812797546386719,-15.50119113588733,44.641717019409164,59.41935483870968
637,router_only,-20546.507768154144,0.95333331823349,0.6381663292646408,0.7670246601104737,0.21780843585729598,0.04293574662879109,0.02313017640262847,0.1945758569985628,0.0012565034994622692,0.0,0.0001,0.029925683233886956,0.2722617700695992,0.12111019659787417,0.30184583738446236,0.2748565137386322,-16.15145192787084,43.10550521360517,59.55913978494623
638,router_only,-20459.050149440765,0.9566666483879089,0.6252071380615234,0.7725755214691162,0.21239023506641388,0.04458012795075774,0.019913060357794155,0.1804819878190756,0.0020932257306412795,0.0,0.0001,0.029550719214603303,0.27636773958802224,0.11208186168223619,0.30769639909267427,0.27430328354239464,-15.641481706582203,43.307084553812494,59.17204301075268
639,router_only,-20635.546621322632,0.9599999785423279,0.6164332062005997,0.776353195309639,0.2078026045113802,0.045351691730320456,0.012874525366350989,0.18402720652520657,0.002514756558230147,0.0,0.0001,0.03053429340943694,0.279987721145153,0.10656523536890745,0.30677575916051864,0.27613698691129684,-14.956112076837641,44.93406175083622,59.22043010752688
640,router_only,-20610.790556907654,0.9633333086967468,0.6172146737575531,0.7759619936347008,0.2068417828530073,0.04510611295700073,0.015230103256180856,0.1740047138184309,0.002764715802277351,0.0,0.0001,0.02980775129981339,0.27684778571128843,0.10942592658102512,0.3115301229059696,0.27238841615617276,-15.820982452355803,43.444002042359585,59.60752688172043
641,router_only,-20795.515175819397,0.9666666388511658,0.6123643755912781,0.776926976442337,0.20635131299495696,0.04496920481324196,0.014790240861475436,0.18214869797229766,0.001770211139228195,0.0,0.0001,0.02769014020450413,0.2828793488442898,0.11023642774671316,0.3062526173889637,0.27294147610664365,-15.307238150747121,43.431896580951076,59.5752688172043
642,router_only,-20608.370606422424,0.9700000286102295,0.6073982536792755,0.7789907664060592,0.20447036623954773,0.04440604252740741,0.02395172268152233,0.18830733597278596,0.0021998095115122853,0.0,0.0001,0.027299775229766964,0.27717671506106856,0.11520571950823069,0.31325918436050415,0.2670586109161377,-15.579168700393756,43.57253025639702,59.59139784946237
643,router_only,-20493.912691116333,0.9733333587646484,0.5996019884943962,0.7803835853934288,0.20143634006381034,0.045012222696095706,0.019997973600402418,0.18227952644228934,0.002738329500425607,0.0,0.0001,0.026475265435874463,0.27956613563001154,0.11191619429737329,0.307374232262373,0.27466817684471606,-15.3530284879972,43.656067245170775,59.63978494623656
644,router_only,-20518.967977523804,0.9766666889190674,0.5897016957402229,0.7837019622325897,0.1969412799924612,0.045764927938580516,0.008944554580375547,0.183670574426651,0.0029735438351053745,0.0,0.0001,0.026226719887927175,0.2809574998915195,0.10769245959818363,0.3079038366675377,0.277219482511282,-14.895592871791033,44.34306153144115,59.543010752688176
645,router_only,-20375.261432170868,0.9800000190734863,0.5859185844659806,0.7848799958825111,0.19728455767035485,0.045077433437108995,0.01810333523899324,0.1804567702114582,0.0033332392969896317,0.0,0.0001,0.025667833210900427,0.2812332060188055,0.11207722555845975,0.3122950308024883,0.26872670017182826,-15.950314616354808,43.99020142757312,59.06989247311828
646,router_only,-20517.641654491425,0.9833333492279053,0.5720711916685104,0.7890322998166084,0.1930515795946121,0.045710502471774814,0.016147773014381497,0.19149698689579964,0.00308494891069131,0.0,0.0001,0.022829099930822848,0.28813583999872205,0.10968495309352874,0.3134662859141827,0.26588382199406624,-15.90158622737321,43.32351077920886,59.62903225806452
647,router_only,-20619.275097846985,0.9866666793823242,0.557178121805191,0.7948901697993278,0.1943267684429884,0.04608314409852028,0.01863025347702202,0.1807496789842844,0.0034104702695913146,0.0,0.0001,0.021667492436245085,0.2931468039751053,0.10836259666830302,0.3177704498171806,0.25905266031622887,-15.60116369466929,43.68686292645544,59.806451612903224
648,router_only,-20517.490310668945,0.9900000095367432,0.5643791228532791,0.7907141253352166,0.18918199539184571,0.046433132514357565,0.021616698475554513,0.20176614373922347,0.0035469835456751753,0.0,0.0001,0.023610801715403796,0.2914533220231533,0.10462723467499017,0.31239094361662867,0.2679176993668079,-16.08420496359015,43.403048796232746,59.854838709677416
649,router_only,-20313.905000686646,0.9933333396911621,0.5390133842825889,0.7999284535646438,0.18193963319063186,0.04838091908022761,0.021951451711356654,0.175798436999321,0.004232563986442983,0.0,0.0001,0.022711714264005423,0.29553554877638816,0.09465031642466784,0.3122912235558033,0.2748111985623837,-15.292639531968744,42.99382503522443,59.13978494623656
650,router_only,-20306.52112197876,0.996666669845581,0.5341357991099358,0.8012771412730217,0.1831152468919754,0.04808406513184309,0.01153249554336071,0.18242766968905927,0.004411486546086962,0.0,0.0001,0.023157248552888633,0.29641368985176086,0.09590116199105977,0.31548295393586157,0.2690449543297291,-16.24519861387745,44.18609534999799,59.193548387096776
651,router_only,-20417.148567199707,1.0,0.5160054236650466,0.8070373937487603,0.18018052950501443,0.049643253441900015,0.03258760920725767,0.19220942612737418,0.003861049715487752,0.0,0.0001,0.023141930578276515,0.3075275279581547,0.08657210618257523,0.32066291719675066,0.262095520272851,-15.266482809641216,44.46068326411138,59.30107526881721
652,router_only,-20058.737820148468,1.0,0.5091040588915348,0.8104682683944702,0.17910461015999318,0.04908774700015783,0.010771831311285469,0.1884532578289509,0.00474142175517045,0.0,0.0001,0.02294388967566192,0.30233965516090394,0.09042099844664335,0.3208662040531635,0.26342925876379014,-15.466584532278418,44.15136398234718,59.29569892473119
653,router_only,-20313.20733499527,1.0,0.5014027386903763,0.8136809796094895,0.17472592741250992,0.05018432205542922,0.024973465735092782,0.18993066437542439,0.005185026139952242,0.0,0.0001,0.02180863367393613,0.3003682501614094,0.08792758230119943,0.33335293382406234,0.25654259994626044,-15.320995449870203,44.297789412366654,59.10752688172043
654,router_only,-20729.62812614441,1.0,0.5055357940495014,0.8126498028635979,0.18047858402132988,0.04889832530170679,0.01827701926231383,0.18817495331168174,0.0037100919929798693,0.0,0.0001,0.023197099473327397,0.3025818720459938,0.09157757237553596,0.3242144249379635,0.2584290325641632,-15.750207972971536,42.83051753945647,59.881720430107535
655,router_only,-20601.215250492096,1.0,0.5115113154053688,0.8102981224656105,0.18110601231455803,0.04870380675420165,0.010689694480970527,0.19413170926272869,0.004045328765641898,0.0,0.0001,0.025954569084569813,0.305169253796339,0.08978149816393852,0.3229760818183422,0.25611860677599907,-16.15711268856249,44.14781570920642,60.204301075268816
656,router_only,-20178.183599472046,1.0,0.5014498047530651,0.8141007468104362,0.18099261671304703,0.049840891268104315,0.011991075566038473,0.19667889960110188,0.004851988409063779,0.0,0.0001,0.02552433852106333,0.30484996289014815,0.08453547582030296,0.32400992065668105,0.2610802996903658,-15.849735263612036,44.311431222434415,58.6989247311828
657,router_only,-20368.032640457153,1.0,0.5014923542737961,0.8136027351021766,0.17763081789016724,0.04965300327166915,0.0283253231551498,0.18030780404806138,0.004836857486225199,0.0,0.0001,0.026834879210218786,0.30280106887221336,0.08633983079344035,0.3350576899945736,0.24896653555333614,-16.042723250615886,44.069265063696776,59.38709677419355
658,router_only,-20652.547307491302,1.0,0.5057277970016003,0.8118189454078675,0.1766212869435549,0.049315492156893015,0.023763178661465642,0.1975677128881216,0.004515958767296979,0.0,0.0001,0.02633270821534097,0.2986389182507992,0.08798496071249247,0.3278404213488102,0.2592029940336943,-14.882719775773992,43.61975973833499,59.66666666666667
659,router_only,-20455.92136001587,1.0,0.49702094569802285,0.8156409680843353,0.1769407644867897,0.049425418581813575,0.015253096632659443,0.18223995994776487,0.004731447537778877,0.0,0.0001,0.024384064553305506,0.29891814291477203,0.09001230169087648,0.3331604041159153,0.2535250894725323,-15.511835228420622,43.88093344091819,59.354838709677416
660,router_only,-20364.644620895386,1.0,0.5026470109820366,0.8127835646271706,0.18188480250537395,0.048650356195867064,0.008464891929179444,0.184459575638175,0.004802227944310289,0.0,0.0001,0.024655870581045746,0.29733475148677824,0.09349452629685402,0.3305113472044468,0.25400350242853165,-15.470061618323442,44.35418712609911,59.306451612903224
661,router_only,-20149.425216674805,1.0,0.4946437321603298,0.8166188701987267,0.17931442372500897,0.04844312071800232,0.010792787559330434,0.20994147434830665,0.004207991311704973,0.0,0.0001,0.02528848689980805,0.30071944668889045,0.0938233021646738,0.33156165331602094,0.24860710836946964,-16.123354001293045,44.96230231625416,58.704301075268816
662,router_only,-20579.698745250702,1.0,0.49898668453097345,0.8152898013591766,0.182712434604764,0.048060976807028054,0.02535802852362401,0.2028237696737051,0.004546690674033016,0.0,0.0001,0.02737150345928967,0.28804043158888815,0.09686457309871913,0.33617102429270745,0.2515524633228779,-14.536892186993214,43.165024084686124,59.263440860215056
663,router_only,-19850.752055168152,1.0,0.5009357407689095,0.8143002569675446,0.18359683752059935,0.047051239665597676,0.031029841862618982,0.2003629695624113,0.004182702541584149,0.0,0.0001,0.02682481170631945,0.3000030443072319,0.10041688401252032,0.33376902192831037,0.23898623920977116,-16.254369854350088,44.40868056217001,58.596774193548384
664,router_only,-20247.96284532547,1.0,0.49250528216362,0.8169686019420623,0.18138285018503666,0.047251606546342376,0.007165774982422598,0.193037785962224,0.004719509778078645,0.0,0.0001,0.02495950791053474,0.29976084753870963,0.10151667427271605,0.33625211790204046,0.23751085102558137,-15.072770714687053,44.4502214680824,58.935483870967744
665,router_only,-20226.886240005493,1.0,0.48355498537421227,0.8213301628828049,0.18204103261232377,0.0483450710773468,0.012122697290033131,0.1992357276380062,0.0054539616598049175,0.0,0.0001,0.024308825330808758,0.30186707302927973,0.0961060082539916,0.33773509636521337,0.23998299576342105,-15.069082833770201,44.196376316606624,58.5752688172043
666,router_only,-20534.565454483032,1.0,0.4806418143212795,0.8225811034440994,0.18144006095826626,0.04930923720821738,0.010759682301431903,0.18573922775685786,0.005411129893036559,0.0,0.0001,0.02331057391129434,0.30292249619960787,0.09172442108392716,0.3384619504213333,0.24358056224882602,-15.92854517393432,44.81291113619778,59.53225806451613
667,router_only,-20631.133603572845,1.0,0.48577050790190696,0.8206499099731446,0.17639119178056717,0.04849555874243379,0.016767444461584128,0.18240822963416575,0.005441909146611579,0.0,0.0001,0.024640606669709086,0.29902825504541397,0.09457766208797694,0.3339724697172642,0.2477810110896826,-15.610673069958144,44.1335048528678,59.854838709677416
668,router_only,-20499.852095603943,1.0,0.48105750903487204,0.822889344394207,0.17969609647989274,0.04866826571524143,0.007000199239701018,0.1923921698704362,0.0045691609600908125,0.0,0.0001,0.02441799850203097,0.2996721290051937,0.0944291066378355,0.3368286944925785,0.24465207420289517,-15.315932620163949,44.429077504775336,59.43010752688173
669,router_only,-20372.745522499084,1.0,0.48377554714679716,0.8214052975177765,0.18121403828263283,0.048181604314595464,0.00781759731471537,0.20124293081462383,0.004531808747560717,0.0,0.0001,0.026796495029702782,0.29735210090875625,0.09546649232506751,0.33732160925865173,0.24306330196559428,-15.386244838993383,43.12681957649443,59.01075268817204
670,router_only,-20378.219521045685,1.0,0.4905408203601837,0.8188753142952919,0.18386947512626647,0.04773263642564416,0.01026085978373889,0.18754740729928016,0.004956720041082008,0.0,0.0001,0.028884246898815035,0.3003947786986828,0.09514019023627043,0.3344917058944702,0.24108907729387283,-17.099142676216495,43.71348548010461,59.215053763440864
671,router_only,-20099.984336853027,1.0,0.4937079310417175,0.8175325930118561,0.17712921127676964,0.04763715351000428,0.013957460317760653,0.19088720101863146,0.004776980899623595,0.0,0.0001,0.029847111226990818,0.30641064792871475,0.09345568362623453,0.3295491747558117,0.2407373882830143,-16.566008224548497,43.58643374053634,58.54838709677419
672,router_only,-20524.52335357666,1.0,0.4800822548568249,0.823025318980217,0.1796569660305977,0.04941734466701746,0.018951838184148067,0.18957274109125138,0.004716536360501777,0.0,0.0001,0.027133211446925997,0.3089695945382118,0.08715132083743811,0.33646614775061606,0.24027973227202892,-15.64790928717232,45.275075716588475,59.18279569892473
673,router_only,-20247.876307487488,1.0,0.4836967810988426,0.8208547532558441,0.17966796196997165,0.04882445652037859,0.02324478728696699,0.1867024764418602,0.00537302798093151,0.0,0.0001,0.027256352500990032,0.299937529116869,0.09238383881747722,0.3427328787744045,0.23768940046429635,-15.982888569670155,44.859210910335534,58.817204301075265
674,router_only,-20453.476445674896,1.0,0.46464878395199777,0.8291770353913307,0.1745658416301012,0.050748001877218486,0.018953562388196597,0.1865468230098486,0.006370466649605078,0.0,0.0001,0.02641395553946495,0.29909523725509646,0.08459174539893866,0.3500609628856182,0.23983809649944304,-15.998542485837172,44.65340274072301,59.53225806451613
675,router_only,-20475.163715839386,1.0,0.46337401270866396,0.8295607954263687,0.17952577881515025,0.05088528031483293,0.010358429234474865,0.1927678558975458,0.006220948406553362,0.0,0.0001,0.026630133111029863,0.3014971502125263,0.08423764742910862,0.35262208953499796,0.23501298241317273,-15.728628592736039,44.200732401350415,59.2741935483871
676,router_only,-20775.71506690979,1.0,0.46494198888540267,0.8286417230963707,0.17875663228332997,0.05028784666210413,0.013722372706979492,0.19007642865180968,0.005567607760895044,0.0,0.0001,0.026246237382292748,0.29724890515208247,0.08871533293277026,0.3550055891275406,0.23278393559157848,-15.849177726752513,44.17288015872853,59.90322580645161
677,router_only,-20599.697850704193,1.0,0.4616565376520157,0.8303398445248604,0.17883995547890663,0.050790238194167614,0.017117172991856916,0.18753848243504762,0.005108389012093539,0.0,0.0001,0.026552857412025333,0.3029236480593681,0.08429468795657158,0.3508676514029503,0.23536116294562817,-16.07015097621521,44.828665236545625,59.36559139784946
678,router_only,-20596.554517269135,1.0,0.46156638488173485,0.8292701140046119,0.17495221830904484,0.05169088114053011,0.01180250365287067,0.18169465735554696,0.005282049289962743,0.0,0.0001,0.02726552835665643,0.3049756534397602,0.0786338172852993,0.3506272681057453,0.2384977363049984,-16.733866558328405,45.6256885148464,59.655913978494624
679,router_only,-20511.639855861664,1.0,0.4568853318691254,0.831213791668415,0.17556982524693013,0.051533025316894056,0.029964275052770974,0.1867960426956415,0.004802468416892225,0.0,0.0001,0.02635618206113577,0.3156125910580158,0.07646921295672655,0.338719080388546,0.24284293539822102,-16.239161418241714,44.12069518283759,59.48924731182795
680,router_only,-20294.93158531189,1.0,0.4501260586082935,0.8339746206998825,0.17198568657040597,0.0516997785307467,0.017634099116548892,0.17575265299528836,0.005909744241944281,0.0,0.0001,0.02446046848781407,0.3091332256793976,0.07898009251803159,0.3450252540409565,0.2424009684473276,-16.340266945742037,45.011873905229855,59.04838709677419
681,router_only,-20606.473246097565,1.0,0.44808195903897285,0.8345819979906082,0.17873879820108413,0.051972868107259276,0.011461609322577723,0.18375932294875383,0.005455486907158047,0.0,0.0001,0.02292325939051807,0.31301771476864815,0.07797181401401758,0.3418399341404438,0.24424728117883204,-15.569109041263426,44.40230039866183,59.82795698924731
682,router_only,-20702.03795194626,1.0,0.4511939354240894,0.8332648366689682,0.1773251138627529,0.05215282822027802,0.009626624640077353,0.18306928426027297,0.004675519363081549,0.0,0.0001,0.02441118718124926,0.3159754820168018,0.0755149783566594,0.3422075480222702,0.24189080111682415,-16.747741644618458,44.71688432287314,59.97849462365591
683,router_only,-20693.781388759613,1.0,0.4456570230424404,0.8353907853364945,0.17411442287266254,0.05287623908370733,0.012911802576854828,0.18743098974227906,0.00525551950231602,0.0,0.0001,0.023768201097846033,0.31647957414388656,0.07338759265840053,0.3481593579053879,0.23820527233183383,-16.508629668234708,43.99082803920224,59.7741935483871
684,router_only,-20440.029584407806,1.0,0.4445114240050316,0.8348637297749519,0.1756395570933819,0.052360216807574037,0.015347932092845424,0.1845947366207838,0.004676726543402765,0.0,0.0001,0.02166437152773142,0.31612730398774147,0.07657231241464615,0.3429414935410023,0.24269452057778834,-15.933145574022877,43.92057701282807,59.322580645161295
685,router_only,-20506.431909561157,1.0,0.4464778743684292,0.834070985019207,0.17455566301941872,0.052668750286102295,0.00794552792795003,0.18579539097845554,0.0054847838779096495,0.0,0.0001,0.023453444289043546,0.3146598845720291,0.07406696956604719,0.343907780200243,0.2439119268208742,-16.156999871055852,42.79007693167406,59.61827956989247
686,router_only,-20524.839546203613,1.0,0.4412020638585091,0.8363882094621659,0.17291537895798684,0.05375531949102878,0.01693734508007764,0.18188634160906075,0.005357461443782086,0.0,0.0001,0.022399593563750386,0.3202934399247169,0.06953921131789684,0.34674289748072623,0.24102486334741116,-16.303440969390437,45.00118387572686,59.543010752688176
687,router_only,-20504.460992336273,1.0,0.4330099530518055,0.8392699435353279,0.17408126592636108,0.05396655788645148,0.008003482688218395,0.18518780432641507,0.005706906391424127,0.0,0.0001,0.02011610954068601,0.32216869816184046,0.06942014079540967,0.3451437085866928,0.24315134435892105,-15.300501135352395,43.670350079514314,59.51075268817204
688,router_only,-20481.129292488098,1.0,0.4363344326615334,0.8380427703261375,0.17543562725186349,0.05355845782905817,0.008663046499714278,0.19897459037601947,0.004827285523060709,0.0,0.0001,0.019804810546338557,0.32301375791430476,0.07197372578084468,0.3460765898227692,0.2391311228275299,-16.91556559582686,44.287224495395314,59.56989247311828
689,router_only,-20319.017904281616,1.0,0.436476182192564,0.8382471010088921,0.1761197756975889,0.052884316816926,0.010638542985543637,0.19270788952708245,0.004840468687689281,0.0,0.0001,0.01952015613205731,0.32032503709197047,0.07544833123683929,0.34373069033026693,0.24097578562796115,-16.024985873854558,43.86439909659997,59.44086021505376
690,router_only,-20772.307881355286,1.0,0.4309558033943176,0.8394588127732276,0.17731446772813797,0.05298601714894176,0.012422378361225082,0.18845794443041086,0.005356565980036976,0.0,0.0001,0.018423268990591168,0.3234979763627052,0.07448492012917995,0.339579801261425,0.24401403740048408,-16.004219228139213,44.20338581716247,59.817204301075265
691,router_only,-20403.315002441406,1.0,0.4365260474383831,0.8377338513731957,0.17466125823557377,0.05286445235833526,0.02935062418691819,0.18846242241561412,0.004458082776727679,0.0,0.0001,0.019300063513219355,0.32460482195019724,0.07691280338913202,0.34984358921647074,0.2293387245386839,-16.556416170499173,45.222777011051456,59.14516129032258
692,router_only,-20275.308304786682,1.0,0.43118140995502474,0.8398940399289131,0.17541740611195564,0.05349768670275808,0.01702879955992105,0.1858580406755209,0.00572178468137281,0.0,0.0001,0.019173982460051774,0.32302598655223846,0.07288794182240962,0.34705896452069285,0.2378531213849783,-15.034189450980456,44.537878015223306,59.096774193548384
693,router_only,-20463.686538219452,1.0,0.42661818861961365,0.8411683723330498,0.17509484104812145,0.05345513531938195,0.007584212673828028,0.18785192295908928,0.0054841356624820035,0.0,0.0001,0.01824171687476337,0.3243184179067612,0.07411238197237253,0.3483342044055462,0.23499328568577765,-16.133241719880182,45.501649832973264,59.322580645161295
694,router_only,-20241.22229862213,1.0,0.4270832441747189,0.8413086801767349,0.17342738211154937,0.05331516386941075,0.0100711048115045,0.1974842891097069,0.00587131143984152,0.0,0.0001,0.018875672854483126,0.31928286179900167,0.07500194758176804,0.3494534812867641,0.23738603591918944,-16.10884441946159,43.97381681051948,59.155913978494624
695,router_only,-20547.019063472748,1.0,0.43229046240448954,0.8389447882771492,0.17432575076818466,0.05336162531748414,0.007216226635500769,0.19439596869051456,0.0049574017286431625,0.0,0.0001,0.019971142848953606,0.31942756846547127,0.07344811037182808,0.34739920645952227,0.23975397385656833,-16.008273063654094,45.02919400345171,59.91935483870968
696,router_only,-20837.671966552734,1.0,0.4304469756782055,0.8400067433714866,0.17340539991855622,0.052996741514652966,0.017836181586608293,0.18663880936801433,0.004145080842863536,0.0,0.0001,0.020399589370936156,0.31050947606563567,0.07638659961521625,0.34969449415802956,0.243009839579463,-15.275277201830034,43.867336897265666,60.32795698924731
697,router_only,-20527.126664161682,1.0,0.44204180836677553,0.8363652139902115,0.17754608653485776,0.05226255608722567,0.01882062535732986,0.1911575708538294,0.004268426517955959,0.0,0.0001,0.021940695773810148,0.3169303245842457,0.07783495653420687,0.34781467318534853,0.2354793470352888,-15.811655881989859,44.74469402101367,59.5
698,router_only,-20551.168004989624,1.0,0.4378217555582523,0.8377931892871857,0.17486714832484723,0.052105557452887294,0.011691955570131533,0.19523541517555715,0.003634156033513136,0.0,0.0001,0.02084928136318922,0.312175764888525,0.08045124541968107,0.34907950311899183,0.23744420967996122,-15.935056263975635,44.746077327790914,59.596774193548384
699,router_only,-20229.652744293213,1.0,0.43395378813147545,0.8394725382328033,0.1761349320411682,0.05219247313216328,0.02217184281907974,0.18546645157039165,0.004607152604148723,0.0,0.0001,0.022137787891551852,0.3168251410126686,0.07671119440346956,0.3417336314916611,0.24259224720299244,-15.308765737161053,44.652540969371195,58.52688172043011
700,router_only,-20351.962071418762,1.0,0.43660435229539873,0.8380158022046089,0.1777428776025772,0.05165654104202986,0.00786782437935473,0.1832180004566908,0.004233763741831353,0.0,0.0001,0.022148827882483603,0.31289122700691224,0.08001347910612822,0.34195940271019937,0.2429870616644621,-15.340594963229684,44.44293994410356,59.112903225806456
701,router_only,-20456.449675559998,1.0,0.4437759146094322,0.833953034877777,0.17802534699440004,0.05165688740089536,0.013981674378737798,0.18585643991827966,0.0035053228320975904,0.0,0.0001,0.02396337315440178,0.3168701820075512,0.07823542580008506,0.34315674006938934,0.23777427822351455,-15.777836980106388,45.33589648404784,59.1989247311828
702,router_only,-20443.085175037384,1.0,0.44915192723274233,0.8319940984249115,0.17956406362354754,0.05137181933969259,0.01770492075011138,0.19331672228872776,0.004996322299848544,0.0,0.0001,0.024939420539885758,0.31013728901743887,0.07956352364271879,0.3410371787846088,0.24432259947061538,-16.06269948464728,44.16025059341867,59.58064516129033
703,router_only,-20642.514698028564,1.0,0.4502353861927986,0.8320218071341514,0.17982641309499742,0.051161871571093795,0.014929583994671727,0.2001302048563957,0.003879899249295704,0.0,0.0001,0.025999153079465032,0.31206358000636103,0.0782910181209445,0.3348448909819126,0.24880136661231517,-15.669001945646722,44.50550009242179,60.005376344086024
704,router_only,-20373.154479026794,1.0,0.45704587623476983,0.8292236641049385,0.1778894320130348,0.050542892422527075,0.021661534253507798,0.1975434847176075,0.004073404244627455,0.0,0.0001,0.026768127782270314,0.31423949301242826,0.08152296245098115,0.33949882090091704,0.23797059431672096,-16.579192850452724,44.899290077744915,59.59139784946237
705,router_only,-20725.31484413147,1.0,0.4506225690245628,0.8321042701601982,0.17867800295352937,0.05196167398244143,0.02824715431779619,0.1995833169668913,0.004622823662793962,0.0,0.0001,0.02719669449143112,0.3063494011759758,0.07528947871178389,0.34246988520026206,0.24869454205036162,-16.193820510986786,45.93499967196421,59.82795698924731
706,router_only,-20529.49904680252,1.0,0.45173454433679583,0.8314521804451942,0.17723797969520091,0.05231716437265277,0.014544975105673059,0.19442217312753202,0.0036205486918333917,0.0,0.0001,0.025207910733297468,0.3122894033789635,0.07457839585840702,0.34380236864089964,0.24412191919982434,-15.74365710910659,44.500363371509785,59.602150537634415
707,router_only,-20627.40557575226,1.0,0.45268321260809896,0.8310422465205193,0.17369861640036105,0.051265405118465425,0.029502111487090563,0.19334664531052112,0.0031044624004607614,0.0,0.0001,0.023709911154583097,0.3103741154074669,0.07947567906230688,0.3324646018445492,0.25397569313645363,-15.884818968441728,43.65762768427518,59.48924731182795
708,router_only,-20409.673424720764,1.0,0.44121933057904245,0.835364206135273,0.17677281498908998,0.05184201076626778,0.01896482296288017,0.1972470000386238,0.003956412733850811,0.0,0.0001,0.022596999304369092,0.30585209354758264,0.07745777275413275,0.3306350283324718,0.26345810256898405,-15.157974056920128,43.94312928947547,59.01075268817204
709,router_only,-20580.50793170929,1.0,0.44138510525226593,0.8356542646884918,0.1729656133800745,0.05186523338779807,0.012511404417455192,0.19446037374436856,0.0038131432738737203,0.0,0.0001,0.022279483871534465,0.3064687579870224,0.07838978506624698,0.33534205704927444,0.2575199190527201,-15.588176463474014,43.7315868239189,59.66129032258064
710,router_only,-20524.250006198883,1.0,0.43397252038121226,0.8382494360208511,0.17384252399206163,0.05288627129048109,0.018155046785250362,0.19969190284609795,0.004529996200108144,0.0,0.0001,0.024536618683487176,0.3132891446352005,0.07059248331934213,0.3352612107992172,0.25632054172456264,-15.887651267128463,43.644002207750844,59.33870967741935
711,router_only,-20498.212926387787,1.0,0.4463082477450371,0.8329333901405335,0.17618879191577436,0.05223720045760274,0.011173767643049344,0.19085570499300958,0.0042456569757632675,0.0,0.0001,0.02558564911596477,0.31458820328116416,0.07291953749954701,0.3361729495227337,0.25073365606367587,-16.117965547159976,43.89887001479697,59.51075268817204
712,router_only,-20513.160291671753,1.0,0.436864872276783,0.8371737420558929,0.17565796971321107,0.0522926471196115,0.009924159478396175,0.196633043885231,0.0035945778457971756,0.0,0.0001,0.025262383045628667,0.3142276883125305,0.0739866029471159,0.3400679647922516,0.24645535834133625,-16.10120771893236,45.09915954951628,59.53225806451613
713,router_only,-20510.80810213089,1.0,0.43816651627421377,0.8361432269215584,0.17777253240346907,0.05164958648383618,0.018476552469655863,0.18658944107592107,0.0034844347181206105,0.0,0.0001,0.025740155018866062,0.3087168738245964,0.07656352240592242,0.33634050339460375,0.25263894349336624,-15.558794415116402,45.614878336211035,58.96774193548387
714,router_only,-20725.880666732788,1.0,0.4371753059327602,0.8354240626096725,0.17666795514523984,0.05200533336028457,0.02268818914890281,0.18974611014127732,0.0038032393351386416,0.0,0.0001,0.025197173096239568,0.2979157641530037,0.07821122277528048,0.3444254085421562,0.25425043553113935,-14.969334761803275,44.46762704294185,59.747311827956985
715,router_only,-20529.891308307648,1.0,0.43160715252161025,0.838427908718586,0.17641244120895863,0.05137598430737853,0.026886628475040118,0.18965362757444382,0.0036668127911980266,0.0,0.0001,0.022541085537523032,0.3083911895751953,0.0811791067942977,0.3396506205201149,0.24823799207806588,-15.717691796617958,44.39435362644237,59.39784946236559
716,router_only,-20394.505367279053,1.0,0.43149951100349426,0.8380239993333817,0.17363399118185044,0.0520581291988492,0.02628841553814711,0.19085935838520526,0.004503322586242575,0.0,0.0001,0.024105910351499914,0.3010125979781151,0.07717815972864628,0.33788595646619796,0.2598173800855875,-15.31480593393137,43.95448709791548,59.46774193548387
717,router_only,-20688.78344631195,1.0,0.43256947323679923,0.8369367733597756,0.17682040929794313,0.05188202373683452,0.011702081421390127,0.20374475419521332,0.003482565852755215,0.0,0.0001,0.022246069740504026,0.2970213979482651,0.08061143644154072,0.3395438030362129,0.2605772975832224,-15.897769394615512,44.64393799171659,59.7741935483871
718,router_only,-20619.795179367065,1.0,0.4297978520393372,0.8382462650537491,0.17294667288661003,0.05193677842617035,0.012978428648784807,0.20854880400002002,0.003192944623879157,0.0,0.0001,0.022348141809925438,0.29827194660902023,0.08071928303688765,0.34457254931330683,0.254088082537055,-15.52428005270353,45.940350153370055,59.5
719,router_only,-20755.1646399498,1.0,0.4229435533285141,0.8409148007631302,0.1727111466228962,0.05317279901355505,0.0152876815758645,0.206440582126379,0.0042470276772291985,0.0,0.0001,0.021023016842082142,0.3011696994304657,0.07605846710503102,0.3493186324834824,0.25243017785251143,-15.251868778324734,43.91073470046608,59.94086021505376
720,router_only,-20447.369349479675,1.0,0.4277282081544399,0.8390781238675118,0.17435009852051736,0.051731415744870904,0.024813281837850882,0.19481506235897542,0.003328348436843953,0.0,0.0001,0.020711724972352387,0.30591812506318095,0.08059505093842745,0.33722328692674636,0.2555518127977848,-16.69721470704105,44.42376920096171,59.33870967741935
721,router_only,-20792.327108860016,1.0,0.42855158969759943,0.838354417681694,0.17828492932021617,0.05135363982990384,0.018353206384927104,0.20121421590447425,0.003864521383366082,0.0,0.0001,0.02135649831034243,0.29674152135848997,0.08409413564950227,0.3407428726553917,0.25706497170031073,-16.049146672945565,43.81249093758874,60.2741935483871
722,router_only,-20988.59913253784,1.0,0.43177222833037376,0.8371288061141968,0.17490547485649585,0.05189993102103472,0.009141653543338096,0.19310029596090317,0.004014049386387342,0.0,0.0001,0.022479508258402347,0.29511046707630156,0.0811543595045805,0.3437622919678688,0.25749336555600166,-15.737085851137762,46.027495122291576,60.47849462365591
723,router_only,-20674.66639995575,1.0,0.4379179149866104,0.835277171432972,0.17416272386908532,0.05136843314394355,0.02294424162246291,0.2102321445941925,0.0032386679202318193,0.0,0.0001,0.023484287830069662,0.30019754245877267,0.08068098798394203,0.3327635437250137,0.2628736324608326,-15.670059543767826,45.07474522795676,59.935483870967744
724,router_only,-20545.489963531494,1.0,0.4390069738030434,0.8340585380792618,0.174989103525877,0.05110502503812313,0.016133068036288035,0.19037348236888646,0.0032917092365096325,0.0,0.0001,0.02467420413158834,0.2921310119330883,0.08255064915865659,0.33507110700011256,0.26557302922010423,-16.12277450199925,45.59333207908031,59.24731182795699
725,router_only,-20742.95815038681,1.0,0.4378343835473061,0.8345007196068763,0.17297716476023198,0.050801402889192104,0.007487502647563839,0.2077598512172699,0.0024059328410658055,0.0,0.0001,0.0251686274074018,0.2947203770279884,0.0827257938683033,0.3313273586332798,0.26605785042047503,-15.051175255557517,45.163199171903926,59.89247311827957
726,router_only,-20672.06014728546,1.0,0.43424494937062263,0.8357173785567283,0.1762530691921711,0.05225852113217115,0.015584686677902963,0.20051255114376546,0.0037789867506944574,0.0,0.0001,0.026641925796866417,0.2951177217066288,0.07493344638496638,0.33592783436179163,0.2673790708184242,-14.813579897797005,44.069096344603345,59.90322580645161
727,router_only,-20783.620424747467,1.0,0.43602884784340856,0.8348152115941048,0.17320959344506265,0.05182544821873307,0.014496359322220112,0.19102304056286812,0.002896174779834837,0.0,0.0001,0.02745967311784625,0.30024299025535583,0.07464458905160427,0.3289685122668743,0.268684234842658,-14.733674317919776,45.666172452935804,59.86021505376344
728,router_only,-20470.29278087616,1.0,0.4332244426012039,0.8366934791207313,0.17477539591491223,0.052015944942831994,0.013447650847956561,0.20511982627213002,0.0034745260934869295,0.0,0.0001,0.026123852422460913,0.3000977590680122,0.07545449789613486,0.3348824314773083,0.263441463932395,-14.708514557473409,44.32870803478608,59.62365591397849
729,router_only,-20794.717103004456,1.0,0.4351451113820076,0.8346122786402702,0.17636687234044074,0.05151538914069533,0.015709371306002123,0.21226649843156337,0.002106531739991624,0.0,0.0001,0.02729401192627847,0.3030414119362831,0.0754888828843832,0.3270277425646782,0.26714794896543026,-16.32052696094185,44.657780390423056,60.0
730,router_only,-20717.793653964996,1.0,0.42592393085360525,0.8384273052215576,0.1750784769654274,0.05246986802667379,0.025223249057307797,0.20993418507277967,0.0030430265335382955,0.0,0.0001,0.02549058822914958,0.29494735673069955,0.07536656558513641,0.3396393693983555,0.26455612294375896,-14.807760506696335,45.42502820483487,59.24731182795699
731,router_only,-20299.252011299133,1.0,0.4329030640423298,0.8352128610014915,0.1750318005681038,0.05141975423321128,0.02477407767437394,0.20299107767641544,0.003132910729618743,0.0,0.0001,0.02667208039201796,0.30424596592783926,0.07727350164204835,0.3332515299320221,0.2585569221526384,-16.448730231825117,43.955942901059956,59.03225806451613
732,router_only,-20679.036523342133,1.0,0.4294131651520729,0.8375423863530159,0.1748894602060318,0.05186038287356496,0.020073636202141577,0.19047879464924336,0.0035028433310799302,0.0,0.0001,0.025514957215636968,0.29921325743198396,0.07815839108079672,0.34240346029400826,0.25470993742346765,-15.541345554143954,44.19095935425458,59.96236559139785
733,router_only,-20475.42407131195,1.0,0.42369735017418864,0.8404728755354881,0.1744079202413559,0.0521287115290761,0.02849421710707246,0.19383947737514973,0.002517804189483286,0.0,0.0001,0.02272457187063992,0.3108977749943733,0.07789254505187274,0.34496604949235915,0.24351905845105648,-15.95083049762078,44.883862699648006,59.3494623655914
734,router_only,-20332.59231901169,1.0,0.43042649403214456,0.8375112146139145,0.1756778337061405,0.05143200065940619,0.026833192398771636,0.19050040207803248,0.0032103738842124583,0.0,0.0001,0.023747395537793637,0.300461146235466,0.0812893247231841,0.34198607951402665,0.2525160487741232,-14.453776370742721,44.698644590514405,59.026881720430104
735,router_only,-20488.116750240326,1.0,0.42047286182641985,0.8412151262164116,0.1769853986799717,0.05099508808925748,0.025169709278270606,0.21199793331325054,0.0015258189454470995,0.0,0.0001,0.024192715948447584,0.3108068250119686,0.08227427322417498,0.34279498755931853,0.2399311952292919,-14.940241651181738,43.90885524486877,59.43010752688173
736,router_only,-20297.06036567688,1.0,0.42473430633544923,0.8390442937612533,0.1797877475619316,0.05041945660486817,0.015080773876979953,0.21214873120188713,0.0015743429976282641,0.0,0.0001,0.02657765168696642,0.30654979720711706,0.0830723961815238,0.3395116299390793,0.24428852498531342,-15.525404795622585,44.52792680650068,58.758064516129025
737,router_only,-20267.094353675842,1.0,0.43030052706599237,0.8376345306634903,0.17622062638401986,0.050188598688691854,0.005897387396544183,0.19718938283622264,0.0019796086788119284,0.0,0.0001,0.026172627042979003,0.30471892580389975,0.08501733299344778,0.3405153892934322,0.24357572980225087,-14.689251771657036,43.621233334663664,58.854838709677416
738,router_only,-20336.19237804413,1.0,0.4197722777724266,0.8414813712239265,0.17618842832744122,0.0509388480335474,0.019771071104332797,0.19460499808192253,0.002600315964082256,0.0,0.0001,0.025345151079818606,0.2987704694271088,0.08453637082129717,0.3504009202122688,0.24094708412885665,-13.457236725013692,44.33519474664013,58.46774193548387
739,router_only,-20430.04217338562,1.0,0.4173385053873062,0.8425166264176369,0.17720951400697232,0.051308082323521374,0.011819106340408284,0.1986144572496414,0.003299799391243141,0.0,0.0001,0.023411684622988104,0.2996486008167267,0.08352000378072262,0.34744120463728906,0.24597851000726223,-14.268721906672669,43.842046000294694,59.38709677419355
740,router_only,-20346.680434703827,1.0,0.4125096186995506,0.8446754783391952,0.17501872777938843,0.051604851894080636,0.011827308451756849,0.19305393956601619,0.003614107576504466,0.0,0.0001,0.022462126985192298,0.3040599629282951,0.0826428085565567,0.34894349202513697,0.24189160391688347,-14.763520626734802,45.07674482233169,58.96236559139785
741,router_only,-20155.095413208008,1.0,0.41961669921875,0.8424393221735954,0.1750633642077446,0.050406807474792,0.014804977551102699,0.1936941858381033,0.00294545841977083,0.0,0.0001,0.02460897285491228,0.3065506123006344,0.08498577903956175,0.34154100343585014,0.24231362715363503,-15.869377730838629,44.63010709466088,58.924731182795696
742,router_only,-20434.951741218567,1.0,0.4146464131772518,0.8441029503941536,0.17843364626169206,0.05110398987308144,0.02239903043955571,0.19133195113390683,0.0027670762821799142,0.0,0.0001,0.02381757237017155,0.29880385398864745,0.08299032989889384,0.34087509885430334,0.2535131450742483,-14.318934940048301,42.733864797864584,59.17741935483871
743,router_only,-20159.729331970215,1.0,0.41035880222916604,0.845169548690319,0.17275151014328002,0.050832205824553965,0.02430626880377535,0.1918377738445997,0.0031583065938320942,0.0,0.0001,0.022554305382072926,0.3038890175521374,0.08564340863376856,0.3452899932861328,0.2426232799887657,-15.121618262852868,44.286273762506475,59.14516129032258
744,router_only,-20520.128329753876,1.0,0.41533966436982156,0.8424204662442207,0.17572896145284175,0.05069681350141764,0.009360649809241322,0.1985533121973276,0.002249487320295884,0.0,0.0001,0.02256642859429121,0.2992086924612522,0.0873196890577674,0.34711799770593643,0.2437871966511011,-14.359097987871394,44.60749053534209,59.655913978494624
745,router_only,-20274.878264904022,1.0,0.4063523195683956,0.8465128600597381,0.17511938698589802,0.05079155024141073,0.010542581649497163,0.1953450832515955,0.002762237852425642,0.0,0.0001,0.0202122715767473,0.30251147150993346,0.0877072462812066,0.3442008592188358,0.24536814652383326,-15.392731138621674,43.69174216137947,58.91935483870968
746,router_only,-20341.613929271698,1.0,0.40450522527098653,0.847432042658329,0.17331001870334148,0.05099362591281533,0.00933530861511822,0.19577282145619393,0.0027001406058843715,0.0,0.0001,0.018979989783838393,0.3006056576967239,0.0875624654814601,0.34281607866287234,0.25003579817712307,-14.70091077299574,44.66167153948582,59.053763440860216
747,router_only,-20143.162075042725,1.0,0.4041693240404129,0.8475787669420243,0.1745215255767107,0.05134956790134311,0.014914234797470262,0.19316823445260525,0.003923499864413316,0.0,0.0001,0.017518367967568338,0.30451019406318663,0.08725202362984419,0.3463686630129814,0.24435074776411056,-15.436090889942026,44.74687896026673,59.053763440860216
748,router_only,-20500.899379253387,1.0,0.40186856538057325,0.8480620011687279,0.1744829747825861,0.05117517141625285,0.0084181193495169,0.20526585094630717,0.002626079972833395,0.0,0.0001,0.018031187541782855,0.30243871361017227,0.08844548240303993,0.3488714464008808,0.24221317060291767,-14.92379514077527,44.57042500987507,59.537634408602145
749,router_only,-20159.961273670197,1.0,0.39939693734049797,0.8489808842539788,0.17513120770454407,0.050513865891844034,0.016774196783080723,0.2001037336885929,0.0032550462550716476,0.0,0.0001,0.018947958061471582,0.3060428462922573,0.09124513920396567,0.3499379828572273,0.23382607027888297,-15.33085664140414,43.46673776098371,58.77956989247311
750,router_only,-20459.468497753143,1.0,0.39099449291825294,0.852244320511818,0.1721691146492958,0.052072158362716434,0.02989513920620086,0.1816052433103323,0.0033513974252855406,0.0,0.0001,0.017692221468314527,0.2972171068191528,0.08637904804199933,0.3563566043972969,0.24235502071678638,-15.75116734115606,45.382922062070904,59.73655913978495
751,router_only,-20537.59883069992,1.0,0.3838777832686901,0.8556486293673515,0.17209294401109218,0.05251172501593828,0.009242593590170219,0.19778537154197692,0.003032131907821167,0.0,0.0001,0.01755682867951691,0.3014755368232727,0.0838318819180131,0.35671947300434115,0.2404162846505642,-15.182231514841904,45.33354391695917,59.89247311827957
752,router_only,-20193.67661857605,1.0,0.38170515075325967,0.8555148705840111,0.17334405593574048,0.0522789103910327,0.010438954713754361,0.19010554999113083,0.0025331692362669856,0.0,0.0001,0.018117341329343617,0.2996730893850327,0.08393801730126142,0.3533024415373802,0.24496911242604255,-14.889644098737383,42.8654053047364,58.96774193548387
753,router_only,-20711.711460590363,1.0,0.37584212198853495,0.8581847235560417,0.1736621543765068,0.051450280100107194,0.015540925343520886,0.1914085105061531,0.0025978348770877347,0.0,0.0001,0.016971007734537125,0.30172457844018935,0.08909395579248666,0.3538654737174511,0.23834498040378094,-15.1187830714492,44.533966380721104,59.86559139784946
754,router_only,-20548.719742774963,1.0,0.3844893738627434,0.854794830083847,0.17611584290862084,0.051444387342780826,0.013104469422250995,0.19981822781264783,0.0023168974246800646,0.0,0.0001,0.01752864746376872,0.3036231592297554,0.08961242847144604,0.35744301453232763,0.23179274499416352,-15.208786131776918,44.50572563402388,59.86559139784946
755,router_only,-20706.621326446533,1.0,0.3789386413991451,0.8565504148602485,0.17228087037801743,0.0524155218154192,0.013152875099331173,0.19714292734861374,0.0029132401352399027,0.0,0.0001,0.01669778600335121,0.30371226370334625,0.08681261446326971,0.3639303490519524,0.22884698435664177,-14.867875039377667,45.05886590574477,60.215053763440864
756,router_only,-20329.134183883667,1.0,0.37548848092556,0.858024537563324,0.17348487861454487,0.05197955844923854,0.022461020923219666,0.1964169330894947,0.002136952722867136,0.0,0.0001,0.01589010173920542,0.3140766113996506,0.08607797194272279,0.3542421668767929,0.2297131486237049,-15.375372687549199,44.66364800235825,59.08602150537634
757,router_only,-20288.911593914032,1.0,0.37953838855028155,0.8562562018632889,0.1727115571498871,0.052283343952149154,0.015152875450439775,0.18744838051497936,0.002154484971833881,0.0,0.0001,0.01638156673870981,0.30650017485022546,0.08636307027190923,0.3606556460261345,0.23009954504668712,-14.073414729364172,43.97357883953847,58.537634408602145
758,router_only,-20197.6565284729,1.0,0.3733173042535782,0.8588344007730484,0.1691353280097246,0.05303016062825918,0.012453749543055843,0.20138992927968502,0.002562998030134622,0.0,0.0001,0.016843027900904417,0.3082058638334274,0.08308566380292177,0.3647153668105602,0.22715007290244102,-14.325099789641401,43.2726893991118,59.01612903225807
759,router_only,-20551.844373226166,1.0,0.384345044195652,0.8539715424180031,0.17210451066493987,0.052014889847487214,0.02181330411694938,0.1934426985681057,0.002391670829092618,0.0,0.0001,0.01782910698093474,0.3001639820635319,0.08772868737578392,0.36185059770941735,0.23242762349545956,-13.662147066717138,43.9409522064831,59.68279569892473
760,router_only,-20292.04389190674,1.0,0.3752652756869793,0.858887329697609,0.17498314157128333,0.0520919144153595,0.011262793978676192,0.19397099316120148,0.002641240684170043,0.0,0.0001,0.017316147033125163,0.30579538345336915,0.08612696453928947,0.35856322199106216,0.23219828940927983,-15.346840380491624,44.48672110943261,59.02150537634409
761,router_only,-20543.203351020813,1.0,0.37711223363876345,0.857750128209591,0.17263319306075572,0.05235782423987985,0.015540196187794179,0.18639033026993274,0.002711458596513694,0.0,0.0001,0.019633165467530488,0.3060759253799915,0.08452247697860002,0.363735756278038,0.22603267543017863,-14.252421529520998,44.35559130918952,59.30107526881721
762,router_only,-20483.285650253296,1.0,0.38233782947063444,0.8550887539982795,0.1763909112662077,0.051175096072256565,0.02577398675493892,0.19573980160057544,0.001642165299563203,0.0,0.0001,0.02134414897300303,0.30304501950740814,0.08700935430824756,0.3538796678185463,0.2347218070179224,-15.04964215802411,44.3761210348483,59.10752688172043
763,router_only,-20310.300277233124,1.0,0.37988882437348365,0.8565204024314881,0.17455537356436251,0.05062950626015663,0.015536625497043089,0.20809925608336927,0.0009711188671644777,0.0,0.0001,0.021506674820557237,0.3012204222381115,0.08842715602368116,0.34793595373630526,0.24090979360044001,-14.469780277080751,44.30843813781653,58.73655913978495
764,router_only,-19923.535919189453,1.0,0.3855824403464794,0.854101476073265,0.17737973369657994,0.050324526894837615,0.012626629881560734,0.19619099907577037,0.002696921947062947,0.0,0.0001,0.02195850354619324,0.30351855605840683,0.0898701025173068,0.3500563599169254,0.23459647893905639,-15.622792396985997,43.27280476691367,58.225806451612904
765,router_only,-20297.17596912384,1.0,0.38276843056082727,0.8554715529084206,0.17689683921635152,0.050238918885588645,0.008880272740498161,0.19258721619844438,0.0017425258629373275,0.0,0.0001,0.021056436747312546,0.3020503900945187,0.09193059504032135,0.352436001598835,0.2325265731662512,-15.08172584537518,45.07590204479971,58.74731182795699
766,router_only,-19918.259132385254,1.0,0.38114062547683714,0.856248015165329,0.17543586082756518,0.049811786878854035,0.023372568050399358,0.20297941453754903,0.0015568222363071982,0.0,0.0001,0.02150474232621491,0.3096106708049774,0.09065498877316713,0.3420253209769726,0.23620426803827285,-14.676952608015363,45.59883523083131,57.946236559139784
767,router_only,-19696.02559041977,1.0,0.3871959954500198,0.8537524893879891,0.17664128951728345,0.04985362309962511,0.01977705988101658,0.21015580482780932,0.0018695162711082959,0.0,0.0001,0.024471795186400414,0.3077512174844742,0.08994843494147062,0.34894680231809616,0.22888174951076506,-15.028282314483551,44.81888307694922,57.9516129032258
768,router_only,-20222.292639255524,1.0,0.3873925022780895,0.853666827082634,0.1808893945068121,0.04936404414474964,0.00908530098386109,0.20794132426381112,0.0021250467238132843,0.0,0.0001,0.022676477720960975,0.30717882215976716,0.09364254847168922,0.3467718593776226,0.22973028123378753,-15.245393492763048,45.2122187260331,59.11827956989247
769,router_only,-19880.515228271484,1.0,0.39066208302974703,0.8531025007367135,0.179451060667634,0.04876323584467172,0.009616042161360385,0.21003972813487054,0.0012302865594392642,0.0,0.0001,0.02272720169275999,0.30922584533691405,0.09635282773524523,0.34551475793123243,0.22617936693131924,-14.884552344559424,44.039233172369684,58.32795698924731
770,router_only,-20055.523738861084,1.0,0.38500882461667063,0.8546332284808159,0.17655979581177234,0.04939284948632121,0.009582767030224211,0.19763659723103047,0.0024099911577650348,0.0,0.0001,0.02145017092116177,0.3079130217432976,0.0941512981429696,0.34649298116564753,0.22999252676963805,-14.875663591765317,44.187406495309794,58.666666666666664
771,router_only,-19916.512878894806,1.0,0.3845359988510609,0.8543940380215644,0.17607972510159015,0.04943666262552142,0.016775033297017312,0.20829974338412285,0.002584341060719453,0.0,0.0001,0.019557998329401017,0.30498322397470473,0.09488630127161742,0.342927435785532,0.23764504119753838,-15.485884966187157,44.23081947731383,58.387096774193544
772,router_only,-20131.49238729477,1.0,0.38613223731517793,0.8540620133280754,0.17320848293602467,0.04940307131037116,0.008921831520274287,0.1967639435082674,0.002558365605364088,0.0,0.0001,0.02134741102345288,0.30765472650527953,0.09302943032234907,0.3418957911431789,0.23607264049351215,-15.418682866166211,44.0428780969627,59.043010752688176
773,router_only,-20129.361401557922,1.0,0.38418132737278937,0.8537691548466683,0.17687919810414315,0.04872626578435302,0.015327565604820799,0.1995909258723259,0.002186103933127015,0.0,0.0001,0.022149763721972703,0.30443394705653193,0.09572349674999714,0.3374527879059315,0.24024000428617,-14.887190859675073,45.2662417918783,58.54838709677419
774,router_only,-19785.342019081116,1.0,0.38833668902516366,0.8523713693022728,0.1810232263058424,0.04824749371036887,0.014433008478954394,0.19806131534278393,0.0026049508363939823,0.0,0.0001,0.021693455101922155,0.30986117050051687,0.09751278012990952,0.3359408304095268,0.23499176874756814,-14.99081907015861,43.98672013032805,58.33870967741935
775,router_only,-19681.87245607376,1.0,0.3845541626214981,0.8548227548599243,0.18016907311975955,0.04797865701839328,0.003969981148839022,0.19553790241479874,0.002455538953654468,0.0,0.0001,0.022180070215836168,0.31038893982768057,0.09848338160663843,0.33542427271604536,0.2335233312100172,-15.755855011835179,45.177915563167744,58.06451612903226
776,router_only,-19939.757645606995,1.0,0.3836218066513538,0.8549698129296303,0.1800504632294178,0.04807107178494334,0.01366331446915867,0.18444443233311175,0.003303034484270029,0.0,0.0001,0.023121408978477122,0.304547867923975,0.0989343799650669,0.34086359441280367,0.23253274746239186,-15.599076971694068,45.80566767228136,58.80107526881721
777,router_only,-19729.598116874695,1.0,0.38227882608771324,0.8552974507212638,0.17892442531883718,0.0482190047390759,0.029709945758804677,0.20835782438516617,0.0022585299131606005,0.0,0.0001,0.020778596680611373,0.3001404471695423,0.09908741358667612,0.33275885283946993,0.24723468497395515,-14.849705971703678,44.01891125268176,57.86559139784946
778,router_only,-19696.857313632965,1.0,0.38665308207273485,0.8535713598132133,0.17950753532350064,0.04706332525238395,0.0261115439701825,0.19275812208652496,0.0030411401618039235,0.0,0.0001,0.02131996746174991,0.3003783531486988,0.10595102477818727,0.3381717413663864,0.2341789174824953,-15.722753218294367,43.16525696715495,58.005376344086024
779,router_only,-20139.85449695587,1.0,0.390582275390625,0.8516593620181083,0.17779754661023617,0.04830501228570938,0.016100413538515514,0.21510750018060207,0.0012952505363500676,0.0,0.0001,0.022950448980554938,0.3037954293191433,0.09790081735700369,0.3406196407973766,0.23473366647958754,-15.987173557562112,45.44781310701593,59.043010752688176
780,router_only,-19928.642322540283,1.0,0.38384870663285253,0.8547223418951034,0.17815536297857762,0.04851646153256297,0.017733557801693653,0.1987652499228716,0.0019843920708808582,0.0,0.0001,0.022659721272066235,0.2979417622089386,0.09734213724732399,0.3384559340775013,0.2436004426330328,-14.440217377909606,43.710388514432616,58.376344086021504
781,router_only,-19987.341446876526,1.0,0.38594350069761274,0.8539867550134659,0.17982819974422454,0.047916732355952264,0.011470886925235381,0.20656154230237006,0.0021452257911732885,0.0,0.0001,0.023636984918266535,0.3008387304842472,0.09818912949413061,0.3327204927802086,0.24461466409265994,-15.605519490553565,44.218266276933015,58.446236559139784
782,router_only,-19737.60581922531,1.0,0.38933208361268046,0.8525296926498414,0.17987198419868947,0.04674370316788554,0.022357444185763558,0.2100984811782837,0.0016551983921090142,0.0,0.0001,0.024018771946430206,0.2964511372148991,0.10554724037647248,0.3361593149602413,0.23782353326678277,-16.249816135619785,43.97764498024107,57.795698924731184
783,router_only,-19891.74121236801,1.0,0.39133815467357635,0.8530983969569206,0.17873391695320606,0.04752579778432846,0.016770320152863855,0.2049255706369877,0.002416466949216556,0.0,0.0001,0.024010535748675465,0.2955278128385544,0.1009185766801238,0.3333343803882599,0.2462086945772171,-13.901322064353597,43.21382470306672,58.112903225806456
784,router_only,-20114.164233207703,1.0,0.3865798570215702,0.8535668238997459,0.18064115643501283,0.04691800707951188,0.008855155436322187,0.20315799154341221,0.0018537691881647333,0.0,0.0001,0.02279578661546111,0.2937403194606304,0.10534615814685822,0.3325210280716419,0.2455967154353857,-14.122018559868613,42.95107702306841,58.602150537634415
785,router_only,-19765.290024280548,1.0,0.38206005543470384,0.8554210603237152,0.1787831574678421,0.04658517958596349,0.014319471409544378,0.19484466761350633,0.0024545955733628944,0.0,0.0001,0.022578855184838174,0.29998108744621277,0.10626511778682471,0.3317826598882675,0.23939227126538754,-14.93739634476541,45.27323656351842,58.38172043010753
786,router_only,-20018.80993461609,1.0,0.394104690104723,0.8511285275220871,0.1845650214701891,0.045299335941672327,0.015830144798383065,0.20136271826922894,0.0019313921227876562,0.0,0.0001,0.02465326664969325,0.2939800038933754,0.11210578195750713,0.3300306685268879,0.23923027701675892,-16.409732680630828,44.60706386755189,58.74193548387097
787,router_only,-19884.98982000351,1.0,0.38463330194354056,0.8553307577967644,0.18068458698689938,0.046837110072374344,0.0152082049287855,0.20610061176121236,0.0016226094798184932,0.0,0.0001,0.024546308629214763,0.2948641277849674,0.10460863672196866,0.33506368696689603,0.24091723635792733,-15.114672585515562,44.857791534551865,58.483870967741936
788,router_only,-19924.62337255478,1.0,0.3892182186245918,0.852982796728611,0.17983976937830448,0.04643108928576112,0.013823202997446122,0.19569903202354907,0.0016817024596093688,0.0,0.0001,0.02715241815894842,0.2953008428215981,0.1053546503186226,0.338186452537775,0.23400563709437847,-14.956499514372826,45.64209578045212,58.65053763440861
789,router_only,-19763.904497623444,1.0,0.3918414391577244,0.8514914304018021,0.18285985626280307,0.04673820165917277,0.010158634558320043,0.2087507475167513,0.0026430670215631833,0.0,0.0001,0.029026232659816742,0.2954082600772381,0.10172417592257262,0.3367376126348972,0.2371037255972624,-14.521123134866714,44.06961129858723,58.01075268817204
790,router_only,-19954.858316898346,1.0,0.38563481643795966,0.8547142818570137,0.1801508016884327,0.04716501953080297,0.02317453664727502,0.20873039327561854,0.001591231327620335,0.0,0.0001,0.028107606573030353,0.30305966213345525,0.09780641328543424,0.3299867331981659,0.24103959202766417,-15.748138227156463,43.76608885280771,58.45698924731183
791,router_only,-19877.290863513947,1.0,0.3922975338995457,0.85149787068367,0.18024944923818112,0.0467514282092452,0.020131185743957752,0.20357563756406308,0.0014959300136979437,0.0,0.0001,0.02913114265538752,0.296867573261261,0.09928441233932972,0.3261132203042507,0.24860364086925985,-15.323927273118409,44.11419392771146,58.12903225806452
792,router_only,-20099.89750766754,1.0,0.3866331912577152,0.853634262084961,0.17994596250355244,0.046966513805091384,0.021190791530534624,0.21418340168893338,0.0008246174489613623,0.0,0.0001,0.031042601354420184,0.2986521452665329,0.09765941686928273,0.33301258981227877,0.2396332450211048,-15.54133542328727,44.86245455191767,58.876344086021504
793,router_only,-20096.608232975006,1.0,0.38462852537631986,0.8549045369029045,0.18150802813470363,0.046570494025945666,0.041135782608762425,0.205668543279171,0.0014832868298981338,0.0,0.0001,0.02967127556912601,0.28772495687007904,0.10113684013485909,0.3247432142496109,0.256723714619875,-15.122808331975609,43.92237455451175,59.155913978494624
794,router_only,-19974.66160964966,1.0,0.3910901568830013,0.8517144158482551,0.18629254810512066,0.04587517026811838,0.01978774531744423,0.21240332797169686,0.0015154652421188076,0.0,0.0001,0.03095595957711339,0.2951304942369461,0.10234049186110497,0.32381836175918577,0.24775469489395618,-15.472429049317196,44.350099184896706,59.12903225806452
795,router_only,-19561.08846282959,1.0,0.3829332455992699,0.8547330766916275,0.18165736235678195,0.04568302547559142,0.013739377306774252,0.21187442131340503,0.0016231370282184798,0.0,0.0001,0.02798223220743239,0.296014790982008,0.10507604572921991,0.3199224002659321,0.2510045327246189,-14.959881777309203,43.61875278793812,57.596774193548384
796,router_only,-19734.34603691101,1.0,0.38214343413710594,0.8547725051641464,0.18348211869597436,0.0447351704351604,0.020880732499063092,0.22344134077429773,0.0015139392038690858,0.0,0.0001,0.026705021830275656,0.29279805943369863,0.11092845443636179,0.31397597342729566,0.2555924877524376,-15.514354549884532,43.89907088069538,58.392473118279575
797,router_only,-19395.884177207947,1.0,0.381488474458456,0.8548261746764183,0.18334114626049997,0.04468071982264519,0.015778799587860715,0.2099866598844528,0.0017281919168453896,0.0,0.0001,0.027534916903823613,0.2956720687448978,0.11069345083087682,0.31816147193312644,0.24793809466063976,-14.576644542335545,43.10912788815892,57.67741935483871
798,router_only,-19566.525077342987,1.0,0.37635450810194016,0.8578832074999809,0.18238214887678622,0.045605082903057335,0.021262505324557437,0.19561939239501952,0.002207233224180527,0.0,0.0001,0.027963237976655363,0.29823699966073036,0.10607971847057343,0.32579946890473366,0.24192057065665723,-15.261018587370792,44.44954402418894,57.612903225806456
799,router_only,-19764.36524772644,1.0,0.38140838518738746,0.8557454809546471,0.17972989976406098,0.045461667329072954,0.02215984370559451,0.20786041356623172,0.0016787700384156778,0.0,0.0001,0.029876858508214355,0.29748828783631326,0.1041589030995965,0.31738907992839815,0.2510868776589632,-14.652890502438733,43.06888312766019,58.31182795698925
800,router_only,-19713.66650056839,1.0,0.3843663141131401,0.8540286451578141,0.18303472362458706,0.045198564603924754,0.03246871517039837,0.20447804257273675,0.0027387318143155424,0.0,0.0001,0.0289414138533175,0.29497266858816146,0.10866283699870109,0.32911950126290324,0.23830358162522317,-14.748976835168094,42.97389721012205,58.634408602150536
801,router_only,-19720.634279727936,1.0,0.3863641180098057,0.8534280091524125,0.18264075554907322,0.044913565088063476,0.02474411744624377,0.21177139021456243,0.0012764372746460139,0.0,0.0001,0.030205510277301072,0.2973068691790104,0.10686046164482832,0.3185498133301735,0.24707733877003193,-14.565713756949897,43.723442764143634,58.23655913978495
802,router_only,-19490.886802196503,1.0,0.3834818162024021,0.8548721045255661,0.18441444598138332,0.04471648670732975,0.01093336478807038,0.2066397573798895,0.0013123274889039749,0.0,0.0001,0.0300210724119097,0.3026039384305477,0.10703007820993662,0.3152767263352871,0.245068184658885,-15.163342917655614,43.822420777789375,57.655913978494624
803,router_only,-19474.96688556671,1.0,0.39418382942676544,0.8502038195729256,0.18218248151242733,0.04436699543148279,0.01619845489040023,0.20909250453114508,0.0016309127866406925,0.0,0.0001,0.03508552103303373,0.29631619825959205,0.10620488300919532,0.31831150949001313,0.24408189691603183,-15.424698727563479,44.87066764052182,57.65053763440861
804,router_only,-19505.817551136017,1.0,0.3889530673623085,0.8523076251149178,0.18653476648032666,0.04414391163736582,0.011674144212156581,0.21942965872585773,0.0017222623812813253,0.0,0.0001,0.03342447862960398,0.3008935935795307,0.10736411456018687,0.3141354762017727,0.244182338565588,-15.193942435988319,44.21812567762698,57.49999999999999
805,router_only,-19463.006722927094,1.0,0.3904785342514515,0.8521092683076859,0.18687114715576172,0.042680743150413036,0.020974062429740994,0.20050419606268405,0.0027895953244296834,0.0,0.0001,0.03379675569012761,0.2943633943796158,0.11549856215715408,0.3101786427199841,0.2461626436561346,-16.547419907061673,43.716046899568795,57.9516129032258
806,router_only,-19606.586183071136,1.0,0.3838385820388794,0.8543234542012215,0.18939827606081963,0.04329018387943506,0.026266372762620456,0.20053971335291862,0.0021668631583452226,0.0,0.0001,0.0313530039973557,0.2911833733320236,0.11657505054026843,0.3222353421151638,0.23865323141217232,-15.234471477132566,43.4227641525025,58.12903225806452
807,router_only,-19427.232905864716,1.0,0.39227584674954413,0.8510057777166367,0.18893400095403196,0.04185932734981179,0.017303844401612853,0.2153651997447014,0.002243590101716109,0.0,0.0001,0.03349653999321163,0.28728148713707924,0.12308343481272459,0.3197057694196701,0.2364327661693096,-15.66388610640235,43.79801333939452,57.88172043010753
808,router_only,-19249.320417404175,1.0,0.39142465218901634,0.8502938061952591,0.18551626056432724,0.0421405928209424,0.030036867037415482,0.21030311807990074,0.0020970289828255773,0.0,0.0001,0.031255235662683845,0.2928736455738544,0.12077483311295509,0.3092372380197048,0.24585903733968734,-15.250940359551837,44.16728510489188,56.97849462365592
809,router_only,-19407.69293498993,1.0,0.39061363190412524,0.8512149900197983,0.1907161444425583,0.04126657098531723,0.017803414165973662,0.21386617384850978,0.002045464648108464,0.0,0.0001,0.029649908980354668,0.2876416243612766,0.12779787369072437,0.3071728810667992,0.24773770608007908,-15.068053637539242,43.690176125431954,57.446236559139784
810,router_only,-19344.17538547516,1.0,0.3941802568733692,0.849754786491394,0.18928087875247002,0.041384673211723566,0.012204596120864206,0.21450787745416164,0.0018626170001880382,0.0,0.0001,0.03020486575551331,0.29318896532058714,0.12542155776172875,0.30574064552783964,0.24544395916163922,-14.983203779723208,44.357617783025276,57.44086021505377
811,router_only,-19112.898129463196,1.0,0.3897468037903309,0.8512353241443634,0.18952734470367433,0.04155442845076322,0.01301200473681094,0.203332294896245,0.0029738022740616542,0.0,0.0001,0.030113549297675492,0.29807740077376366,0.12403837330639363,0.3073582150042057,0.2404124602675438,-16.607490816883043,44.90919299454194,57.05913978494623
812,router_only,-19584.76342010498,1.0,0.39322528913617133,0.8503565981984138,0.18651932813227176,0.041017106268554926,0.018199816578999155,0.20390859618782997,0.0022187962633324785,0.0,0.0001,0.031498762965202334,0.28985745534300805,0.1268756899982691,0.30647825375199317,0.24528983980417252,-16.9215188549197,44.69111100129765,57.8010752688172
813,router_only,-19553.97439098358,1.0,0.39493132680654525,0.8498853236436844,0.18593377918004989,0.04189664786681533,0.013748468318954071,0.20285156220197678,0.002082759874610929,0.0,0.0001,0.03272656169719994,0.2944376230239868,0.12020706478506327,0.30627264454960823,0.24635610729455948,-14.540936248598038,44.11042077685087,57.607526881720425
814,router_only,-19189.304193019867,1.0,0.39867248237133024,0.8475581988692283,0.1891514178365469,0.04126991741359234,0.016939711151644582,0.21300550252199174,0.0018157732121380833,0.0,0.0001,0.032266383338719604,0.29336592704057696,0.12375501412898302,0.2993346624076366,0.25127801261842253,-14.79427879338763,44.225194613514795,57.01075268817204
815,router_only,-19818.341579437256,1.0,0.39486936628818514,0.850061172246933,0.189509267359972,0.041960971895605326,0.02428979473188518,0.19898761995136738,0.002361645401106216,0.0,0.0001,0.03203715961426497,0.2828586630523205,0.12234660536050797,0.3027001701295376,0.2600574031472206,-15.83847407205982,43.76902080178539,58.45698924731183
816,router_only,-19333.727705955505,1.0,0.3915748745203018,0.8512257009744644,0.18392605818808078,0.040814349055290224,0.02846998688764865,0.2283721689134836,0.0019095286239462438,0.0,0.0001,0.029701676918193698,0.28890150412917137,0.12952346336096526,0.30371546298265456,0.24815789088606835,-16.07510502002192,43.93630621519415,57.61827956989247
817,router_only,-19575.16856956482,1.0,0.39062482342123983,0.851621437072754,0.18932147771120073,0.0406442292034626,0.019186278246343086,0.20694086328148842,0.002779085747897625,0.0,0.0001,0.02814232441596687,0.2808677159249783,0.13358246609568597,0.3050828009843826,0.25232468768954275,-14.75958969273,43.758760648510204,57.89784946236559
818,router_only,-19341.194021463394,1.0,0.39316912814974786,0.85062555372715,0.19093094654381276,0.041022366192191836,0.013340776180848467,0.2072899516671896,0.002239384111089748,0.0,0.0001,0.02860825592651963,0.28406348675489423,0.130020684376359,0.3019741989672184,0.2553333777934313,-14.842197900297654,44.0225115965616,57.317204301075265
819,router_only,-19630.729959487915,1.0,0.38744623586535454,0.8531331241130828,0.1871646773070097,0.041220052447170016,0.01836757957935338,0.2001167953014374,0.002395074531523278,0.0,0.0001,0.026835786271840335,0.28922861367464064,0.12991610132157802,0.30599285662174225,0.24802663549780846,-15.018937302033558,43.96512425397561,58.354838709677416
820,router_only,-19385.39994955063,1.0,0.38824978917837144,0.8523001551628113,0.18788077272474765,0.04091868260875344,0.010234784008935086,0.21374678015708923,0.001855326772420085,0.0,0.0001,0.029455661913380025,0.28803675100207327,0.1299503069370985,0.30845617353916166,0.24410111233592033,-14.847214583324453,44.35360785964232,57.43010752688173
821,router_only,-19263.85421037674,1.0,0.39050853848457334,0.8511541321873665,0.18679868914186953,0.04106719875708222,0.011263655778020621,0.21087955683469772,0.0028003242880913605,0.0,0.0001,0.03097746563144028,0.2885751433670521,0.12730185315012932,0.30547279566526414,0.24767274037003517,-15.879271826889996,44.415685426978534,57.322580645161295
822,router_only,-19466.937207460403,1.0,0.3945593073964119,0.8490582704544067,0.18785408437252044,0.04155509937554598,0.02179944934323431,0.2055240251123905,0.002617478196043521,0.0,0.0001,0.03185925572179258,0.29684037044644357,0.12271153815090656,0.30722550451755526,0.24136333204805852,-15.753427188382323,43.21155993033287,57.52688172043011
823,router_only,-19502.805861473083,1.0,0.3876583658158779,0.8528795123100281,0.18781647086143494,0.042868011817336085,0.02939580418169501,0.21417775973677636,0.0021370032045524567,0.0,0.0001,0.031419116584584114,0.29179881513118744,0.11618899386376143,0.304531841725111,0.25606123469769954,-15.305533642382036,44.24065121617739,57.655913978494624
824,router_only,-19507.724096298218,1.0,0.3940976448357105,0.8500314131379128,0.19128472059965135,0.04065320063382387,0.025375040573999287,0.20697909519076346,0.0018866981539758854,0.0,0.0001,0.0329588838852942,0.29132848232984543,0.1273367464542389,0.30367823913693426,0.24469764940440655,-15.86193726656114,44.2034658548431,57.80645161290323
825,router_only,-19236.77975320816,1.0,0.4001441426575184,0.8472865656018257,0.1868761319667101,0.04083173600956798,0.012308056280016869,0.21327788792550564,0.002739136830496136,0.0,0.0001,0.036890565510839225,0.2904186837375164,0.12289162930101157,0.3028791256248951,0.24691999480128288,-15.192280650095002,43.866327346986296,57.107526881720425
826,router_only,-19280.23942565918,1.0,0.4027725599706173,0.8460344702005387,0.18718296363949777,0.040755531564354894,0.012019136641174516,0.2054066713899374,0.0018836805946193635,0.0,0.0001,0.03948742002248764,0.2847319085150957,0.12256883699446916,0.30387130603194235,0.24934052899479867,-15.544580126932352,43.77216021436974,57.37096774193549
827,router_only,-19262.48419189453,1.0,0.40582874938845637,0.8446796670556068,0.18880504220724106,0.04065646445378661,0.002097836975008281,0.21174781769514084,0.0026139428264286835,0.0,0.0001,0.04053633632138372,0.2846353128552437,0.12212022636085748,0.30369252935051916,0.24901559129357337,-16.59911680061108,45.53490909966738,57.666666666666664
828,router_only,-19360.828632354736,1.0,0.40286759212613105,0.8472378790378571,0.18894752189517022,0.04041897626593709,0.011351603921502765,0.21363564990460873,0.0026002190890721975,0.0,0.0001,0.0400979146361351,0.2797000274062157,0.12477032430469989,0.30339043736457827,0.2520412981510162,-15.42017214956252,44.26470044233329,57.612903225806456
829,router_only,-19376.45826625824,1.0,0.40303444638848307,0.8461063399910926,0.18882053308188915,0.04086347837001085,0.013825678173452614,0.22095972411334514,0.0020802329847356303,0.0,0.0001,0.03948917714878917,0.28661286681890485,0.12135433368384838,0.3021407417953014,0.25040288306772707,-14.643049900428801,43.04232495160766,57.295698924731184
830,router_only,-19297.55498933792,1.0,0.40221704095602034,0.8466715797781944,0.18708574324846267,0.04121213704347611,0.01753709400072695,0.20421576872467995,0.002882991663500434,0.0,0.0001,0.04285695161670446,0.28213646113872526,0.11756354589015246,0.30163938626646997,0.25580365359783175,-15.19036164474064,42.669707009197275,57.322580645161295
831,router_only,-19145.803878307343,1.0,0.4009726487100124,0.846949328482151,0.1840971413999796,0.040939662326127294,0.012883315701037679,0.21366350650787352,0.0020282223907997833,0.0,0.0001,0.040586404409259556,0.28481773287057877,0.12028384506702423,0.3026794731616974,0.2516325429081917,-15.20447555689878,43.91890619135532,57.043010752688176
832,router_only,-19176.92266845703,1.0,0.4025640249252319,0.8462583154439927,0.1876854345202446,0.04042566604912281,0.012266203388571699,0.21227160058915615,0.00259878167998977,0.0,0.0001,0.04017953621223569,0.2881753548979759,0.12293972801417112,0.30279907062649725,0.24590631015598774,-15.314444195258373,43.018487538624434,56.99999999999999
833,router_only,-19214.167649269104,1.0,0.39855909124016764,0.847587488591671,0.19100706689059735,0.03976837256923318,0.019089262839406686,0.2140616063028574,0.0013178176151996013,0.0,0.0001,0.03837880175560713,0.28520224541425704,0.12805670965462923,0.2980282805860043,0.2503339573740959,-15.320267832177837,44.31867371445767,57.10215053763441
834,router_only,-19470.664375782013,1.0,0.3969271071255207,0.8486373424530029,0.19271799065172673,0.04049126822501421,0.012272797897458103,0.2250987570732832,0.0019315594028739725,0.0,0.0001,0.03712679427117109,0.28439907282590865,0.12513428460806608,0.29686948731541635,0.2564703568816185,-15.2434680105397,43.491030374564346,57.596774193548384
835,router_only,-19100.603188991547,1.0,0.3964296169579029,0.8482223287224769,0.19010073319077492,0.03997369315475226,0.023653681809082665,0.20983982384204863,0.0012903044815175235,0.0,0.0001,0.03641646369360387,0.2950274720788002,0.126332725957036,0.29343101382255554,0.24879231974482535,-16.421261310602848,44.96622963983723,56.82258064516129
836,router_only,-19095.098350524902,1.0,0.39549986720085145,0.8488275364041329,0.18995193354785442,0.04061905946582556,0.015414917515590772,0.20373669750988482,0.003026135115942452,0.0,0.0001,0.03490023529157042,0.29022215083241465,0.1256091559305787,0.3011384755373001,0.24812998361885547,-15.041590312616437,44.40113541093992,56.84408602150538
837,router_only,-18864.013283729553,1.0,0.40121904462575914,0.8460705995559692,0.1886319700628519,0.0400900112465024,0.00907608559355138,0.20293891206383705,0.001650397913181223,0.0,0.0001,0.03813510723412037,0.2915253251791,0.12527450285851954,0.2989187821745872,0.24614629074931144,-15.043755396596623,43.05085078853107,56.06451612903226
838,router_only,-18921.36412858963,1.0,0.3980900064110756,0.8486716091632843,0.19366553016006946,0.03977206703275442,0.007232098560780213,0.22441061809659005,0.0023571948180688197,0.0,0.0001,0.03635698622092605,0.29063707664608956,0.12889054734259844,0.2988778293132782,0.2452375590801239,-16.045299402823915,43.400825292450854,56.29032258064516
839,router_only,-19314.108520507812,1.0,0.39068942442536353,0.8508814379572869,0.19002824313938618,0.03979058098047972,0.02102043717168267,0.20122614018619062,0.0021503866082639433,0.0,0.0001,0.03295047855935991,0.28418847993016244,0.13361739423125982,0.30466119945049286,0.2445824433118105,-16.21389224339626,44.26747448061989,57.30645161290323
840,router_only,-19098.27805376053,1.0,0.39283726215362547,0.8500650018453598,0.18853511475026608,0.0402366797439754,0.0239628700539469,0.2199947193264961,0.0022736171073120203,0.0,0.0001,0.032861789641901853,0.28793990463018415,0.12956346478313208,0.2968223839998245,0.25281245484948156,-14.878398772315778,43.65165775807958,56.68817204301075
841,router_only,-19225.844792366028,1.0,0.39824577793478966,0.8479729682207108,0.19191663451492785,0.03957889694720507,0.022730045206844754,0.2101664964109659,0.0021955927073577185,0.0,0.0001,0.034641123143956065,0.28038112036883833,0.13377865068614483,0.30219288915395737,0.24900621846318244,-14.615865300093928,43.021721601611596,57.03225806451613
842,router_only,-18942.606819152832,1.0,0.39409413635730745,0.8496394470334053,0.18997950963675975,0.03924909615889192,0.015204640710726344,0.21070971451699733,0.0021114769944688304,0.0,0.0001,0.03398408992215991,0.28709165155887606,0.13467043582350016,0.2996816158294678,0.24457220062613488,-14.991867516302243,43.499334281408416,56.387096774193544
843,router_only,-18722.370102882385,1.0,0.3922449588775635,0.850061348080635,0.19385949932038785,0.03888776628300548,0.01666285046376289,0.2267106730490923,0.001796533091692254,0.0,0.0001,0.032163123274222015,0.29065346494317057,0.13800093978643418,0.30112072750926017,0.2380617458373308,-15.257363674052602,43.17417051039731,55.96774193548387
844,router_only,-19031.526916503906,1.0,0.3920194633305073,0.8500609800219536,0.19500879421830178,0.038837659917771813,0.013665012503042799,0.20581121779978276,0.0015269661831553093,0.0,0.0001,0.03330932119861245,0.2838209576904774,0.1390411738306284,0.30515841245651243,0.23867013417184352,-14.625964244495165,43.19610833390186,56.40860215053763
845,router_only,-19094.014409542084,1.0,0.3919155068695545,0.8494025260210037,0.1959309011697769,0.03912968188524246,0.013629079703241571,0.2066391821950674,0.002604170901759062,0.0,0.0001,0.03215896021574736,0.2799868281930685,0.13873200360685586,0.30363753736019133,0.24548467807471752,-14.922502406789443,44.33846337658223,56.91935483870968
846,router_only,-19271.740591049194,1.0,0.39307044818997383,0.8502794086933136,0.1899725116789341,0.038758964650332926,0.01071232073009016,0.2176738202571869,0.0021304256952134892,0.0,0.0001,0.037285924702882764,0.2787027481943369,0.13691144734621047,0.30386672765016554,0.243233148381114,-14.112817589880503,43.831704200845486,57.36559139784946
847,router_only,-18957.415573596954,1.0,0.4010771207511425,0.8458946630358696,0.19284104630351068,0.03902638144791126,0.014371892809867809,0.22711533792316912,0.0015062071941429167,0.0,0.0001,0.03902451395988464,0.28353897854685783,0.13243938721716403,0.3011528417468071,0.24384427554905413,-15.315140490581486,44.056441650272205,56.672043010752695
848,router_only,-18914.216599464417,1.0,0.396864627301693,0.8475661218166352,0.19451540149748325,0.03870233790948987,0.0186535834800452,0.20833533853292466,0.0019634768657851966,0.0,0.0001,0.038253765041008594,0.2923616640269756,0.13294349145144224,0.29761606007814406,0.23882501237094403,-14.758941914290924,44.25273163886311,56.61827956989247
849,router_only,-18850.422747135162,1.0,0.392510849237442,0.8504292204976082,0.1943293262273073,0.03910706741735339,0.013598109735176,0.21347683630883693,0.002601518185110763,0.0,0.0001,0.0371902777813375,0.2885276697576046,0.13321028407663107,0.30414832532405855,0.23692344203591348,-15.434746996891219,44.18236873571792,56.112903225806456
850,router_only,-18946.96544122696,1.0,0.3998904898762703,0.8467451378703117,0.19455455094575883,0.03804729897528887,0.018817517999559684,0.20726396180689335,0.0017908304163938738,0.0,0.0001,0.040106738545000555,0.2927191309630871,0.13486650064587594,0.29473956748843194,0.2375680636614561,-15.605773584461119,44.31260355764325,55.983870967741936
851,router_only,-18781.49388551712,1.0,0.39654082283377645,0.8482240617275238,0.19464758448302746,0.038498636800795794,0.0067453254945576205,0.22407275661826134,0.0010890472374740056,0.0,0.0001,0.03894982719793916,0.2914829567074776,0.133918584510684,0.2981122277677059,0.2375364001840353,-15.547098801880027,45.50875265723856,56.505376344086024
852,router_only,-19082.35368871689,1.0,0.3962446443736553,0.8483071997761726,0.19499993957579137,0.03801738684996962,0.019553513824939736,0.215837661921978,0.0019830300501780585,0.0,0.0001,0.036741019878536466,0.28511996269226075,0.13954206481575965,0.2969072751700878,0.24168967977166175,-15.437008385675293,44.06990087398632,57.14516129032258
853,router_only,-18954.318612098694,1.0,0.3954211622476578,0.8490273520350456,0.19451915994286537,0.03735734550282359,0.010566927539184673,0.1972677804529667,0.0023705666085788836,0.0,0.0001,0.03497496810741722,0.28485672920942307,0.14482553042471408,0.29528036788105966,0.24006241038441659,-16.24208160783158,44.40628759437094,56.58602150537635
854,router_only,-18565.903609275818,1.0,0.38756793215870855,0.8517707973718643,0.19827366024255752,0.03691417593508959,0.01166609367355708,0.21182781904935838,0.002859775657998398,0.0,0.0001,0.0352692514192313,0.28776460215449334,0.14667206183075904,0.2960647247731686,0.23422936126589775,-16.629055811614002,45.101552258117756,55.833333333333336
855,router_only,-18593.841378211975,1.0,0.393652069568634,0.8487500578165055,0.1972522336989641,0.036881995014846326,0.016339967492967858,0.21312405355274677,0.002088895033375593,0.0,0.0001,0.03692159024067223,0.28205417543649675,0.14635543636977671,0.29392179250717165,0.24074700549244882,-15.128410646036025,43.80694725395611,55.85483870967742
856,router_only,-18822.442880153656,1.0,0.3935868963599205,0.8486492976546287,0.19851325154304506,0.0365010685287416,0.00955737223848696,0.19924589134752752,0.0018306193625903689,0.0,0.0001,0.038166578067466615,0.28227069452404974,0.14800222218036652,0.29559218809008597,0.23596832156181335,-15.608197649449588,44.394706133243986,56.00000000000001
857,router_only,-18840.84124135971,1.0,0.3930799439549446,0.8492486953735352,0.19348443448543548,0.03712213262915611,0.009027333231642932,0.2070693027228117,0.002294113095558714,0.0,0.0001,0.03906126506626606,0.28348502665758135,0.14348855353891848,0.297647562623024,0.23631759248673917,-16.030914248790012,43.69774967966649,56.35483870967742
858,router_only,-18941.41305923462,1.0,0.38975276350975036,0.8502509087324143,0.19713110364973546,0.037032497394829986,0.01196881318464877,0.20725848339498043,0.001318995042129245,0.0,0.0001,0.03582340469583869,0.28073847740888597,0.14731890447437762,0.29834486693143847,0.23777434080839158,-16.013196035525866,43.478583498207826,56.376344086021504
859,router_only,-18998.252591609955,1.0,0.3932256557047367,0.848298017680645,0.19983002580702305,0.03690013261511922,0.006718704756349364,0.22773365564644338,0.0010237015172606333,0.0,0.0001,0.038409104011952876,0.2815121315419674,0.1456442430615425,0.29805646389722823,0.2363780539482832,-16.010573773933682,44.47437707180447,56.69354838709677
860,router_only,-18638.21960926056,1.0,0.39211639314889907,0.8497211635112762,0.20106216780841352,0.03563942397013307,0.01577716479077939,0.2146463144570589,0.0006135847841505892,0.0,0.0001,0.04060548385605216,0.28223206996917727,0.1506165076047182,0.2934145167469978,0.23313141912221907,-15.077801023867679,43.442880799959774,56.01075268817204
861,router_only,-18794.243593215942,1.0,0.393978887796402,0.8482205376029015,0.19838403426110746,0.03609919771552086,0.010663203755393674,0.2129758156836033,0.0021885604750423227,0.0,0.0001,0.038243519188836214,0.2792624317109585,0.1507718086242676,0.29486778751015663,0.23685444816946982,-15.919861391820698,44.51745474316427,56.28494623655914
862,router_only,-18599.272625923157,1.0,0.3852439604699612,0.8528871640563012,0.19330159798264504,0.03735548183321953,0.025607854966074227,0.21826215796172618,0.0027675350633217023,0.0,0.0001,0.03481755699031055,0.288331688195467,0.14399260953068732,0.29226902276277544,0.2405891206115484,-15.68388122605184,44.1657724958144,56.005376344086024
863,router_only,-18822.40318584442,1.0,0.3912383049726486,0.8503459051251412,0.19224333874881266,0.03758163489401341,0.014170868508517752,0.21160076446831227,0.0027828213871543992,0.0,0.0001,0.03468633606098592,0.28193273544311526,0.14389591738581659,0.291810455173254,0.2476745557039976,-16.31885889091635,42.93160217995957,56.03225806451613
864,router_only,-18976.260368824005,1.0,0.38803631216287615,0.8506881251931191,0.1940366044640541,0.038065097946673634,0.023995721759274585,0.211244760081172,0.0016275501737254671,0.0,0.0001,0.0334461466409266,0.29005328118801116,0.1410411812365055,0.2956877678632736,0.23977161794900895,-15.570315907813717,44.67825755584438,56.67741935483871
865,router_only,-18870.39140033722,1.0,0.3849653169512749,0.8534514427185058,0.19204091541469098,0.03831984270364046,0.00393257061950867,0.2181374069303274,0.0012075394377461634,0.0,0.0001,0.0325889793690294,0.29134626090526583,0.14030242748558522,0.2963610775768757,0.2394012577831745,-16.426591285014748,44.71925667068754,56.24193548387096
866,router_only,-19146.651201725006,1.0,0.3836873359978199,0.853062130510807,0.19297557584941388,0.03735809773206711,0.01673923055641354,0.20128409340977668,0.0016518191070645117,0.0,0.0001,0.03278658324852586,0.28597400337457657,0.1462183903902769,0.2933637171983719,0.24165730364620686,-15.478825478016125,42.63430804677781,56.887096774193544
867,router_only,-18992.47692298889,1.0,0.3790440447628498,0.8548081338405609,0.19026535302400588,0.03919524867087602,0.02073748651891945,0.21331785134971143,0.0021342297062801664,0.0,0.0001,0.03148437989875674,0.28569306060671806,0.1374327950179577,0.3002492532134056,0.24514051266014575,-15.233116431320584,43.72255211254359,56.47849462365592
868,router_only,-19040.098642349243,1.0,0.38120270892977715,0.8534628197550773,0.19364181496202945,0.03930222010239959,0.023921328131109462,0.20344091542065143,0.0016275995643809439,0.0,0.0001,0.03241924736648798,0.2843386836349964,0.135270063765347,0.2918056957423687,0.25616630762815473,-15.381858174542245,43.64686168796313,56.53225806451613
869,router_only,-18996.66254901886,1.0,0.37958755493164065,0.8542177572846412,0.194512402638793,0.03850491289049387,0.022317121597006863,0.21802078187465668,0.0008970860595582053,0.0,0.0001,0.028672548336908223,0.28605058789253235,0.14317722544074057,0.2933451943099499,0.2487544495612383,-15.891306124697502,43.087461644419825,56.59139784946237
870,router_only,-18954.716981887817,1.0,0.37463712245225905,0.8565658494830132,0.19059136286377906,0.03920335443690419,0.01199351181276144,0.22051924504339696,0.0019220206260797568,0.0,0.0001,0.029264113306999205,0.2876295164227486,0.1387053020298481,0.2971714518964291,0.24722961224615575,-15.627691869183755,43.229299947006474,56.13978494623656
871,router_only,-19069.595347881317,1.0,0.3791925638914108,0.8544588521122932,0.1942156657576561,0.03822084832936525,0.019734791247174165,0.21176601201295853,0.0011857231555040925,0.0,0.0001,0.028809403302147985,0.2837994575500488,0.14580556862056254,0.29993858113884925,0.2416469857096672,-16.27886413068631,43.35191708496218,56.83870967741935
872,router_only,-18933.55925321579,1.0,0.37020386308431624,0.8579352796077728,0.191592039167881,0.039026749692857264,0.013100051460787614,0.21948811486363412,0.0015304963453672826,0.0,0.0001,0.027233747113496066,0.2882059834897518,0.14176206588745116,0.2990077152848244,0.24379048645496368,-15.854894251035168,43.96384577472471,56.25806451612904
873,router_only,-19083.903824806213,1.0,0.3681219331920147,0.8586625635623932,0.18892361372709274,0.039181821420788764,0.016213178820908104,0.21392692998051643,0.0012252193027961766,0.0,0.0001,0.02640321245416999,0.29195352643728256,0.14032260216772557,0.29317112267017365,0.2481495313346386,-14.73620109917537,44.21603078749397,56.817204301075265
874,router_only,-18726.593561649323,1.0,0.3659156017005444,0.8594823852181435,0.19120293855667114,0.039813835825771096,0.01786469225771724,0.21443515047430992,0.0012681699711720284,0.0,0.0001,0.026513356296345592,0.29007767587900163,0.13776461370289325,0.301993328332901,0.24365102760493756,-15.624981868284326,43.42027332294718,56.075268817204304
875,router_only,-18909.704849243164,1.0,0.3704352520406246,0.8578557327389718,0.1949276689440012,0.039115813374519345,0.009332746919244506,0.21749457083642482,0.0010753092596132775,0.0,0.0001,0.03013886963017285,0.2890336744487286,0.13822517823427916,0.2983709543943405,0.2442313212901354,-14.266086238542764,43.1523397839083,56.18279569892473
876,router_only,-18942.409916877747,1.0,0.3630710937082767,0.861074535548687,0.19115412309765817,0.0396992958150804,0.013280518865212795,0.22057116478681565,0.0011560659288079478,0.0,0.0001,0.030005521979182957,0.2850463055074215,0.13570563774555922,0.2983853168785572,0.2508572205901146,-15.539233466814592,43.73452740596874,56.155913978494624
877,router_only,-18839.377230644226,1.0,0.36663570404052737,0.8588429063558578,0.18882372938096523,0.039304460119456056,0.021540313540026577,0.21306394524872302,0.0023710559937171636,0.0,0.0001,0.029488118132576346,0.2886351734399796,0.13832808956503867,0.3029441490769386,0.24060446284711362,-15.207942060656727,43.66034181920821,56.17741935483871
878,router_only,-19053.914321899414,1.0,0.3693649783730507,0.8580393359065056,0.19150530435144902,0.039400964695960286,0.01094627748243502,0.21323000118136406,0.0016727100635762326,0.0,0.0001,0.031239401642233135,0.2905555836856365,0.13556971922516822,0.300229386985302,0.24240591414272786,-15.413596370502544,44.03248088476015,57.06989247311828
879,router_only,-19053.873880386353,1.0,0.36910361275076864,0.8582925975322724,0.19234047569334506,0.03895976478233933,0.006362452544271986,0.21390183195471763,0.0008381774663575925,0.0,0.0001,0.03208123547956347,0.28781036511063574,0.13790257684886456,0.299793379753828,0.24241244941949844,-15.67740687359053,43.241404775284366,56.55913978494623
880,router_only,-18840.40137577057,1.0,0.36711563766002653,0.8586408406496048,0.18879828192293643,0.03956745816394687,0.011484923213720355,0.21366523988544942,0.0013069291140709537,0.0,0.0001,0.033521005604416135,0.2917793046683073,0.13254073802381755,0.2994127556681633,0.2427462000399828,-15.788645493321244,44.05685472273519,56.46236559139785
881,router_only,-19124.157230377197,1.0,0.3688226893544197,0.8580325111746788,0.19460505284368992,0.0383890743367374,0.01993422731757162,0.20683498159050942,0.001776389313454274,0.0,0.0001,0.034649255219846964,0.285378373414278,0.13876735102385282,0.2958465702831745,0.24535844810307025,-14.598883588986041,44.20919250499484,56.876344086021504
882,router_only,-19029.035537719727,1.0,0.3684302046895027,0.8583430111408233,0.19296156391501426,0.03910357803106308,0.012524186912924083,0.21308966539800167,0.0015257706176271314,0.0,0.0001,0.03298936653882265,0.2898680046200752,0.135561815649271,0.29761903509497645,0.24396178126335144,-15.528669528545066,43.23953414596801,56.607526881720425
883,router_only,-18677.66322183609,1.0,0.36512468606233595,0.8595810577273368,0.1898696068674326,0.03883797209709883,0.015984608186408865,0.2051404993981123,0.0014064121947740204,0.0,0.0001,0.03233510632999241,0.2967793770134449,0.13655729424208402,0.29770448729395865,0.23662373647093773,-16.21700787942448,44.700459479352375,55.74731182795699
884,router_only,-19020.54307794571,1.0,0.3683422304689884,0.8583283811807633,0.19237317889928818,0.03813911844044924,0.014239779626950659,0.2146256435662508,0.0008207675826270133,0.0,0.0001,0.03561656326055527,0.28995117023587225,0.13890357725322247,0.2974128022789955,0.23811588436365128,-15.430716241131561,44.55008844281953,56.6989247311828
885,router_only,-18971.865205287933,1.0,0.37098543643951415,0.8574507921934128,0.19716962724924086,0.038195162639021875,0.01586703113280232,0.2101652678102255,0.0015105505383871786,0.0,0.0001,0.03328568623401225,0.29038828909397124,0.14131320603191852,0.3024995684623718,0.2325132440775633,-16.426930223631846,45.01995431109339,56.93010752688173
886,router_only,-18904.071788311005,1.0,0.36507890969514845,0.8596636727452278,0.19374849386513232,0.03816638262942433,0.020524946460500293,0.21094582751393318,0.0013667399951373227,0.0,0.0001,0.03158690333366394,0.28598896935582163,0.14316468089818954,0.2983352020382881,0.24092424660921097,-16.46227770226843,45.00170560643434,56.817204301075265
887,router_only,-18599.44033718109,1.0,0.3658726766705513,0.8603444337844849,0.19268665090203285,0.03834707196801901,0.01679798807017499,0.2139583330601454,0.0008925915957661345,0.0,0.0001,0.032939351676031944,0.29021243676543235,0.14059814400970935,0.3011582776904106,0.23509178683161736,-16.35926801130311,44.58375587910534,55.97311827956989
888,router_only,-18888.203003406525,1.0,0.36914339363574983,0.8581158608198166,0.19316529333591462,0.03777867229655385,0.011562386993318803,0.21184382773935795,0.000621306895482121,0.0,0.0001,0.0330560986418277,0.29397445619106294,0.1425005741417408,0.29562411084771156,0.23484476320445538,-15.938681536636498,44.08997268592321,56.52150537634408
889,router_only,-18811.429965019226,1.0,0.36839724630117415,0.8583972617983818,0.19679346382617952,0.03872214164584875,0.010732146631926322,0.21085355170071124,0.0013555308149079792,0.0,0.0001,0.03254242106340825,0.2949094295501709,0.13777807205915452,0.30005520656704904,0.23471486531198024,-16.44308836156423,44.04308182298936,56.596774193548384
890,router_only,-18714.415540218353,1.0,0.36757597476243975,0.8590994700789452,0.1925029631704092,0.038748568203300235,0.01519469469785694,0.21148140989243985,0.001997447670510155,0.0,0.0001,0.031559282122179864,0.2919638782739639,0.1386320164427161,0.2963865533471107,0.2414582721889019,-15.251169223957934,43.45581439598361,56.333333333333336
891,router_only,-18859.328101158142,1.0,0.36118704825639725,0.8617154031991958,0.19653678834438323,0.038636702205985786,0.014252946572378283,0.2285349328070879,0.0007466747950275021,0.0,0.0001,0.029804834816604852,0.2983610562980175,0.13936130665242671,0.29351586401462554,0.238956930488348,-16.266713846385304,43.77590924259253,56.17741935483871
892,router_only,-18537.71661424637,1.0,0.36273930221796036,0.8610063761472702,0.1933747038245201,0.03890123404562473,0.005644300021231178,0.20232258029282094,0.0018387144562439061,0.0,0.0001,0.02975510908290744,0.2967711128294468,0.13817882910370827,0.2950183264911175,0.24027662128210067,-15.892440678299138,44.131140504837255,55.84946236559139
893,router_only,-19007.879012584686,1.0,0.367606645822525,0.8589555948972702,0.18958758190274239,0.039135294407606123,0.02214503157883883,0.23239079527556897,0.0005146100302226841,0.0,0.0001,0.03023571828380227,0.29302381351590157,0.13631205931305884,0.289559879899025,0.2508685279637575,-14.928817259528152,44.285491887457646,56.62903225806451
894,router_only,-18805.127050876617,1.0,0.3632841624319553,0.8611306950449944,0.1953440483659506,0.03867163807153702,0.03899205969646569,0.2029196910560131,0.0013257810162031092,0.0,0.0001,0.028882882744073867,0.2954697862267494,0.14159324802458287,0.3013287506997585,0.23272533603012563,-15.659275861687966,43.943812494587505,56.387096774193544
895,router_only,-18959.826611995697,1.0,0.3650962382555008,0.8597002357244492,0.19387197569012643,0.038802153151482346,0.031883174786344115,0.20142195075750352,0.0014234883412427735,0.0,0.0001,0.030204173037782313,0.28788105547428133,0.13971177972853183,0.2948573581874371,0.24734562896192075,-14.725500646216275,42.7542835696611,56.446236559139784
896,router_only,-18718.257791042328,1.0,0.3729791074991226,0.8567067489027977,0.1867495473474264,0.0384595287963748,0.012104091700166443,0.21643814221024513,0.0011663885983580259,0.0,0.0001,0.033127191057428715,0.29086759090423586,0.13817411251366138,0.29034298062324526,0.247488122433424,-16.00874757125435,43.45162232044174,56.30645161290323
897,router_only,-18716.934679985046,1.0,0.36630984097719194,0.858680933713913,0.1944496188312769,0.03826017901301384,0.016193867381662147,0.2148254957050085,0.001919669813287328,0.0,0.0001,0.03333159913308918,0.2882473565638065,0.14034568034112455,0.2960639394819736,0.2420114241540432,-15.866568552275314,43.80460174879058,56.14516129032258
898,router_only,-18430.063139915466,1.0,0.3610115259885788,0.861467345058918,0.19362978227436542,0.03856605123728514,0.018351089442148832,0.2203598391264677,0.0012961844127858057,0.0,0.0001,0.03127247635275125,0.29101745039224625,0.13912542201578618,0.2901677742600441,0.24841687344014646,-14.47620699134356,42.82326602018986,55.21505376344086
899,router_only,-18712.719561100006,1.0,0.3603075176477432,0.8612312838435173,0.19384617656469344,0.0386784041300416,0.009377417899668186,0.20852759890258313,0.0014581180701497942,0.0,0.0001,0.03041665256023407,0.29259617179632186,0.13951020129024982,0.29289297983050344,0.24458398558199407,-15.155715489628355,43.85674415100833,56.075268817204304
900,router_only,-18590.155426502228,1.0,0.359015679359436,0.8624572664499283,0.19174093715846538,0.03923989105969668,0.018016790505498686,0.22009904570877553,0.001541833047667751,0.0,0.0001,0.02921838341280818,0.30160456895828247,0.1358361156657338,0.2928318254649639,0.24050910137593745,-15.254742576947178,42.46239288322393,55.93010752688172
901,router_only,-18636.054453849792,1.0,0.35931586399674414,0.8615567266941071,0.19167754463851452,0.03972426634281874,0.011097038909792856,0.2136785142123699,0.0009742909547640011,0.0,0.0001,0.028166859690099955,0.30526260286569595,0.13306968621909618,0.2911012597382069,0.24239958748221396,-14.802934510918735,43.99074447394842,55.774193548387096
902,router_only,-18790.513289928436,1.0,0.3479118846356869,0.8667880520224571,0.19063823744654657,0.03995805690065026,0.0180895444471389,0.20981895178556442,0.0016366447322070598,0.0,0.0001,0.027316126460209488,0.3001469150185585,0.13413695562630892,0.29907876774668696,0.2393212415277958,-15.804054786761315,43.484258139334315,56.75268817204301
903,router_only,-18823.484004497528,1.0,0.3520523212850094,0.8644723162055016,0.19060077890753746,0.04010330252349377,0.00805809395387775,0.20107664950191975,0.0012811736232833937,0.0,0.0001,0.027395073836669327,0.30028666332364085,0.1329490527510643,0.2962376199662685,0.2431315891444683,-15.70854658781714,43.275436209786655,56.58602150537635
904,router_only,-18859.057080745697,1.0,0.3529633641242981,0.8645785734057426,0.19290215335786343,0.039401696715503934,0.008348826225847001,0.21628090403974057,0.0015153791784541682,0.0,0.0001,0.02891060975380242,0.29994214698672295,0.13560793362557888,0.2952463559806347,0.2402929600328207,-16.304510655273887,43.82922635620574,56.25268817204301
905,router_only,-18416.556195259094,1.0,0.36048304811120035,0.862161448597908,0.19652908109128475,0.038146452978253365,0.01729600848630069,0.20072645805776118,0.0014320273126941173,0.0,0.0001,0.03088174550794065,0.30195267498493195,0.14027427211403848,0.2889179602265358,0.2379733495414257,-15.562357866604328,44.6450219206546,55.446236559139784
906,router_only,-18740.501566410065,1.0,0.3612416960299015,0.8614774540066719,0.19095797315239907,0.03915638839825988,0.01738110873848199,0.20209259502589702,0.0007279139897946151,0.0,0.0001,0.031678937887772915,0.30111120641231537,0.13349692430347204,0.2878462202847004,0.24586670957505702,-15.310834699826966,44.9257356786857,55.75268817204301
907,router_only,-18664.337203502655,1.0,0.3655023969709873,0.8593616098165512,0.1890327725559473,0.0387019288726151,0.010306167276576177,0.2206006206572056,0.0009309629793278873,0.0,0.0001,0.03240489363670349,0.30063049122691154,0.13517474122345446,0.28317385315895083,0.24861602187156678,-15.720781001072352,43.372936185109026,56.24193548387096
908,router_only,-18546.818004131317,1.0,0.3649283193051815,0.8595722779631615,0.19594308473169803,0.03818272547796368,0.023458167770877468,0.21827446930110456,0.0005584092552453513,0.0,0.0001,0.03134248829446733,0.30037621781229973,0.13992796540260316,0.2901497095823288,0.23820361346006394,-16.23110802069369,44.392296867273735,55.623655913978496
909,router_only,-18706.93803167343,1.0,0.35838658437132836,0.862199367582798,0.19348060749471188,0.03848405024036765,0.01249144095927484,0.21066817902028562,0.001654197627067333,0.0,0.0001,0.03129839259199798,0.29898571595549583,0.13915244117379189,0.29639543369412424,0.2341680184006691,-15.841896853869667,43.75374440867181,55.80645161290323
910,router_only,-18767.067499160767,1.0,0.36632036566734316,0.8579814061522484,0.19312022365629672,0.03816886004060507,0.01741851209662855,0.20791915506124498,0.00044521414592963994,0.0,0.0001,0.03087803963571787,0.2988519936800003,0.14058322906494142,0.28824025169014933,0.24144648537039756,-16.052115971283122,43.68195115985848,56.02150537634408
911,router_only,-18749.967337608337,1.0,0.3644487753510475,0.8592959210276604,0.1990400839596987,0.037455925811082126,0.008442740235477732,0.2137311901897192,0.0007436003098064247,0.0,0.0001,0.03059979761019349,0.29847236573696134,0.1448045965284109,0.2864951595664024,0.23962807469069958,-15.649685764931093,43.065786073636545,55.79032258064516
912,router_only,-18575.944707393646,1.0,0.36141951084136964,0.8602896213531495,0.19715743958950044,0.03740987703204155,0.011475727241486315,0.20579927638173104,0.0008911634936879409,0.0,0.0001,0.02897596787661314,0.2973691739141941,0.14709160923957826,0.2899460159242153,0.2366172380745411,-15.585061857346307,43.94628874823481,55.47849462365592
913,router_only,-18266.567661762238,1.0,0.3669122070074081,0.8589582726359367,0.19825483448803424,0.03723467597737908,0.006853951932862423,0.20929082185029985,0.0010603126727801282,0.0,0.0001,0.02900653318502009,0.29792560413479807,0.14832999892532825,0.29154760502278804,0.23319026045501232,-15.69451658062621,42.75654832170451,55.28494623655914
914,router_only,-18844.527987957,1.0,0.36011882275342944,0.8615232512354851,0.19630007036030292,0.03805809570476413,0.025338854407891614,0.20283445306122302,0.0006028603183949599,0.0,0.0001,0.029943181946873666,0.2895988091826439,0.1439873617142439,0.29272749200463294,0.24374314695596694,-15.571224930270839,42.899081404251625,56.28494623655914
915,router_only,-18537.479434013367,1.0,0.36389694884419443,0.860278756916523,0.1920784253627062,0.037661697901785376,0.012940086238086169,0.2249289397150278,0.00030823279116702905,0.0,0.0001,0.028429566882550716,0.2930825911462307,0.14697362519800664,0.2922386504709721,0.2392755627632141,-16.47845608377371,43.39906740457056,55.52688172043011
916,router_only,-18769.590235710144,1.0,0.35515993759036063,0.8625600382685661,0.19073756635189057,0.038736763224005696,0.017965965997427676,0.20856558308005332,0.0010325022863980847,0.0,0.0001,0.028230179008096455,0.29593087881803515,0.1411962728947401,0.2983733475208282,0.23626932166516781,-15.955381218650608,44.08722983816426,56.053763440860216
917,router_only,-18512.194270133972,1.0,0.35688617676496504,0.8618788167834281,0.194649375975132,0.03813041364774108,0.028089362476021063,0.22824778817594052,0.0009681193027063273,0.0,0.0001,0.028751727566123007,0.29085358455777166,0.14398806914687157,0.28940596133470536,0.2470006588846445,-15.991678626263802,44.591466305146305,55.35483870967742
918,router_only,-18466.576437950134,1.0,0.3612977497279644,0.8608531445264817,0.19835918210446835,0.037204367015510796,0.019594561960548165,0.22672100365161896,0.0005430253600934521,0.0,0.0001,0.03107440946623683,0.2950198419392109,0.14687170647084713,0.28983066603541374,0.23720337823033333,-16.015126581070174,42.830913911476834,55.61827956989247
919,router_only,-18435.138696193695,1.0,0.36393592059612273,0.8593331709504127,0.19895075894892217,0.03724452145397663,0.011448594462126468,0.22325121574103832,0.0007300062366994098,0.0,0.0001,0.03362706247717142,0.29096579253673555,0.14520145766437054,0.2911746233701706,0.23903106413781644,-15.414953914245583,42.67957988093747,54.962365591397855
920,router_only,-18594.17554807663,1.0,0.3587943032383919,0.8612978279590606,0.19594510346651078,0.03735601846128702,0.015017830533906762,0.20913065783679485,0.0007620235042622881,0.0,0.0001,0.032273123646155,0.2913880184292793,0.14488409757614135,0.28533700183033944,0.2461177483201027,-14.922466395627806,43.86869827273191,55.75268817204301
921,router_only,-18499.46804857254,1.0,0.356125645339489,0.8627718344330788,0.19506303928792476,0.03762308340519667,0.012078937981277682,0.2126155339181423,0.0010462544691108634,0.0,0.0001,0.031311497231945394,0.295152485370636,0.14380198791623117,0.28761200830340383,0.24212201982736586,-14.623040476732422,43.45822885973536,55.33870967741935
922,router_only,-18431.97051000595,1.0,0.3660503879189491,0.8588362514972687,0.2003248080611229,0.03642025766894221,0.019663331517949724,0.22365961484611036,0.0006300867440586444,0.0,0.0001,0.03361363708972931,0.2950520135462284,0.14927836880087852,0.28966515585780145,0.23239082843065262,-15.730081876370427,44.20603652571656,55.575268817204304
923,router_only,-18615.10528755188,1.0,0.36291674301028254,0.8601666361093521,0.19674113020300865,0.03723355419933796,0.023932784423232142,0.20987001545727252,0.0010345868940930814,0.0,0.0001,0.03360137417912483,0.29686548076570035,0.14351645596325396,0.28347293511033056,0.24254374913871288,-15.3072948436945,43.05005727938215,56.25806451612904
924,router_only,-18670.6258020401,1.0,0.36030767783522605,0.8612843230366707,0.19379776753485203,0.03790919752791524,0.028826317889615885,0.21536788530647755,0.0011274112432147377,0.0,0.0001,0.03271784563548863,0.2974672086536884,0.14191001355648042,0.29728436917066575,0.23062056414783,-14.187995802597817,45.53474649353274,56.19354838709677
925,router_only,-18642.65805912018,1.0,0.3645519144833088,0.8586088702082634,0.19628520347177983,0.03741105981171131,0.033148999838158465,0.2230188377201557,0.0004852647905863705,0.0,0.0001,0.03162650773301721,0.2920016452670097,0.14525102749466895,0.28726677000522616,0.24385404959321022,-15.376560508910039,43.44893398978263,55.50000000000001
926,router_only,-18606.335707187653,1.0,0.3614737391471863,0.8606554597616196,0.19498473964631557,0.03741631116718054,0.010849732486531163,0.20910577215254306,0.0011246105015743524,0.0,0.0001,0.031691036792472004,0.2939039967954159,0.14451763182878494,0.28257529959082606,0.2473120354115963,-14.697946571445605,43.36021226537308,55.5483870967742
927,router_only,-18538.42733192444,1.0,0.3626644127070904,0.8598770588636399,0.19485470987856388,0.037561274506151675,0.016663851449266062,0.23299545422196388,0.0009256501130948891,0.0,0.0001,0.029342236556112768,0.2935474343597889,0.14643842466175555,0.28898643106222155,0.24168547093868256,-15.664130262666104,43.311918173457684,55.623655913978496
928,router_only,-18860.31540441513,1.0,0.36193327233195305,0.8599974349141121,0.19678944759070874,0.03753282120451331,0.02067276868037887,0.20436749346554278,0.0006135028976132162,0.0,0.0001,0.028214467177167534,0.2864167645573616,0.14861553609371186,0.28690848797559737,0.24984474591910838,-16.723092654114566,44.32882030156153,56.483870967741936
929,router_only,-18453.437814235687,1.0,0.360201308876276,0.8607182905077935,0.19908569008111954,0.03694624686613679,0.01995037184096868,0.21531114913523197,0.00015755396925669628,0.0,0.0001,0.027801354974508287,0.2941435858607292,0.15086389780044557,0.28484407961368563,0.242347077652812,-15.677656595859519,45.26456111822706,55.596774193548384
930,router_only,-18206.129041671753,1.0,0.3605927586555481,0.859821067750454,0.19642885252833367,0.037744621932506564,0.021273974515497698,0.22438956797122955,0.00041743023321032523,0.0,0.0001,0.02721066977828741,0.29754031226038935,0.147014631703496,0.2920843407511711,0.2361500419676304,-15.050152268854111,42.982215727386325,54.91397849462366
931,router_only,-18374.034592151642,1.0,0.35944918245077134,0.8607234314084053,0.1949722945690155,0.0372581435367465,0.012887883372604842,0.22198860049247743,0.00022226436076380195,0.0,0.0001,0.02767624333500862,0.3021783918142319,0.14835492447018622,0.2880415849387646,0.23374886028468608,-16.322942871655226,44.060777209475084,55.30645161290323
932,router_only,-18306.303817749023,1.0,0.3611912615597248,0.8613220885396004,0.19339973516762257,0.03749883724376559,0.010761759616434614,0.2206897374242544,0.0009340709937532665,0.0,0.0001,0.026727890037000178,0.30156099870800973,0.14758351035416126,0.28499786034226415,0.2391297347843647,-15.43710179766993,42.78747017525466,55.37096774193549
933,router_only,-18514.638856887817,1.0,0.36281160935759543,0.8600224494934082,0.1917045447975397,0.038619292248040435,0.03131758444942538,0.21185027174651622,0.001318290836934466,0.0,0.0001,0.02896669083274901,0.29289917796850207,0.14058654028922318,0.2884619727730751,0.24908561520278455,-15.523251397292166,43.419952543781,55.33870967741935
934,router_only,-18690.509681224823,1.0,0.3602060802280903,0.8611177429556847,0.19318595230579377,0.03962464313954115,0.016675632912665567,0.21702662967145442,0.00031387400231324135,0.0,0.0001,0.029271330451592803,0.29397384747862815,0.13482302241027355,0.2954204797744751,0.24651131629943848,-15.060892154525272,42.9643654461978,56.263440860215056
935,router_only,-18857.397310256958,1.0,0.36156108900904654,0.86003597676754,0.19721107743680477,0.03859690828248859,0.015232821227982661,0.21905150897800924,-0.00030068515358721014,0.0,0.0001,0.03156400881707668,0.2930734261870384,0.13837532084435225,0.28870449140667914,0.24828275106847286,-15.174627778184677,43.09405619893368,55.983870967741936
936,router_only,-18733.374368667603,1.0,0.3577526733279228,0.8612434595823288,0.19327073283493518,0.03962325574830174,0.013678673887625385,0.2182426132261753,0.00047460184432566164,0.0,0.0001,0.030679560033604503,0.296350309252739,0.13301533348858358,0.2922669477760792,0.24768785275518895,-14.852481213751211,43.7158867518849,56.13978494623656
937,router_only,-18554.579431533813,1.0,0.3595095075666904,0.8606243386864663,0.19709630124270916,0.03949048388749361,0.011772347521036813,0.21103401035070418,0.0003187630030879518,0.0,0.0001,0.03078838367946446,0.300195674598217,0.13321317154914142,0.2940010942518711,0.24180167876183986,-15.419446025761635,44.244674853628105,55.946236559139784
938,router_only,-18685.47739458084,1.0,0.35912130773067474,0.8611687868833542,0.19364581368863582,0.03885467071086168,0.015689466102048723,0.22051990330219268,0.0006802981297369115,0.0,0.0001,0.02957933759316802,0.30470025092363356,0.1365533247590065,0.2882766842842102,0.2408903982490301,-15.951874818064718,43.60428854458896,55.97849462365592
939,router_only,-18680.59651708603,1.0,0.35163174867630004,0.8642609715461731,0.19490336254239082,0.039247861970216034,0.007316237874329095,0.21617476791143417,-0.0003598576029162359,0.0,0.0001,0.02805168153718114,0.3030739940702915,0.13604911975562572,0.2910100303590298,0.24181517213582993,-15.676859728086361,44.15951990843756,56.17741935483871
940,router_only,-18765.608350753784,1.0,0.3649358630180359,0.8587832599878311,0.19345809370279313,0.038408296462148425,0.017460137419402614,0.22371943034231662,-8.488992170896381e-05,0.0,0.0001,0.03342733131721616,0.30460276156663896,0.13655086178332568,0.2923339411616325,0.23308510482311248,-15.572523602817315,44.211657995069956,56.112903225806456
941,router_only,-18598.042085170746,1.0,0.3579999625682831,0.8609807103872299,0.1938721716403961,0.039513567276299,0.014968039421364612,0.2054515790194273,0.0008199496514862403,0.0,0.0001,0.0311731758993119,0.30805998519062994,0.1314972799271345,0.2921576589345932,0.23711190111935138,-15.308637842082529,43.820769270611585,55.98924731182796
942,router_only,-18572.70591211319,1.0,0.3465045437216759,0.8654315456748009,0.1917027123272419,0.039979571290314195,0.023684717016294626,0.20556759051978588,0.0006602660119824577,0.0,0.0001,0.02799930376932025,0.2994274653494358,0.1326966516673565,0.29212169349193573,0.24775488898158074,-15.093171837013589,42.93988586688778,55.483870967741936
943,router_only,-18462.387076854706,1.0,0.34875569865107536,0.8646278738975525,0.19054834507405757,0.039776118006557226,0.01539766276255252,0.21271298192441462,0.0008531680461601355,0.0,0.0001,0.02694075983017683,0.30073650255799295,0.13506739027798176,0.2961407467722893,0.2411145992577076,-15.654332586353782,43.38879839659111,55.63440860215054
944,router_only,-18479.045434474945,1.0,0.34729087054729463,0.8649305462837219,0.19132849089801313,0.04000744083896279,0.010116833029314855,0.212358283624053,0.00040186353799072095,0.0,0.0001,0.02434335765428841,0.3035049445927143,0.13589118365198374,0.2976069264113903,0.23865358345210552,-15.460731124666582,44.30914441260437,55.392473118279575
945,router_only,-18529.70591402054,1.0,0.3380682297050953,0.8691270351409912,0.18950384184718133,0.04102741060778499,0.02324458728544418,0.2159605298191309,-0.00015534824051428587,0.0,0.0001,0.022942764218896627,0.3132647104561329,0.1300720676779747,0.2994694568216801,0.23425100184977055,-14.738282471072347,43.846251053232734,55.43548387096774
946,router_only,-18592.58101081848,1.0,0.3419648170471191,0.8668628767132759,0.19043093360960484,0.04006035411730409,0.012470578076317972,0.21446420811116695,0.00012486001942306756,0.0,0.0001,0.024894477752968668,0.31153508126735685,0.13383923545479776,0.29496379718184473,0.234767409786582,-15.9939486891746,44.765147391220296,56.03763440860215
947,router_only,-18554.68607902527,1.0,0.3392979845404625,0.8684329316020012,0.19196888655424119,0.03952437611296773,0.00848298352211711,0.223017468303442,-0.00010208528365183157,0.0,0.0001,0.025053233047947286,0.3084967233240604,0.13712465055286885,0.29576111808419225,0.23356427550315856,-15.987798737750246,43.65841295418259,55.86559139784947
948,router_only,-18746.575839996338,1.0,0.34717936590313914,0.8644809499382973,0.19421847425401212,0.03868544073775411,0.02089453572407366,0.21868221424520015,0.0006929501680133399,0.0,0.0001,0.028581746155396104,0.2980494573712349,0.140618421882391,0.2964828126132488,0.23626756630837917,-15.58728264220887,44.03696167976408,56.451612903225815
949,router_only,-18476.58144903183,1.0,0.347993429005146,0.8647703602910042,0.1931384064257145,0.038872449286282064,0.017624684004113066,0.2121556781232357,0.00031751088390592487,0.0,0.0001,0.029859420284628867,0.30198245868086815,0.1384612387046218,0.30008447393774984,0.22961240224540233,-14.892897305576177,42.56501430197569,55.39784946236559
950,router_only,-18519.508536338806,1.0,0.3412201151251793,0.8678373247385025,0.1909255485981703,0.03964059976860881,0.01590200602076947,0.2127843104302883,-0.0003398986387765035,0.0,0.0001,0.026206126483157278,0.2999974682927132,0.13705684207379817,0.29917615577578544,0.23756340928375722,-15.066559874482236,43.241632871506766,55.35483870967742
951,router_only,-18566.310781478882,1.0,0.34297066181898117,0.8673302441835403,0.19272640459239482,0.039067174028605225,0.011755078611895398,0.20764562524855137,0.00014936827355995774,0.0,0.0001,0.028154206275939942,0.2999295718967915,0.13783239312469958,0.29336651116609574,0.24071731604635715,-14.855250913045065,42.54236040680946,55.61827956989247
952,router_only,-18889.62021112442,1.0,0.34118742123246193,0.8679538130760193,0.19103180728852748,0.03963668905198574,0.009219355974346366,0.2199236661195755,0.00022041663287382108,0.0,0.0001,0.02692741369828582,0.30161677822470667,0.13580165281891823,0.29628898575901985,0.23936517387628556,-15.438486548312035,44.49227015272916,56.24193548387096
953,router_only,-19119.378624916077,1.0,0.34279647246003153,0.866618649661541,0.1927363272756338,0.0393590722233057,0.010445772390812624,0.23157687298953533,0.00011782361743826187,0.0,0.0001,0.026239634305238724,0.2970816656947136,0.13880107812583448,0.2976591907441616,0.24021842405200006,-15.310146392453852,43.205930155713574,57.053763440860216
954,router_only,-18426.157245516777,1.0,0.33856974020600317,0.8684882402420044,0.19574977569282054,0.0395645834505558,0.022025519656017345,0.20854525603353977,0.0002630646544275805,0.0,0.0001,0.028087738947942854,0.30624632388353346,0.13407479077577591,0.29293506368994715,0.23865608163177968,-15.601818279162552,43.950568372260676,54.97311827956989
955,router_only,-18713.095323085785,1.0,0.3439044445753098,0.8664170905947686,0.1936065260320902,0.0388671345077455,0.009162602527067052,0.20944519601762296,0.0004300860149669461,0.0,0.0001,0.028880726918578147,0.30339774340391157,0.13786310628056525,0.291705147176981,0.2381532795727253,-15.8192419636998,44.09462685430188,56.005376344086024
956,router_only,-19014.34694671631,1.0,0.33987368196249007,0.868876402080059,0.18944782465696336,0.040130996983498333,0.026755946548655613,0.2219431959092617,0.0005954389576800168,0.0,0.0001,0.028910940000787377,0.2961276352405548,0.13175523858517407,0.29333712682127955,0.24986905753612518,-16.119298023395,44.3848218301855,56.3010752688172
957,router_only,-18396.10610818863,1.0,0.34040533676743506,0.8673678055405617,0.19204330816864967,0.039522262290120125,0.020085129793733388,0.2136836376041174,0.00065699378028512,0.0,0.0001,0.0294919743668288,0.30025093629956245,0.13440343365073204,0.2960271626710892,0.23982649408280848,-16.16284652240741,44.72356357666335,55.376344086021504
958,router_only,-18697.493411540985,1.0,0.3418546237051487,0.8666296288371086,0.19535103142261506,0.03945894110947847,0.022591969184577478,0.22992712780833244,-0.0001314454828388989,0.0,0.0001,0.028012758074328303,0.30651490986347196,0.13413354735821487,0.28648028150200844,0.24485850594937802,-15.321500155850895,42.97372549255816,55.74731182795699
959,router_only,-18622.369128227234,1.0,0.34171485230326654,0.8663559138774872,0.1918543815612793,0.039781377837061885,0.016174980346113428,0.2153771970421076,0.0006281469337409362,0.0,0.0001,0.029418795416131616,0.2998725660145283,0.13268839605152608,0.2927611105144024,0.2452591247856617,-14.81221392190185,42.76388524503648,55.45161290322581
960,router_only,-18840.538691997528,1.0,0.3396803565323353,0.8684803530573845,0.19678463526070117,0.039396557956933975,0.013691208511591002,0.21781605519354344,-7.099469657987357e-05,0.0,0.0001,0.027651325846090914,0.2999254480004311,0.13579287342727184,0.2876829758286476,0.24894736967980863,-15.15857497618806,43.16672069497252,55.91397849462365
961,router_only,-18945.36145544052,1.0,0.3352219082415104,0.8705955803394317,0.19464981108903884,0.039242818020284176,0.013366351323202325,0.21607167087495327,0.0011547532281838357,0.0,0.0001,0.027857230324298144,0.2989142298698425,0.13642925564199687,0.28201102316379545,0.25478826351463796,-15.047172766464445,43.88514365598712,56.51075268817204
962,router_only,-18731.294274806976,1.0,0.34067865535616876,0.8675284042954445,0.19359702840447426,0.0385180750861764,0.03401546417735513,0.2170917797833681,-0.00010153880721190945,0.0,0.0001,0.02617785050533712,0.291100137680769,0.14399531967937945,0.2914526894688606,0.24727400168776512,-15.210208023728569,43.79226905524512,55.90860215053763
963,router_only,-18564.736865520477,1.0,0.3375496849417686,0.8693279162049293,0.19265782721340657,0.039136357884854076,0.019729560799896646,0.21006828770041466,-0.00023799959380994552,0.0,0.0001,0.02581806587986648,0.30096492171287537,0.13889269977808,0.2883595675230026,0.24596475139260293,-15.275154942578864,43.86592296748262,55.52150537634408
964,router_only,-18568.883583188057,1.0,0.33991550877690313,0.8684602707624436,0.1960184507071972,0.03786967871710658,0.014748859405517567,0.2108494807034731,-0.0008030455785046798,0.0,0.0001,0.02614786955527961,0.3006689190864563,0.1459373187273741,0.28586292639374733,0.24138295836746693,-15.798364523935907,44.118556022089194,55.76881720430108
965,router_only,-18600.95170354843,1.0,0.33973115012049676,0.8685571849346161,0.19845615923404694,0.03780496763065457,0.027478264691308176,0.22802420146763325,-0.0006304807771812193,0.0,0.0001,0.02660726085305214,0.2913403332233429,0.14706339314579964,0.28145238310098647,0.25353662818670275,-16.12949623704175,44.05295935129791,56.06989247311828
966,router_only,-18732.63700389862,1.0,0.32853545919060706,0.8734182342886925,0.196468748152256,0.03839816125109792,0.012500096810981621,0.2229134753346443,-0.000989058124832809,0.0,0.0001,0.0238890137989074,0.2913218528032303,0.14678098522126676,0.287702439725399,0.2503057233989239,-15.606824057732583,43.59726722637506,56.048387096774185
967,router_only,-18642.93064212799,1.0,0.33756633996963503,0.8692485481500626,0.19455285593867302,0.03774042101576924,0.02309389999136326,0.2124584000557661,-0.0006786327776353573,0.0,0.0001,0.02386495559476316,0.2972297377884388,0.14989672750234603,0.2902257576584816,0.2387828268110752,-15.822233890554568,44.389639033017545,56.30645161290323
968,router_only,-18399.200466156006,1.0,0.33247119560837746,0.8704726338386536,0.1983178362250328,0.03779873177409172,0.01821049838326869,0.2158792544156313,-0.00039320569776464255,0.0,0.0001,0.021674546971917154,0.29629734307527544,0.15114806964993477,0.28424331098794936,0.24663673304021358,-14.756564408080244,44.03779264329019,55.225806451612904
969,router_only,-18718.319791793823,1.0,0.3210008375346661,0.8762795403599739,0.19736641645431519,0.03779932260513306,0.009974405542016066,0.19580183513462543,7.282814185600728e-05,0.0,0.0001,0.022197433933615684,0.2958002589643002,0.1511753648519516,0.28868032768368723,0.242146610468626,-15.964422069055942,42.02879646011205,55.94086021505377
970,router_only,-18939.953110694885,1.0,0.32521278187632563,0.8735869154334068,0.1982442367821932,0.037165595404803756,0.017969393543899034,0.22073635905981065,-0.0005256569490484253,0.0,0.0001,0.02377347145229578,0.2885107219219208,0.15531769543886184,0.2919466599822044,0.2404514543712139,-14.69688953502199,43.671690946749216,56.64516129032258
971,router_only,-18497.942640304565,1.0,0.324859131872654,0.874616128206253,0.1959342084825039,0.037435850221663715,0.01712125916965309,0.23685471042990686,-0.00014349714329000562,0.0,0.0001,0.026005279505625367,0.29285025373101237,0.15024057552218437,0.288463144749403,0.24244073852896691,-15.18113709644065,42.16143450677052,55.27956989247313
972,router_only,-18718.85002708435,1.0,0.3311746999621391,0.8713502258062362,0.19678842797875404,0.036788889300078155,0.016204065224155757,0.21323354057967664,-0.0014870358951156958,0.0,0.0001,0.026329445466399194,0.29870357140898707,0.1521651279181242,0.2806905504316092,0.24211130365729333,-15.841769562134218,43.99895728280083,56.236559139784944
973,router_only,-18510.287655353546,1.0,0.33004613146185874,0.871969749033451,0.1961264915764332,0.03664954267442226,0.0061924396082758786,0.2152822393923998,-0.0006791713371057994,0.0,0.0001,0.027385768480598927,0.29560735151171685,0.15239772126078605,0.28110804930329325,0.24350110813975334,-15.144139699209768,43.520747911353666,55.62903225806451
974,router_only,-18417.706640720367,1.0,0.32679752111434934,0.8734622016549111,0.19398623444139956,0.03700209055095911,0.018168892059475104,0.21905268877744674,-0.00018446876056259497,0.0,0.0001,0.02590433331206441,0.2979174517095089,0.15211881510913372,0.2878823935985565,0.23617700189352037,-15.044659430057969,43.63391777694555,55.48924731182796
975,router_only,-18277.339180469513,1.0,0.32871669754385946,0.8723967805504799,0.19606111869215964,0.03607405507937074,0.011899288278073048,0.20775328017771244,-0.00033336310880258677,0.0,0.0001,0.026686736568808555,0.29591743350028993,0.15728605836629866,0.2872670620679855,0.23284270986914635,-15.95233144671646,44.2804803411687,55.1505376344086
976,router_only,-18570.651626110077,1.0,0.3291665308177471,0.8723783925175667,0.19540082663297653,0.03648728225380182,0.009658732591196897,0.21611461080610753,-0.0009651766682509333,0.0,0.0001,0.026796851633116604,0.29302302449941636,0.15535110011696815,0.28924650698900223,0.2355825152248144,-15.053087878164817,43.61770331571877,55.80645161290323
977,router_only,-18544.73564863205,1.0,0.3207840397953987,0.8753417566418648,0.19881114400923253,0.03639283087104559,0.015432580467313519,0.23431625328958033,-0.0015304897497117054,0.0,0.0001,0.026690856041386723,0.29701201915740966,0.15469940863549708,0.2822879031300545,0.23930981010198593,-16.00614161433046,44.39755146894987,55.02688172043011
978,router_only,-18288.034588098526,1.0,0.3257720433175564,0.8724586278200149,0.19969597943127154,0.036659205611795184,0.009094670414924604,0.2024279735982418,-0.0005503775988472626,0.0,0.0001,0.025258542271330953,0.2985537275671959,0.15383177623152733,0.2800405152142048,0.2423154380172491,-14.091052686473878,42.35385489115091,54.98924731182796
979,router_only,-18126.188169002533,1.0,0.3222628191113472,0.8748339533805847,0.19649256840348245,0.03692697705700994,0.011328548146411786,0.20888090878725052,-0.00021316512866178527,0.0,0.0001,0.02415994005277753,0.3040053561329842,0.15237617753446103,0.2802531622350216,0.23920536637306214,-15.000112745255082,44.43290069556913,54.81720430107527
980,router_only,-18728.838714122772,1.0,0.33005544170737267,0.8717362105846405,0.20258936285972595,0.03576223766431212,0.02815719041973348,0.2099246259778738,-0.0004545921998214908,0.0,0.0001,0.025159992557018996,0.29218792244791986,0.16102766022086143,0.2846802197396755,0.23694420233368874,-15.436101688792695,44.18578475995104,55.827956989247305
981,router_only,-18292.561955928802,1.0,0.3260634273290634,0.8732253924012184,0.19779941737651824,0.03657400766387582,0.01518419482745232,0.21267952285706998,0.0004948317902744748,0.0,0.0001,0.02297317092306912,0.2975474588572979,0.15730324387550354,0.2869127817451954,0.23526334390044212,-15.049584154027599,43.39571926981246,55.005376344086024
982,router_only,-18388.64652967453,1.0,0.3337926611304283,0.869811350107193,0.1959024652838707,0.03648711470887065,0.01485089836642143,0.21115045249462128,0.0005748713621869684,0.0,0.0001,0.025304095400497318,0.29012200981378555,0.15738257616758347,0.29149366170167923,0.23569765649735927,-15.316556179205007,42.142507992544175,55.35483870967742
983,router_only,-18556.223242282867,1.0,0.32454863339662554,0.8733722001314164,0.1969546929001808,0.03684283960610628,0.017799831414595232,0.21068137884140015,2.4024705635383724e-05,0.0,0.0001,0.024036520067602395,0.2990219257771969,0.1544567484408617,0.28719394356012345,0.23529086224734783,-15.256474168535908,43.28820217105537,55.48924731182796
984,router_only,-18526.564888954163,1.0,0.3224071852862835,0.8746212407946586,0.20177351385354997,0.03566417256370187,0.015264558792114247,0.2109189983457327,-0.00022299078591458965,0.0,0.0001,0.025130071584135293,0.2962981387972832,0.1609954781830311,0.28487600907683375,0.23270030617713927,-14.669315778634703,42.86231271257365,55.704301075268816
985,router_only,-18475.42836523056,1.0,0.32396372258663175,0.873913922905922,0.20379974991083144,0.03567066397517919,0.018121153023093903,0.20275175124406813,0.0001373880057144561,0.0,0.0001,0.025110809691250326,0.2913180127739906,0.16281336061656476,0.2921187005937099,0.22863911502063275,-14.837104527076427,42.981186787983624,55.225806451612904
986,router_only,-18546.34012556076,1.0,0.31941298991441724,0.8761188164353371,0.1990585383027792,0.03659503236413002,0.011176860565319705,0.22230070121586323,-0.00024184457943192682,0.0,0.0001,0.02236969876103103,0.29096781760454177,0.16031623370945453,0.29702032133936884,0.22932592183351516,-15.919858142306149,43.490949297182155,55.26881720430108
987,router_only,-18355.12144088745,1.0,0.3158758871257305,0.877206227183342,0.1950231496244669,0.03660329543054104,0.01683583445847031,0.1990983381867409,0.0001587627322805929,0.0,0.0001,0.024551038770005106,0.29004291705787183,0.15769993849098682,0.2921436034142971,0.23556250259280204,-14.968381760775529,42.97002475760103,55.1989247311828
988,router_only,-18595.699803829193,1.0,0.31407962664961814,0.8781785577535629,0.19774457924067973,0.03626556787639856,0.014696852350607564,0.20979536883533,0.0002273261510708835,0.0,0.0001,0.022242884803563356,0.28766293078660965,0.16188177429139614,0.2894833154976368,0.238729090988636,-15.087495504492274,43.076490366716754,55.65591397849462
989,router_only,-18601.509033203125,1.0,0.3135059863328934,0.87841856777668,0.19803365431725978,0.03572867382317781,0.024677481735125222,0.21404513530433178,-0.0004735276219435036,0.0,0.0001,0.024048806307837366,0.29338560029864313,0.16315607652068137,0.29301916211843493,0.22639034911990166,-15.274296118733293,43.56579335610806,55.58602150537635
990,router_only,-18664.633862018585,1.0,0.321524291485548,0.8741131022572517,0.19957605116069316,0.03614133605733514,0.012443524366244685,0.22362841069698333,-0.00013708265323657541,0.0,0.0001,0.024175302032381295,0.29092780202627183,0.16086019687354564,0.2915510803461075,0.23248561806976795,-14.67432806256178,44.426501528536484,55.65591397849462
991,router_only,-18554.225481033325,1.0,0.3173973113298416,0.8760242968797683,0.2004315908998251,0.03649811493232846,0.008605802198871942,0.23182376921176912,-0.00017731274565448984,0.0,0.0001,0.023624419374391435,0.29251436740159986,0.15835473872721195,0.29030451849102973,0.23520195223391055,-15.063841594224597,42.83291644255573,55.204301075268816
992,router_only,-18599.330418109894,1.0,0.3174064628779888,0.876290287077427,0.19643356055021285,0.035679238755255936,0.013144710659980796,0.2215742152184248,-0.0006005049454870459,0.0,0.0001,0.02354009370319545,0.2945758834481239,0.16286557987332345,0.28723006173968313,0.23178838118910788,-15.403991415120654,44.63879424842009,55.59139784946237
993,router_only,-18785.507471561432,1.0,0.30765173137187957,0.8803224071860314,0.19958102516829967,0.03689899342134595,0.016106459265574885,0.218552515655756,-0.00030363810765265953,0.0,0.0001,0.02328305263072252,0.2966583788394928,0.15589139945805072,0.29320079535245896,0.2309663724154234,-14.881569258660143,42.60925107363463,55.81182795698925
994,router_only,-18495.236879348755,1.0,0.3146349936723709,0.8766381144523621,0.19644678719341754,0.0370175520889461,0.00903988033533094,0.22322823107242584,-0.0005602361517958343,0.0,0.0001,0.023263819701969623,0.29862357676029205,0.15538061521947383,0.2957555390894413,0.22697645090520382,-14.965095508569378,43.77147828889558,55.46236559139784
995,router_only,-18321.113078594208,1.0,0.30931947454810144,0.8794754698872567,0.19866312444210052,0.036386173125356434,0.01633840035647156,0.21199661046266555,-0.00029530340543715283,0.0,0.0001,0.023480067402124404,0.3042620688676834,0.15769507251679898,0.28813272416591645,0.22643006257712842,-14.861777061598985,44.77039715153591,54.79032258064515
996,router_only,-18606.213638305664,1.0,0.31477156206965445,0.87682526409626,0.20202983766794205,0.036289668269455434,0.01788530829362573,0.21439587138593197,-0.0007827496418030932,0.0,0.0001,0.024652302963659167,0.295319414883852,0.1585586555302143,0.29165767654776575,0.22981194593012333,-15.162291748299243,43.764127530115516,55.21505376344086
997,router_only,-18318.07506465912,1.0,0.3126680076122284,0.8779365807771683,0.20231341794133187,0.03581474907696247,0.009455746971070746,0.23101954385638238,-0.0012953986079082824,0.0,0.0001,0.026713255187496544,0.29620312079787253,0.15981730073690414,0.29218225106596946,0.22508407682180404,-15.346389187425217,43.95550116252246,54.82258064516129
998,router_only,-18442.637941360474,1.0,0.31769377961754797,0.8752120554447174,0.19763447158038616,0.03655210789293051,0.020897593908011887,0.2153731532394886,0.00012362657580524682,0.0,0.0001,0.0256297520827502,0.2893081359565258,0.1573469877243042,0.2940415874123573,0.23367353342473507,-15.664352690656688,43.524465580019836,55.23118279569893
999,router_only,-18539.20425605774,1.0,0.3142406903207302,0.8767391562461853,0.1972543615847826,0.036117331217974426,0.013210011599585403,0.2032900158315897,-0.00011876840726472437,0.0,0.0001,0.026706829201430082,0.2918636739253998,0.1576968990266323,0.2874365858733654,0.2362960170954466,-15.48715668494258,43.848854267634124,55.387096774193544
1000,router_only,-18755.734506607056,1.0,0.31900926753878595,0.8744501113891602,0.19836647398769855,0.036204739660024646,0.017579274391755474,0.22094218507409097,-0.0006966839579035877,0.0,0.0001,0.029611143143847586,0.28847341388463976,0.15480281449854374,0.28493129312992094,0.2421813402324915,-14.310169138759097,42.717555633172736,55.392473118279575
1001,dynamic_actor_adapt,-18409.908236026764,1.0,0.32332334816455843,0.8736036837100982,0.20144557021558285,0.0,0.029447339521720975,14.801550006866455,-0.02492731441743672,3e-05,0.0,0.030578548926860093,0.2899766698479652,0.16135883405804635,0.2906282767653465,0.22745766565203668,-16.02075260403174,44.59716424105384,54.96774193548387
1002,dynamic_actor_adapt,-18609.173018455505,1.0,0.32622656375169756,0.8721917808055878,0.19892978817224502,0.0,0.011834056582301897,14.269294047355652,-0.027720984310872155,3e-05,0.0,0.02998062651604414,0.2906189512461424,0.1586000058799982,0.2880680002272129,0.23273241370916367,-15.147184707914718,44.67928095759039,56.005376344086024
1003,dynamic_actor_adapt,-18136.84111881256,1.0,0.3235107660293579,0.8733766958117485,0.1957774817943573,0.0,0.02065330143086612,14.402384495735168,-0.029306055864071822,3e-05,0.0,0.031083142524585126,0.2929178111255169,0.15438666716217994,0.29499327316880225,0.22661909982562065,-15.609583053369406,42.78836326516525,54.8010752688172
1004,dynamic_actor_adapt,-18233.09272956848,1.0,0.3219671681523323,0.8743076711893082,0.20258545130491257,0.0,0.02538145869038995,15.96290955543518,-0.02762678770632192,3e-05,0.0,0.0308108177036047,0.295671384036541,0.15714235752820968,0.28257487118244173,0.23380056843161584,-15.13437078614526,42.364542638746414,55.00000000000001
1005,dynamic_actor_adapt,-18252.804765462875,1.0,0.32120668813586234,0.8740805625915528,0.1985516082495451,0.0,0.008292229985818245,15.310000729560851,-0.027439824929751923,3e-05,0.0,0.030742142209783198,0.29159394577145575,0.1584692481905222,0.2844355382025242,0.23475912697613238,-16.19584598200452,43.16121277641489,54.85483870967742
1006,dynamic_actor_adapt,-18117.71764087677,1.0,0.32529475465416907,0.8727273568511009,0.20036646090447902,0.0,0.004167525749653549,15.095181751251221,-0.027476357437262778,3e-05,0.0,0.031175690283998848,0.29266334027051927,0.15701485238969326,0.2850163601338863,0.23412976153194903,-15.001698302482405,42.602740830257716,54.75806451612903
1007,dynamic_actor_adapt,-18076.681916236877,1.0,0.31673374101519586,0.876400625705719,0.2018297478556633,0.0,0.015775508480146475,13.386679482460021,-0.029031016479711978,3e-05,0.0,0.03175369780510664,0.29448710978031156,0.15854865536093712,0.2889685336500406,0.2262420065701008,-15.281437401021151,43.93894715987173,54.48924731182796
1008,dynamic_actor_adapt,-18064.61081981659,1.0,0.31986408680677414,0.875015577673912,0.2008681058883667,0.0,0.013825700711458853,13.683560729026794,-0.02814238791761454,3e-05,0.0,0.03111606976017356,0.2891655392944813,0.1582471165806055,0.2883164182305336,0.2331548545509577,-15.456290869816957,43.4199746425796,54.40860215053763
1009,dynamic_actor_adapt,-17958.425116062164,1.0,0.31834983751177787,0.8762436673045159,0.20445418246090413,0.0,0.020398593740537735,14.674999856948853,-0.027406641002744436,3e-05,0.0,0.03024452948011458,0.2949170250445604,0.1626949269324541,0.2836564935743809,0.22848702184855937,-15.40953973120693,44.57441657285012,54.5483870967742
1010,dynamic_actor_adapt,-18523.55393266678,1.0,0.3273468405008316,0.8721442222595215,0.20140045657753944,0.0,0.01626919806003565,14.757593810558319,-0.028964801100664773,3e-05,0.0,0.030578358704224227,0.2897105380892754,0.15976681597530842,0.2873702719807625,0.23257401436567307,-16.469677709528725,43.34855534278813,55.83870967741935
1011,dynamic_actor_adapt,-17938.30122423172,1.0,0.32438032552599905,0.8729463011026383,0.20448100082576276,0.0,0.019881474273279263,14.691079545021058,-0.02723757878411561,3e-05,0.0,0.03154305769130587,0.29673505052924154,0.16171834133565427,0.28720515593886375,0.22279839292168618,-15.830307791464126,44.78473950099852,54.12903225806451
1012,dynamic_actor_adapt,-17564.229973316193,1.0,0.32250856459140775,0.8743236288428307,0.20256969891488552,0.0,0.010324247367680145,15.443975591659546,-0.027142507841927,3e-05,0.0,0.03168755890801549,0.29839630872011186,0.16144212260842322,0.2823192499577999,0.22615475617349148,-15.647929609470076,43.954167629959485,53.12903225806451
1013,dynamic_actor_adapt,-18033.300631046295,1.0,0.324939876049757,0.873095789551735,0.19748890362679958,0.0,0.017733447719365344,15.253979682922363,-0.027547758322907612,3e-05,0.0,0.03166606463491917,0.2939190581440926,0.1579316545277834,0.29118597432971,0.22529724575579166,-16.166372675970184,42.99462577982413,54.553763440860216
1014,dynamic_actor_adapt,-18195.32131576538,1.0,0.3202094450592995,0.8743893310427666,0.2000326167792082,0.0,0.00777635718695819,14.590758180618286,-0.028483445331221446,3e-05,0.0,0.030833584861829876,0.2936863712966442,0.15944084897637367,0.2883629657328129,0.22767623327672482,-15.886423965953902,43.93797203681684,55.01075268817204
1015,dynamic_actor_adapt,-18175.882444381714,1.0,0.32517182156443597,0.8720612555742264,0.2061323646456003,0.0,0.018877683626487847,13.97036108970642,-0.028402386624657085,3e-05,0.0,0.03261529514566064,0.29653429687023164,0.16118212044239044,0.27892412021756174,0.23074416406452655,-15.507312251307942,44.558048143916565,54.75806451612903
1016,dynamic_actor_adapt,-18051.155119419098,1.0,0.32852243036031725,0.8709620237350464,0.2045612409710884,0.0,0.012992659816518412,14.459659337997437,-0.029085630079498513,3e-05,0.0,0.03198572383262217,0.2962673529982567,0.15813508741557597,0.2854204513132572,0.2281913835555315,-16.32690433473368,44.947501025338504,54.946236559139784
1017,dynamic_actor_adapt,-18412.393195152283,1.0,0.3227325789630413,0.8739566311240197,0.20208247303962706,0.0,0.014704858884215355,13.362936389446258,-0.028740677276800852,3e-05,0.0,0.03245064378716052,0.2941621210426092,0.15653120540082455,0.28177713602781296,0.23507889322936534,-16.15900498022254,43.968367195080596,55.053763440860216
1018,dynamic_actor_adapt,-17781.4336271286,1.0,0.32340468764305114,0.8730618715286255,0.1997630000114441,0.0,0.0300735781434924,15.902050375938416,-0.026546782412333415,3e-05,0.0,0.029997416585683823,0.3024135507643223,0.15851283818483353,0.2865808613598347,0.22249533012509345,-16.30241325517465,44.4498437170935,53.98387096774193
1019,dynamic_actor_adapt,-18167.06617116928,1.0,0.32028430700302124,0.8747731953859329,0.19997847713530065,0.0,0.018979900423437387,17.324881052970888,-0.02707938826351892,3e-05,0.0,0.03171315537765622,0.29561580866575243,0.1601786684244871,0.2838886551558971,0.22860371321439743,-15.951851100185294,44.11871709259078,54.887096774193544
1020,dynamic_actor_adapt,-18098.068964004517,1.0,0.32461063489317893,0.8723378524184227,0.2034810047596693,0.0,0.004485089192166822,16.22488944530487,-0.025669928919523955,3e-05,0.0,0.03322477336041629,0.29634673371911047,0.15993967913091184,0.2825953416526318,0.22789346985518932,-15.866055098744521,43.96275224562917,54.8763440860215
1021,dynamic_actor_adapt,-17899.48138666153,1.0,0.3287565864622593,0.8710340738296509,0.20351393409073354,0.0,0.01711108298040922,15.689604091644288,-0.027942506186082027,3e-05,0.0,0.03145758444443345,0.2926232062280178,0.166821251809597,0.2842693142592907,0.2248286485671997,-16.058674026741272,45.06848218754468,54.575268817204304
1022,dynamic_actor_adapt,-18120.315173625946,1.0,0.3212327271699905,0.8745704263448715,0.2024945680052042,0.0,0.021717810910195142,15.439024925231934,-0.026380395120941102,3e-05,0.0,0.03120013903826475,0.2953243814408779,0.1617120921611786,0.2787770129740238,0.23298637792468072,-16.29798568330164,43.75310560041516,54.74731182795699
1023,dynamic_actor_adapt,-17821.234320163727,1.0,0.3242942363023758,0.8724366292357445,0.2021094501018524,0.0,0.008059830870479307,14.73953218460083,-0.02931187428184785,3e-05,0.0,0.032430675346404314,0.29469995349645617,0.16451146826148033,0.27762231081724165,0.2307355895638466,-16.16353683954406,44.317772997306385,54.43010752688172
1024,dynamic_actor_adapt,-17943.847951889038,1.0,0.3177268266677856,0.875922778248787,0.20219457410275937,0.0,0.013199937064200626,15.020061469078064,-0.026833467204414773,3e-05,0.0,0.031713062152266505,0.2961517073214054,0.1622107546776533,0.28277052491903304,0.22715394720435142,-16.465084020981386,42.89630749705473,54.456989247311824
1025,dynamic_actor_adapt,-17833.812701702118,1.0,0.3218411855399609,0.8736275598406792,0.20559551790356637,0.0,0.013822057750075993,15.542391324043274,-0.02829283195314929,3e-05,0.0,0.03262872165068984,0.30214708149433134,0.15976388417184353,0.2797717057168484,0.22568861283361913,-16.68803593891908,44.364687078803314,54.73118279569893
1026,dynamic_actor_adapt,-17768.89962530136,1.0,0.32510254681110384,0.8726943776011467,0.20374289974570275,0.0,0.01933033349923787,13.665970087051392,-0.028891803015721963,3e-05,0.0,0.03147656987421214,0.29363406375050544,0.16486555114388465,0.2819716833531857,0.228052132204175,-16.595402006047927,44.80149247991909,54.37096774193548
1027,dynamic_actor_adapt,-17870.399210453033,1.0,0.32272098660469056,0.873519292473793,0.2016696535050869,0.0,0.011657752608880384,15.597758436203003,-0.02866319853674213,3e-05,0.0,0.03162684785202145,0.29266851097345353,0.16135807745158673,0.2876502811908722,0.2266962818801403,-16.363562228871455,43.952084649446945,54.68817204301075
1028,dynamic_actor_adapt,-17959.20775938034,1.0,0.3262823157012463,0.8724427327513695,0.19908333458006383,0.0,0.01053661424666641,13.681784296035767,-0.028565884221461602,3e-05,0.0,0.03287788359448314,0.2954637140035629,0.16067420393228532,0.28306584767997267,0.22791835032403468,-16.334180734893103,43.0779515430051,54.666666666666664
1029,dynamic_actor_adapt,-17921.66924715042,1.0,0.3244908258318901,0.8727236986160278,0.20185750909149647,0.0,0.009740445250645276,14.240272855758667,-0.028032101423013954,3e-05,0.0,0.031399040343239905,0.2962932579219341,0.1605071049183607,0.2871065266430378,0.2246940702199936,-16.3502724327858,44.307597135277746,54.462365591397855
1030,dynamic_actor_adapt,-18077.902688980103,1.0,0.32711541950702666,0.8718581721186638,0.20165782682597638,0.0,0.013837708113715083,15.910443234443665,-0.024811706290347502,3e-05,0.0,0.03315414898097515,0.29081818014383315,0.16334584802389146,0.2856627479195595,0.22701907008886338,-16.60107003931693,44.778887857016706,54.96774193548387
1031,dynamic_actor_adapt,-17771.069896697998,1.0,0.32579678297042847,0.8723983943462372,0.20013549216091633,0.0,0.012327796313911725,14.741249632835387,-0.026893864233716158,3e-05,0.0,0.03162842756137252,0.2960090354084969,0.16196968778967857,0.2866357944905758,0.22375705726444722,-16.647042229503615,44.86947240692904,54.35483870967742
1032,dynamic_actor_adapt,-17739.41117954254,1.0,0.32634630128741265,0.8725473135709763,0.2043527014553547,0.0,0.013537336746230713,14.867645168304444,-0.02712289712653728,3e-05,0.0,0.031870713969692585,0.29868597239255906,0.1627515185624361,0.2798671256750822,0.22682467103004456,-17.03581422142616,43.81900547207102,54.31182795698925
1033,dynamic_actor_adapt,-17973.53455400467,1.0,0.3284013532102108,0.8720150128006935,0.2054063703864813,0.0,0.011215792736038524,16.261466693878173,-0.02646342260268284,3e-05,0.0,0.03312172321602702,0.2975736193358898,0.1632447425276041,0.28373079039156435,0.22232912927865983,-16.117995511766033,44.26552545647477,55.43548387096774
1034,dynamic_actor_adapt,-17754.074127674103,1.0,0.33043353632092476,0.8702886939048767,0.20353999063372613,0.0,0.01039907145313914,16.605900359153747,-0.02719004209211562,3e-05,0.0,0.03193675014190376,0.2986136458814144,0.16740424893796443,0.28295440003275873,0.2190909542143345,-16.32090544812307,44.471362253190186,54.833333333333336
1035,dynamic_actor_adapt,-17948.506024837494,1.0,0.326816014200449,0.8720291331410408,0.19805584996938705,0.0,0.009096738835796744,13.456513035297395,-0.02839129530620994,3e-05,0.0,0.031821162812411784,0.2966214448213577,0.16538958698511125,0.28252848237752914,0.22363932505249978,-16.042356129516,45.099250400476556,54.76344086021505
1036,dynamic_actor_adapt,-18048.14240884781,1.0,0.3218803726136684,0.8747641563415527,0.2027419924736023,0.0,0.01666496284306046,14.971197533607484,-0.027256266785843763,3e-05,0.0,0.031964692659676074,0.2961955264210701,0.15975825116038322,0.2907174326479435,0.22136409655213357,-15.73200915688476,44.58928815370164,55.01075268817204
1037,dynamic_actor_adapt,-17968.357624530792,1.0,0.3274925954639912,0.8719579532742501,0.20351240895688533,0.0,0.019647190626710602,17.570843529701232,-0.025151972232197294,3e-05,0.0,0.032661850843578574,0.3019064173102379,0.15914767943322658,0.28150440827012063,0.22477964200079442,-15.724636169810344,44.69582257941505,54.41935483870968
1038,dynamic_actor_adapt,-17741.156366825104,1.0,0.3254549764096737,0.8731233730912209,0.20209173895418645,0.0,0.013372452417388492,15.584407377243043,-0.0300165482389275,3e-05,0.0,0.032195809716358784,0.295686237514019,0.1641674146056175,0.28288150802254675,0.22506903856992722,-16.332725234964478,44.07733994022651,54.47311827956989
1039,dynamic_actor_adapt,-17686.602747917175,1.0,0.326544888317585,0.8722097337245941,0.20063859224319458,0.0,0.014590177824720663,15.799506735801696,-0.028719062864183798,3e-05,0.0,0.03141244063153863,0.3029813192784786,0.16364968083798886,0.28173471316695214,0.22022184021770955,-16.029236224363263,45.3193354451594,54.456989247311824
1040,dynamic_actor_adapt,-17667.105001449585,1.0,0.32114951238036155,0.874463503062725,0.2021767009049654,0.0,0.006805704114958622,15.561084198951722,-0.028623371326830238,3e-05,0.0,0.03192288470454514,0.3019824527204037,0.16124569922685622,0.28323231264948845,0.2216166526079178,-16.229755770600082,45.003227343457084,54.39247311827957
1041,dynamic_actor_adapt,-17520.669295310974,1.0,0.32540494948625565,0.8729780301451683,0.20239047929644585,0.0,0.014364472962915806,16.19554889202118,-0.0284319077807595,3e-05,0.0,0.03271900140680373,0.3081032283604145,0.16013151220977306,0.2771642625331879,0.2218819960951805,-16.70102744765178,46.04466262720886,53.63440860215054
1042,dynamic_actor_adapt,-17848.560285568237,1.0,0.32123054936528206,0.8739467516541481,0.20365739166736602,0.0,0.019101362582296166,15.838856983184815,-0.02758041561464779,3e-05,0.0,0.031133346958085895,0.30013820007443426,0.16144054383039474,0.27857451476156714,0.22871339209377767,-16.382770422375007,44.37505588233744,54.682795698924735
1043,dynamic_actor_adapt,-17434.598883628845,1.0,0.33165825009346006,0.8702569380402565,0.2031699765473604,0.0,0.02050145515240724,14.523839330673217,-0.029573295814043377,3e-05,0.0,0.033043410442769525,0.2990703910589218,0.16646844260394572,0.2818872809410095,0.21953047439455986,-16.435939747101273,44.60209888942803,53.795698924731184
1044,dynamic_actor_adapt,-17547.66870355606,1.0,0.324982613325119,0.873303197324276,0.20525250695645808,0.0,0.01639736676588653,15.117771863937378,-0.030051810943405144,3e-05,0.0,0.03247807780280709,0.3072690762579441,0.16579689532518388,0.27838769033551214,0.21606826335191726,-17.270299583699213,45.40922813283925,54.06989247311827
1045,dynamic_actor_adapt,-17356.27415037155,1.0,0.32774851396679877,0.8716614574193955,0.2035369399935007,0.0,0.010284177772700763,15.126968264579773,-0.028646273910999297,3e-05,0.0,0.0338450594805181,0.30994433760643003,0.16111066639423371,0.27793182879686357,0.21716810762882233,-16.619625413385698,44.540119366062406,53.77956989247312
1046,dynamic_actor_adapt,-17516.321403980255,1.0,0.3273319110274315,0.8722312241792679,0.2004302367568016,0.0,0.02246179040521378,16.022050309181214,-0.02878787415975239,3e-05,0.0,0.03174484195187688,0.3008638106286526,0.16682995110750198,0.28344343677163125,0.21711795441806317,-16.530103151370476,43.95283660600514,54.26344086021505
1047,dynamic_actor_adapt,-17447.315847873688,1.0,0.32913081496953966,0.8706675961613655,0.20488608665764332,0.0,0.024590818583965293,14.228338766098023,-0.030098091854051746,3e-05,0.0,0.03272741260007024,0.30600921213626864,0.16347462870180607,0.2745033517479897,0.22328539341688156,-16.676671084694576,43.861346547117876,53.93548387096774
1048,dynamic_actor_adapt,-17466.76486635208,1.0,0.3264602042734623,0.8726259469985962,0.20482496172189713,0.0,0.006684961216524239,14.620412921905517,-0.028554087958582386,3e-05,0.0,0.03291388056240976,0.30290438160300254,0.164967180788517,0.2761668134480715,0.22304774448275566,-16.447549520289442,44.809971093022725,53.962365591397855
1049,dynamic_actor_adapt,-17459.815663337708,1.0,0.32497071027755736,0.8730799719691277,0.20204667560756207,0.0,0.008523143781349038,15.954398369789123,-0.028013057023872533,3e-05,0.0,0.03217968214303255,0.30299537554383277,0.1631425891071558,0.2744640313088894,0.227218322083354,-16.0160833184889,44.32267769115062,54.123655913978496
1050,dynamic_actor_adapt,-17377.3956990242,1.0,0.3268469624221325,0.8721040517091752,0.20445241555571556,0.0,0.023343336256220978,15.586777353286744,-0.027972744838916697,3e-05,0.0,0.0304853571113199,0.30837523862719535,0.16943439543247224,0.2715528950095177,0.22015211656689643,-16.63083578494242,43.795498641916,53.666666666666664
1051,dynamic_actor_adapt,-17636.89041852951,1.0,0.3277959667146206,0.8721668511629105,0.20452875867486,0.0,0.009045050526037855,17.15557372570038,-0.027344900666503236,3e-05,0.0,0.03184845931828022,0.30878534242510797,0.1650215618312359,0.27144320234656333,0.22290143482387065,-16.830118592907677,44.14906569725925,54.30645161290323
1052,dynamic_actor_adapt,-17538.249980926514,1.0,0.33039129003882406,0.8705684453248977,0.20784662775695323,0.0,0.019601818686351132,15.644247102737427,-0.02897989802295342,3e-05,0.0,0.03120883838273585,0.3037252061069012,0.16941623874008654,0.27684943601489065,0.21880028396844864,-17.07581797101903,44.76016765628631,54.344086021505376
1053,dynamic_actor_adapt,-17406.80267906189,1.0,0.32863322645425797,0.8705944806337357,0.20499061569571495,0.0,0.014579186495393495,14.891033601760864,-0.029580666281981395,3e-05,0.0,0.031484779855236414,0.308498864620924,0.16958918869495393,0.2695598412305117,0.22086732573807238,-16.60445480949666,44.648654979964654,53.65591397849462
1054,dynamic_actor_adapt,-17223.448483467102,1.0,0.329551287740469,0.8704174995422364,0.20625106878578664,0.0,0.004130153730511704,15.37035539150238,-0.028546512523769253,3e-05,0.0,0.03186649917624891,0.30663450956344607,0.17122208550572396,0.2693591173738241,0.22091778442263604,-15.888294419507734,45.99595350425991,53.19892473118279
1055,dynamic_actor_adapt,-17641.93539905548,1.0,0.32836674675345423,0.8715300276875496,0.2043872568756342,0.0,0.022203814517706623,15.804424786567688,-0.028558087249984966,3e-05,0.0,0.03236446683295071,0.31179854571819304,0.16396657340228557,0.27479902356863023,0.2170713920146227,-16.31144889489497,44.16412778820404,54.26881720430108
1056,dynamic_actor_adapt,-17325.5329041481,1.0,0.33118387311697006,0.8702531978487968,0.2019863072782755,0.0,0.02351672556251283,14.642099475860595,-0.028582610778175876,3e-05,0.0,0.03279477604664862,0.3077304303646088,0.17104149907827376,0.26710877381265163,0.22132451757788657,-16.962692625411126,45.47706480877679,53.70967741935484
1057,dynamic_actor_adapt,-17242.80829524994,1.0,0.3224878549575806,0.87415109872818,0.20591149628162383,0.0,0.012327080918475931,16.182884168624877,-0.02761551149742445,3e-05,0.0,0.03201102120801806,0.3124884769320488,0.1709332674741745,0.26183721870183946,0.2227300103753805,-16.99072548440649,44.020340467061565,53.77956989247312
1058,dynamic_actor_adapt,-17108.701364517212,1.0,0.3307579353451729,0.8702852874994278,0.20442748628556728,0.0,0.021921269735321422,14.588357853889466,-0.030298987647984176,3e-05,0.0,0.0335533891338855,0.31084741875529287,0.1670667078346014,0.27125548385083675,0.21727699153125285,-16.203486994651925,45.37571075284181,53.08064516129032
1059,dynamic_actor_adapt,-17269.395748615265,1.0,0.32367019429802896,0.8733400598168373,0.20517481230199336,0.0,0.004822266893461352,16.234324979782105,-0.027641580841736867,3e-05,0.0,0.03147791512310505,0.31110258102416993,0.1667310528457165,0.2724589746445417,0.2182294763624668,-17.063160943997495,45.31162412734898,53.32258064516129
1060,dynamic_actor_adapt,-17077.502255916595,1.0,0.33001603856682776,0.8707361772656441,0.20415573976933957,0.0,0.01632736735045904,15.728932952880859,-0.02856586793786846,3e-05,0.0,0.03181269727647305,0.31731078699231147,0.16835175044834613,0.26729720644652843,0.21522756293416023,-16.76819987188751,45.44312892272345,53.1505376344086
1061,dynamic_actor_adapt,-17478.319687843323,1.0,0.3308806702494621,0.8700637266039848,0.2030790314078331,0.0,0.020564273511990888,15.749942851066589,-0.0294998256402323,3e-05,0.0,0.033195403730496766,0.3090270146727562,0.16635338589549065,0.2684103701263666,0.22301382943987846,-16.65669782255337,44.25859813874671,54.43548387096774
1062,dynamic_actor_adapt,-17229.72501039505,1.0,0.32679935097694396,0.8726861983537674,0.2021034736186266,0.0,0.010890959296375458,15.69726893901825,-0.029002588053117506,3e-05,0.0,0.032234524236992,0.30816233307123186,0.17179886512458326,0.2679528474807739,0.21985143311321736,-17.244511375753955,45.01065218653744,53.553763440860216
1063,dynamic_actor_adapt,-17561.020486354828,1.0,0.32615495324134824,0.8725447833538056,0.20082372911274432,0.0,0.015324351005256164,16.260840082168578,-0.02711042097362224,3e-05,0.0,0.0316116074565798,0.3134104162454605,0.16480239927768708,0.27036693803966044,0.21980863846838475,-17.07367169394233,44.957265032068726,54.37634408602151
1064,dynamic_actor_adapt,-17262.38462781906,1.0,0.3260972499847412,0.8721755921840668,0.20904250703752042,0.0,0.014591695228591516,17.005275416374207,-0.029060244397260248,3e-05,0.0,0.032103458512574436,0.3133655495941639,0.17160639539361,0.2637586198747158,0.219165975227952,-16.21441885651525,44.64927864504556,53.32258064516129
1065,dynamic_actor_adapt,-17349.641064167023,1.0,0.3283026821911335,0.8714462012052536,0.20593907348811627,0.0,0.01397673166356983,15.637931394577027,-0.02915701431920752,3e-05,0.0,0.03338648551143706,0.3063771821558475,0.17211234830319883,0.2673932399600744,0.22073073945939542,-16.804326702865275,43.889492794858135,54.0
1066,dynamic_actor_adapt,-17374.45845937729,1.0,0.32460109069943427,0.8729279637336731,0.2031730242073536,0.0,0.014341811742633583,15.753148102760315,-0.029953416193893644,3e-05,0.0,0.031135496450588107,0.3084078192710876,0.16719243302941322,0.2696875549852848,0.22357669472694397,-16.793583566597338,44.01347671776547,53.77956989247312
1067,dynamic_actor_adapt,-17339.90265226364,1.0,0.334343970566988,0.8684909015893936,0.2033124275505543,0.0,0.024794957274571074,15.409250617027283,-0.029457868996541948,3e-05,0.0,0.03287488278001547,0.3141285769641399,0.17212976589798928,0.26316663436591625,0.21770013496279716,-17.13275896543307,45.16478859287069,53.93548387096774
1068,dynamic_actor_adapt,-17068.380603790283,1.0,0.3257690019905567,0.8724065169692039,0.20424058884382248,0.0,0.01217691050842408,15.079400324821473,-0.0292186712322291,3e-05,0.0,0.03312506889924407,0.313573832064867,0.17064514383673668,0.2690049070864916,0.21365105025470257,-16.760652654008325,45.37761406757942,52.736559139784944
1069,dynamic_actor_adapt,-17034.777922153473,1.0,0.33481180518865583,0.8683565989136696,0.20632079169154166,0.0,0.007197995018214019,14.689173531532287,-0.0293000771838706,3e-05,0.0,0.03339438904076815,0.31107336208224295,0.1701333958655596,0.268418126180768,0.21698072627186776,-17.177426017555938,45.300403251019276,52.865591397849464
1070,dynamic_actor_adapt,-16973.36040878296,1.0,0.3305771932005882,0.8699677020311356,0.20994789004325867,0.0,0.009064413700252683,15.852821803092956,-0.030490766193543094,3e-05,0.0,0.03298625508323312,0.31082484498620033,0.17175926268100739,0.26454256996512415,0.21988706588745116,-16.141451384170033,44.60336290877926,53.01075268817205
1071,dynamic_actor_adapt,-17160.521669864655,1.0,0.3318654581904411,0.8701355338096619,0.20593177042901517,0.0,0.010986712574958798,17.031562185287477,-0.02632902824989287,3e-05,0.0,0.03388410108163953,0.3154203563928604,0.17155529633164407,0.26403376273810863,0.2151064842939377,-17.340721722297932,44.70741326939391,53.123655913978496
1072,dynamic_actor_adapt,-17026.676921844482,1.0,0.3263395994901657,0.8722581207752228,0.20891123935580252,0.0,0.011401082761585697,16.521383500099184,-0.02940475184004754,3e-05,0.0,0.03195312051102519,0.3163848124444485,0.1732554730027914,0.26026420183479787,0.2181423928588629,-17.207555826317794,45.188270444220244,52.96774193548387
1073,dynamic_actor_adapt,-16992.863392829895,1.0,0.3273598238825798,0.8722540616989136,0.20533932968974114,0.0,0.012087663123384051,15.51755108833313,-0.030270983968512154,3e-05,0.0,0.032908627903088926,0.3198621742427349,0.1731579400599003,0.26187516190111637,0.21219609193503858,-16.76852452976968,44.05303451957748,53.11290322580645
1074,dynamic_actor_adapt,-17116.280024528503,1.0,0.3326774977147579,0.8691126763820648,0.2025394771248102,0.0,0.012522091856226318,15.303108167648315,-0.028573270083870738,3e-05,0.0,0.03276561014354229,0.3143998868763447,0.17250220254063606,0.26589220836758615,0.21444009467959405,-16.39677424779203,44.673159298026405,53.05913978494624
1075,dynamic_actor_adapt,-17135.973536014557,1.0,0.3335654094815254,0.8691073417663574,0.20225071609020234,0.0,0.023950393171981013,17.677056431770325,-0.02568126871192362,3e-05,0.0,0.03165749083273113,0.3142023228108883,0.17548389807343484,0.25522269308567047,0.22343359366059304,-17.182665329233284,44.134828777717274,53.4247311827957
1076,dynamic_actor_adapt,-16977.341556549072,1.0,0.32428086921572685,0.8731613352894783,0.20408436208963393,0.0,0.020186148909851896,16.147554779052733,-0.027507018524920566,3e-05,0.0,0.03226597709581256,0.3151172690093517,0.17091500088572503,0.26379233710467814,0.2179094184190035,-17.19751795711555,45.66364240042817,52.677419354838705
1077,dynamic_actor_adapt,-17261.374211788177,1.0,0.3255651995539665,0.8726815894246102,0.2062603734433651,0.0,0.012868166668340536,17.369425773620605,-0.028104703198187052,3e-05,0.0,0.03365605124272406,0.3144373118877411,0.16862687952816485,0.26032633110880854,0.22295342646539212,-16.351217943318375,44.73839854608413,53.462365591397855
1078,dynamic_actor_adapt,-16781.911149978638,1.0,0.32717191204428675,0.8719032943248749,0.20351628325879573,0.0,0.009375346684828381,16.161161828041077,-0.028200654668034987,3e-05,0.0,0.03279173225164413,0.3153045766055584,0.17132768779993057,0.26144593097269536,0.2191300716251135,-16.549619804989486,44.88054262054786,52.86021505376344
1079,dynamic_actor_adapt,-16922.68529844284,1.0,0.3307604052126408,0.8708833023905754,0.20848919302225113,0.0,0.02072067842818799,18.01315200328827,-0.026167237080517224,3e-05,0.0,0.03304362469352782,0.31938716396689415,0.17606048807501792,0.2627389904111624,0.20876973271369934,-16.952694179201405,44.97316631217586,52.973118279569896
1080,dynamic_actor_adapt,-17107.930000782013,1.0,0.32572660222649574,0.8726756021380424,0.21090215668082238,0.0,0.011657703435048399,16.131787753105165,-0.029370696217483783,3e-05,0.0,0.0323897653259337,0.31767982318997384,0.17259283773601056,0.26314445249736307,0.21419312357902526,-16.474229029900815,44.92400435940324,53.32795698924732
1081,dynamic_actor_adapt,-16872.813339710236,1.0,0.32654066383838654,0.87214275598526,0.2089658260345459,0.0,0.010882142232730933,16.640693807601927,-0.027887149178786784,3e-05,0.0,0.030914798798039555,0.3212589755654335,0.17445475421845913,0.261554205045104,0.21181726418435573,-17.17757625080027,45.34302434928229,52.85483870967742
1082,dynamic_actor_adapt,-17127.115401744843,1.0,0.3307046860456467,0.8706782832741737,0.20681838281452655,0.0,0.007906416663900028,15.943057465553284,-0.028905685839708893,3e-05,0.0,0.03307107267901301,0.3222254790365696,0.1721545685082674,0.2599011853337288,0.21264769807457923,-17.679236466183916,45.06385048063414,53.473118279569896
1083,dynamic_actor_adapt,-16966.571321725845,1.0,0.326151230186224,0.8723079904913902,0.2056662119925022,0.0,0.014703673217445576,18.600161623954772,-0.026715801037971686,3e-05,0.0,0.0325184153392911,0.32310758009552953,0.16650916822254658,0.2587474059313536,0.21911743320524693,-16.624187772835896,45.21076028178314,53.00537634408602
1084,dynamic_actor_adapt,-16802.937490940094,1.0,0.32776021882891654,0.871481591463089,0.20759245418012143,0.0,0.005207211617380459,15.469916200637817,-0.029162178188562392,3e-05,0.0,0.030985760781913996,0.32325286939740183,0.16896748207509518,0.25803779512643815,0.21875609010457991,-16.464998779514268,45.134848249198924,52.31720430107527
1085,dynamic_actor_adapt,-17045.939879894257,1.0,0.33210198655724527,0.8692977353930473,0.20678649954497813,0.0,0.013269194448366734,18.03430383205414,-0.028071061328955694,3e-05,0.0,0.03239491800777614,0.3217081010341644,0.17146752886474131,0.26076318994164466,0.21366626285016538,-16.599840290959996,44.84684103924423,53.33870967741936
1086,dynamic_actor_adapt,-16903.024121522903,1.0,0.32953652516007426,0.8708986282348633,0.20670144036412239,0.0,0.010983589710667714,16.323017048835755,-0.029616101738065483,3e-05,0.0,0.03264652118086815,0.3170543067157269,0.1752346817404032,0.2622362248599529,0.21282825842499734,-17.268741069946245,46.01937520318023,52.94086021505377
1087,dynamic_actor_adapt,-16865.971223831177,1.0,0.33010159730911254,0.8695759385824203,0.2101117003709078,0.0,0.013752311049029173,15.20971999168396,-0.030677262315293774,3e-05,0.0,0.03320153499953449,0.3213373228907585,0.1772728119045496,0.25637851282954216,0.2118098195642233,-16.188430183928325,45.69643302201774,52.84946236559139
1088,dynamic_actor_adapt,-16938.92912054062,1.0,0.32962305694818494,0.8711001053452492,0.20983459241688251,0.0,0.011426842585206001,16.36746516227722,-0.029059142908954526,3e-05,0.0,0.03191386717371643,0.3209581315517426,0.17322624884545804,0.2582486402243376,0.21565311253070832,-17.43906312409018,45.52787965779996,53.26881720430108
1089,dynamic_actor_adapt,-17033.216158390045,1.0,0.32952685579657554,0.870648592710495,0.2059688236564398,0.0,0.006246510334312928,15.522735095024109,-0.02941620326600969,3e-05,0.0,0.031636874517425896,0.32074665650725365,0.17264126390218734,0.2613718960434198,0.21360331065952778,-17.377122310291497,45.67161298627193,52.83333333333333
1090,dynamic_actor_adapt,-16932.658029556274,1.0,0.33161023929715155,0.8699390798807144,0.2068193569779396,0.0,0.013526102993637323,15.887089347839355,-0.030519387365347938,3e-05,0.0,0.033122373605147006,0.3224913515150547,0.17508494034409522,0.2546088457107544,0.21469249278306962,-16.4059458062583,44.53834177664269,52.865591397849464
1091,dynamic_actor_adapt,-16893.477921009064,1.0,0.33197880163788795,0.8700443461537362,0.20750119164586067,0.0,0.01488930690102281,14.871461725234985,-0.029637491732137276,3e-05,0.0,0.03250309964641929,0.32076172307133677,0.17392475418746473,0.26205349862575533,0.21075692735612392,-16.36367621781298,44.9799090309111,52.84946236559139
1092,dynamic_actor_adapt,-16525.028133630753,1.0,0.3320413254201412,0.8702600598335266,0.20728109627962113,0.0,0.009691906534135347,14.67629632949829,-0.030797022065962666,3e-05,0.0,0.032901272643357515,0.3220078617334366,0.17712639160454274,0.2593972750008106,0.20856719352304937,-16.75357128059113,44.93497250879004,51.94623655913978
1093,dynamic_actor_adapt,-16976.470715999603,1.0,0.33144051879644393,0.8698937967419624,0.20624179393053055,0.0,0.01690145288594068,16.98455572128296,-0.028381370089482515,3e-05,0.0,0.033085522195324304,0.33027434200048444,0.17049809098243712,0.25813380554318427,0.2080082405358553,-16.959991439460577,44.58796423168055,53.15591397849463
1094,dynamic_actor_adapt,-16979.04245185852,1.0,0.32966841012239456,0.8710173472762108,0.21178667694330217,0.0,0.017885165615007248,17.036083388328553,-0.029342834958515595,3e-05,0.0,0.0333182861097157,0.3257346972823143,0.17493572868406773,0.2537308666855097,0.21228042095899582,-16.758236471249436,45.509955746452114,53.36021505376344
1095,dynamic_actor_adapt,-16568.163196086884,1.0,0.3294944867491722,0.8708067461848259,0.20487316995859145,0.0,0.00887195314280688,17.979918432235717,-0.02931647123186849,3e-05,0.0,0.03281484707258642,0.3253006778657436,0.17867868542671203,0.2544238824397326,0.20878189876675607,-16.730833007955248,44.55140442646871,52.2258064516129
1096,dynamic_actor_adapt,-16657.15961790085,1.0,0.3276089049875736,0.8717990994453431,0.2091748420149088,0.0,0.012815106753259926,16.902183771133423,-0.027475890558253013,3e-05,0.0,0.031186734931543468,0.3242491282522678,0.18113612979650498,0.25837399773299696,0.20505401343107224,-17.24744164527002,44.55831163497585,52.33870967741936
1097,dynamic_actor_adapt,-16953.666831493378,1.0,0.33027102127671243,0.8707729652523994,0.21061722449958326,0.0,0.009608096489682832,17.557837057113648,-0.030003158844192513,3e-05,0.0,0.03161115748807788,0.3266019903123379,0.17720948457717894,0.2574965950101614,0.20708077736198902,-17.38120704861643,45.06433162924265,53.1505376344086
1098,dynamic_actor_adapt,-16740.286554336548,1.0,0.328283803164959,0.8716908022761345,0.20932014100253582,0.0,0.014526937156915658,16.87878119945526,-0.030016649403842167,3e-05,0.0,0.03123615449294448,0.32786466404795644,0.17405419647693635,0.2537634152919054,0.21308156996965408,-16.54540145400763,44.27800796038167,52.252688172043015
1099,dynamic_actor_adapt,-16761.936722040176,1.0,0.33377132266759874,0.8693553000688553,0.2092097196727991,0.0,0.013551846239715809,15.534139275550842,-0.029831315219053068,3e-05,0.0,0.03274196945130825,0.3290515698492527,0.17813740074634551,0.24726423434913158,0.21280482970178127,-16.6972192217613,45.26723958945885,52.37634408602151
1100,dynamic_actor_adapt,-16779.19660758972,1.0,0.3340435691177845,0.8692667633295059,0.20825979746878148,0.0,0.02231897921301426,16.096038889884948,-0.029417347722119302,3e-05,0.0,0.03328674123622477,0.3247078761458397,0.17736982814967633,0.25787894763052466,0.20675660185515882,-17.05082408712225,44.99527273320831,52.865591397849464
1101,dynamic_joint,-16875.59915828705,1.0,0.3304890118539333,0.8702932357788086,0.20998362079262733,0.031157262437045575,0.010456277988851112,18.420771718025208,-0.029668876728101166,3e-05,2e-05,0.032346094073727724,0.3281964369118214,0.17811274118721485,0.25359145775437353,0.20775326900184155,-16.394186843964782,44.77005295599495,52.88172043010753
1102,dynamic_joint,-16373.80464887619,1.0,0.3321382269263268,0.8702223032712937,0.20689174495637416,0.030381085257977246,0.010683021880686289,16.18386595249176,-0.031228469597408548,3e-05,2e-05,0.0336533444467932,0.3276126965880394,0.18214700147509574,0.24987811967730522,0.20670883618295194,-16.210352674793363,44.66381811073505,51.747311827956985
1103,dynamic_joint,-16759.336500167847,1.0,0.33206072822213173,0.8706758707761765,0.20718652829527856,0.030826806789264083,0.007236483134329341,14.33534860610962,-0.030414341198047624,3e-05,2e-05,0.03192366515286267,0.33024424463510516,0.18063898608088494,0.25086481533944605,0.20632829144597054,-17.602568460778574,44.91655280482505,52.284946236559136
1104,dynamic_joint,-16566.306550979614,1.0,0.3335826560854912,0.869440135359764,0.20756057500839234,0.030677659902721643,0.00845418451353902,16.5966073513031,-0.0300782894162694,3e-05,2e-05,0.03243728312663734,0.33334038183093073,0.18125632181763648,0.24837874323129655,0.2045872699469328,-16.804736265454288,45.26108859330195,52.65591397849463
1105,dynamic_joint,-16436.449502706528,1.0,0.3284367024898529,0.8717054277658463,0.21278627403080463,0.030730080185458065,0.007586894510313878,16.461646032333373,-0.02975517579834559,3e-05,2e-05,0.032945682387799026,0.3315061703324318,0.18019561544060708,0.24748021624982358,0.20787232033908368,-16.132582500503133,46.43822446625806,52.086021505376344
1106,dynamic_joint,-16342.526611804962,1.0,0.332907872647047,0.8699588790535927,0.2087550476193428,0.030342694837599993,0.013420623168349272,17.686386370658873,-0.02823112122132443,3e-05,2e-05,0.03372956169769168,0.325832262635231,0.18230060674250126,0.25130165815353395,0.20683591738343238,-16.474247027641805,44.94820074746925,51.63978494623655
1107,dynamic_joint,-16400.02192234993,1.0,0.32934951335191726,0.8705117478966713,0.21009739935398103,0.030753667186945676,0.018443327676504813,16.909986543655396,-0.02861618307651952,3e-05,2e-05,0.03392248023301363,0.3339847013354301,0.1795135296881199,0.25217796079814436,0.2004013266414404,-16.660222482781872,44.71290724512508,52.123655913978496
1108,dynamic_joint,-16462.514117717743,1.0,0.32853440642356874,0.8718268856406212,0.21308152563869953,0.03039174610748887,0.01928222002461557,17.71435821056366,-0.02937645190540934,3e-05,2e-05,0.03230935418978333,0.3370894454419613,0.18306930027902127,0.24414997957646847,0.20338192470371724,-16.226723642637282,45.07336672504263,52.11290322580645
1109,dynamic_joint,-16423.94289112091,1.0,0.33426427021622657,0.8692530080676079,0.2109929844737053,0.02987827844917774,0.013335824850946615,18.04409604072571,-0.03016558970048209,3e-05,2e-05,0.035479705221951006,0.3340704642236233,0.1833143413066864,0.24050104804337025,0.20663444474339485,-17.048422721127995,44.233768936294005,51.97849462365591
1110,dynamic_joint,-16000.346426486969,1.0,0.3338747963309288,0.869433481991291,0.21334264948964118,0.02926056948490441,0.029642581380903678,16.39864797592163,-0.03188580935820937,3e-05,2e-05,0.03126891031861305,0.34030029773712156,0.19190579801797866,0.23864458799362182,0.1978804085403681,-15.875728167390013,45.254747164645984,51.32258064516129
1111,dynamic_joint,-16184.52857875824,1.0,0.33424150869250296,0.8693293914198875,0.21354556046426296,0.028847651742398738,0.009838694240897915,16.73878059387207,-0.028270433374564162,3e-05,2e-05,0.03416850147768855,0.3386511102318764,0.1920333568006754,0.24053678549826146,0.19461024925112724,-16.489568058517012,44.933130390866175,51.36021505376343
1112,dynamic_joint,-16144.567839860916,1.0,0.337246710062027,0.8678677514195442,0.2123467165976763,0.02890264862217009,0.011135611124336718,17.930302882194518,-0.03029364689718932,3e-05,2e-05,0.03302528271451592,0.33661611527204516,0.1927693672478199,0.23814719282090663,0.19944204352796077,-15.984803028914712,45.469362851367556,51.51075268817205
1113,dynamic_joint,-15929.952666282654,1.0,0.3333361379802227,0.8695357948541641,0.216444006934762,0.02904770402237773,0.0044858685228973405,17.43922350406647,-0.028668352810200304,3e-05,2e-05,0.03358187484554946,0.3370494365692139,0.1908063802868128,0.23786724545061588,0.200695064291358,-16.26556714790063,44.211577889294304,50.693548387096776
1114,dynamic_joint,-15852.070027828217,1.0,0.33076508715748787,0.8712387710809708,0.21557487435638906,0.02853148793801665,0.029373230179771753,19.256756162643434,-0.029635647794930265,3e-05,2e-05,0.03478329004719853,0.3477561466395855,0.19358486644923686,0.22882944159209728,0.1950462494045496,-17.112969793926787,45.102969546131426,50.96236559139785
1115,dynamic_joint,-15846.787327289581,1.0,0.33155984431505203,0.8710974127054214,0.21691667959094046,0.028391748759895565,0.01618694476783277,17.894624757766724,-0.02818250516720582,3e-05,2e-05,0.035993823874741794,0.3436317704617977,0.19264542870223522,0.22579978704452514,0.20192919187247754,-15.921923630196389,45.02734834841485,50.70967741935484
1116,dynamic_joint,-15722.333510637283,1.0,0.33813630789518356,0.8677979722619057,0.21855737306177617,0.027832582406699658,0.009315737523138475,18.214662742614745,-0.028152765973936768,3e-05,2e-05,0.03814445650205016,0.3410055637359619,0.19459779523313045,0.22376812510192395,0.20248406156897544,-16.015048057383183,46.31277834704679,50.403225806451616
1117,dynamic_joint,-15607.924311876297,1.0,0.3359496586024761,0.8690366744995117,0.2164240326732397,0.02770156473852694,0.030024910252541337,18.718298387527465,-0.02930350888564135,3e-05,2e-05,0.03626923188567162,0.3524154104292393,0.1982004027813673,0.21930860839784144,0.1938063468784094,-15.83705697601304,45.06478186829879,50.48924731182795
1118,dynamic_joint,-15889.566379070282,1.0,0.33879461959004403,0.8671796336770058,0.21649605892598628,0.027460529608651994,0.02532212934456768,16.788871860504152,-0.031142837123479695,3e-05,2e-05,0.03650375506840646,0.33975434526801107,0.19905634708702563,0.22380630038678645,0.20087925158441067,-16.470326270302756,46.048123628133396,50.73118279569893
1119,dynamic_joint,-15666.820089817047,1.0,0.3304407179355621,0.8721811294555664,0.21812225840985774,0.02788159605115652,0.01811569109559058,17.980240774154662,-0.030924157207482494,3e-05,2e-05,0.03494650362990796,0.3488121911883354,0.19810559563338756,0.21989296115934848,0.19824274852871895,-15.922535151428738,44.53532240382162,50.20967741935484
1120,dynamic_joint,-15470.232291936874,1.0,0.33771794810891154,0.8679671451449394,0.2183157067745924,0.02740804087370634,0.01783807543106379,16.905729055404663,-0.03319081479276065,3e-05,2e-05,0.03797676507383585,0.35446825474500654,0.19833831004798413,0.21441712342202662,0.19479955025017262,-16.051606480785484,44.64562557338188,49.95161290322581
1121,dynamic_joint,-15462.12895989418,1.0,0.33365448564291,0.8708394840359688,0.2168355293571949,0.026630882732570173,0.019401685707271042,17.1386599779129,-0.031278981227660554,3e-05,2e-05,0.03813818134367466,0.34802645817399025,0.20367877259850503,0.21115807704627515,0.1989985141903162,-15.243806172682714,44.81342975798249,49.526881720430104
1122,dynamic_joint,-15478.3277490139,1.0,0.330399065464735,0.8714543849229812,0.2184766862541437,0.027161719696596264,0.011744911689311265,17.29262044429779,-0.030511479498818515,3e-05,2e-05,0.03646948700770736,0.34591570869088173,0.2015857592225075,0.21181368827819824,0.204215357452631,-14.617436467293278,44.89831106962849,49.33870967741936
1123,dynamic_joint,-15380.183616161346,1.0,0.33164269253611567,0.8708452835679055,0.22261537313461305,0.026702738553285598,0.01792714316397906,17.347884845733642,-0.03221106491764658,3e-05,2e-05,0.03837136598303914,0.3512108474969864,0.20335231237113477,0.20964156091213226,0.19742391258478165,-16.20797863805964,45.34268348153823,49.666666666666664
1124,dynamic_joint,-15459.04191660881,1.0,0.3381680190563202,0.8684656322002411,0.22407263703644276,0.02566941939294338,0.018133085593581198,17.715247225761413,-0.03206499607204023,3e-05,2e-05,0.04052636669948697,0.3457144446671009,0.2088777620345354,0.21102765277028085,0.193853772059083,-16.096981372928948,45.269674278775284,49.704301075268816
1125,dynamic_joint,-15340.713389396667,1.0,0.3316063418984413,0.8719370558857917,0.22036245316267014,0.026306120865046977,0.02328046318143604,16.962369441986084,-0.03281259466893971,3e-05,2e-05,0.040886044036597013,0.35627889856696127,0.20421689823269845,0.20404828786849977,0.19456987529993058,-15.625364087991716,44.91955170726952,49.82258064516129
1126,dynamic_joint,-15750.133049488068,1.0,0.33437443897128105,0.869921350479126,0.21712688952684403,0.026518284576013684,0.017653402173891622,16.513954305648802,-0.032389624987263235,3e-05,2e-05,0.042807671194896105,0.35159399509429934,0.20041227862238883,0.20371110774576665,0.20147494710981845,-15.47778498189119,45.396168662942415,50.344086021505376
1127,dynamic_joint,-15463.69650053978,1.0,0.338362044095993,0.8687509506940841,0.21914471127092838,0.026290408428758384,0.0109785356093198,17.27541913986206,-0.030974030372453852,3e-05,2e-05,0.04416735861450434,0.35507065877318383,0.20106519609689713,0.2016832198947668,0.1980135679244995,-15.891583704382043,44.63050169786993,49.88709677419355
1128,dynamic_joint,-15062.454926013947,1.0,0.3384545110166073,0.8693355694413185,0.22124281264841555,0.02597193797118962,0.016237189061939716,17.29039785861969,-0.03365073350723833,3e-05,2e-05,0.0453043382614851,0.3595120541751385,0.20282932035624981,0.19356462508440017,0.1987896628677845,-15.380484002501598,44.93459712958918,48.87096774193548
1129,dynamic_joint,-15112.402284622192,1.0,0.33748580515384674,0.8690989762544632,0.22268616668879987,0.025474529806524517,0.015944172907620693,18.16359899044037,-0.031137930927798152,3e-05,2e-05,0.04350662184879184,0.35333768352866174,0.20787013359367848,0.19615650027990342,0.19912906028330327,-14.896656229144126,44.686231097865,48.956989247311824
1130,dynamic_joint,-15028.635599851608,1.0,0.33934739977121353,0.8686558976769447,0.22245372720062734,0.025639915140345693,0.013779212720692172,16.45722351074219,-0.031770349416183306,3e-05,2e-05,0.042871940229088065,0.3555972397327423,0.20767810344696044,0.20078655071556567,0.19306616596877574,-15.25767688366976,44.858273988168435,48.645161290322584
1131,dynamic_joint,-14963.457015514374,1.0,0.3324833996593952,0.8715132296085357,0.22208573408424853,0.025420960411429404,0.014119239896535879,16.800048303604125,-0.030666157382074743,3e-05,2e-05,0.04441563533619046,0.35594568178057673,0.2078105304390192,0.19372693113982678,0.19810122214257717,-14.637705493994524,43.732578483230505,48.47849462365591
1132,dynamic_joint,-15557.241649627686,1.0,0.33815406635403633,0.8690258041024208,0.22127479277551174,0.02532743667252362,0.022697536647319785,16.790370488166808,-0.02960552470613038,3e-05,2e-05,0.04568487452343106,0.3511717446148396,0.20698942802846432,0.20380646102130412,0.19234749414026736,-15.238164826877835,44.99165795244875,50.26881720430107
1133,dynamic_joint,-14914.103084802628,1.0,0.33845631405711174,0.8688080459833145,0.2249568670988083,0.024709527287632226,0.01829422060400243,19.18401732444763,-0.031624774583906404,3e-05,2e-05,0.04570412030443549,0.35500780045986174,0.2122812367975712,0.19809629619121552,0.188910548761487,-15.234536660180115,44.886711272532146,48.32258064516129
1134,dynamic_joint,-15029.311787366867,1.0,0.33582891449332236,0.8696997866034508,0.22080461792647837,0.024734690552577376,0.01206904696300621,17.460141253471374,-0.02924583777785301,3e-05,2e-05,0.04705071970820427,0.35481334254145624,0.21087130159139633,0.20278421938419341,0.18448041751980782,-15.603313100864721,44.45406783299885,48.96236559139785
1135,dynamic_joint,-14898.466145992279,1.0,0.3389593966305256,0.8690452203154564,0.22272870428860186,0.024614248564466833,0.013888048846274634,16.596798872947694,-0.030663222286239033,3e-05,2e-05,0.04657670287415385,0.3531565561890602,0.21203353703022004,0.19797099344432353,0.19026220180094242,-14.800728208944347,46.017404533770986,48.31182795698925
1136,dynamic_joint,-14882.701902151108,1.0,0.3382816106081009,0.8685268461704254,0.2227661170065403,0.02400040770880878,0.009654811210930349,16.648636984825135,-0.03213337572960882,3e-05,2e-05,0.04779584379866719,0.3500456869602203,0.21529487445950507,0.19831792563199996,0.18854567036032677,-15.046951419222532,44.38968797735433,48.41935483870968
1137,dynamic_joint,-15371.781138420105,1.0,0.3485920615494251,0.8642011314630509,0.22448777072131634,0.024029095051810147,0.012671844847500273,18.64976785182953,-0.02924016950710211,3e-05,2e-05,0.0524323302321136,0.3489183455705643,0.21008629426360131,0.19910365678369998,0.18945937603712082,-15.637816241647243,44.13756517328545,49.76881720430107
1138,dynamic_joint,-14930.513278961182,1.0,0.3471916772425175,0.8648096457123756,0.22543209008872508,0.023574441997334362,0.01626533949747678,17.21280703544617,-0.031778081587981434,3e-05,2e-05,0.05051686037331819,0.35091404989361763,0.21622325852513313,0.19496594965457917,0.18737988211214543,-15.047662138818055,44.40109327559998,48.55913978494624
1139,dynamic_joint,-14901.152948141098,1.0,0.34641959965229036,0.8654784202575684,0.22521052919328213,0.02354551125317812,0.006483404152095321,18.78669309616089,-0.029890269140014424,3e-05,2e-05,0.05221119895577431,0.3524614110589027,0.2149536546319723,0.19369493350386618,0.18667879775166513,-14.553760651075912,45.61370113288465,48.31182795698925
1140,dynamic_joint,-14911.407918930054,1.0,0.3475581295788288,0.8647125214338303,0.22997346930205823,0.023115185741335153,0.0071962260641157405,16.566709303855895,-0.032432235799933554,3e-05,2e-05,0.053027011919766665,0.35232822224497795,0.2177359566092491,0.19200132451951504,0.18490748442709445,-14.344848605466407,44.05850931881671,48.677419354838705
1141,dynamic_joint,-14855.444358944893,1.0,0.3414019338786602,0.8673458561301232,0.22615539617836475,0.02293524597771466,0.013528242334723474,18.953338718414308,-0.030238713229482527,3e-05,2e-05,0.05143441716209054,0.3471566937863827,0.220256320014596,0.19571398831903936,0.18543857634067534,-14.132396615531375,44.17679869272891,48.446236559139784
1142,dynamic_joint,-14735.141625881195,1.0,0.34031812101602554,0.8679437562823296,0.2290669608861208,0.02288085618056357,0.01305719343945383,18.790023517608642,-0.03220853488746798,3e-05,2e-05,0.05203719660639763,0.35147134587168694,0.2207597739994526,0.18918539360165595,0.18654628954827784,-13.989368562990704,44.12588702841616,48.04838709677419
1143,dynamic_joint,-14561.439027071,1.0,0.3438053034245968,0.8667301714420319,0.22895335033535957,0.02304557114839554,0.01995923090726137,17.604479908943176,-0.029996444191783666,3e-05,2e-05,0.05254876744002104,0.36093939170241357,0.22039412893354893,0.1817367609590292,0.18438095301389695,-14.31419628264087,43.935418213382896,47.61827956989247
1144,dynamic_joint,-14397.173193693161,1.0,0.3434093989431858,0.8671875253319741,0.2272015530616045,0.022737178578972818,0.013894113339483788,17.07142071723938,-0.03143441969004925,3e-05,2e-05,0.051477689668536185,0.35847560316324234,0.2236057136207819,0.1854722321033478,0.18096876181662083,-14.641699671537955,44.72557780566814,47.263440860215056
1145,dynamic_joint,-14565.536981105804,1.0,0.34049362018704415,0.8686912760138512,0.22532103806734086,0.023229549918323756,0.010094805900007456,16.547899842262268,-0.030380576237803325,3e-05,2e-05,0.05094866184517741,0.3577899426221848,0.2199108384549618,0.19051963426172733,0.18083092160522937,-13.79147064019803,43.62440882984667,47.39784946236559
1146,dynamic_joint,-14517.227194309235,1.0,0.3402813345193863,0.867934276163578,0.22311376146972178,0.022987067792564632,0.011354453209787618,19.203289103507995,-0.030283555685309695,3e-05,2e-05,0.05253676846623421,0.3563837669789791,0.22016720660030842,0.18624858371913433,0.1846636738628149,-13.249825263084801,44.0285802878317,47.596774193548384
1147,dynamic_joint,-14286.735677599907,1.0,0.3456949293613434,0.8655605807900428,0.22679956629872322,0.022510952595621348,0.010822554863989364,18.208990502357484,-0.0301070350658847,3e-05,2e-05,0.055556577257812025,0.35621956661343573,0.22124852798879147,0.18100150674581528,0.18597382120788097,-13.186338311349182,44.07771232340279,46.83870967741935
1148,dynamic_joint,-14534.854473114014,1.0,0.34509004801511767,0.8660969972610474,0.22533900812268257,0.022618546290323137,0.02012793328613044,17.106337904930115,-0.031077579816337676,3e-05,2e-05,0.05601140260696411,0.3523769475519657,0.2192245088517666,0.190610646083951,0.18177649080753328,-13.384694000249068,44.8944246743499,47.403225806451616
1149,dynamic_joint,-14399.60641503334,1.0,0.3404888704419136,0.8684599980711937,0.2298143945634365,0.022293089237064124,0.021484629996120955,19.055945491790773,-0.029080427114968187,3e-05,2e-05,0.056656268797814845,0.3543517395853996,0.22157617174088956,0.17986833453178405,0.18754748813807964,-13.41235342721424,44.446789202804254,46.704301075268816
1150,dynamic_joint,-14299.813555240631,1.0,0.3506182819604874,0.8641757979989052,0.23056146763265134,0.02222329885698855,0.016583042312413462,16.551508140563964,-0.03219300743076019,3e-05,2e-05,0.05898058516904712,0.35577124580740926,0.22045719176530837,0.1844160310924053,0.18037494495511056,-13.978844896317785,44.6757674909972,46.74731182795699
1151,dynamic_joint,-14236.22759103775,1.0,0.34192627370357515,0.8672413378953934,0.22884212285280228,0.022380744433030487,0.021944812126457734,17.58910439014435,-0.030991642660228535,3e-05,2e-05,0.05671050185337663,0.35784700587391854,0.22170163169503213,0.17571371085941792,0.18802715353667737,-13.369921592695599,44.12233976065394,46.795698924731184
1152,dynamic_joint,-14107.782601416111,1.0,0.3484097309410572,0.8642858907580375,0.22905101738870143,0.021811897959560157,0.010139393713325229,18.080186820030214,-0.030450550763634964,3e-05,2e-05,0.06099806092679501,0.35689389482140543,0.22184593193233013,0.1763515468686819,0.18391056619584562,-13.199759651906556,43.5015675841537,46.45698924731183
1153,dynamic_joint,-14129.346126794815,1.0,0.3436181917786598,0.8665263459086419,0.23137982413172722,0.021840835409238934,0.004661984834820027,18.051606750488283,-0.030227089405525476,3e-05,2e-05,0.060454098787158725,0.35697069242596624,0.22261068299412728,0.17784099280834198,0.18212353810667992,-13.02990003256399,44.52021904571564,46.35483870967742
1154,dynamic_joint,-14154.678317070007,1.0,0.3453777670860291,0.8656830802559853,0.22976554222404957,0.02144018430262804,0.012594533059746019,18.245709037780763,-0.0319986940769013,3e-05,2e-05,0.06028908956795931,0.3592908076941967,0.22658783197402954,0.17342256978154183,0.18040970154106617,-13.181651160067048,43.83308480019336,46.30107526881721
1155,dynamic_joint,-14059.896441459656,1.0,0.34879825040698054,0.8644308909773827,0.2316790111362934,0.022183044441044332,0.015939833689481063,17.63939242362976,-0.031486295910872285,3e-05,2e-05,0.05841798530891538,0.36309738233685496,0.222736706584692,0.17117488384246826,0.18457304500043392,-13.270162024336546,44.00298033723228,46.166666666666664
1156,dynamic_joint,-14177.320246219635,1.0,0.3486242026090622,0.864654453098774,0.22886235788464546,0.021282088337466122,0.0151166423223913,17.866324138641357,-0.03182861681561917,3e-05,2e-05,0.06063242554664612,0.3603769801557064,0.22808058559894562,0.16992417201399804,0.18098583593964576,-13.498674045832276,44.06252290535316,46.72043010752688
1157,dynamic_joint,-13997.579107761383,1.0,0.34661556482315065,0.8653345689177513,0.23321604989469052,0.021170839993283154,0.0070224878378212854,19.95538721084595,-0.031406845554010944,3e-05,2e-05,0.062397356051951645,0.3602918893098831,0.22784434631466866,0.1667342573404312,0.18273214846849442,-12.782709553869722,43.382007825450415,46.47311827956989
1158,dynamic_joint,-13913.285764217377,1.0,0.353947526961565,0.8627632677555084,0.23280534744262696,0.021063838712871076,0.009416932985186581,18.911158680915833,-0.03269124893267872,3e-05,2e-05,0.06365126157179475,0.36341421157121656,0.22817658744752406,0.16303698532283306,0.18172095641493796,-12.955143238774749,44.13581966491657,45.865591397849464
1159,dynamic_joint,-13990.396993875504,1.0,0.35074402987957,0.8636659190058709,0.23251862153410913,0.020835456112399696,0.012170511391013855,18.225054383277893,-0.03199185787816532,3e-05,2e-05,0.06454220302402973,0.3603445507586002,0.22904511541128159,0.16002139076590538,0.1860467430204153,-12.915689816731765,43.67518304732149,46.053763440860216
1160,dynamic_joint,-13690.399764299393,1.0,0.3518861323595047,0.8633919805288315,0.23302172645926475,0.020806283317506315,0.015487215109169478,19.176237297058105,-0.03099497069270001,3e-05,2e-05,0.067386962659657,0.3652433939278126,0.22721402905881405,0.15964969657361508,0.18050591126084328,-13.014087119182067,43.73586137169129,45.10215053763441
1161,dynamic_joint,-13954.690453886986,1.0,0.3519590497016907,0.8632260322570801,0.23484200797975063,0.021206949139013886,0.008584498427808271,17.437333154678345,-0.032461903465446085,3e-05,2e-05,0.06644544377923012,0.3645230680704117,0.22458362951874733,0.16216900050640107,0.18227886147797107,-13.087065399388162,44.049264895723525,45.86021505376344
1162,dynamic_joint,-13786.025992631912,1.0,0.3499081082642078,0.8643269628286362,0.23346415609121324,0.020891654957085847,0.014879379048943528,18.123093581199647,-0.031251212052302434,3e-05,2e-05,0.0667456079274416,0.3681295864284039,0.2281166326254606,0.1566444780677557,0.18036369048058987,-12.348726899385058,44.146064775701916,45.483870967741936
1163,dynamic_joint,-13709.100393295288,1.0,0.3487244464457035,0.8654148757457734,0.2372503723949194,0.020295007759705185,0.012453066371381327,18.664964771270753,-0.031016029813326896,3e-05,2e-05,0.06909524854272604,0.367441538721323,0.23089298494160176,0.15774501860141754,0.17482520528137685,-12.359572553095987,43.12232410524999,45.39247311827957
1164,dynamic_joint,-14000.992043018341,1.0,0.3531757235527039,0.8631914362311364,0.23472271859645844,0.020006233686581255,0.010971395112574125,17.74147846698761,-0.031492296225042085,3e-05,2e-05,0.07168455459177495,0.36389158517122266,0.230532406270504,0.156169855594635,0.17772159911692142,-12.690020306776068,44.040840555251336,46.026881720430104
1165,dynamic_joint,-13905.258725643158,1.0,0.34809394329786303,0.8654769152402878,0.23461637757718562,0.020021403720602394,0.00603073956444862,17.751731276512146,-0.03126281658478547,3e-05,2e-05,0.06972203990444541,0.3647558197379112,0.23245805762708188,0.15639534033834934,0.1766687449067831,-12.287562302659689,44.23503160066423,45.95698924731183
1166,dynamic_joint,-13554.791019201279,1.0,0.3484505996108055,0.8649319991469383,0.23661456853151322,0.019403107557445766,0.013493065536022239,16.532021164894104,-0.032277432351838796,3e-05,2e-05,0.07231253748759628,0.36489339619874955,0.23647651486098767,0.15480010882019996,0.17151744216680526,-12.393678964439184,43.319761659305634,44.607526881720425
1167,dynamic_joint,-13588.228610515594,1.0,0.3492582179605961,0.8643346562981605,0.23732852190732956,0.01952454037964344,0.015488758683204651,17.38309853076935,-0.02816689874161966,3e-05,2e-05,0.07382856970652937,0.3635635294020176,0.23341913595795633,0.15144297294318676,0.1777457870543003,-11.978215817421713,43.45787951278682,44.60215053763441
1168,dynamic_joint,-13413.651454210281,1.0,0.34980404675006865,0.864247451722622,0.23681263737380503,0.01957975039258599,0.010352374706417367,19.308833026885985,-0.030458165176969487,3e-05,2e-05,0.07508965581655502,0.36666030511260034,0.23318577855825423,0.15226130187511444,0.17280296050012112,-12.105678521627778,43.18738536761774,44.435483870967744
1169,dynamic_joint,-13719.677189588547,1.0,0.34976036921143533,0.8647500902414322,0.23676244243979455,0.01911043031141162,0.014215973485261213,16.388922595977782,-0.032589988068411915,3e-05,2e-05,0.0724242608062923,0.36329124867916107,0.23796404600143434,0.15459101982414722,0.17172942385077478,-11.63285494799966,42.00701225908826,45.40860215053763
1170,dynamic_joint,-13645.245658397675,1.0,0.3519193723797798,0.8639469891786575,0.23675352968275548,0.019557993533089756,0.01612149365246293,17.644827032089232,-0.031500878135557284,3e-05,2e-05,0.07467953776940703,0.3687964901328087,0.23331176564097406,0.15118255242705345,0.1720296513289213,-11.944082250345165,43.51231524946348,45.247311827956985
1171,dynamic_joint,-13604.290750265121,1.0,0.35412723273038865,0.8625124469399452,0.23636837266385555,0.01923199389129877,0.007313250284641942,16.22303593158722,-0.03137410581111908,3e-05,2e-05,0.07642232868820428,0.3657949730753899,0.23452625498175622,0.15052744634449483,0.17272899821400642,-11.759241714892472,42.939511758592595,44.83870967741935
1172,dynamic_joint,-13309.737283945084,1.0,0.35376921445131304,0.863453722000122,0.23813658766448498,0.019166070432402194,0.006663852371275397,18.16062798500061,-0.031573696692066736,3e-05,2e-05,0.07799524813890457,0.3675539791584015,0.23383347019553186,0.15042488351464273,0.17019241899251938,-11.53297273094197,42.88278902043155,44.24193548387097
1173,dynamic_joint,-13475.156330347061,1.0,0.35822165906429293,0.8606300413608551,0.23670890554785728,0.018453499441966413,0.012250344827771154,19.52286648750305,-0.032605031516868624,3e-05,2e-05,0.08035691678524018,0.3620906375348568,0.23717047795653343,0.15085138082504274,0.1695305895060301,-12.005087307830067,42.63194816488494,44.693548387096776
1174,dynamic_joint,-13412.338349342346,1.0,0.3514420174062252,0.8638317465782166,0.24046999737620353,0.018460517423227428,0.01026263423264026,17.868425130844116,-0.032281866756966336,3e-05,2e-05,0.07934721149504184,0.3633234292268753,0.23801867589354514,0.15390170887112617,0.16540897823870182,-12.273018210102446,43.483991678579514,44.79032258064516
1175,dynamic_joint,-13340.000044822693,1.0,0.35020164400339127,0.8647388979792595,0.23858786039054394,0.018387279962189494,0.014116768073290528,19.555328965187073,-0.03245076531311497,3e-05,2e-05,0.08215697733685375,0.3646832019090652,0.23716833777725696,0.14769366048276425,0.16829782128334045,-11.661216216333214,42.962465685671546,44.53225806451613
1176,dynamic_joint,-13334.962285995483,1.0,0.35584587082266805,0.8622974112629891,0.23546997904777528,0.018644250091165306,0.011645669769495715,17.873357939720155,-0.031883653451222925,3e-05,2e-05,0.08439269457012415,0.3676029443740845,0.23273038901388646,0.14836103618144988,0.16691293567419052,-12.055372002596897,44.23434988539105,44.53763440860215
1177,dynamic_joint,-13634.386281251907,1.0,0.35464848652482034,0.8629819825291634,0.24221535734832286,0.01801127155777067,0.0126560328528285,18.16787235736847,-0.03184117679411429,3e-05,2e-05,0.08847039900720119,0.36127492785453796,0.23342789597809316,0.14968546405434607,0.16714131273329258,-11.503179462672287,43.025239065397095,44.97849462365591
1178,dynamic_joint,-13129.546957075596,1.0,0.35393428429961205,0.8623029932379722,0.2403741203248501,0.017440895922482012,0.012073286809027153,20.16315438747406,-0.03137839814226027,3e-05,2e-05,0.08773012943565846,0.360853073745966,0.23946454077959062,0.1461759677156806,0.1657762907445431,-11.654705321480039,42.45289658049724,43.90860215053763
1179,dynamic_joint,-13211.172263145447,1.0,0.3542828634381294,0.8626490890979767,0.2391377329826355,0.017864630743861198,0.008930266462266467,17.578044295310974,-0.03072499842819525,3e-05,2e-05,0.08765545878559351,0.36402771398425104,0.23697254322469236,0.14746645819395782,0.16387782320380212,-11.087949988654564,42.92483232940204,43.844086021505376
1180,dynamic_joint,-12926.170170545578,1.0,0.35754181668162344,0.8605160638689995,0.23984560146927833,0.017200948880054058,0.011261728033423457,18.994623589515687,-0.03132031216409814,3e-05,2e-05,0.09127823058515787,0.3608641289174557,0.2389806367456913,0.14588813837617637,0.1629888653755188,-11.255221267757081,43.44072135018315,43.25806451612903
1181,dynamic_joint,-13265.103223621845,1.0,0.35965708196163176,0.8600864559412003,0.2416930366307497,0.017370782024227083,0.008227274380624344,18.084983801841737,-0.03209128121379763,3e-05,2e-05,0.09140685684978962,0.36245324164628984,0.23760746978223324,0.14314766991883515,0.16538476534187793,-11.714602120177737,43.527840332986756,44.204301075268816
1182,dynamic_joint,-13028.639337062836,1.0,0.36089862138032913,0.8595102474093437,0.2402111876755953,0.017046260135248303,0.016651182621717442,17.741546821594238,-0.03282437368179671,3e-05,2e-05,0.09250528570264578,0.35997760072350504,0.2385439421981573,0.1494383577257395,0.15953481271862985,-11.134260983082326,43.27023850178263,43.354838709677416
1183,dynamic_joint,-12852.401626229286,1.0,0.3549413658678532,0.8619635239243507,0.24047239422798156,0.017558269551955163,0.026313402503728836,19.85540587902069,-0.02740026643150486,3e-05,2e-05,0.0934060737490654,0.36671487540006636,0.2359818559139967,0.13884374517947434,0.165053453668952,-11.144346526542595,42.952131408260975,43.06989247311828
1184,dynamic_joint,-13063.249477624893,1.0,0.35764928460121154,0.8609883084893226,0.23989357762038707,0.017528232815675438,0.0097371099516749,17.656892585754395,-0.03152324626571499,3e-05,2e-05,0.09368810523301363,0.3664283581078053,0.2351642593741417,0.1434302670881152,0.16128901094198228,-11.264947563001794,42.30924465861993,43.39784946236559
1185,dynamic_joint,-13245.37522149086,1.0,0.35829021483659745,0.8607157319784164,0.23706169240176678,0.017240238701924683,0.00895804967731234,18.608941674232483,-0.03139826262486167,3e-05,2e-05,0.09301281496882438,0.3630714051425457,0.23816810101270675,0.14298348408192396,0.16276419274508952,-11.247668413444645,42.9299859416007,44.204301075268816
1186,dynamic_joint,-13120.94967675209,1.0,0.3542020216584206,0.8631142392754555,0.2406293038278818,0.01774958595633507,0.0154751921072602,18.376800894737244,-0.03234387242555385,3e-05,2e-05,0.09294608570635318,0.36778206676244735,0.2348146803677082,0.13866604007780553,0.1657911293208599,-11.171147564607935,43.62581240351988,43.596774193548384
1187,dynamic_joint,-12794.807297229767,1.0,0.35758835449814796,0.8611444473266602,0.24278214909136295,0.016560336761176585,0.03172061946243045,19.313874459266664,-0.029796757677104324,3e-05,2e-05,0.09272694569081068,0.3607352614402771,0.24389158897101879,0.14544944129884244,0.15719676502048968,-11.25570093407001,42.87917757514091,42.98924731182795
1188,dynamic_joint,-12976.938559770584,1.0,0.3511745721101761,0.8640935719013214,0.23907133489847182,0.0173778114374727,0.020430655963718916,19.58498604297638,-0.02942614305356983,3e-05,2e-05,0.09188830852508545,0.36524336561560633,0.2381833866238594,0.14178095310926436,0.1629039891064167,-10.876208244930037,42.78435360114361,43.37096774193549
1189,dynamic_joint,-13188.677008628845,1.0,0.3560243844985962,0.8614098206162453,0.2389120154082775,0.017208245559595527,0.01246376205235715,18.92048261165619,-0.03180196760513354,3e-05,2e-05,0.09298405591398477,0.3659029744565487,0.2384980835020542,0.14594277888536453,0.1566721059381962,-11.56789311611726,43.863099866450014,44.344086021505376
1190,dynamic_joint,-13077.03362250328,1.0,0.3548357240855694,0.8629338651895523,0.23895129561424255,0.016879795049317182,0.018514562770724288,18.237240743637084,-0.03173919392211246,3e-05,2e-05,0.09035669229924678,0.3620783917605877,0.24416543804109098,0.14313744325190783,0.16026203222572805,-11.06826835631584,43.084320059784595,43.40322580645161
1191,dynamic_joint,-12920.518002033234,1.0,0.3503249041736126,0.8642362117767334,0.24237076863646506,0.01704275272786617,0.008775486052036333,20.25288395881653,-0.03080078157945536,3e-05,2e-05,0.09055705014616251,0.366265781968832,0.24383758194744587,0.14061507638543844,0.15872451718896627,-11.064021517555855,43.35462675262293,43.225806451612904
1192,dynamic_joint,-12685.178642511368,1.0,0.35413426384329794,0.8619977071881294,0.24088166058063507,0.017138777859508993,0.007334044389426711,18.43990397453308,-0.0314918959102215,3e-05,2e-05,0.09009891096502542,0.36920004412531854,0.24457033723592758,0.1398838797584176,0.1562468260526657,-10.360327867916439,42.350085558749996,42.435483870967744
1193,dynamic_joint,-12822.834577322006,1.0,0.3596369497478008,0.8603986024856567,0.24224497228860856,0.016985624632798135,0.009106049127876784,19.093581342697142,-0.028760132589377464,3e-05,2e-05,0.0925349036231637,0.3667616732418537,0.24265940599143504,0.14200091324746608,0.15604310519993306,-10.549510563379503,43.68633539699699,42.76344086021505
1194,dynamic_joint,-12907.378649950027,1.0,0.35666264295578004,0.861885917186737,0.24096675142645835,0.01684537052642554,0.004799699969589746,19.581104040145874,-0.029024173236393835,3e-05,2e-05,0.09177934527397155,0.3667140699923038,0.24448265209794046,0.14040422048419715,0.15661970470100642,-10.980120772190993,42.528547143341136,43.236559139784944
1195,dynamic_joint,-12687.346372067928,1.0,0.35868795588612556,0.8607045590877533,0.24585639052093028,0.01672000358812511,0.015382828563451773,18.276743960380553,-0.03311472827335819,3e-05,2e-05,0.08987360447645187,0.369534645229578,0.24908068291842939,0.14067703299224377,0.15083403550088406,-10.694560472156851,43.93439353096918,42.63978494623656
1196,dynamic_joint,-12782.630184412003,1.0,0.3583324261009693,0.8612655520439148,0.24080399572849273,0.01675690747797489,0.01770414058119063,17.590496015548705,-0.0316834699944593,3e-05,2e-05,0.09168291185051203,0.36795605942606924,0.24647880308330058,0.13600542955100536,0.15787679962813855,-10.695927137664368,43.37006467070339,42.913978494623656
1197,dynamic_joint,-12612.629745483398,1.0,0.35691862404346464,0.8613635569810867,0.240026243776083,0.016410956298932432,0.011927072517573814,17.571328854560853,-0.0311050703341607,3e-05,2e-05,0.09515153877437114,0.3664105229079723,0.2460181824862957,0.13850033804774284,0.15391941964626313,-10.685543081279034,43.404704601833444,42.47849462365592
1198,dynamic_joint,-12676.74240887165,1.0,0.3551419176161289,0.8622834116220475,0.24022712148725986,0.016499290987849236,0.01430024225264788,18.42945146560669,-0.031726709348731674,3e-05,2e-05,0.09770546946674585,0.3668217211961746,0.24295862168073654,0.13440977595746517,0.15810441002249717,-10.717312664206366,42.08960138634842,42.40322580645161
1199,dynamic_joint,-12547.40591955185,1.0,0.3612775780260563,0.8596874326467514,0.2458159491419792,0.016226850124076007,0.010580795258283593,19.93472580909729,-0.0317859628907172,3e-05,2e-05,0.09611121136695147,0.36585749089717867,0.24716990776360034,0.13548889085650445,0.155372504144907,-10.533701856734448,42.59763060448805,41.93010752688172
1200,dynamic_joint,-12500.356576919556,1.0,0.35707332715392115,0.8615816488862038,0.24016713686287403,0.01597983620595187,0.009929170645773394,20.50890350341797,-0.030088041882845574,3e-05,2e-05,0.094959962554276,0.3663230612874031,0.25166891813278197,0.1317159304395318,0.15533212348818778,-10.05073498016582,43.08494133030907,42.10215053763441
1201,dynamic_joint,-12635.66793179512,1.0,0.3566183507442474,0.8613316774368286,0.24263269416987895,0.016410433501005173,0.010572941973805372,17.90346405506134,-0.030915034073404967,3e-05,2e-05,0.09390862714499235,0.3685104764997959,0.24891451448202134,0.13481498528271912,0.1538513906300068,-10.616171833029034,41.83672665038253,42.56989247311828
1202,dynamic_joint,-12327.919679641724,1.0,0.3578309677541256,0.8613630622625351,0.2472498845309019,0.016053905384615062,0.01697998028248547,17.83535134792328,-0.03264855114102829,3e-05,2e-05,0.09416736550629139,0.3715305119752884,0.2541257370263338,0.1313418557867408,0.14883453622460366,-10.751389510099358,42.93973740420978,41.72043010752688
1203,dynamic_joint,-12605.123104095459,1.0,0.35780498534440996,0.8611664801836014,0.24337708577513695,0.01576475389301777,0.01902655139565468,19.255640840530397,-0.03258317392901518,3e-05,2e-05,0.09713453818112612,0.36515817046165466,0.2509847991168499,0.13382120095193387,0.1529012903571129,-10.276409924954887,41.61109315892231,42.43010752688172
1204,dynamic_joint,-12482.02146244049,1.0,0.3530496217310429,0.8630627885460853,0.24429391212761403,0.016347400820814074,0.010805225186049927,18.68313412666321,-0.028704965580254795,3e-05,2e-05,0.09501040801405906,0.36790386885404586,0.24770631790161132,0.135310198366642,0.15406920835375787,-10.59393648876683,41.574483914491914,41.973118279569896
1205,dynamic_joint,-12446.85549044609,1.0,0.35842607319355013,0.8613071545958519,0.24482754059135914,0.01648830994963646,0.012317275628447519,19.588662242889406,-0.030540681969432625,3e-05,2e-05,0.09600528385490179,0.37306763231754303,0.24749578423798085,0.1340702584013343,0.1493610456585884,-9.79260751939323,43.14114746008706,42.0
1206,dynamic_joint,-12552.08985376358,1.0,0.3609154552221298,0.8594549924135209,0.2448626920580864,0.015743956225924192,0.015383484773337883,18.072331261634826,-0.030991435442410876,3e-05,2e-05,0.09665606897324323,0.3672718994319439,0.2525392584502697,0.13217424526810645,0.151358525082469,-10.480427483421836,43.200910950179356,42.596774193548384
1207,dynamic_joint,-12383.709146022797,1.0,0.35936192870140077,0.8602943673729897,0.2443834502249956,0.015968246292322873,0.010156576149165694,19.384973526000977,-0.030278165321215057,3e-05,2e-05,0.09488738514482975,0.36925592795014384,0.25276324339210987,0.1350445220246911,0.14804892297834157,-10.525306170792215,42.26292203375984,41.596774193548384
1208,dynamic_joint,-12622.54429101944,1.0,0.35449745804071425,0.8629432320594788,0.2451663751155138,0.01569166264962405,0.007571274787187637,20.003442811965943,-0.02780630626657512,3e-05,2e-05,0.09725187681615352,0.36912464201450346,0.25418438836932183,0.1320666279643774,0.14737246483564376,-10.66729832743229,43.00629237040957,42.645161290322584
1209,dynamic_joint,-12373.496486902237,1.0,0.3624758139252663,0.8580437868833541,0.2452853448688984,0.015119659202173352,0.012458383664488759,19.5277667760849,-0.03003642177209258,3e-05,2e-05,0.097552140802145,0.3667215034365654,0.25865284726023674,0.13352709989994765,0.1435464145615697,-10.233179410619938,42.74056201614355,41.817204301075265
1210,dynamic_joint,-12194.361918091774,1.0,0.35764174312353136,0.861128443479538,0.24269594587385654,0.015439291740767658,0.0051778551191091204,17.966448664665222,-0.030403540848055854,3e-05,2e-05,0.09775241799652576,0.36887570321559904,0.2567680701613426,0.1337615478783846,0.14284226149320603,-10.408736374166663,41.7452363558595,41.54838709677419
1211,dynamic_joint,-12123.143082618713,1.0,0.36155457571148875,0.8595861420035362,0.24610779136419297,0.016059353039599954,0.017278152145445397,18.818187856674193,-0.03184153524052817,3e-05,2e-05,0.09830659590661525,0.3769606024026871,0.25311791226267816,0.1305693794041872,0.14104551281780003,-10.368374036175124,42.825390966418595,40.96236559139785
1212,dynamic_joint,-12217.86138677597,1.0,0.35863631814718244,0.8610201239585876,0.24367222040891648,0.016043891664594412,0.006653002090752175,19.49616405963898,-0.03022546290885657,3e-05,2e-05,0.0985252857208252,0.375336217880249,0.2514157943427563,0.13319679945707322,0.1415259025990963,-10.190827637112955,41.805913444944316,41.365591397849464
1213,dynamic_joint,-12353.183411598206,1.0,0.3599109448492527,0.8603207796812058,0.24768673293292523,0.014914559642784297,0.019754893891513303,18.368410110473633,-0.03245076931780204,3e-05,2e-05,0.09985396973788738,0.3669226303696632,0.2595433447510004,0.13173293974250555,0.14194711484014988,-11.136953117255853,43.021327426288885,41.725806451612904
1214,dynamic_joint,-12136.087324738503,1.0,0.36265919730067253,0.8588584780693054,0.2440661944448948,0.015596281085163356,0.013934379629790786,19.879269814491273,-0.02924800681830675,3e-05,2e-05,0.09662966690957546,0.373889821767807,0.25820575580000876,0.13050959687680005,0.1407651612535119,-10.156791270837813,42.115589251326575,41.05913978494623
1215,dynamic_joint,-12186.949053525925,1.0,0.35682687908411026,0.8610380545258522,0.24563550986349583,0.015491565782576799,0.0064787101000546715,18.216377663612366,-0.0316443168951082,3e-05,2e-05,0.09730406235903502,0.3722292684018612,0.25785797983407976,0.1292785717174411,0.14333012141287327,-9.701667959150583,42.306119804739176,41.12903225806452
1216,dynamic_joint,-12492.859517812729,1.0,0.36091612502932546,0.859631696343422,0.24648257829248904,0.015300095197744668,0.011004163511097426,18.472236394882202,-0.031286336267658046,3e-05,2e-05,0.09941871035844088,0.37136474549770354,0.25790565870702264,0.13261832743883134,0.1386925633996725,-10.476051385897621,43.405780602279165,41.97849462365591
1217,dynamic_joint,-12337.286987423897,1.0,0.36365780755877497,0.8582110479474068,0.2510301131755114,0.01424280614592135,0.03275499660521744,18.874270606040955,-0.032272638363065195,3e-05,2e-05,0.10304592326283454,0.3640964299440384,0.26372115239501,0.12350914012640715,0.14562735054641962,-11.066236396984381,42.725485659640064,41.795698924731184
1218,dynamic_joint,-12430.99925327301,1.0,0.35954708233475685,0.8596356779336929,0.24988584816455842,0.014285652409307658,0.016320567391812785,18.772216486930848,-0.03165704928105697,3e-05,2e-05,0.09999829288572074,0.3618936359882355,0.2648835342377424,0.13050704430788757,0.1427174935117364,-10.628392091222869,43.05345849693772,41.725806451612904
1219,dynamic_joint,-12093.950169086456,1.0,0.35716238543391227,0.8612071231007576,0.2460030499845743,0.014245770638808608,0.010102714784443384,18.137187194824218,-0.03282144084223546,3e-05,2e-05,0.10126571878790855,0.3648521676659584,0.2657089356333017,0.1258889440447092,0.14228423796594142,-10.52459627680708,43.66185172403486,41.263440860215056
1220,dynamic_joint,-12028.90220952034,1.0,0.358690295368433,0.860506372153759,0.24600332081317902,0.014217599015682935,0.007915624417364639,18.30472512245178,-0.03125085716601461,3e-05,2e-05,0.10204867031425238,0.3659238524734974,0.2664781503379345,0.12193113267421722,0.14361819997429848,-9.957447417275551,42.27991273984458,40.73118279569892
1221,dynamic_joint,-12184.149180054665,1.0,0.3649152651429176,0.8579972922801972,0.24787068404257298,0.014195658289827407,0.01981439888477325,21.561521434783934,-0.032957735467607566,3e-05,2e-05,0.10141610261052847,0.3695815682411194,0.26873739808797836,0.1259213699027896,0.13434356953948737,-10.751853149217844,43.432709394629484,41.46774193548387
1222,dynamic_joint,-12051.284568548203,1.0,0.3639537006616592,0.8584332495927811,0.24738572873175144,0.014536948455497623,0.012257430143654324,20.774100732803344,-0.030463368142955007,3e-05,2e-05,0.10123153738677501,0.3692408502101898,0.2654002167284489,0.12365511190146208,0.14047227706760168,-9.925248422727627,42.844538141683216,40.95161290322581
1223,dynamic_joint,-12060.485223054886,1.0,0.3602258950471878,0.8602700367569923,0.2514064110815525,0.015003272192552685,0.01518000736832617,19.106967735290528,-0.03287591102780425,3e-05,2e-05,0.09875175207853318,0.3728525139391422,0.26334349997341633,0.12763345558196307,0.13741877917200326,-10.397417707895345,42.54416507633964,40.99462365591398
1224,dynamic_joint,-11860.844283998013,1.0,0.3615139491856098,0.8596234127879143,0.2497544378042221,0.014826280740089714,0.015203501284122414,17.416252374649048,-0.03235110902460292,3e-05,2e-05,0.09977002684026956,0.3708413951098919,0.26346170753240583,0.12204282153397798,0.1438840452581644,-9.772171319048484,42.59398799806351,40.19892473118279
1225,dynamic_joint,-11911.779927253723,1.0,0.361949035525322,0.8589527323842049,0.24852147363126278,0.014510393352247774,0.011454341188073161,17.365013313293456,-0.03319640414119931,3e-05,2e-05,0.10123777817934751,0.3689287558197975,0.26469309292733667,0.12507085595279932,0.14006951451301575,-10.421163534609795,43.26142085220746,40.72043010752688
1226,dynamic_joint,-12041.631897449493,1.0,0.35939692705869675,0.8603152662515641,0.2468533642590046,0.014778547268360854,0.016021248511970065,21.114205479621887,-0.02995685318019241,3e-05,2e-05,0.10139733478426934,0.3759943090379238,0.26547861024737357,0.11931778974831105,0.13781195934861898,-10.2148504225863,42.05273759046516,40.96236559139785
1227,dynamic_joint,-12174.562388658524,1.0,0.3666253983974457,0.8577621906995774,0.2506312884390354,0.013957768958061934,0.02047451809048649,18.91809515953064,-0.03039902268210426,3e-05,2e-05,0.10722176544368267,0.36791658475995065,0.264827162027359,0.12373061589896679,0.13630387056618928,-10.69192418507751,43.16296159646147,41.33870967741935
1228,dynamic_joint,-11912.244753599167,1.0,0.36193427741527556,0.8590524896979332,0.2486019752919674,0.014709278801456093,0.014099465496838132,19.966125106811525,-0.028892866690148365,3e-05,2e-05,0.10373895857483148,0.3749663166701794,0.2635869964957237,0.12228757683187723,0.13542014844715594,-10.27294092410286,42.171817945425104,40.6505376344086
1229,dynamic_joint,-11637.138362169266,1.0,0.35978940799832343,0.8605509340763092,0.25045163072645665,0.014776781806722284,0.008752250857651231,19.91129264831543,-0.028879285485891158,3e-05,2e-05,0.10533057656139136,0.37380843311548234,0.2603687558323145,0.12240060828626156,0.13809162564575672,-9.993660530716225,42.037079199789886,39.67204301075269
1230,dynamic_joint,-12066.62182879448,1.0,0.3613953344523907,0.8593261271715165,0.24640457667410373,0.014576194155961276,0.01041671968996527,19.95123040676117,-0.03125734394125175,3e-05,2e-05,0.10380993820726872,0.37332682609558104,0.2643785413354635,0.11919449977576732,0.1392902059480548,-9.602668467496366,42.12842089287131,41.10752688172043
1231,dynamic_joint,-11852.268601894379,1.0,0.36365880966186526,0.858391897380352,0.24624246545135975,0.014741062000393868,0.015966698713600624,20.2000328540802,-0.02867493946250761,3e-05,2e-05,0.10706767477095128,0.3733889378607273,0.25886191688477994,0.12385799549520016,0.1368234757333994,-10.31248877994207,43.118263562563136,40.36021505376344
1232,dynamic_joint,-11839.136988162994,1.0,0.35876443758606913,0.8611829459667206,0.24685245081782342,0.014689148054458201,0.011899194493889848,21.511754941940307,-0.028728596412111073,3e-05,2e-05,0.10328238289803267,0.37418654933571815,0.2640139028429985,0.12303119637072087,0.1354859696701169,-10.005912272942329,42.21026912790562,40.29032258064516
1233,dynamic_joint,-11804.475078582764,1.0,0.35971478968858717,0.8600090563297271,0.24672484397888184,0.014855256536975503,0.009788096509873848,17.817714858055115,-0.03229511859244667,3e-05,2e-05,0.10461452137678862,0.37708176150918005,0.2618743598461151,0.12369789574295283,0.13273146618157625,-9.406854776217308,42.50053763851478,40.13978494623656
1234,dynamic_joint,-11852.028121471405,1.0,0.3618455357849598,0.8593335017561913,0.2482080664485693,0.014158424478955567,0.013191663473844512,18.860032200813293,-0.030560207192320377,3e-05,2e-05,0.1075629748404026,0.373040946573019,0.26552173756062986,0.12225752640515566,0.13161681815981865,-10.531811770624481,42.282885543509614,40.55913978494623
1235,dynamic_joint,-11870.046805381775,1.0,0.3619695469737053,0.8590724125504494,0.24715154245495796,0.014296792354434729,0.012095649912953366,19.126479601860048,-0.029264845000579954,3e-05,2e-05,0.1090174725279212,0.37156671434640887,0.2609481424093246,0.12296334188431501,0.1355043275281787,-10.247436253190696,42.87260896821821,40.41935483870967
1236,dynamic_joint,-11876.595843553543,1.0,0.362176463752985,0.859986101090908,0.2528727505356073,0.014198296982795,0.01447184849530457,21.74136824607849,-0.030543235492950772,3e-05,2e-05,0.10977979432791471,0.3748879909515381,0.26355330385267733,0.12351050600409508,0.12826840300112963,-11.157649693066675,41.28186322948391,40.63440860215054
1237,dynamic_joint,-11857.519946813583,1.0,0.36096642538905144,0.8598218008875846,0.24601974487304687,0.014453404140658677,0.019581693224608926,18.64555366039276,-0.03265398519579321,3e-05,2e-05,0.11165163647383451,0.3766194894909859,0.2606400541961193,0.11663291156291962,0.13445591144263744,-9.72761870584141,42.707091961008125,40.53763440860215
1238,dynamic_joint,-11788.99932140112,1.0,0.366935508698225,0.8576930984854698,0.24994162172079087,0.014625930739566684,0.008652845583856053,19.752457046508788,-0.030788829253287985,3e-05,2e-05,0.10901309177279472,0.37708582654595374,0.26114349290728567,0.11998955886811018,0.13276803363114595,-9.72491720058917,41.49401425503903,40.155913978494624
1239,dynamic_joint,-11725.987766504288,1.0,0.3651050254702568,0.8579126372933388,0.24924134761095046,0.014819476893171668,0.006537962518632409,19.190962028503417,-0.030455849220743403,3e-05,2e-05,0.11005186792463065,0.3788926020264626,0.25885381139814856,0.1204129857942462,0.13178873118013143,-9.844219781078275,43.00442675868962,40.086021505376344
1240,dynamic_joint,-11853.259008467197,1.0,0.3687794394791126,0.8561636999249458,0.24827444925904274,0.014226812217384577,0.013310949876904524,19.82510726451874,-0.029085346978172312,3e-05,2e-05,0.11492453813552857,0.3742072515189648,0.2584181930869818,0.11887848246842622,0.13357153870165347,-10.106193289914236,42.36581904065112,40.11290322580645
1241,dynamic_joint,-11675.592977762222,1.0,0.36496560126543043,0.858248908817768,0.25154019296169283,0.014790105703286826,0.009549590013921277,18.817636919021606,-0.03022185688605532,3e-05,2e-05,0.11508878953754902,0.3784016683697701,0.2546547167003155,0.11786716021597385,0.13398766182363034,-9.57178132685845,43.07275774494772,39.655913978494624
1242,dynamic_joint,-11854.787234127522,1.0,0.36802403852343557,0.8570962637662888,0.25013280995190146,0.014353867690078913,0.007903708331286896,19.541975212097167,-0.029422028601402417,3e-05,2e-05,0.11709382683038712,0.3762180782854557,0.2566015351563692,0.1168585354462266,0.13322802409529685,-9.401472028917766,41.32212616498991,40.37096774193548
1243,dynamic_joint,-11568.364651679993,1.0,0.37009191438555716,0.8560577645897866,0.24747894406318666,0.013837415352463722,0.010705755278468107,19.531963658332824,-0.03134427612749278,3e-05,2e-05,0.11954172495752573,0.3731824174523354,0.25950651466846464,0.11480778101831675,0.132961561717093,-9.546925108923606,42.21781274818399,39.52150537634409
1244,dynamic_joint,-11888.664373278618,1.0,0.36624460145831106,0.8570754721760749,0.24827334247529506,0.01394286120776087,0.007567505724728127,20.29820568561554,-0.0300348742690403,3e-05,2e-05,0.12109277937561273,0.37301055192947385,0.2559883203357458,0.11704047955572605,0.13286786880344154,-10.180958026068577,43.23745647950204,40.795698924731184
1245,dynamic_joint,-11842.133344173431,1.0,0.3656072974205017,0.8580515116453171,0.24966531209647655,0.014777216780930757,0.01635819301009181,20.059610509872435,-0.03087192383245565,3e-05,2e-05,0.11757260914891958,0.3795951344072819,0.2528767343610525,0.11549313981086015,0.13446238338947297,-9.117773735950028,41.840538357425174,40.306451612903224
1246,dynamic_joint,-11525.732347488403,1.0,0.36948989555239675,0.8564817264676094,0.2480399865657091,0.01421123961918056,0.012630809843540217,20.40402729511261,-0.032279806121368895,3e-05,2e-05,0.12029956839978695,0.3773604154586792,0.2564651794731617,0.11189766172319651,0.13397717494517564,-9.297451384780839,42.5499074941657,39.31720430107527
1247,dynamic_joint,-11541.781705081463,1.0,0.3660458840429783,0.8577486887574196,0.24926709607243538,0.014002157328650355,0.005983063578605646,19.97268602848053,-0.030864104506326838,3e-05,2e-05,0.1197550032287836,0.3755680210888386,0.2581626333296299,0.11319174002856017,0.13332260306924582,-9.452012542168173,41.876377785435146,39.284946236559136
1248,dynamic_joint,-11417.68891620636,1.0,0.36638515815138817,0.8570637077093124,0.24790263175964355,0.014183589047752321,0.005363319441676173,20.124615383148193,-0.030852027566288596,3e-05,2e-05,0.11998088173568248,0.3780056655406952,0.2579704627394676,0.1107022512704134,0.13334074020385742,-9.163257175781563,41.981421962547095,39.225806451612904
1249,dynamic_joint,-11439.799706697464,1.0,0.36424978971481325,0.8592200055718422,0.24986620284616948,0.01459814067929983,0.018119899183511715,19.934242916107177,-0.030913940534810537,3e-05,2e-05,0.12248859480023384,0.3832382015883923,0.2535144817084074,0.11202195156365632,0.12873677145689727,-8.997680271770115,42.16910685848254,39.204301075268816
1250,dynamic_joint,-11590.493924379349,1.0,0.36576529443264005,0.8569992065429688,0.2507707864046097,0.013706455659121274,0.018252918124198936,19.172809433937072,-0.03165717428782955,3e-05,2e-05,0.12458614371716976,0.37625039666891097,0.2588445723056793,0.10988329499959945,0.1304355885833502,-9.940177837282883,42.77571770973251,39.483870967741936
1251,dynamic_joint,-11436.510550737381,1.0,0.36533296331763265,0.8584284394979477,0.25215244889259336,0.014095526770688593,0.011342915892601044,20.065809869766234,-0.03079849890200421,3e-05,2e-05,0.12272022012621164,0.38127286434173585,0.2594935655593872,0.1073155166581273,0.12919783554971218,-8.878473097729882,41.98568106051076,39.123655913978496
1252,dynamic_joint,-11413.63217329979,1.0,0.3698679469525814,0.8565740212798119,0.251204838603735,0.014167097792960704,0.009510202519595556,20.388848733901977,-0.03125410498396377,3e-05,2e-05,0.1259870905429125,0.3827610932290554,0.2557972606271505,0.10689031556248665,0.1285642383620143,-8.334776940383069,42.69660119306698,39.26881720430108
1253,dynamic_joint,-11384.542825460434,1.0,0.367709769308567,0.8574568033218384,0.24691110886633397,0.013863028469495475,0.01076084841042757,22.626147818565368,-0.02810083725489676,3e-05,2e-05,0.12446625828742981,0.3789015024900436,0.2588320318609476,0.10729496758431196,0.13050524052232504,-9.061868074112606,42.45704038221697,39.03225806451613
1254,dynamic_joint,-11173.480703830719,1.0,0.37061598151922226,0.855303330719471,0.2493596762418747,0.013802490872330963,0.006018412671983248,21.092781329154967,-0.03090703643974848,3e-05,2e-05,0.125373937189579,0.37994559183716775,0.2598894689232111,0.10679474007338285,0.1279962606728077,-9.084934825031251,41.7857177456804,38.56989247311828
1255,dynamic_joint,-11182.66774892807,1.0,0.3635323256254196,0.8592783376574517,0.25104218646883963,0.014073052909225225,0.013243509083986277,21.953531289100646,-0.027990092468098738,3e-05,2e-05,0.12108513060957193,0.3829835869371891,0.26308283805847166,0.10718513373285532,0.12566331606358289,-9.224010748307025,42.05595931148352,38.58064516129032
1256,dynamic_joint,-11159.514692306519,1.0,0.3666822127997875,0.8575100183486939,0.2512086249887943,0.013936982187442482,0.012154428660869576,20.39684054851532,-0.0313683686836157,3e-05,2e-05,0.12552917525172233,0.3822019502520561,0.25972513034939765,0.10524726137518883,0.1272964833304286,-8.921682438627561,42.57185730026613,38.47849462365591
1257,dynamic_joint,-11266.702925682068,1.0,0.3672636739909649,0.8578911885619164,0.2512805890291929,0.013787767686881124,0.007653120905160904,19.824088048934936,-0.030800020457536447,3e-05,2e-05,0.12370931580662728,0.38089702650904655,0.2618222005665302,0.10454548019915819,0.12902596965432167,-8.698385025231419,41.89646759864645,38.60215053763441
1258,dynamic_joint,-11229.381993055344,1.0,0.37042878195643425,0.855951938033104,0.25124202892184255,0.014166902611032128,0.010738278552889807,19.245281291007995,-0.032026295145624314,3e-05,2e-05,0.12542223259806634,0.38237587809562684,0.25713623128831387,0.1038623083382845,0.1312033386901021,-8.412625879766326,42.43482017145917,38.68817204301075
1259,dynamic_joint,-11369.282312631607,1.0,0.3728838495910168,0.8540713116526604,0.2502830058336258,0.01401926667895168,0.0038949893787503104,18.90160822868347,-0.032533951901132244,3e-05,2e-05,0.1263480305671692,0.38102099373936654,0.25751558877527714,0.10450465492904186,0.13061073571443557,-8.318282652628918,42.19269796113295,39.08064516129032
1260,dynamic_joint,-10909.075874567032,1.0,0.3639024458825588,0.8592412561178208,0.25053604170680044,0.014898279821500182,0.0186644930392504,19.412341141700743,-0.03145899856172037,3e-05,2e-05,0.12095389049500227,0.389137764275074,0.25636540576815603,0.10171673111617566,0.13182621132582426,-8.28374608758032,41.651998474290835,37.725806451612904
1261,dynamic_joint,-11172.949581384659,1.0,0.36346719563007357,0.8584314331412315,0.2503596343100071,0.01408084649592638,0.024056033045053535,19.605670714378356,-0.030788687523454428,3e-05,2e-05,0.1187538456171751,0.38296428993344306,0.26590077579021454,0.09806223213672638,0.13431885614991187,-8.409085234633867,40.9288781949007,38.62903225806452
1262,dynamic_joint,-11271.264065742493,1.0,0.3649113617837429,0.8580874741077423,0.24986158944666387,0.014629836892709136,0.013418948464095581,18.799931025505067,-0.03074108569417149,3e-05,2e-05,0.11888592652976512,0.3877012088894844,0.2616240303963423,0.09562950506806374,0.13615933228284122,-8.22735824512044,41.615665390163066,38.704301075268816
1263,dynamic_joint,-11118.531009197235,1.0,0.366253974288702,0.8574081405997276,0.24998244419693946,0.014033277612179517,0.01231433562934399,19.597017788887023,-0.031245302746538074,3e-05,2e-05,0.12288160715252161,0.3843255862593651,0.2637855175882578,0.0941302552819252,0.13487703688442707,-8.965934463330958,41.572749648525885,38.494623655913976
1264,dynamic_joint,-11261.069943964481,1.0,0.36628763377666473,0.857017244398594,0.2542019225656986,0.0138288383372128,0.00742332320660348,20.267381763458253,-0.03146327306894818,3e-05,2e-05,0.12186118140816689,0.3839383341372013,0.26749717853963373,0.09323961604386569,0.13346369173377753,-8.812040869354433,41.04345008924071,39.016129032258064
1265,dynamic_joint,-11398.561719417572,1.0,0.363359260559082,0.8590078920125961,0.25005680583417417,0.014607030479237438,0.01598767638206479,19.531686449050902,-0.030680998362367973,3e-05,2e-05,0.12075139656662941,0.3875909633934498,0.26061312556266786,0.09432734195142985,0.13671717513352633,-8.847801986393945,41.38744724023636,39.435483870967744
1266,dynamic_joint,-11326.565359592438,1.0,0.36322459802031515,0.858919070661068,0.25089780874550344,0.014844026835635304,0.0113920783624053,20.549021577835084,-0.0304166540827282,3e-05,2e-05,0.12214709930121899,0.3918913006782532,0.26021031811833384,0.09151119627058506,0.1342400899156928,-8.61609082812862,41.455297926156476,39.064516129032256
1267,dynamic_joint,-11004.115663766861,1.0,0.3655612297356129,0.8574050828814507,0.25363757461309433,0.014110175846144556,0.012142289802432024,20.70555591583252,-0.02988735266844742,3e-05,2e-05,0.1229775445535779,0.3861123338341713,0.26406531780958176,0.09289689753204584,0.13394791316241025,-7.984451989321828,41.92174778571173,37.93010752688172
1268,dynamic_joint,-11059.934258937836,1.0,0.3635696180164814,0.8590732499957084,0.2501369442790747,0.014720316464081406,0.021494172513484983,20.429939770698546,-0.030404243667726406,3e-05,2e-05,0.12324314322322608,0.3896808154881001,0.26078500151634215,0.08543012551963329,0.14086091704666615,-7.376967547187233,41.64467764131423,37.96774193548387
1269,dynamic_joint,-11026.724482536316,1.0,0.3649456940591335,0.8582365110516548,0.2504965502768755,0.014646979956887662,0.010761137120425784,20.31908247470856,-0.03211581772775389,3e-05,2e-05,0.12131403405219317,0.3896406427025795,0.2626892577856779,0.0889064347371459,0.13744962736964225,-8.574487689135832,41.957810713098006,38.155913978494624
1270,dynamic_joint,-11066.6161506176,1.0,0.3675956018269062,0.8569182887673378,0.2552708864212036,0.014213570300489664,0.008793183229863583,20.1296306848526,-0.031546991603681816,3e-05,2e-05,0.12131751030683517,0.3869608573615551,0.2670823749154806,0.0879999665543437,0.13663929104804992,-7.98090911524504,41.63710247160493,38.31720430107527
1271,dynamic_joint,-11184.959694623947,1.0,0.36093819290399554,0.8596707120537758,0.25359165370464326,0.014504323597066104,0.00830973330885175,19.22909004688263,-0.03345657886238769,3e-05,2e-05,0.11808046456426383,0.38968563824892044,0.26716334708034994,0.08708214815706014,0.1379884071648121,-8.166803646321494,41.8118949352151,38.69892473118279
1272,dynamic_joint,-10974.142838954926,1.0,0.35788956508040426,0.8610519856214524,0.255052724480629,0.014620209927670658,0.008256782311946098,18.059924054145814,-0.033075653068954124,3e-05,2e-05,0.1195791132748127,0.39194676876068113,0.267531955614686,0.08409735495224595,0.13684480581432582,-8.34097205689229,41.73923235248137,37.96236559139785
1273,dynamic_joint,-10889.13391315937,1.0,0.3611262314021587,0.858912555873394,0.25098421461880205,0.014650724339298904,0.006342254858464,21.383326935768128,-0.029970696331292856,3e-05,2e-05,0.11794175654649734,0.3907126925885677,0.2673874583095312,0.08394216373562813,0.14001593925058842,-7.659368417635292,41.41057591518884,37.47849462365591
1274,dynamic_joint,-10797.165264368057,1.0,0.3644550651311874,0.8583016082644462,0.25586369819939137,0.014583700010553003,0.009454218298196787,18.48253552913666,-0.03089272518263897,3e-05,2e-05,0.12113575246185064,0.39148765057325363,0.26688561737537386,0.08470031749457121,0.13579066954553126,-7.52894747558595,41.136446662444015,37.473118279569896
1275,dynamic_joint,-10805.390332460403,1.0,0.3652068167924881,0.8575765833258628,0.2546439554542303,0.014042057376354933,0.010212562978267614,19.7630211353302,-0.03211434927798109,3e-05,2e-05,0.12164895255118609,0.38781565353274344,0.2696157120168209,0.08656329847872257,0.13435637932270766,-8.187397722702828,41.985856836037144,37.82258064516129
1276,dynamic_joint,-10906.345592975616,1.0,0.36020698845386506,0.8599150687456131,0.2546029269695282,0.014631615160033107,0.011682421341538393,22.778909230232237,-0.030505408812314273,3e-05,2e-05,0.11999387238174677,0.39125100523233414,0.2654295813292265,0.08716366309672594,0.1361618734896183,-7.690364548033355,41.41593385911299,37.78494623655914
1277,dynamic_joint,-10685.60871553421,1.0,0.36051238924264906,0.860128815472126,0.2544854301959276,0.014597720303572714,0.005062684416770963,20.18753852844238,-0.03004669258261856,3e-05,2e-05,0.1192398289218545,0.3920474536716938,0.2671644795686007,0.08704282399266958,0.1345054183155298,-7.547493367630574,40.87020302683965,37.03225806451613
1278,dynamic_joint,-10889.899360537529,1.0,0.36443276703357697,0.8580270066857338,0.2549256686121225,0.014713975507766009,0.01165391001850373,19.616241121292113,-0.030553943844279275,3e-05,2e-05,0.12294736951589584,0.39364406242966654,0.2639828812330961,0.08439746499061584,0.13502822164446115,-8.153529611839934,42.00206032830248,37.87096774193549
1279,dynamic_joint,-10823.914547920227,1.0,0.36241417601704595,0.8589474156498909,0.25242683105170727,0.015390858380123973,0.012400262616574717,21.11081850528717,-0.02930157027003588,3e-05,2e-05,0.12152045965194702,0.397960801422596,0.2592706799507141,0.08628085721284151,0.13496720138937235,-8.076400080624053,42.1606424246433,37.61827956989247
1280,dynamic_joint,-10752.57009768486,1.0,0.3644096814095974,0.8589846521615982,0.25235361196100714,0.014534688461571932,0.016401324234902884,19.52904999256134,-0.030427859083283694,3e-05,2e-05,0.12353240717202425,0.3926006056368351,0.265459394082427,0.08444820810109377,0.13395938370376825,-7.453545569468363,41.96515455757769,37.516129032258064
1281,dynamic_joint,-10866.944508314133,1.0,0.36444921493530275,0.8580776929855347,0.2525993660092354,0.014821412391029298,0.008753779903054246,21.665369033813477,-0.02876528887427412,3e-05,2e-05,0.12431640587747098,0.39361768290400506,0.26155981943011286,0.08397089503705502,0.13653519991785287,-7.9849605089852105,41.4389623555198,37.81182795698925
1282,dynamic_joint,-10900.652747869492,1.0,0.37001757845282557,0.8552118927240372,0.25123177096247673,0.014727571024559438,0.016332258656620982,18.504911684989928,-0.03259075963869691,3e-05,2e-05,0.12802297957241535,0.39224435910582545,0.25726726464927197,0.08843045011162758,0.13403494860976933,-7.759851678243428,42.25983735600852,38.0
1283,dynamic_joint,-10866.037339448929,1.0,0.36555087119340895,0.8575078532099724,0.25214258655905725,0.014619951159693301,0.008544031158089646,20.56201732158661,-0.032106922700768335,3e-05,2e-05,0.12792534232139588,0.3913236275315285,0.258560810983181,0.08517680093646049,0.13701341543346643,-7.942080851274043,41.55997064720726,37.693548387096776
1284,dynamic_joint,-10906.22336602211,1.0,0.3695381790399551,0.8558615386486054,0.2538931854069233,0.014502966031432151,0.0059909354895353595,20.769671201705933,-0.031356465609860606,3e-05,2e-05,0.12837022934108971,0.39085185527801514,0.25967349819839003,0.08661469537764788,0.13448972087353467,-7.713448189992994,42.02369078042692,38.06989247311828
1285,dynamic_joint,-10606.66714811325,1.0,0.36356298848986623,0.8586308881640434,0.254763463139534,0.014839314925484359,0.011721609719097636,21.601970624923705,-0.02984275427843386,3e-05,2e-05,0.129522548802197,0.39556033685803416,0.2580042440444231,0.08482053168118,0.1320923300459981,-7.484512630479362,42.326350808102376,36.93010752688172
1286,dynamic_joint,-10611.942700624466,1.0,0.3634036436676979,0.858484472334385,0.2511498793959618,0.014372360822744668,0.014783599041402334,21.268673419952393,-0.031191614405543078,3e-05,2e-05,0.13255453016608953,0.39212418645620345,0.2603665992617607,0.08086488489061594,0.13408979531377554,-7.087279482455093,41.50741493649194,37.295698924731184
1287,dynamic_joint,-10603.485059976578,1.0,0.3668479174375534,0.8571509659290314,0.2552907459437847,0.014196228235960007,0.013584743067622196,20.469541096687315,-0.0319093849082492,3e-05,2e-05,0.1350932801142335,0.39357677921652795,0.2609439384192228,0.08308857921510934,0.12729742843657732,-7.980686889466014,41.64728786147936,36.913978494623656
1288,dynamic_joint,-10491.371881246567,1.0,0.36448854953050613,0.8584431022405624,0.2544374044984579,0.014323286386206746,0.012303106859326354,22.249930596351625,-0.030404640920460226,3e-05,2e-05,0.12988690044730902,0.3928675398230553,0.26353168226778506,0.08285264279693365,0.13086123596876859,-7.326216692881774,41.2621527692523,36.68279569892473
1289,dynamic_joint,-10509.929987490177,1.0,0.3690896086394787,0.8561123579740524,0.2580276682972908,0.014365054294466972,0.012114994972944229,18.889922165870665,-0.03083787915093126,3e-05,2e-05,0.13378732260316611,0.3939520761370659,0.2605980593711138,0.0839251797646284,0.1277373593300581,-7.240581801411578,41.44394355559236,36.60752688172043
1290,dynamic_joint,-10848.99517250061,1.0,0.3672755092382431,0.85690708309412,0.25518547259271146,0.014000675454735757,0.013974047824740432,19.018483018875123,-0.030964215338462962,3e-05,2e-05,0.1330852149054408,0.3914467841386795,0.26394437775015833,0.08014555871486664,0.13137806802988053,-7.223688975525298,41.65726656407332,37.645161290322584
1291,dynamic_joint,-10560.302710294724,1.0,0.3671418443322182,0.8565180838108063,0.2599499378353357,0.013610388687811791,0.007936484180390821,19.659013652801512,-0.031204533926211298,3e-05,2e-05,0.13415753971785307,0.3889769546687603,0.2659717869013548,0.08101406618952751,0.12987965475767851,-7.032511795948504,41.928332282968746,36.61827956989248
1292,dynamic_joint,-10631.236787557602,1.0,0.36431613489985465,0.858017374575138,0.2545016758143902,0.014457959565334022,0.014541795384138828,20.32973482608795,-0.03139519285359711,3e-05,2e-05,0.13257039804011583,0.3949588596820831,0.26185498423874376,0.07944711083546281,0.13116864543408155,-7.628951641707807,41.807906743305495,37.12903225806451
1293,dynamic_joint,-10642.928830623627,1.0,0.3654229588806629,0.8572388112545013,0.2560638524591923,0.01400532415136695,0.007544948440045121,18.533907461166383,-0.032098791600583355,3e-05,2e-05,0.1332511506974697,0.3911863885819912,0.26339640393853186,0.07952940426766872,0.13263665698468685,-7.403764988399872,41.208728953075166,37.06451612903226
1294,dynamic_joint,-10597.95941734314,1.0,0.3685973070561886,0.8557819798588753,0.25389426536858084,0.014352164068259298,0.006282238662242895,21.513188529014588,-0.030147864297032357,3e-05,2e-05,0.1323632687330246,0.39429746344685557,0.2632298652082682,0.07744270283728838,0.13266669865697622,-6.962088283384678,41.974058030487946,36.9247311827957
1295,dynamic_joint,-10296.901953697205,1.0,0.36788852885365486,0.8560912400484085,0.2582693092525005,0.014096106332726777,0.012846529111266186,20.93231201171875,-0.029563560664246324,3e-05,2e-05,0.13515667747706175,0.39309397265315055,0.2649705592542887,0.07222292888909579,0.13455586023628713,-7.375476597346893,40.96743517599784,36.03225806451613
1296,dynamic_joint,-10672.488606214523,1.0,0.3638945773243904,0.8584797516465187,0.2547568216919899,0.01407053202856332,0.007456140220165219,20.55328724384308,-0.030090048241254407,3e-05,2e-05,0.13235438279807568,0.39282120764255524,0.2658526562154293,0.07506890464574098,0.1339028524234891,-7.217942285974395,41.30831459111622,37.23118279569893
1297,dynamic_joint,-10423.06153512001,1.0,0.36282232105731965,0.8580577671527863,0.25290270186960695,0.014522733958438038,0.008157224673777858,19.41723999977112,-0.030300626778625883,3e-05,2e-05,0.1313500629737973,0.3951791562139988,0.26277836263179777,0.07565821511670948,0.135034204646945,-6.33580011853595,41.608307744077216,36.44086021505376
1298,dynamic_joint,-10440.044398069382,1.0,0.3635385431349277,0.8590965747833252,0.2580350484699011,0.014402574952691793,0.01328856572508813,20.50427887439728,-0.02880443500325782,3e-05,2e-05,0.12992554418742658,0.39733146876096725,0.2672703329473734,0.07382663628086447,0.1316460194066167,-6.605386492050655,40.48595787461119,36.40322580645161
1299,dynamic_joint,-10430.562315940857,1.0,0.3657213538885117,0.8567011803388596,0.25744638219475746,0.013764281175099313,0.012262925971299354,20.17070689201355,-0.03225240841275081,3e-05,2e-05,0.13349544145166875,0.39120000749826433,0.2676257260143757,0.0754159927368164,0.13226283732801675,-6.916435803840349,41.14628469532784,36.473118279569896
1300,dynamic_joint,-10501.492855787277,1.0,0.36914426237344744,0.8550893917679787,0.25556820444762707,0.014100172696635127,0.005968926381319739,20.899670839309692,-0.029769382133963518,3e-05,2e-05,0.13369469679892063,0.39205498844385145,0.2646412648260593,0.07613127818331122,0.13347778078168632,-6.986648197449799,41.699201210700146,36.60215053763441
1301,dynamic_joint,-10284.040237903595,1.0,0.3591181203722954,0.8605941623449326,0.2600247174501419,0.014561550226062536,0.012869049329310642,18.60849800109863,-0.0302460217702901,3e-05,2e-05,0.1322200134396553,0.3961350694298744,0.2643738631159067,0.07143883518874646,0.1358322210609913,-6.87540086467975,41.09524529075652,35.74731182795699
1302,dynamic_joint,-10384.431733846664,1.0,0.362467098236084,0.8589609771966934,0.2565198875963688,0.013830390479415654,0.014773778244853028,20.056835174560547,-0.02997956474428065,3e-05,2e-05,0.1340515535324812,0.3906712017953396,0.2662346173077822,0.07513342741876841,0.1339091969653964,-6.823652099090068,41.67920023476969,36.43010752688172
1303,dynamic_joint,-10341.054936647415,1.0,0.36529206186532975,0.8578528106212616,0.26043124832212927,0.013179302937351168,0.014659915771335325,20.175849747657775,-0.030653380719013513,3e-05,2e-05,0.13727253377437593,0.3847698658704758,0.2688208524137735,0.07370480848476291,0.13543194252997637,-6.718388647370116,41.43198461788003,36.29032258064516
1304,dynamic_joint,-10281.297164201736,1.0,0.3655892089009285,0.8571791857481003,0.2601987201720476,0.013131114188581705,0.005010432656854469,20.723821234703063,-0.02834603268893261,3e-05,2e-05,0.13615202754735947,0.3846907809376717,0.27037782557308676,0.07239918373525142,0.13638018611818553,-6.576846403882936,41.170445616007726,36.23118279569893
1305,dynamic_joint,-10461.222360134125,1.0,0.3689925916492939,0.8561717748641968,0.26073051765561106,0.013155990652740002,0.014684400800615588,20.68202428817749,-0.0329329523803608,3e-05,2e-05,0.13856756892055272,0.3877928271889687,0.2697303034365177,0.07422379227355122,0.12968550361692904,-7.301857444062108,41.72013738110895,36.6505376344086
1306,dynamic_joint,-10264.057050347328,1.0,0.3700150452554226,0.8552462458610535,0.259637413173914,0.012985349958762526,0.006768499501049505,22.487067794799806,-0.03020042061471031,3e-05,2e-05,0.13674689643085003,0.3872011236846447,0.27311455756425856,0.07378195347264409,0.12915547303855418,-6.511307397618873,41.5120524271762,36.06989247311828
1307,dynamic_joint,-10393.879246234894,1.0,0.36712372675538063,0.8565386414527894,0.26058489382266997,0.013232460105791688,0.006433758977800602,19.86937825679779,-0.03145183713058941,3e-05,2e-05,0.13650435768067837,0.38912134021520617,0.2726879209280014,0.07123425211757421,0.13045213874429465,-6.978370951863995,41.466579191816436,36.413978494623656
1308,dynamic_joint,-10218.775248527527,1.0,0.3686334930360317,0.8561234951019288,0.2609784722328186,0.012806291249580682,0.012769173737615339,20.08211133480072,-0.03157862680091057,3e-05,2e-05,0.13702610582113267,0.3848455660045147,0.27543802559375763,0.06912543484941125,0.13356486819684504,-6.687045408646046,40.952013235098434,35.88172043010753
1309,dynamic_joint,-10394.461752414703,1.0,0.37049943804740904,0.85560794621706,0.25965138226747514,0.01262828081380576,0.006489254254847726,19.183105397224427,-0.031153191479097585,3e-05,2e-05,0.13996998257935048,0.3841244548559189,0.2747761681675911,0.0694261860102415,0.1317032104358077,-6.38867706147009,41.14601622850048,36.18279569892473
1310,dynamic_joint,-10303.525406599045,1.0,0.3690558411180973,0.8553496211767196,0.25985986478626727,0.013130063330754638,0.016690599638968726,20.867917346954346,-0.028692596848122774,3e-05,2e-05,0.14074471443891526,0.3858609661459923,0.2706928841769695,0.06516416715458036,0.13753726407885553,-6.320881979956905,41.222547764154946,36.16666666666667
1311,dynamic_joint,-10154.578254580498,1.0,0.3675766699016094,0.8560265272855758,0.2590161506086588,0.012498885951936245,0.017666058149188826,20.192126417160033,-0.030511043802835047,3e-05,2e-05,0.1383182480931282,0.381226609647274,0.277941033244133,0.06674904972314835,0.13576506040990352,-6.568133744805967,41.42377104909586,35.40860215053763
1312,dynamic_joint,-10081.40680193901,1.0,0.36363411918282507,0.8578264832496643,0.2598882853984833,0.012769476603716612,0.012530274596065316,18.923665475845336,-0.03284011191572063,3e-05,2e-05,0.13577189277857543,0.3861134618520737,0.2793193176388741,0.06546926675364376,0.13332606069743633,-6.520794547961796,40.73978484211926,35.575268817204304
1313,dynamic_joint,-10120.836552858353,1.0,0.3670831464231014,0.8569939374923706,0.25957867987453936,0.012783784768544137,0.01103955302387477,20.882355880737304,-0.0282490207158844,3e-05,2e-05,0.1376314412802458,0.3839574448764324,0.27595556117594244,0.06726101981475949,0.1351945387199521,-6.416809050816406,40.83730261152703,35.483870967741936
1314,dynamic_joint,-10051.54357099533,1.0,0.36607824042439463,0.8568399339914322,0.259310894832015,0.012760170758701861,0.006878358125686643,20.78887059688568,-0.02882336378097534,3e-05,2e-05,0.13645535353571175,0.38544896990060806,0.27785046994686124,0.06731376582756639,0.13293144814670085,-6.028304119416887,41.26889113179873,35.295698924731184
1315,dynamic_joint,-10357.10748130083,1.0,0.36016953364014626,0.8597727760672569,0.2596384111791849,0.012960372096858918,0.004593839868903146,21.48712909221649,-0.03115644271892961,3e-05,2e-05,0.13615527004003525,0.387641417235136,0.2772549524903297,0.0659124436788261,0.13303591758012773,-6.330425938367716,41.60963797840782,36.456989247311824
1316,dynamic_joint,-10223.327913045883,1.0,0.3642931915819645,0.8576994866132737,0.26011031717061994,0.013107721786946058,0.014236072078347171,19.22482285499573,-0.03117202628927771,3e-05,2e-05,0.13843119610100985,0.3875321693718433,0.2754880029708147,0.06067060409113765,0.13787802662700416,-6.506620732697249,40.80517062819297,36.005376344086024
1317,dynamic_joint,-10174.331884145737,1.0,0.3621614329516888,0.8590877920389175,0.2632784120738506,0.012525237933732569,0.017132907360792128,20.082759261131287,-0.031674621772253886,3e-05,2e-05,0.13705055471509694,0.3844578415155411,0.28184250853955745,0.06288255257532001,0.13376654256135226,-6.717035633517776,41.1117690655448,35.854838709677416
1318,dynamic_joint,-10247.298472881317,1.0,0.36120890378952025,0.8589316874742507,0.26379308849573135,0.012848621630109847,0.00929737454280255,20.634989929199218,-0.029503407577431064,3e-05,2e-05,0.13473279178142547,0.38570319339632986,0.280888257920742,0.06150587759912014,0.13716987669467925,-6.586850262314845,42.11694893584194,35.913978494623656
1319,dynamic_joint,-9985.434482336044,1.0,0.3571687214076519,0.8607513338327408,0.26208566725254057,0.01327753085643053,0.012838764302432526,20.40435118675232,-0.030289493939926616,3e-05,2e-05,0.13594710417091846,0.39057554975152015,0.2774550814181566,0.06183859128504991,0.13418367132544518,-6.194382561197082,41.43965818701942,35.08064516129033
1320,dynamic_joint,-10040.869856834412,1.0,0.3622135356068611,0.8589263930916786,0.2638055182993412,0.013294315338134766,0.004353627748787461,21.02333242893219,-0.029399585589999333,3e-05,2e-05,0.1352164540439844,0.3917561672627926,0.27809261679649355,0.0621972531080246,0.13273750841617585,-6.80390018614295,41.267510707489215,35.5
1321,dynamic_joint,-10073.352890729904,1.0,0.36016284078359606,0.859791737794876,0.260982483997941,0.01338698894251138,0.008223565667867735,19.39564130306244,-0.03256731557194144,3e-05,2e-05,0.13726782612502575,0.39107157588005065,0.2746654268354177,0.06257129106670618,0.13442388270050287,-5.965433824277942,41.119431917375834,35.68279569892473
1322,dynamic_joint,-9766.665782690048,1.0,0.3624331928789616,0.8583148360252381,0.26194269135594367,0.013646309962496161,0.01457394491881129,19.753500866889954,-0.031365772907156496,3e-05,2e-05,0.13878510501235725,0.39041944667696954,0.27139775902032853,0.059204114228487016,0.1401935748755932,-5.513109994825549,40.55295344376304,34.56989247311828
1323,dynamic_joint,-10062.061886787415,1.0,0.36799131482839587,0.8558581218123436,0.25977449901401994,0.01305116161238402,0.013287422712892329,20.44626090526581,-0.03191269019712308,3e-05,2e-05,0.1419025756418705,0.38643171563744544,0.27269989885389806,0.06142821470275521,0.13753759413957595,-5.645244250657449,40.931400539025475,35.40322580645161
1324,dynamic_joint,-10119.526976585388,1.0,0.3632289916276932,0.8586156532168389,0.25955803990364074,0.013763360911980271,0.015215479303151425,21.529284596443176,-0.029149421444162726,3e-05,2e-05,0.13832006473094224,0.3909721150994301,0.2692339070141315,0.06086897496134043,0.14060493148863315,-5.765733964408785,41.072377146344614,35.516129032258064
1325,dynamic_joint,-10018.184288024902,1.0,0.36243596822023394,0.8591778397560119,0.2595138240605593,0.01444327449426055,0.015268423128873089,20.253526473045348,-0.03168887473002542,3e-05,2e-05,0.1407284762710333,0.3961979180574417,0.2618895571678877,0.06082715662196279,0.1403568910434842,-6.034630836362678,41.61173478507741,35.193548387096776
1326,dynamic_joint,-9973.312725067139,1.0,0.36129609420895575,0.8592119202017784,0.26062913350760936,0.01407485583331436,0.013266564533114443,22.143794536590576,-0.02663850854150951,3e-05,2e-05,0.1388558465987444,0.3950585015118122,0.2685228414833546,0.05841111047193408,0.13915170319378375,-5.6842210288073085,41.801638392237514,35.1505376344086
1327,dynamic_joint,-9902.348005533218,1.0,0.362493909150362,0.8586604654788971,0.2600111600011587,0.013910970464348794,0.01057207258418208,23.762494492530823,-0.02831151741265785,3e-05,2e-05,0.1405307063832879,0.3916755378246307,0.2666197679936886,0.060156846232712266,0.14101714305579663,-6.3693721152074385,40.88992031621088,34.93010752688172
1328,dynamic_joint,-9975.475110054016,1.0,0.36704081594944,0.8563909992575646,0.25994967967271804,0.013443691562861204,0.01324091199785471,21.60371525287628,-0.031230067380238324,3e-05,2e-05,0.14095055423676967,0.39063603729009627,0.27282037734985354,0.05780935455113649,0.13778368048369885,-5.881705424466617,42.16028881488877,35.29032258064516
1329,dynamic_joint,-9855.938945770264,1.0,0.3593660444021225,0.8597852513194084,0.259401548281312,0.013324744650162756,0.006854206137359098,20.108047080039977,-0.029073017323389648,3e-05,2e-05,0.14243981875479222,0.3897039331495762,0.2729378197342157,0.055314351059496406,0.13960407208651304,-5.906292318328435,40.67415754223955,34.91935483870968
1330,dynamic_joint,-9896.25365281105,1.0,0.3609449535608292,0.8591888278722764,0.2607825051993132,0.013496680441312492,0.01004869258031247,19.834647274017335,-0.031122773318202235,3e-05,2e-05,0.1458489142358303,0.3897259131073952,0.26937736868858336,0.05385046089068055,0.14119734801352024,-5.562610456804815,41.06685807766825,35.01075268817204
1331,dynamic_joint,-9817.173647880554,1.0,0.3566903695464134,0.8614289075136184,0.2629043396562338,0.01342889869119972,0.011016548238694641,19.62803030014038,-0.03115732269943692,3e-05,2e-05,0.1449975011870265,0.39122623205184937,0.2704134229570627,0.05682235835120082,0.1365404834970832,-5.7820140901568795,40.62096333545045,34.66129032258065
1332,dynamic_joint,-10035.199858248234,1.0,0.3603853307664394,0.8592685163021088,0.2631453908979893,0.013458797545172273,0.004566182382404763,20.61134624481201,-0.028561274727690034,3e-05,2e-05,0.14641693904995917,0.39134499803185463,0.26992677673697474,0.05502591701224446,0.1372853744775057,-6.086393335486375,41.35540793880763,35.612903225806456
1333,dynamic_joint,-9920.461738824844,1.0,0.3633791089057922,0.85747040361166,0.261065723747015,0.013501248648390174,0.0033967074006795786,19.81937367916107,-0.03129480557036004,3e-05,2e-05,0.14513396099209785,0.39213103204965594,0.26999819837510586,0.05461054006591439,0.13812627121806145,-5.526619252599225,41.189377802957196,35.215053763440864
1334,dynamic_joint,-9763.199349403381,1.0,0.36215918213129045,0.8578582599759101,0.261620732024312,0.013672277517616748,0.006073451507836565,21.15195996761322,-0.029091981328383552,3e-05,2e-05,0.14404108859598636,0.39237872809171676,0.2701029978692532,0.052666687220335004,0.140810501947999,-5.585671004207574,41.06671904555545,34.50537634408602
1335,dynamic_joint,-9887.064922094345,1.0,0.36314056292176244,0.8578187957406044,0.2587933801114559,0.013276641885749996,0.007778204046189736,21.39218897819519,-0.030344430787954478,3e-05,2e-05,0.145478355884552,0.38992354944348334,0.27255483642220496,0.05223299898207188,0.1398102706298232,-5.999697892650818,41.04222967691875,34.715053763440864
1336,dynamic_joint,-9766.55757856369,1.0,0.3607153981924057,0.8589739978313446,0.26051552072167394,0.014053889410570264,0.01646244917064909,19.921835398674013,-0.03005686355754733,3e-05,2e-05,0.14343287479132413,0.3981547698378563,0.2698048263788223,0.05218222849071026,0.1364253034815192,-5.91524524360072,41.6973135635034,34.553763440860216
1337,dynamic_joint,-9666.821650743484,1.0,0.35774461552500725,0.860274663567543,0.25976638272404673,0.014053780678659677,0.01222130944952371,20.953614020347594,-0.030638260139767226,3e-05,2e-05,0.13960276525467635,0.39696703031659125,0.2729845430701971,0.05108942119404673,0.13935623988509177,-5.114032860244492,41.348990473642715,34.36021505376344
1338,dynamic_joint,-9457.734950065613,1.0,0.3593560144305229,0.859467263519764,0.26435837969183923,0.013647801126353443,0.013485670555382953,20.107120871543884,-0.030849004385527224,3e-05,2e-05,0.1424267714843154,0.3955314554274082,0.27690337263047693,0.04737602733075619,0.1377623738721013,-5.306639209181093,40.747157792818776,33.69892473118279
1339,dynamic_joint,-9638.831127166748,1.0,0.35841487646102904,0.8600851267576217,0.2632067441940308,0.01354195165913552,0.004711774829774987,20.71325249671936,-0.03103725842956919,3e-05,2e-05,0.1435393240302801,0.3949864186346531,0.27620163150131705,0.04861936280503869,0.1366532649844885,-5.415080217205052,40.85107265927204,34.01075268817204
1340,dynamic_joint,-9763.759398698807,1.0,0.3612211965024471,0.8588245078921318,0.2633132506161928,0.013680946151725947,0.007587451022118379,20.451547050476073,-0.03188423292594962,3e-05,2e-05,0.1439154166728258,0.394401478767395,0.27299284711480143,0.048789679631590845,0.13990058228373528,-5.794959610493396,40.68464326684864,34.543010752688176
1341,dynamic_joint,-9745.444659948349,1.0,0.3625751852989197,0.8585243269801139,0.2646635815501213,0.013823020877316594,0.004720523487776525,19.536553621292114,-0.03240440902009141,3e-05,2e-05,0.14239630084484817,0.3955783247947693,0.2741762638092041,0.04848272493109107,0.13936639204621315,-5.340256434179636,40.58602087999151,34.44086021505377
1342,dynamic_joint,-9591.502138614655,1.0,0.3581600621342659,0.8600048646330833,0.2648381918668747,0.013767873821780085,0.0021734304726124115,21.22308874130249,-0.028176204109331592,3e-05,2e-05,0.14316996950656175,0.3954253889620304,0.2732424814254045,0.048735046107321975,0.13942711446434258,-5.10233991755777,41.48502369736034,34.05913978494623
1343,dynamic_joint,-9489.453233480453,1.0,0.3606079787015915,0.8586748823523521,0.26161812283098695,0.013906099228188395,0.010815693996846718,21.536162734031677,-0.029123363259714097,3e-05,2e-05,0.14809010587632657,0.3959130994975567,0.26825514659285543,0.04860176471993327,0.1391398835927248,-5.2317819341795735,41.409711909634815,33.47849462365591
1344,dynamic_joint,-9635.657934188843,1.0,0.35929097682237626,0.8592476293444633,0.2638967767357826,0.013890707958489656,0.00573409181088206,19.463911128044128,-0.029164754116209224,3e-05,2e-05,0.14925688430666922,0.39667062759399413,0.26749668680131433,0.04954450493678451,0.13703129831701516,-5.10118669240071,41.24225352456881,34.08064516129032
1345,dynamic_joint,-9647.640174627304,1.0,0.35985162705183027,0.8591532722115517,0.26369290351867675,0.013996352441608906,0.008349123783409636,19.83819375038147,-0.02850912029389292,3e-05,2e-05,0.14544523246586322,0.39630771726369857,0.26800504587590696,0.05110813369974494,0.13913387209177017,-5.035996359982576,41.81862635029978,34.274193548387096
1346,dynamic_joint,-9771.783429145813,1.0,0.36395094096660613,0.857513177394867,0.2626354370266199,0.013694056659005582,0.014699643012136249,20.211994218826295,-0.031073034233122597,3e-05,2e-05,0.1527950529009104,0.39434337243437767,0.26589788794517516,0.050646206550300124,0.1363174794241786,-5.314458577285405,41.11363872034269,34.60752688172043
1347,dynamic_joint,-9616.498172163963,1.0,0.3608678661286831,0.8591864451766014,0.2647611767053604,0.013586508063599467,0.011430697981268167,20.91657691001892,-0.030732157561578786,3e-05,2e-05,0.1495078306645155,0.39532248079776766,0.2706341318786144,0.0487514871172607,0.13578407540917398,-5.329374179425839,41.50631174095917,34.182795698924735
1348,dynamic_joint,-9562.084514141083,1.0,0.36021285578608514,0.8597220301628112,0.26627466157078744,0.013179203146137297,0.010789971426129391,19.632571697235107,-0.03241128200897947,3e-05,2e-05,0.15165073238313198,0.3928810089826584,0.2719126708805561,0.050725032296031716,0.13283056169748306,-5.152035896720753,40.45305254292489,33.95161290322581
1349,dynamic_joint,-9584.127365231514,1.0,0.3561832793056965,0.8612454503774643,0.2632584899663925,0.014267420722171664,0.02309978250414131,20.74844319820404,-0.03090640650843852,3e-05,2e-05,0.1448053665459156,0.399760315567255,0.267626441270113,0.05030673136934638,0.13750114124268292,-4.900308341745214,40.87772563840868,33.913978494623656
1350,dynamic_joint,-9357.289502620697,1.0,0.36044163852930067,0.858771188557148,0.2626792386174202,0.014507966511882842,0.01632390413433317,20.80965859889984,-0.030230783310253175,3e-05,2e-05,0.14831105284392834,0.40441658049821855,0.26642369888722894,0.048714590910822156,0.1321340711787343,-5.541804794707033,40.98320370584623,33.134408602150536
1351,dynamic_joint,-9354.670483350754,1.0,0.35615080073475835,0.8611606806516647,0.26583287343382833,0.01395099270157516,0.013028546981513518,20.66555118560791,-0.03162961362831993,3e-05,2e-05,0.14840344861149787,0.3999619632959366,0.2715659637004137,0.04665494067594409,0.1334136901423335,-5.385722652085905,40.54780467610442,33.26881720430108
1352,dynamic_joint,-9558.198423147202,1.0,0.36124328523874283,0.8578165620565414,0.26655287742614747,0.014328492130152881,0.007909170445054792,20.323581409454345,-0.028919882964692077,3e-05,2e-05,0.14949046038091182,0.40282953530550003,0.2679721642285585,0.04646259695291519,0.13324524667114018,-5.125276299711759,41.21169116513768,34.30107526881721
1353,dynamic_joint,-9393.283434987068,1.0,0.3596553847193718,0.8589706644415855,0.2659277953207493,0.013911261479370296,0.007966372463852192,20.21900713443756,-0.029076740608434192,3e-05,2e-05,0.1513038333505392,0.3998280353844166,0.26936472319066523,0.045480909664183854,0.13402249999344348,-5.476925601664831,41.13283495749058,33.24193548387097
1354,dynamic_joint,-9586.200252175331,1.0,0.36149839609861373,0.8584974884986878,0.26199291497468946,0.014224980794824659,0.010122846066951761,20.527265882492067,-0.0316853295546025,3e-05,2e-05,0.14902587309479715,0.40227690413594247,0.2677518710494041,0.048093460779637096,0.13285188619047403,-4.7944761242155485,40.38929102720891,34.01075268817204
1355,dynamic_joint,-9482.124955296516,1.0,0.35675798654556273,0.8602924838662147,0.263819208741188,0.01454541611019522,0.010028030909597849,19.968115353584288,-0.031137548899278045,3e-05,2e-05,0.15176099576056004,0.4031099878251553,0.26362528242170813,0.04720603255555034,0.13429769389331342,-4.857093541493218,41.29358324017964,33.95161290322581
1356,dynamic_joint,-9600.874438285828,1.0,0.36163084506988524,0.8585508272051812,0.2668432220816612,0.014038223307579756,0.009412436280399533,20.792018723487853,-0.030184384985477663,3e-05,2e-05,0.1503328423947096,0.3998319283127785,0.26783307939767836,0.04738660156726837,0.13461555130779743,-5.011527283237868,40.61943671742512,34.026881720430104
1357,dynamic_joint,-9426.575413942337,1.0,0.3609879523515701,0.8581899717450142,0.26379320546984675,0.013859069906175137,0.010849209222942663,20.827901220321657,-0.031088373155216686,3e-05,2e-05,0.1481873482465744,0.39717296734452245,0.27054380886256696,0.046766451094299555,0.13732942547649146,-4.718682777564995,40.47654224873959,33.58064516129032
1358,dynamic_joint,-9435.729345798492,1.0,0.35687489807605743,0.8602871328592301,0.26465649381279943,0.014018713659606875,0.009086357057094555,22.376987719535826,-0.029942181312071624,3e-05,2e-05,0.14641712754964828,0.39999972879886625,0.2722602285444736,0.046718486305326226,0.13460443504154682,-5.642256051085467,41.35035929692917,33.806451612903224
1359,dynamic_joint,-9561.793222427368,1.0,0.3563864707946777,0.8603899121284485,0.2653988502919674,0.01413892509881407,0.007449344638735006,20.667747020721436,-0.03142483686970081,3e-05,2e-05,0.14559450075030328,0.3997254058718681,0.26963250525295734,0.05030773468315601,0.13473985828459262,-4.956417621268926,40.81545096331508,33.97849462365591
1360,dynamic_joint,-9448.186535358429,1.0,0.3540600068867207,0.8616362303495407,0.2659904360771179,0.014178831153549254,0.005998253077268562,20.275623178482057,-0.03038232736143982,3e-05,2e-05,0.1460393860936165,0.40117163136601447,0.27074052058160303,0.04812787771224976,0.13392058834433557,-5.947392797364592,41.448289608269484,33.48924731182796
1361,dynamic_joint,-9496.635840296745,1.0,0.3568014107644558,0.8602833330631257,0.26750060841441153,0.013804592448286713,0.009833805635571513,21.14374840259552,-0.03095879891770892,3e-05,2e-05,0.14565031863749028,0.400467336922884,0.2733849424868822,0.05040036160498858,0.13009705040603875,-4.8661389483875315,40.6376743285467,33.69892473118279
1362,dynamic_joint,-9518.61910545826,1.0,0.35862681791186335,0.8601662307977677,0.26302737146615984,0.013790499279275536,0.007621623016893869,20.82168917655945,-0.03057230223203078,3e-05,2e-05,0.14657770190387964,0.39858953431248667,0.2716910496354103,0.050161240808665755,0.1329804738983512,-5.340568844674061,40.6427205390083,33.77956989247311
1363,dynamic_joint,-9467.23563694954,1.0,0.3591774247586727,0.8589489459991455,0.2637907207012177,0.014276713435538112,0.011614154372364231,22.52975800037384,-0.029621754586696625,3e-05,2e-05,0.14569947570562364,0.4029405817389488,0.268864618614316,0.051617272291332485,0.13087805565446614,-5.2414631358516415,40.41929527953666,33.62903225806452
1364,dynamic_joint,-9350.689805269241,1.0,0.3558253437280655,0.8613144561648369,0.26248184144496917,0.014175825123675167,0.00842851493507623,20.975702667236327,-0.03238534951669862,3e-05,2e-05,0.1431921526789665,0.40275132432579996,0.2730788752436638,0.05098942639306188,0.1299882236868143,-5.522047648822374,41.1338469119545,33.322580645161295
1365,dynamic_joint,-9306.767033100128,1.0,0.35870359688997266,0.8596762329339981,0.26783073917031286,0.013424943434074521,0.013900653179734983,19.959582710266112,-0.030184213470784017,3e-05,2e-05,0.14855479896068574,0.39683487117290495,0.2746434148401022,0.049955550022423266,0.13001136146485806,-5.174741691702215,40.4179149186021,33.09677419354839
1366,dynamic_joint,-9576.51602447033,1.0,0.36114166378974916,0.8586894050240517,0.2651141047477722,0.013405903289094568,0.007222088705748239,18.90843598842621,-0.03154368016985245,3e-05,2e-05,0.1514403738081455,0.3963292472064495,0.2722182672470808,0.049275278206914665,0.13073683194816113,-5.336247403121094,41.09057373516904,34.155913978494624
1367,dynamic_joint,-9522.47591304779,1.0,0.3577619709074497,0.8596596419811249,0.2675405748188496,0.014151559094898403,0.012734660506248455,21.694343829154967,-0.03076895627673366,3e-05,2e-05,0.1507067885249853,0.40169734731316564,0.2686306409537792,0.04722915859892964,0.13173606116324663,-5.212925998540336,40.723312793291356,34.10215053763441
1368,dynamic_joint,-9497.24375963211,1.0,0.35907759740948675,0.8594703182578087,0.26661240831017496,0.013728602998889982,0.010639816895127309,22.08798475265503,-0.03052337893896038,3e-05,2e-05,0.15142128877341748,0.3996721014380455,0.2700237549841404,0.05044145369902253,0.12844139952212572,-5.272968799446611,41.3515585096453,33.876344086021504
1369,dynamic_joint,-9299.593619346619,1.0,0.35523416101932526,0.8608565032482147,0.26838130727410314,0.013654867699369789,0.014067191537469638,21.133743143081666,-0.031012410651601385,3e-05,2e-05,0.14974528960883618,0.3971870757639408,0.27142151184380053,0.04756888411939144,0.13407723978161812,-4.955043307324125,40.72967211886018,33.01075268817204
1370,dynamic_joint,-9221.551136255264,1.0,0.3588200196623802,0.8594387218356132,0.2660674750804901,0.013880875776521862,0.004003522917628295,21.41202998161316,-0.030045051182969473,3e-05,2e-05,0.1499504331499338,0.39898369237780573,0.2699373967945576,0.04744773842394352,0.13368073776364325,-4.609047344755286,41.703585618515824,32.784946236559136
1371,dynamic_joint,-9330.110924482346,1.0,0.3617573566734791,0.8572877809405327,0.265108135342598,0.013729709503240883,0.006362042762339051,19.575522327423094,-0.031930031278170644,3e-05,2e-05,0.1503695473074913,0.3993412181735039,0.2716400161385536,0.048149505630135536,0.13049972150474787,-5.150722614410127,40.63054021691082,33.026881720430104
1372,dynamic_joint,-9415.490703821182,1.0,0.361467982083559,0.8585198894143105,0.2687704712152481,0.013030376890674234,0.015127457957714821,21.797603297233582,-0.030483055487275125,3e-05,2e-05,0.15056717731058597,0.3957763373851776,0.2783966604620218,0.04875895408913493,0.12650086712092162,-5.305224613113516,40.613226686708835,33.483870967741936
1373,dynamic_joint,-9171.84782743454,1.0,0.3611019246280193,0.8588309481739997,0.2668771855533123,0.013134901970624923,0.004871673788875389,21.842412400245667,-0.030065758377531893,3e-05,2e-05,0.1482368104159832,0.3963606610894203,0.2798261620104313,0.049180968664586544,0.12639540005475283,-4.73593936731725,40.536731749678935,32.83870967741935
1374,dynamic_joint,-9224.943946123123,1.0,0.35963410064578055,0.8590122938156128,0.2683316171169281,0.013293225085362792,0.013109578099101835,21.787172198295593,-0.02994629531604005,3e-05,2e-05,0.15242669992148877,0.39727718308568,0.2734131656587124,0.04903917321935296,0.12784377485513687,-4.941226514602998,41.349124493334635,32.67204301075269
1375,dynamic_joint,-9194.597576498985,1.0,0.35957011878490447,0.859059077501297,0.26933144181966784,0.013240963267162443,0.00511738033965229,18.177357602119447,-0.03157714086119086,3e-05,2e-05,0.15229869373142718,0.3963841572403908,0.2748254522681236,0.04750151988118887,0.12899018321186304,-5.143389878355308,40.61601265793674,32.82795698924731
1376,dynamic_joint,-9226.496386289597,1.0,0.35923799201846124,0.8592829689383507,0.268837658315897,0.01331515482161194,0.008003679709508986,20.184241271018983,-0.0323628066922538,3e-05,2e-05,0.1514971874654293,0.39836746007204055,0.27684399038553237,0.046059924690052864,0.12723144590854646,-5.145437429884264,40.35130378998314,33.10215053763441
1377,dynamic_joint,-9463.322633743286,1.0,0.3602790877223015,0.8586728185415268,0.26703516840934755,0.013469668687321246,0.00650408058427273,21.298633193969728,-0.031168517016340047,3e-05,2e-05,0.14993835389614105,0.3985824756324291,0.27515077888965606,0.048486665915697814,0.1278417246416211,-5.194005689141816,40.27917765935297,34.026881720430104
1378,dynamic_joint,-9425.419945955276,1.0,0.3546324871480465,0.861020541191101,0.2689812868833542,0.01368523808196187,0.011270046234130908,19.706369495391847,-0.03370822184951976,3e-05,2e-05,0.14505280703306198,0.40116702765226364,0.27780758738517763,0.04773718835785985,0.12823538593947886,-5.29401515537944,40.77077065397992,33.575268817204304
1379,dynamic_joint,-9042.538331270218,1.0,0.35449418127536775,0.862178486585617,0.26894681304693224,0.013959126989357173,0.005599289014935525,21.992222452163695,-0.029031112638767807,3e-05,2e-05,0.14493176899850368,0.402924307435751,0.2757520154118538,0.04711415888741612,0.1292777556926012,-4.333270169014192,41.135632311788484,32.38172043010753
1380,dynamic_joint,-9153.830700874329,1.0,0.35847812220454217,0.8594393759965897,0.2692940175533295,0.013650788785889744,0.010853634867817145,19.839547038078308,-0.03252859318599803,3e-05,2e-05,0.15035858675837516,0.4002131573855877,0.2749937608838081,0.04523157421499491,0.12920292783528567,-4.764891036427319,40.42876619661367,32.46774193548387
1381,dynamic_joint,-9173.00663304329,1.0,0.35400660485029223,0.8614835143089294,0.26804972290992735,0.013761656288988889,0.011527615692466506,20.295818281173705,-0.032228229468455535,3e-05,2e-05,0.14744213558733463,0.40303329303860663,0.27753611728549005,0.04563288791105151,0.12635556906461715,-5.052360415925809,41.388797747981805,32.67741935483871
1382,dynamic_joint,-9210.478642463684,1.0,0.3545817151665688,0.8611284181475639,0.2675693094730377,0.013652325351722538,0.009284620080143226,21.911713123321533,-0.030785147004644388,3e-05,2e-05,0.14807235412299632,0.4017314612865448,0.2753652337938547,0.04964497722685337,0.12518597207963467,-5.323075428640746,41.03152280887799,32.865591397849464
1383,dynamic_joint,-9257.311094045639,1.0,0.35440726205706596,0.8613270148634911,0.2690292224287987,0.01365348759572953,0.00831208555027841,24.048904824256898,-0.028772920586379768,3e-05,2e-05,0.1489747863262892,0.40045753344893453,0.27486126832664015,0.04726683096960187,0.1284395858645439,-4.642777516596122,40.682159909969315,32.844086021505376
1384,dynamic_joint,-9226.335988640785,1.0,0.35339408814907075,0.8614570513367653,0.2684120342135429,0.013855911837890745,0.00753335654735568,20.34080002307892,-0.030772836079995612,3e-05,2e-05,0.14520810320973396,0.40165225714445113,0.27642786502838135,0.04769882960245013,0.1290129402652383,-4.770657332151148,40.82105363344069,32.924731182795696
1385,dynamic_joint,-9122.170925855637,1.0,0.3595269531011581,0.8594690456986427,0.2677926816046238,0.013903368124738335,0.009409139119088666,20.241638088226317,-0.03096778901453945,3e-05,2e-05,0.14693907089531422,0.4025993518531322,0.27439072765409944,0.049725341890007255,0.12634551320225001,-4.697620235816034,40.766900549303884,32.59139784946237
1386,dynamic_joint,-9171.806384801865,1.0,0.3584436297416687,0.859126190841198,0.26954092755913733,0.01402672086842358,0.005537021066993546,22.323765516281128,-0.032908082377616665,3e-05,2e-05,0.1464877212420106,0.4041362188756466,0.2749443218111992,0.04740818068385124,0.12702356223016978,-4.491970645247965,40.90041402685951,32.645161290322584
1387,dynamic_joint,-9203.692812085152,1.0,0.3582230992615223,0.859446308016777,0.26467633321881295,0.014097313210368157,0.005333568062633326,20.659680247306824,-0.03108973795606289,3e-05,2e-05,0.14503119140863419,0.4040609888732433,0.2738601367920637,0.0500749665312469,0.1269727248698473,-4.719916445106524,41.15559110428452,32.74193548387097
1388,dynamic_joint,-9365.498124241829,1.0,0.3534390449523926,0.8621765345335006,0.26778089702129365,0.013447652291506528,0.016872498765587753,20.389504170417787,-0.03229531612014398,3e-05,2e-05,0.14477429166436195,0.40021439716219903,0.28229638412594793,0.0472678349353373,0.12544709648936986,-4.9052899697727375,40.869140705765055,33.274193548387096
1389,dynamic_joint,-9275.441055059433,1.0,0.3621875859797001,0.8574693143367768,0.27234496399760244,0.013165057240985333,0.012186951842158983,21.548580145835878,-0.03280690230894834,3e-05,2e-05,0.14863188490271567,0.39883716851472856,0.2804203134030104,0.04950371589511633,0.12260691821575165,-5.315482631081942,40.177366200506434,33.12903225806452
1390,dynamic_joint,-9030.18328487873,1.0,0.35939501896500586,0.859076863527298,0.26751353293657304,0.013643011962994934,0.014826841419562697,22.397463774681093,-0.030097638482084223,3e-05,2e-05,0.14740062709897755,0.40058364644646643,0.27658999525010586,0.04715187014080584,0.12827385999262333,-4.129195797971606,40.58702251840723,32.38172043010753
1391,dynamic_joint,-9389.84267270565,1.0,0.36025821417570114,0.8588065594434738,0.26686160191893576,0.01386954733170569,0.007868102891370632,22.242344856262207,-0.03393570002663182,3e-05,2e-05,0.14964585565030575,0.4022724688053131,0.27398263439536097,0.047063712310045955,0.12703532669693232,-4.640509888843569,40.45094351742077,33.47311827956989
1392,dynamic_joint,-9180.083046913147,1.0,0.3596149943768978,0.8589067876338958,0.2701994016766548,0.013205711380578578,0.015603410266339726,21.122315049171448,-0.0327955179316632,3e-05,2e-05,0.1488570123910904,0.399523913115263,0.28046989291906355,0.048378159571439025,0.12277102116495371,-4.800379811844143,40.98875854425451,32.887096774193544
1393,dynamic_joint,-9224.480726480484,1.0,0.35783145353198054,0.859689749777317,0.26985770389437674,0.014028464956209064,0.014530415879562449,22.53624587059021,-0.03112020525004482,3e-05,2e-05,0.14483407251536845,0.4061193041503429,0.27872286140918734,0.046882923366501926,0.12344083841890097,-5.120849715028592,40.72179996105827,32.913978494623656
1394,dynamic_joint,-9056.048468351364,1.0,0.35170418992638586,0.862807109951973,0.2692372053861618,0.014271219400689006,0.007833848940208568,19.974635004997253,-0.032115843053907155,3e-05,2e-05,0.14217055067420006,0.40710936635732653,0.27852098233997824,0.04583140052855015,0.12636770140379666,-4.910681750148478,40.257637277247994,32.23655913978495
1395,dynamic_joint,-9033.223264694214,1.0,0.3542268604040146,0.8610012620687485,0.2673051685094833,0.01403114227578044,0.007030571438372192,22.96147449016571,-0.03160585767473094,3e-05,2e-05,0.14411133229732515,0.4051758609712124,0.27788120731711385,0.04740590434521437,0.1254256958141923,-4.764896748944934,40.48453454692402,32.516129032258064
1396,dynamic_joint,-9079.307213068008,1.0,0.3589778557419777,0.8588284268975258,0.2697165936231613,0.013369983760640025,0.013969153910875332,20.875083756446838,-0.03231206403506803,3e-05,2e-05,0.14603060223162173,0.4017128974199295,0.282946515083313,0.046574924141168594,0.12273506335914135,-4.974169576723835,40.736161638926575,32.33333333333333
1397,dynamic_joint,-8767.11465883255,1.0,0.35581126138567926,0.8600063040852547,0.2702626496553421,0.01382239933591336,0.009204739145934539,21.54785795211792,-0.031533257564296945,3e-05,2e-05,0.1447720555588603,0.40501735284924506,0.28048752397298815,0.047872838005423544,0.12185023128986358,-4.576404644437106,41.21360420499301,31.521505376344084
1398,dynamic_joint,-9038.011737823486,1.0,0.35907267928123476,0.8588532030582428,0.2666658401489258,0.014059928618371487,0.0073908111080527444,21.493803119659425,-0.032353153452277184,3e-05,2e-05,0.14434742853045462,0.4064906746149063,0.2772167444229126,0.049468721635639666,0.12247643042355776,-4.483057428231219,41.437087356603755,32.403225806451616
1399,dynamic_joint,-9067.563053131104,1.0,0.35740197747945784,0.8590909034013748,0.2692074805498123,0.013827546196989716,0.012494876980781562,19.64889976978302,-0.03227806170289114,3e-05,2e-05,0.1485135078430176,0.4035828374326229,0.27547670602798463,0.047869157046079636,0.12455778792500496,-4.728109445449799,41.0153259652199,32.45161290322581
1400,dynamic_joint,-9194.016379594803,1.0,0.3618688367307186,0.8575309678912163,0.2672664910554886,0.014098490658216178,0.005460695456713446,22.15729613304138,-0.030629760326701217,3e-05,2e-05,0.1479587649926543,0.40510826036334036,0.2737370505928993,0.04743321305140853,0.12576271817088128,-4.576371403063702,41.171996786354825,32.81182795698925
1401,dynamic_joint,-9148.434816122055,1.0,0.35735372826457024,0.8600195214152336,0.2668817199766636,0.01383295189589262,0.00818039234727623,23.130453610420226,-0.029176100078620947,3e-05,2e-05,0.14701666235923766,0.40307181552052496,0.2768256410956383,0.04843481769785285,0.12465106844902038,-4.6711418591985705,40.16526018370815,32.61827956989247
1402,dynamic_joint,-9048.850742340088,1.0,0.35869729667901995,0.8593253627419472,0.26692120879888537,0.014076771144755185,0.006980725470930378,21.459646534919738,-0.03348492787918076,3e-05,2e-05,0.1471870981156826,0.40492293909192084,0.2741514131426811,0.04761868380010128,0.12611987274140118,-4.871281164029068,40.5578031639078,32.3010752688172
1403,dynamic_joint,-9390.876468896866,1.0,0.36279660016298293,0.8571045950055123,0.2693120904266834,0.01354181084316224,0.015967711620032778,21.371553587913514,-0.03366276485430717,3e-05,2e-05,0.15160919725894928,0.40268747583031655,0.27455736994743346,0.05077448207885027,0.12037147860974073,-5.106547096161661,41.33555999680449,33.715053763440864
1404,dynamic_joint,-9175.714154481888,1.0,0.35742888823151586,0.8598927587270737,0.2720930315554142,0.013761436007916928,0.005310082249343366,20.4645339012146,-0.03258222825534176,3e-05,2e-05,0.15036019310355186,0.4040090464055538,0.27535312734544276,0.04936844427138567,0.12090919092297554,-4.675666108423788,40.984486526472324,32.844086021505376
1405,dynamic_joint,-9055.986768007278,1.0,0.35845587253570554,0.859448254108429,0.2680185690522194,0.013537991209886968,0.011938904784619772,21.74276487827301,-0.02991724710154813,3e-05,2e-05,0.15412749238312246,0.4010288678109646,0.27335164584219457,0.048380650021135806,0.12311134207993746,-4.398056991473155,40.587085232619266,32.193548387096776
1406,dynamic_joint,-9139.864088892937,1.0,0.35427236258983613,0.8613742649555206,0.2674359865486622,0.014143310347571969,0.014994483441114453,21.97825207710266,-0.030751675058854743,3e-05,2e-05,0.14805550761520864,0.40716562122106553,0.2746394794434309,0.04845330361276865,0.12168608400970697,-4.314396155141707,40.672982586424816,32.75268817204301
1407,dynamic_joint,-9033.48262476921,1.0,0.3594901584088802,0.8587027609348297,0.26455500200390814,0.013397599174641072,0.01819485537707804,21.010167145729064,-0.03216187010984868,3e-05,2e-05,0.15210905410349368,0.40075991675257683,0.27761497609317304,0.04576158225536346,0.12375447042286396,-4.61389981688521,40.7350839592842,32.11290322580645
1408,dynamic_joint,-9005.198263645172,1.0,0.35559446215629575,0.8596962079405784,0.27019954174757005,0.014147631567902863,0.02076429538428782,20.227771711349487,-0.032599386537913236,3e-05,2e-05,0.14727237001061438,0.4083250492811203,0.2761729534715414,0.04857860188931227,0.11965103391557932,-5.19729174108454,40.94605667361779,32.322580645161295
1409,dynamic_joint,-9020.181892156601,1.0,0.35833646208047865,0.8592218890786171,0.26976233944296835,0.013827156135812401,0.013717042189091436,20.174529719352723,-0.034418091987026854,3e-05,2e-05,0.1454617939889431,0.404251217097044,0.27852094620466233,0.04760448625311255,0.12416155952960253,-4.360148434544355,41.05427635966259,32.155913978494624
1410,dynamic_joint,-9002.757959842682,1.0,0.35611205399036405,0.8603923469781876,0.26912316381931306,0.013729452784173191,0.009211761411279454,21.035971021652223,-0.031866439638542944,3e-05,2e-05,0.14781125262379646,0.4050681807100773,0.2785507343709469,0.04901415910571814,0.1195556813850999,-4.488707573325733,40.99594151646164,32.06989247311828
1411,dynamic_joint,-8830.22254562378,1.0,0.35699740424752235,0.8599557936191559,0.27079042941331866,0.013482624432072043,0.005250156298279733,20.520030450820922,-0.03322415220118273,3e-05,2e-05,0.14810771755874158,0.4035087987780571,0.2808774668723345,0.04794845934957266,0.11955755855888128,-4.621612087109042,40.92636341345382,31.56451612903226
1412,dynamic_joint,-8875.236498832703,1.0,0.35821631327271464,0.8588890925049781,0.2693991854786873,0.013724912866018712,0.005457940232008726,22.171637415885925,-0.0316073139445507,3e-05,2e-05,0.14811434485018254,0.40623114034533503,0.2804049581289291,0.04725160310044885,0.11799795217812062,-4.282942587784637,41.04340905275363,31.74193548387097
1413,dynamic_joint,-9040.783227562904,1.0,0.35574418008327485,0.8605726554989814,0.27087550684809686,0.013753650966100395,0.0034011404030024686,21.405396151542664,-0.03279061778448522,3e-05,2e-05,0.14924374893307685,0.40634515658020975,0.2787043899297714,0.04742522034794092,0.11828148681670428,-4.285012744299361,40.32593593075454,32.086021505376344
1414,dynamic_joint,-8649.811211824417,1.0,0.3539140075445175,0.861026582121849,0.2749636724591255,0.014101360482163728,0.009990254696458548,22.434080839157104,-0.030530615858151578,3e-05,2e-05,0.1461093533784151,0.4084618009626865,0.28006348833441735,0.04556448394432664,0.1198008667677641,-4.317997294699354,40.48879570768556,30.978494623655916
1415,dynamic_joint,-8858.643326044083,1.0,0.3529193915426731,0.861494542658329,0.27020143494009974,0.013888396881520748,0.009724816447123842,19.752273440361023,-0.03323797839548206,3e-05,2e-05,0.14590330235660076,0.4052684649825096,0.27860047072172167,0.046569618443027136,0.12365814410150051,-3.7098730045181076,40.4477476464648,31.758064516129032
1416,dynamic_joint,-8746.652237534523,1.0,0.3537361428141594,0.8616000175476074,0.2711301937699318,0.014217401831410825,0.009685212513431872,19.86800899505615,-0.03274032772023929,3e-05,2e-05,0.14377560392022132,0.40905232578516004,0.2796592142432928,0.04608788536861539,0.1214249674230814,-4.056188172473889,40.96442845386761,31.118279569892472
1417,dynamic_joint,-8919.40947318077,1.0,0.34944137632846833,0.8630039349198342,0.2705222226679325,0.014186132326722145,0.004566397517919589,21.005999994277953,-0.031992676289519295,3e-05,2e-05,0.1444078754633665,0.4097246825695038,0.2806377835571766,0.04482300607487559,0.12040664684027433,-4.1704953899330155,40.56997787085439,32.064516129032256
1418,dynamic_joint,-8936.806809902191,1.0,0.35078631713986397,0.8619295448064804,0.2730139307677746,0.01366370082832873,0.010938753560185407,21.353262257575988,-0.03238460448483238,3e-05,2e-05,0.14345126152038573,0.40521192327141764,0.28452954068779945,0.04636854073032737,0.1204387353733182,-3.9961085359637396,41.33525378797117,31.870967741935484
1419,dynamic_joint,-9024.61383008957,1.0,0.3529793217778206,0.861660236120224,0.2682630315423012,0.014272685721516609,0.012557643791660647,20.14351623058319,-0.03341963120328728,3e-05,2e-05,0.14514973144978285,0.4090191818773746,0.27841419652104377,0.04620506218634546,0.12121182791888714,-3.7826533634376136,40.71616606132215,32.354838709677416
1420,dynamic_joint,-8869.312665700912,1.0,0.3520334340631962,0.8622227355837822,0.26997151002287867,0.014388828608207404,0.005134255019947881,21.08282313346863,-0.03322529600118287,3e-05,2e-05,0.14339461643248796,0.4091329976916313,0.2776021834462881,0.04644663007929921,0.12342357113957406,-3.60486320565082,40.328959408940996,31.758064516129032
1421,dynamic_joint,-8665.394911646843,1.0,0.35215909108519555,0.8616868406534195,0.2674590408802032,0.014407869474962354,0.004078523162752409,19.196520161628722,-0.033332231343956666,3e-05,2e-05,0.14338730461895466,0.4087867021560669,0.27701817750930785,0.04534498322755098,0.12546283416450024,-4.127563406436292,40.3882508827549,30.956989247311828
1422,dynamic_joint,-8781.697181224823,1.0,0.35429960712790487,0.8605520606040955,0.2675884567201138,0.014373775757849216,0.0037760091014206743,20.671109318733215,-0.032555171340936793,3e-05,2e-05,0.14414103142917156,0.40859431996941564,0.2765247993171215,0.046479261945933104,0.1242605909705162,-3.676022841255369,40.753709010596836,31.408602150537636
1423,dynamic_joint,-8716.816246151924,1.0,0.3534495584666729,0.8613793388009071,0.26894897148013114,0.014623438124544919,0.006819719728082471,19.83000781536102,-0.033863476614351386,3e-05,2e-05,0.14302481506019832,0.41129399985075,0.2772349789738655,0.04446535091847181,0.12398085817694664,-3.9780728845857714,40.94754587915595,31.306451612903224
1424,dynamic_joint,-8978.278418660164,1.0,0.3539048209786415,0.8607201278209686,0.27076271548867226,0.014052773732692004,0.011905008368194095,21.973681735992432,-0.033133832441671986,3e-05,2e-05,0.14566537849605082,0.407560046762228,0.28015996888279915,0.044852296635508535,0.12176230195909739,-4.204150888994749,40.75899493259713,32.193548387096776
1425,dynamic_joint,-8913.926039457321,1.0,0.35112196803092954,0.8626144289970398,0.2700326628983021,0.014648999879136681,0.012242097873240716,20.398480343818665,-0.03355135530873667,3e-05,2e-05,0.14683833941817284,0.4121577613055706,0.2752578504383564,0.04363336870446801,0.12211267799139022,-4.182238143416644,41.40800519488665,32.0
1426,dynamic_joint,-8861.353893995285,1.0,0.3512185335159302,0.8621472820639611,0.26974623948335646,0.014262388949282468,0.010247558169066966,24.1042441368103,-0.03130893078632653,3e-05,2e-05,0.1465481361374259,0.40732418969273565,0.2760572746396065,0.04474458443000913,0.12532582134008408,-4.3586423462683745,41.332315300721426,32.0
1427,dynamic_joint,-8921.483069062233,1.0,0.3534125030040741,0.8607659697532654,0.2681437641382217,0.014772538375109435,0.011630103923380382,21.11746516227722,-0.0334080868458841,3e-05,2e-05,0.14752024933695793,0.4111506186425686,0.2716737534850836,0.043313048873096706,0.12634232640266418,-3.8968862681892946,41.287053257529,31.75268817204301
1428,dynamic_joint,-8966.12540602684,1.0,0.357143859565258,0.8588626027107239,0.26799525916576383,0.014434062247164547,0.010346093401312817,21.723733735084533,-0.030527049396187066,3e-05,2e-05,0.15269329734146594,0.40860148072242736,0.2703786488622427,0.042567874398082496,0.1257586980238557,-3.7171100398850485,40.50538763606866,31.989247311827956
1429,dynamic_joint,-8864.124385356903,1.0,0.3566050112247467,0.8593715459108353,0.2717297740280628,0.013798046368174255,0.012888609012588863,22.045695209503172,-0.033737934378586944,3e-05,2e-05,0.15303876884281636,0.4048045419156551,0.27647748216986656,0.04105599313043058,0.12462321389466524,-3.7476878102141455,41.2005468937367,31.543010752688172
1430,dynamic_joint,-8815.619397044182,1.0,0.3566195607185364,0.859148022532463,0.27012527734041214,0.014531266130506992,0.015325784916058148,22.241739988327026,-0.03207745796535164,3e-05,2e-05,0.1530865166336298,0.4106482587754726,0.27079745940864086,0.04282742142677307,0.12264034468680621,-3.5951346387744962,40.25461579939481,31.655913978494628
1431,dynamic_joint,-8809.120298147202,1.0,0.35831584855914117,0.8585489198565484,0.27101653069257736,0.014305722387507557,0.009136244561523149,20.173746705055237,-0.034934204118326304,3e-05,2e-05,0.15112845189869403,0.4080734997987747,0.27219253703951835,0.04279212383553386,0.125813390314579,-3.533670428387458,40.678183517008165,31.532258064516128
1432,dynamic_joint,-8868.366311788559,1.0,0.3602301649749279,0.8579252779483795,0.2714388482272625,0.01415024041198194,0.004704292258247762,20.453364229202272,-0.03276702023576945,3e-05,2e-05,0.15202362909913064,0.40740982070565224,0.27319462671875955,0.04324700501747429,0.12412492521107196,-3.6493701165982104,40.93894364172663,31.822580645161292
1433,dynamic_joint,-8704.732217669487,1.0,0.3544893443584442,0.8600260093808174,0.27076164335012437,0.014654437708668411,0.010914614191278808,21.73775670528412,-0.034331752208527175,3e-05,2e-05,0.15044701024889945,0.41280988082289694,0.27302237749099734,0.0433042474091053,0.12041648160666227,-3.8883326829195672,40.12539900646324,31.129032258064516
1434,dynamic_joint,-8836.598620176315,1.0,0.3563984617590904,0.8598130404949188,0.2685083858668804,0.014084178977645934,0.011244841665029537,21.301972723007204,-0.03179530611378141,3e-05,2e-05,0.15085458755493164,0.4071874603629112,0.275038729980588,0.04426612015813589,0.12265310026705264,-3.4559519417717968,40.78859361513633,31.731182795698924
1435,dynamic_joint,-8776.02849137783,1.0,0.35474993139505384,0.8604780659079552,0.26994526088237764,0.014538383693434298,0.010429437179118456,20.75622923374176,-0.0331734835926909,3e-05,2e-05,0.14853927344083787,0.40962856709957124,0.2721393287181854,0.04528432609513402,0.1244085093960166,-3.3851004843719936,40.95866286336714,31.349462365591396
1436,dynamic_joint,-8647.41630411148,1.0,0.35412307977676394,0.8602759093046188,0.2683242090046406,0.01439022768754512,0.012427391484379761,21.095470333099364,-0.032446735093253666,3e-05,2e-05,0.14631772376596927,0.40884861126542094,0.2766453832387924,0.04207213623449206,0.12611615099012852,-3.892257428310569,41.02133521756643,30.881720430107528
1437,dynamic_joint,-8542.292397737503,1.0,0.35568220913410187,0.8604049980640411,0.2699907623231411,0.01420483309775591,0.00938785467296839,19.524332141876222,-0.03427053259219974,3e-05,2e-05,0.14910243079066277,0.40736865997314453,0.2745823234319687,0.04398135421797633,0.124965232424438,-3.2846585212234354,41.021300640403354,30.408602150537632
1438,dynamic_joint,-8939.01956319809,1.0,0.3559056602418423,0.8597413584589958,0.26994806304574015,0.014243831136263907,0.008987553883343893,22.8307546377182,-0.032309840875677766,3e-05,2e-05,0.14990022853016854,0.4089911602437496,0.2746227264404297,0.04601443167775869,0.12047145701944828,-4.090178702747551,40.408875316025515,32.03763440860215
1439,dynamic_joint,-8966.026320934296,1.0,0.35436744838953016,0.8608635768294335,0.2714822791516781,0.014058947935700417,0.014951995573937879,21.923406410217286,-0.03166884037636919,3e-05,2e-05,0.1544290751218796,0.40578247979283333,0.2703554082661867,0.04775235150009394,0.12168068755418063,-3.696470465430131,40.87644488703822,32.193548387096776
1440,dynamic_joint,-8831.304744005203,1.0,0.3578389063477516,0.8585174277424812,0.2685412004590034,0.014061453752219677,0.009208749048411846,21.568240928649903,-0.031027187238214536,3e-05,2e-05,0.15403321981430054,0.4072469986975193,0.2734952598810196,0.044162344001233575,0.12106217183172703,-3.8151476774734405,41.19097232775382,31.655913978494628
1441,dynamic_joint,-8889.286277770996,1.0,0.3611927814781666,0.857926470041275,0.26487869694828986,0.014340756507590414,0.009962292294949285,22.129941153526307,-0.031434365248424,3e-05,2e-05,0.15456251092255116,0.40887339487671853,0.26851411871612074,0.04637090070173144,0.12167907897382975,-3.8318322310877826,40.4778244860188,31.865591397849464
1442,dynamic_joint,-8726.020780801773,1.0,0.3591019734740257,0.8585279121994972,0.26830406710505483,0.013835574733093381,0.014941187854856243,21.909447741508483,-0.03223505741807457,3e-05,2e-05,0.15209522880613804,0.40518698915839196,0.2756893623620272,0.045053995586931704,0.12197443023324013,-3.812376314965856,40.6845242059867,31.193548387096776
1443,dynamic_joint,-8574.89119720459,1.0,0.352113838493824,0.8618075206875802,0.27018515542149546,0.014230979513376952,0.008404093934223061,20.716692662239076,-0.032044999167555946,3e-05,2e-05,0.15132929161190986,0.40769457146525384,0.27225325144827367,0.04607104151509702,0.1226518478244543,-3.5532770325665126,40.43645706082413,30.553763440860216
1444,dynamic_joint,-8688.205223560333,1.0,0.3551706366240978,0.8607068657875061,0.27210244834423064,0.01375963499303907,0.016220665303990224,21.410700368881226,-0.03395706038281787,3e-05,2e-05,0.14989901445806025,0.4071947239339352,0.28036358393728733,0.04502983130514622,0.1175128499045968,-4.3964569883011695,40.26899096039837,31.102150537634408
1445,dynamic_joint,-8888.944510936737,1.0,0.3533137492835522,0.8607895135879516,0.26978372484445573,0.013927703653462232,0.006158000323921442,22.817896437644958,-0.03015689008170739,3e-05,2e-05,0.1468200083822012,0.40792649015784266,0.2804887525737286,0.04581849416717887,0.11894624643027782,-4.2327768419008125,41.09709742062764,31.887096774193544
1446,dynamic_joint,-8619.974639177322,1.0,0.3529348082840443,0.8612375110387802,0.2720401853322983,0.01425767836626619,0.013220246089622384,20.787125515937806,-0.03445375547162257,3e-05,2e-05,0.143078120239079,0.4100505165755749,0.28317142426967623,0.04295026301406324,0.1207496751099825,-3.664059227900205,40.50240323111725,30.725806451612904
1447,dynamic_joint,-8849.672537147999,1.0,0.3512301117181778,0.8621551737189292,0.26854483857750894,0.01424509440548718,0.00932766781188546,21.294204807281496,-0.03174397093243897,3e-05,2e-05,0.14558553993701934,0.41010837331414224,0.2792798213660717,0.04504882525652647,0.11997744888067245,-3.8209562313257672,40.616181590057664,31.634408602150536
1448,dynamic_joint,-8577.367140769958,1.0,0.3495818227529526,0.8627044454216957,0.2710525467991829,0.014538682484999298,0.010444828029721957,21.103642559051515,-0.033551305168657564,3e-05,2e-05,0.14357772283256054,0.4100430585443974,0.2770595371723175,0.04411982381716371,0.1251998594030738,-3.3936482746616816,40.30052299215287,30.833333333333336
1449,dynamic_joint,-8744.995802402496,1.0,0.3538362607359886,0.861040449142456,0.2715056002140045,0.01362700262106955,0.022048771101981376,21.882907700538635,-0.032978363160509616,3e-05,2e-05,0.14860672131180763,0.4054247081279755,0.281699376553297,0.04547536876052618,0.11879382152110338,-3.557441300294817,41.04985728201236,31.1989247311828
1450,dynamic_joint,-8707.449517130852,1.0,0.3511543832719326,0.8624115154147148,0.2682692721486092,0.013974428479559719,0.007286818092688878,20.19450886249542,-0.033990636192174864,3e-05,2e-05,0.14734844602644442,0.4090681210160255,0.28149225413799284,0.0447091415990144,0.1173820411786437,-3.8276850966525875,40.71260235092163,31.188172043010752
1451,dynamic_joint,-8439.306139945984,1.0,0.35370855033397675,0.8606047287583352,0.2719747722148895,0.01387970163486898,0.006779713509604296,20.36458339691162,-0.03453669266018551,3e-05,2e-05,0.14933850429952145,0.40791398510336874,0.2805305697023869,0.043435103911906484,0.11878183837980032,-3.7441109631778136,40.79543687233284,30.301075268817208
1452,dynamic_joint,-8584.15607047081,1.0,0.3464982911944389,0.8645903542637825,0.2702182479202747,0.014365633274428547,0.014942111261188953,23.942923498153686,-0.03200256623676978,3e-05,2e-05,0.14544565491378308,0.4132256418466568,0.2814916640520096,0.04463340928778052,0.11520363297313452,-3.7451288039009967,40.857532273563116,30.731182795698924
1453,dynamic_joint,-8609.883372545242,1.0,0.34979480803012847,0.8623383730649948,0.27139113619923594,0.014166121673770248,0.017526032961904997,20.48255021572113,-0.035190103017521325,3e-05,2e-05,0.14951665475964546,0.4096833527088165,0.2778369069099426,0.04306743917986751,0.11989564970135688,-3.8161607991920783,40.592642416519844,30.870967741935484
1454,dynamic_joint,-8707.019874572754,1.0,0.3529883772134781,0.8614505350589752,0.27216140255331994,0.013646806334145367,0.013462116103619332,21.483323287963866,-0.03221632411587052,3e-05,2e-05,0.15111148692667484,0.4069623380899429,0.2819465734064579,0.044093997403979304,0.1158856051042676,-3.715576291391809,40.15819341598763,31.14516129032258
1455,dynamic_joint,-8586.804674506187,1.0,0.34823052808642385,0.8635479763150216,0.2708782978355885,0.014474178687669337,0.017033342458307746,22.301584696769716,-0.03344105133437551,3e-05,2e-05,0.15056535080075265,0.4115143470466137,0.27397603802382947,0.044298384338617325,0.1196458801627159,-3.284389421634515,40.60804391017442,30.693548387096776
1456,dynamic_joint,-8822.501941084862,1.0,0.35081965774297713,0.8616457983851433,0.26870070248842237,0.014665353926829994,0.012384261563420249,22.422463512420656,-0.03383648007875308,3e-05,2e-05,0.14813456125557423,0.41470713540911674,0.27697538323700427,0.044131621904671195,0.11605130415409803,-3.862608018694754,40.47472920294415,31.655913978494628
1457,dynamic_joint,-8616.501197695732,1.0,0.3501527950167656,0.8622461542487144,0.2684872061014175,0.014736159960739315,0.0035379306413233225,21.59604482650757,-0.03557324465655256,3e-05,2e-05,0.14804524667561053,0.4152852766215801,0.2765901111066341,0.045322444755584,0.11475692428648472,-3.492127545616815,40.25674347986771,30.806451612903224
1458,dynamic_joint,-8671.91285777092,1.0,0.3507483534514904,0.8610836774110794,0.269620331376791,0.014921110798604786,0.007621085923165086,21.99277060031891,-0.03353345374343917,3e-05,2e-05,0.14496920462697743,0.4166593551635742,0.2758556094020605,0.04560609050095081,0.11690974216908216,-4.104381876080471,40.648696025001854,31.25268817204301
1459,dynamic_joint,-8532.461130738258,1.0,0.3457046315073967,0.8638573929667472,0.2683269254863262,0.015473225945606827,0.014343840721994634,22.20759892463684,-0.03327045281257597,3e-05,2e-05,0.14235299415886402,0.4180035702884197,0.27262254916131495,0.04428343763574958,0.1227374441921711,-3.495726888971852,40.16034294115183,30.74731182795699
1460,dynamic_joint,-8736.705249547958,1.0,0.3472567029297352,0.8637234687805175,0.2673723079264164,0.01560632095206529,0.00899775745347143,20.258691954612733,-0.034884413424879315,3e-05,2e-05,0.14330303817987441,0.4210909239947796,0.2717973005026579,0.04474492259323597,0.1190638180822134,-3.7830673192314057,40.24800523417,31.41935483870968
1461,dynamic_joint,-8739.37631726265,1.0,0.3533388257026672,0.8607133105397224,0.2683276765048504,0.01552955904044211,0.008288298081606658,19.65903432369232,-0.03689355051028542,3e-05,2e-05,0.1457506051287055,0.41951506584882736,0.2696021445095539,0.046441505756229164,0.11869068425148725,-3.2461620268090416,40.73036104475008,31.35483870967742
1462,dynamic_joint,-8536.389569282532,1.0,0.3510788448154926,0.8619099125266075,0.2689824730157852,0.015626446064561605,0.009021148830652255,22.029278063774107,-0.03400220830153557,3e-05,2e-05,0.1423061488196254,0.42126678451895716,0.2723609983921051,0.045678737852722404,0.11838733218610287,-3.636414470315201,40.70665580203674,30.413978494623656
1463,dynamic_joint,-8519.159631967545,1.0,0.3494841180741787,0.8621995612978935,0.26792737916111947,0.01593808738980442,0.0043756526894867115,21.930427384376525,-0.03272140161425341,3e-05,2e-05,0.14150520823895932,0.42318631038069726,0.27181792035698893,0.045947042480111125,0.11754352860152721,-3.2787595599562693,40.7495506843323,30.70430107526882
1464,dynamic_joint,-8463.52553987503,1.0,0.3500719226896763,0.862064716219902,0.2716262683272362,0.015432008123025299,0.007979556731879667,21.03097939491272,-0.03371596138458699,3e-05,2e-05,0.14137709848582744,0.42085438743233683,0.2758076939731836,0.04563747085630894,0.11632334981113672,-3.745007638663579,40.39448898937099,30.4247311827957
1465,dynamic_joint,-8448.775524616241,1.0,0.3397244058549404,0.8667892023921013,0.2720973573625088,0.015129115199670196,0.013137031579390217,20.759722232818604,-0.03515281212894479,3e-05,2e-05,0.14012790638953448,0.41794981732964515,0.2803662922233343,0.04322271733544767,0.11833326742053032,-4.473734992592682,39.70045771483722,30.301075268817208
1466,dynamic_joint,-8568.172384262085,1.0,0.34779910296201705,0.8629299223423004,0.2688931621611118,0.015456051775254309,0.0137175937648863,19.789265584945678,-0.0367096361827862,3e-05,2e-05,0.13862157370895148,0.4206485725939274,0.27772217243909836,0.04738275846466422,0.1156249225139618,-4.085894196553143,40.23089317007738,30.795698924731184
1467,dynamic_joint,-8605.793608903885,1.0,0.34555561318993566,0.8646089971065521,0.26880296543240545,0.015431805164553225,0.003197000734508057,20.413755345344544,-0.03517862218432129,3e-05,2e-05,0.13925062101334335,0.42119131311774255,0.27814888171851637,0.045858470257371664,0.11555070709437132,-3.730490420169975,40.305197845139006,30.93548387096774
1468,dynamic_joint,-8661.706303596497,1.0,0.3458913013339043,0.8642975822091102,0.2697797238826752,0.015352428937330843,0.00729325441643601,21.66712589263916,-0.032924703002208844,3e-05,2e-05,0.1386369237676263,0.4196663394570351,0.27664092779159544,0.0477775139734149,0.11727829296141863,-3.875993719246127,39.455454924795184,31.06451612903226
1469,dynamic_joint,-8522.625594735146,1.0,0.3455286227166653,0.8646270677447319,0.27116522565484047,0.015099807968363166,0.01056854594498878,20.676455712318422,-0.03435515799938003,3e-05,2e-05,0.13959080614149572,0.4192337282001972,0.28097131922841073,0.045500148087739944,0.11470399796962738,-3.7904049414286773,40.440729829639864,30.5
1470,dynamic_joint,-8548.067359924316,1.0,0.34745525270700456,0.8630602225661278,0.27272808775305746,0.014940737839788198,0.005606303736567536,21.519435262680055,-0.034097416611621155,3e-05,2e-05,0.14161811377853156,0.4178098917007446,0.27959200404584406,0.045532514341175556,0.11544747613370418,-4.091479277331086,41.000706651592566,30.75806451612903
1471,dynamic_joint,-8311.806633710861,1.0,0.35194695740938187,0.8610524132847786,0.2740913785994053,0.014892561477608979,0.0090246410109103,20.955935263633727,-0.03415204595366959,3e-05,2e-05,0.1445258827880025,0.4189074538648129,0.28009899258613585,0.044466074090451,0.11200159508734941,-4.157938936132783,39.88790021432698,29.908602150537632
1472,dynamic_joint,-8584.562970399857,1.0,0.34671695679426195,0.8634683832526207,0.27169437780976297,0.015168319828808308,0.007511600013822298,21.474267315864562,-0.033153081266209486,3e-05,2e-05,0.14400456063449382,0.419475656747818,0.27694765478372574,0.04438293743878603,0.11518919561058283,-3.9381910447825796,41.13576049705123,30.698924731182796
1473,dynamic_joint,-8612.45275580883,1.0,0.35095870196819307,0.8616832166910171,0.2688961818814278,0.015149728138931095,0.00351043893024329,22.043131041526795,-0.033191019771038555,3e-05,2e-05,0.14418103024363518,0.4190538823604584,0.2758310057222843,0.04596168799325824,0.11497240029275417,-3.7599553808584374,40.37371994686383,30.827956989247312
1474,dynamic_joint,-8519.772901296616,1.0,0.3524682179093361,0.8611996367573738,0.2737106688320637,0.014720932813361287,0.012831778079271342,21.785066962242126,-0.033880168234463784,3e-05,2e-05,0.14179285541176795,0.4150261618196964,0.2805025354027748,0.04650675551965833,0.11617168579250574,-3.3961770905458515,40.045321020664026,30.763440860215052
1475,dynamic_joint,-8336.582515716553,1.0,0.3510843388736248,0.862186861038208,0.2710302256047726,0.01505102904047817,0.009346107766032202,21.34492220878601,-0.03510403292020783,3e-05,2e-05,0.14218463152647018,0.4167378917336464,0.27582948803901675,0.048267994355410335,0.11698000133037567,-3.328763724011764,41.005089746644586,29.758064516129036
1476,dynamic_joint,-8521.627506136894,1.0,0.3498426601290703,0.8624792113900185,0.2689163774251938,0.015522089786827564,0.010070395749062308,21.23177487850189,-0.033167817833600566,3e-05,2e-05,0.1432030290365219,0.4207546904683113,0.2726508338004351,0.047680818289518354,0.11571063213050366,-3.4606022601009174,41.210227756690756,30.403225806451612
1477,dynamic_joint,-8623.970493793488,1.0,0.3487862467765808,0.8626204237341881,0.2700350657105446,0.015519432607106864,0.013887504814192618,20.733062624931335,-0.0350039251439739,3e-05,2e-05,0.13677023127675056,0.42133477330207825,0.27845411002635956,0.04716986292041838,0.11627102475613356,-3.8748810762917056,40.94215289291104,31.010752688172044
1478,dynamic_joint,-8483.588646888733,1.0,0.34972630217671397,0.8625665515661239,0.2726370207965374,0.015027237148024142,0.0098914058879018,22.097832489013673,-0.033415508161124305,3e-05,2e-05,0.13910474237054588,0.41803690493106843,0.28106530085206033,0.04684692402370274,0.1149461280554533,-3.8472554336063123,40.6762586496251,30.618279569892472
1479,dynamic_joint,-8400.24570441246,1.0,0.35170815512537956,0.8611525550484658,0.26989645734429357,0.015370169607922434,0.011532107228413205,21.94809103012085,-0.033484026296355295,3e-05,2e-05,0.14110365305095912,0.4204575404524803,0.277011414244771,0.045134761929512025,0.11629264038056135,-3.0273249066653345,40.35122900392269,30.06989247311828
1480,dynamic_joint,-8457.347535848618,1.0,0.3513226084411144,0.8613427668809891,0.27084576785564424,0.01543742644134909,0.004411090118810558,20.48888318538666,-0.03452673011779552,3e-05,2e-05,0.13966944050043822,0.4210628494620323,0.27861164435744284,0.044375057751312855,0.11628100611269473,-3.2362486603528424,41.06350644195898,30.462365591397848
1481,dynamic_joint,-8533.90897846222,1.0,0.3511503838002682,0.8613674834370613,0.26994419321417806,0.015187371359206735,0.006260555144399431,20.242564725875855,-0.03395997946499847,3e-05,2e-05,0.13862298168241977,0.4189790315926075,0.2791708342730999,0.045760753704234956,0.11746639870107174,-3.7704460429577438,40.79642982006379,30.655913978494624
1482,dynamic_joint,-8644.928925037384,1.0,0.3490021377801895,0.8621381968259811,0.2732278972864151,0.014634131523780524,0.013059289427474134,21.72643909454346,-0.03494114286149852,3e-05,2e-05,0.14088776465505362,0.4151793546974659,0.28343569710850713,0.04442989761009812,0.11606728807091712,-3.861421184536488,40.36482926970578,30.967741935483872
1483,dynamic_joint,-8403.997960448265,1.0,0.35215639024972917,0.8610591650009155,0.2722841054201126,0.015372853539884091,0.012957200547680216,20.55260076522827,-0.037370252702385184,3e-05,2e-05,0.14078490920364856,0.4216579534113407,0.2790305696427822,0.04406657940708101,0.11445998735725879,-3.6596795388510044,40.65486743294219,30.231182795698924
1484,dynamic_joint,-8380.302138209343,1.0,0.35076984763145447,0.8618595853447915,0.27127531096339225,0.015078671230003237,0.006618486577644932,20.74519226551056,-0.03420521298539825,3e-05,2e-05,0.14059066232293843,0.41854296028614046,0.280298662930727,0.044385028816759584,0.11618269123136997,-3.4936458896159186,40.35441830864505,29.956989247311828
1485,dynamic_joint,-8316.33303451538,1.0,0.34603665098547937,0.8633599892258644,0.271419183164835,0.015638502757065,0.010861904080957163,20.625166416168213,-0.035097974690143016,3e-05,2e-05,0.1377274015918374,0.4226990878582001,0.27811172008514407,0.045659849885851145,0.11580193936824798,-3.629842117646335,40.37679115673266,29.838709677419356
1486,dynamic_joint,-8512.15441429615,1.0,0.346255025267601,0.8632063299417496,0.27551140263676643,0.015221801353618503,0.010627607814967618,20.70946886539459,-0.03432055970770307,3e-05,2e-05,0.13730619698762894,0.4211779087781906,0.28262592405080794,0.046459450107067826,0.11243051942437887,-3.1514112675740504,40.62645483394037,30.559139784946236
1487,dynamic_joint,-8223.48470544815,1.0,0.34687472358345983,0.863132755458355,0.2716690510511398,0.015073444531299173,0.005355927441269143,20.489960169792177,-0.03518257560353959,3e-05,2e-05,0.13796417117118837,0.41977364420890806,0.28245012611150744,0.04847944229841232,0.1113326208665967,-3.3332681475634,40.09194534019811,29.327956989247312
1488,dynamic_joint,-8595.073778390884,1.0,0.3477217830717564,0.8631154969334602,0.27298927679657936,0.014938180102035403,0.0035455896519124147,21.39589786529541,-0.03486920894065406,3e-05,2e-05,0.13752102833241225,0.41844398975372316,0.2833240792155266,0.04873009463772178,0.11198080778121948,-3.3673596143190667,40.80278805740716,30.94086021505376
1489,dynamic_joint,-8481.99473786354,1.0,0.34641926661133765,0.8643664747476578,0.27139737233519556,0.015281802183017135,0.007794222608208647,23.99172372817993,-0.0332784923921281,3e-05,2e-05,0.1383894370868802,0.4214726909995079,0.28045592829585075,0.048400476668030025,0.11128146406263113,-3.1733776252000823,40.768780609338975,30.446236559139784
1490,dynamic_joint,-8401.208903074265,1.0,0.34773009493947027,0.8633330971002579,0.2706588290631771,0.015290320455096661,0.0032179722562431998,21.99450030326843,-0.03598884777748026,3e-05,2e-05,0.13754892945289612,0.42103496119379996,0.28062120676040647,0.04806973086670041,0.11272517461329698,-3.400342222413825,40.44876912385663,30.010752688172044
1491,dynamic_joint,-8255.073744654655,1.0,0.3492059573531151,0.8622818976640702,0.2722767785191536,0.01537047722376883,0.007560275774449135,20.517214584350587,-0.03560552159615327,3e-05,2e-05,0.1398345021530986,0.42220071107149126,0.2788024008274078,0.048398546129465106,0.11076384261250496,-2.925942679694238,40.5137941085305,29.661290322580648
1492,dynamic_joint,-8396.217199802399,1.0,0.3506834842264652,0.8619189977645874,0.26941631734371185,0.01559897216502577,0.007301229983568108,22.589422202110292,-0.033519817737396804,3e-05,2e-05,0.13918361403048038,0.4225392811000347,0.2763822764158249,0.04781894478946924,0.11407588869333267,-3.5932019683636796,39.6903383387085,30.150537634408604
1493,dynamic_joint,-8444.432010173798,1.0,0.35065749287605286,0.8620355486869812,0.2715660534799099,0.015378165966831147,0.01119849309325218,22.718147563934327,-0.0349041406338074,3e-05,2e-05,0.14187563955783844,0.42310394793748857,0.27859025113284586,0.047953523322939874,0.108476641215384,-3.701448753366211,40.60343462283967,30.36021505376344
1494,dynamic_joint,-8417.734580278397,1.0,0.3554138593375683,0.859223872423172,0.27081036269664766,0.01476659276522696,0.01615972789004444,21.232143807411195,-0.035910873231478034,3e-05,2e-05,0.14428627472370864,0.4161957874894142,0.2782257363200188,0.04714633254334331,0.11414586789906025,-3.614151201415864,40.368925586884515,30.268817204301072
1495,dynamic_joint,-8385.65201163292,1.0,0.35111815854907036,0.8618967458605766,0.2723890908062458,0.015103728417307139,0.006985456869006167,22.008674597740175,-0.03491387717658654,3e-05,2e-05,0.14277552608400584,0.4193423815071583,0.27857187278568746,0.04669098062440753,0.11261924207210541,-3.3659452118840965,40.37060575011493,30.268817204301072
1496,dynamic_joint,-8343.741537690163,1.0,0.35011514499783514,0.8626164019107818,0.2724790647625923,0.01532975200098008,0.0063789614476263135,22.469956755638123,-0.03505901549360715,3e-05,2e-05,0.1441808134317398,0.42099100053310395,0.27540107518434526,0.046672295033931735,0.11275481395423412,-3.533067903245001,40.589278494762965,30.010752688172044
1497,dynamic_joint,-8409.058004379272,1.0,0.3508735910058022,0.861308342218399,0.2701030418276787,0.015463444078341127,0.003441602643579268,21.806692266464232,-0.034924890170805155,3e-05,2e-05,0.14413028880953788,0.4221047282218933,0.2737308032810688,0.04686556300148368,0.1131686244159937,-3.58844448309995,40.69305526005431,30.134408602150536
1498,dynamic_joint,-8353.304524898529,1.0,0.3496474400162697,0.8624813184142113,0.2711187288165092,0.015196405234746635,0.01633464205078783,22.133338856697083,-0.03546074393671006,3e-05,2e-05,0.14119997937232256,0.4200190149247646,0.27985074147582056,0.0437142591457814,0.11521600168198347,-3.3603214025294674,40.54768712114883,30.00537634408602
1499,dynamic_joint,-8384.398450255394,1.0,0.34969041123986244,0.8625058278441429,0.27226078435778617,0.015122203691862523,0.007030134415253998,22.373134803771972,-0.03638097122311592,3e-05,2e-05,0.14034682065248488,0.42046447545289994,0.28106504417955874,0.04556956635788083,0.11255409643054008,-3.6409258724571125,40.58615404762971,30.14516129032258
1500,dynamic_joint,-8593.914983510971,1.0,0.3475057609379292,0.8627479419112205,0.2679572492837906,0.015609535179100931,0.012359812436625359,21.777818703651427,-0.0367973874672316,3e-05,2e-05,0.141526554338634,0.4230546370148659,0.2763137731701136,0.0441409261431545,0.11496410239487886,-3.8517257099886826,40.19194011159724,30.602150537634408
