episode,phase,episode_reward_sum,router_alpha,gate_entropy,gate_max,gate_static_weight,gate_balance_loss,expert_usage_l1_delta,actor_grad_norm,policy_loss,lr_experts,lr_router,expert_0_mean,expert_1_mean,expert_2_mean,expert_3_mean,expert_4_mean,primary/load_tracking/nmbe_pct,primary/load_tracking/cv_rmse_pct,primary/thermal_comfort/portfolio_exceedance_pct
1,router_only,-6594.251504778862,0.5,1.2234627157449722,0.6019530385732651,0.6019530385732651,0.003170222125481814,0.0,0.09323407355695963,-0.0003996801489847712,0.0,0.0001,0.21882061362266542,0.20058762952685355,0.30621884688735007,0.13311568945646285,0.14125722460448742,-0.5354632449238813,36.36447465561465,23.311827956989248
2,router_only,-6362.633034706116,0.503333330154419,1.215003091096878,0.6044174611568451,0.6044174611568451,0.0024788329494185744,0.03466125577688217,0.08837043074890971,9.805013396544383e-05,0.0,0.0001,0.21678576469421387,0.20219749212265015,0.32003995329141616,0.11781990714371204,0.14315688014030456,-0.36377395287280445,35.3442453611574,22.5752688172043
3,router_only,-6207.7692766189575,0.5066666603088379,1.2008608013391495,0.6074051111936569,0.6074051111936569,0.0019832754624076188,0.035657598823308975,0.09291142225265503,0.00014826011970399123,0.0,0.0001,0.21417673006653787,0.20426820032298565,0.33363748118281367,0.10260014310479164,0.1453174442052841,0.18334055703640173,35.06864182075056,21.77956989247312
4,router_only,-6084.14164763689,0.5099999904632568,1.1782300263643264,0.6123707294464111,0.6123707294464111,0.001521952441544272,0.039970125630497955,0.09886050131171942,-0.0007046024613373448,0.0,0.0001,0.20774087607860564,0.20534310676157475,0.3525476396083832,0.09036416076123714,0.1440042197704315,0.6752952665298089,34.5276291385779,21.655913978494624
5,router_only,-5706.020360827446,0.5133333206176758,1.1483237385749816,0.6190810173749923,0.6190810173749923,0.0012081129214493557,0.04791507422924039,0.09982577487826347,-0.0008358757261703431,0.0,0.0001,0.1978573888540268,0.2062944009900093,0.3755538836121559,0.08096564039587975,0.13932869136333464,0.9818615755354296,34.70281141274679,20.043010752688172
6,router_only,-5708.40584397316,0.5166666507720947,1.1146923363208772,0.6250538200139999,0.6250538200139999,0.0011325467901770025,0.051483021676540355,0.10396497454494238,-0.0004850580511629232,0.0,0.0001,0.18796565793454648,0.20469434820115567,0.40129539370536804,0.07310490049421788,0.13293970339000225,1.462408137947947,34.277095070205434,20.241935483870968
7,router_only,-5464.837490677834,0.5199999809265137,1.065763035416603,0.6346651792526246,0.6346651792526246,0.0013356084557017312,0.06642429940402508,0.11461916826665401,-0.0018184454042057042,0.0,0.0001,0.18175273090600969,0.19603474698960782,0.4345075458288193,0.06667486131191254,0.12103012353181838,1.3458104709626895,34.61005220086931,19.161290322580644
8,router_only,-5442.831390082836,0.5233333110809326,1.0353486388921738,0.6395060941576958,0.6395060941576958,0.001641323321382515,0.041067010257393094,0.10585121922194958,-0.0016477654280606657,0.0,0.0001,0.18076133877038955,0.18844276182353498,0.45504104942083357,0.0617939910851419,0.11396086439490319,1.288132166982984,33.785740051152374,19.236559139784944
9,router_only,-5478.622079491615,0.5266666412353516,1.0045246630907059,0.646212013065815,0.646212013065815,0.0019391123234527186,0.033605755213648156,0.10350715927779675,-0.001774872824898921,0.0,0.0001,0.18283125050365925,0.18262491300702094,0.4697740197181702,0.05785030703991652,0.10691952407360077,1.528762602378706,33.18739947852332,19.440860215053764
10,router_only,-5467.902054786682,0.5299999713897705,0.9812845826148987,0.6504115715622902,0.6504115715622902,0.002312188735231757,0.023343932628631603,0.10198726430535317,-0.00183740920292621,0.0,0.0001,0.17856094911694526,0.1839030772447586,0.48016781732439995,0.055638278089463714,0.1017298836261034,1.5454868237127248,33.24096157935172,19.29032258064516
11,router_only,-5172.4482553601265,0.5333333611488342,0.948703607916832,0.6530988395214081,0.6530988395214081,0.003199830197263509,0.03788965195417403,0.10137191358953715,-0.0018458637379808352,0.0,0.0001,0.17066634073853493,0.1826338067650795,0.4991126410663128,0.05251040328294039,0.09507680907845498,2.1201607657132437,33.42628169666139,17.940860215053764
12,router_only,-5157.3220155239105,0.5366666913032532,0.924544820189476,0.6534985587000847,0.6534975841641426,0.00419959164573811,0.034059458971023616,0.1069805834442377,-0.0016244553029537202,0.0,0.0001,0.16431197449564933,0.17403659783303738,0.5161423712968827,0.05100279822945595,0.0945062605664134,1.8847155436825604,33.33255240908796,18.0
13,router_only,-5231.8422266840935,0.5400000214576721,0.8976292386651039,0.6581929638981819,0.6581835329532624,0.005035731627140194,0.026201873924583195,0.10380072556436062,-0.0016558187980990624,0.0,0.0001,0.16146084405481814,0.1663761954754591,0.5292433083057404,0.04961089296266437,0.09330876171588898,1.5685272750837913,33.866267222986714,18.306451612903228
14,router_only,-4933.684339225292,0.5433333516120911,0.8552330359816551,0.6636434853076935,0.6635913670063018,0.006515839870553463,0.04138041557744136,0.09956600926816464,-0.0016391129756812006,0.0,0.0001,0.15364800542593002,0.1617061447352171,0.5499335214495659,0.04757028445601463,0.08714205715805293,2.0905262832660507,33.11628982842703,17.172043010752688
15,router_only,-4943.442418515682,0.54666668176651,0.8325030446052551,0.667362205684185,0.6672892421483994,0.007195769110694528,0.018853586539626106,0.09415862374007702,-0.0014353520426084287,0.0,0.0001,0.15252224393188954,0.15825675018131732,0.5593603074550628,0.04605275262147188,0.08380794450640679,1.616856263980649,33.09353271020219,17.338709677419356
16,router_only,-4940.520738482475,0.550000011920929,0.8179637864232063,0.6693411722779274,0.669256491959095,0.007553560950327665,0.010092852357775066,0.0895499287173152,-0.00129882027667918,0.0,0.0001,0.15183965489268303,0.15827835202217103,0.5643851324915886,0.04502944303676486,0.08046741764992475,1.768830299797683,32.57341254467526,17.32258064516129
17,router_only,-5236.959564805031,0.5533333420753479,0.8037111610174179,0.6679248809814453,0.667701530456543,0.008327385492157191,0.01709509948268531,0.09621430514380336,-0.0017826231563958573,0.0,0.0001,0.1474192500114441,0.15698004737496377,0.5729326844215393,0.04434825759381056,0.07831976506859065,1.8851269253731169,33.53100725735337,18.301075268817204
18,router_only,-5035.950135588646,0.5566666722297668,0.8062332525849343,0.666837315261364,0.6665922030806541,0.008112626837100834,0.011172382254153568,0.10085150711238385,-0.0015081596880918368,0.0,0.0001,0.14692200310528278,0.1625662349164486,0.5706920742988586,0.043817352037876844,0.07600233294069766,1.7934358984693173,33.04083498624183,17.591397849462364
19,router_only,-4964.836571037769,0.5600000023841858,0.7834495931863785,0.6673118248581886,0.6666362509131432,0.009105071309022605,0.021711520291864926,0.09338879063725472,-0.001414522679988295,0.0,0.0001,0.1420502584427595,0.16189013756811618,0.5815478354692459,0.04262299379333854,0.07188877407461405,2.1480467100708074,33.182391955542954,17.360215053763444
20,router_only,-5061.004104852676,0.5633333325386047,0.7705333724617958,0.6698917672038078,0.6690315634012223,0.009490280668251217,0.00871652513742447,0.09415852781385184,-0.0012062640529620695,0.0,0.0001,0.14092256166040898,0.1609647985547781,0.5859060987830162,0.04194801459088922,0.07025852724909783,2.066636325252017,33.1070044658783,17.741935483870968
21,router_only,-5078.09088486433,0.5666666626930237,0.7551694393157959,0.6718651756644249,0.6704730093479156,0.010087521094828845,0.01347800875082611,0.09249540530145169,-0.0014376603940036148,0.0,0.0001,0.1406787894666195,0.15800236649811267,0.592645101249218,0.04081147722899914,0.06786226257681846,2.194422050249871,32.51171426943944,17.693548387096776
22,router_only,-4970.911701083183,0.5699999928474426,0.7455465823411942,0.6722041502594948,0.669778986275196,0.010618464392609894,0.01012488268315788,0.10220020432025194,-0.001448865284328349,0.0,0.0001,0.13818003796041012,0.15687642022967338,0.5977075457572937,0.0399472501128912,0.06728874929249287,2.1380293177919647,33.028785995042725,17.32258064516129
23,router_only,-4905.286763489246,0.5733333230018616,0.7354111164808274,0.6735328689217568,0.6702330186963081,0.010939109395258129,0.00980355674400931,0.09142801938578486,-0.0010799428913742305,0.0,0.0001,0.13625661209225653,0.15867878794670104,0.6008069530129433,0.03909822730347514,0.06515941619873047,2.1612800150002984,33.189342713934714,17.053763440860216
24,router_only,-5006.567769348621,0.5766666531562805,0.723650012910366,0.6729939222335816,0.6680877491831779,0.011598322819918395,0.017970989830791977,0.10624672789126635,-0.0015655124996555969,0.0,0.0001,0.1323289353400469,0.16161215528845788,0.6068590834736824,0.038222739845514296,0.060977088380604984,1.9998303343869606,32.94086333059427,17.408602150537632
25,router_only,-4866.840779781342,0.5799999833106995,0.7204790905117988,0.6725333124399185,0.6661967962980271,0.011724244593642652,0.010359780117869373,0.09466513097286225,-0.0016514338414708619,0.0,0.0001,0.1294381894171238,0.16626166440546514,0.6073894664645195,0.03744566822424531,0.05946501791477203,1.9765316747255322,32.144554495995656,16.951612903225808
26,router_only,-5035.0091329813,0.5833333134651184,0.7196329191327095,0.6734481409192086,0.6659099251031876,0.011687691998668015,0.002198717184364804,0.09544265810400247,-0.0017776647073333152,0.0,0.0001,0.13053754568099976,0.16562578938901423,0.6073674067854882,0.03714421205222607,0.0593250478617847,2.0527761482897287,32.84097312998595,17.56989247311828
27,router_only,-4960.952730417252,0.5866666436195374,0.730892938375473,0.6737375393509865,0.6665289178490639,0.010700060706585645,0.019113351870328213,0.10544040407985449,-0.0016497088072355837,0.0,0.0001,0.13450250960886478,0.16960394755005836,0.5979566290974617,0.0369983134791255,0.06093860138207674,1.9676845042040652,32.447641826194904,17.36559139784946
28,router_only,-4797.181944668293,0.5899999737739563,0.7165979698300362,0.676078300178051,0.6672030195593834,0.011277998378500343,0.011895567085593882,0.10167651139199733,-0.0013131649386195932,0.0,0.0001,0.13343286290764808,0.1672426551580429,0.603904415667057,0.03627542089670897,0.05914465254172683,2.2710812485949243,33.23186054822888,16.74731182795699
29,router_only,-4975.476441919804,0.5933333039283752,0.7217013016343117,0.6797516822814942,0.671020521223545,0.010261178715154529,0.022235523909330382,0.11445763446390629,-0.0024214456148911267,0.0,0.0001,0.13448670729994774,0.17697525024414062,0.5929727151989936,0.036089354660362005,0.05947597026824951,2.1241855416820434,33.07271566099806,17.408602150537632
30,router_only,-5016.528402805328,0.596666693687439,0.7131550416350365,0.6842546328902245,0.6756395369768142,0.010075535625219345,0.006310553289949797,0.10676299445331097,-0.0019264303082309198,0.0,0.0001,0.13642736300826072,0.17818987406790257,0.5915970832109452,0.03549311608076096,0.058292567078024146,2.3068374172609882,32.665059542903265,17.419354838709676
31,router_only,-4825.206115305424,0.6000000238418579,0.7141730844974518,0.6880691587924957,0.6787798509001732,0.00944638061337173,0.013075734954327428,0.10172341335564852,-0.0014892083028826165,0.0,0.0001,0.14002212658524513,0.18080343082547187,0.5854040876030921,0.03514824528247118,0.058622115291655064,2.5718967923919434,33.19326581490319,16.591397849462368
32,router_only,-4676.226540386677,0.6033333539962769,0.7109056726098061,0.6937861040234565,0.6834591075778007,0.008797844150103628,0.015378836635500104,0.10393504146486521,-0.0019097628888630424,0.0,0.0001,0.1424845542758703,0.18603042513132095,0.5781818583607674,0.03472455898299813,0.058578616194427016,2.6505175291970824,32.8527565028837,15.86021505376344
33,router_only,-4973.283095955849,0.6066666841506958,0.7072250857949257,0.6994394525885582,0.6898497208952904,0.00802871452178806,0.02066011130809793,0.10722566414624453,-0.002128599122079322,0.0,0.0001,0.143842002004385,0.19409233555197716,0.5682742714881897,0.03430208675563336,0.05948931025341153,2.1881416208167686,33.35065789887214,17.13978494623656
34,router_only,-4847.386436343193,0.6100000143051147,0.7008145704865456,0.7061922371387481,0.6973663002252579,0.007108839706052095,0.02524768421426412,0.11419486477971078,-0.0017497620479844044,0.0,0.0001,0.14787445813417435,0.2026837170124054,0.5562693253159523,0.03402604795992374,0.059146448597311975,2.432514844374679,33.433272391722824,16.7741935483871
35,router_only,-4862.064319014549,0.6133333444595337,0.6775751173496246,0.7100731208920479,0.6978522375226021,0.008141997852362692,0.02339590368792418,0.12552707381546496,-0.0021258413325995207,0.0,0.0001,0.1420138869434595,0.20170445293188094,0.5679672822356224,0.03353840317577124,0.05477598188444972,2.4158840399865973,33.409625475473284,16.838709677419356
36,router_only,-4682.567959785461,0.6166666746139526,0.6695428997278213,0.7158403098583221,0.7039892464876175,0.007782382296863943,0.009196130186319394,0.11004311665892601,-0.001955212115717586,0.0,0.0001,0.14611492529511452,0.2001718781888485,0.5651603326201439,0.03327985815703869,0.055273004341870546,2.253306505846842,33.21491135038616,15.876344086021504
37,router_only,-4800.891325652599,0.6200000047683716,0.6593271926045418,0.719582861661911,0.7046867072582245,0.007948261231649666,0.007725861575454469,0.10978713668882847,-0.0017241209050553152,0.0,0.0001,0.1424941524863243,0.20282342955470084,0.5655821904540062,0.033037700969725844,0.056062526721507314,2.0447613042356516,33.045942071864026,16.591397849462368
38,router_only,-4860.811945199966,0.6233333349227905,0.6482370719313622,0.7247603803873062,0.7088966056704521,0.007960469729732722,0.01031553940847519,0.10842780880630017,-0.002115378030612192,0.0,0.0001,0.14569997414946556,0.19847530424594878,0.567534139752388,0.03295308742672205,0.055337497126311065,2.28645319983673,33.250093763469806,16.693548387096772
39,router_only,-4825.792829632759,0.6266666650772095,0.6362714603543281,0.7311393782496453,0.7142499178647995,0.007781161752063781,0.00505644464865327,0.10413903351873159,-0.0015909094654489309,0.0,0.0001,0.1462391659617424,0.20039328411221505,0.5651524215936661,0.03302413485944271,0.05519098974764347,2.7913128885362597,33.0900631202345,16.811827956989248
40,router_only,-4841.267085552216,0.6299999952316284,0.6262750312685966,0.7388063102960587,0.7220577895641327,0.007153424527496099,0.014427756145596514,0.11137669254094362,-0.0018916800399892963,0.0,0.0001,0.15305503234267234,0.2007913004606962,0.5590576723217964,0.03296317886561155,0.05413282159715891,2.0272938048475924,33.393239776728294,16.5752688172043
41,router_only,-4704.930887043476,0.6333333253860474,0.6167353898286819,0.7431778386235237,0.7254572033882141,0.0071044178446754815,0.00488909827545294,0.09956482145935297,-0.001613656482368242,0.0,0.0001,0.15533882081508638,0.20014065727591515,0.5592184320092202,0.03277076939120889,0.05253132414072752,2.097850105671034,33.40421551869972,15.973118279569892
42,router_only,-4595.960146784782,0.6366666555404663,0.61509118527174,0.7429120078682899,0.7232258453965187,0.007392297347541899,0.008842875529080634,0.10542871039360761,-0.0019636146767879835,0.0,0.0001,0.15278732888400554,0.2018433164805174,0.5619372144341469,0.03250358179211617,0.05092856977134943,2.5321596469827443,33.65374106232398,15.559139784946236
43,router_only,-4717.725436925888,0.6399999856948853,0.6154230892658233,0.745734578371048,0.7274593591690064,0.0063813112094067035,0.03258622447028764,0.11114972233772277,-0.002435942912416067,0.0,0.0001,0.1554226916283369,0.21529821306467056,0.5460335507988929,0.03211413091048598,0.05113142039626837,2.5807922264708694,33.22136996552507,16.161290322580648
44,router_only,-4660.030961036682,0.6433333158493042,0.6055099159479141,0.7491328686475753,0.7315490484237671,0.006108618539292366,0.01668885089457034,0.10434275325387717,-0.0020383509836392477,0.0,0.0001,0.1545850433409214,0.22364263907074927,0.5394176363945007,0.031770157627761364,0.050584531482309104,2.2455132954664063,33.0641417436058,15.876344086021504
45,router_only,-4605.79569542408,0.6466666460037231,0.6032739713788032,0.7491339057683944,0.7296431869268417,0.006510151911061257,0.010266906721517532,0.1183164505288005,-0.002667253994877683,0.0,0.0001,0.14995605647563934,0.22368814051151276,0.5436753123998642,0.0312656840775162,0.051414800342172384,2.2534841808988895,33.318230165346705,15.698924731182796
46,router_only,-4638.072008907795,0.6499999761581421,0.6021857216954232,0.7501703098416328,0.7295177981257439,0.0067744350177235905,0.010017108824104032,0.10688107404857874,-0.001961694260535296,0.0,0.0001,0.14546178802847862,0.22625942751765252,0.5450109973549843,0.030751403560861944,0.05251638824120164,2.2368107279657834,33.40298802162254,15.838709677419354
47,router_only,-4673.217234075069,0.653333306312561,0.6071224257349968,0.750163845717907,0.7311005741357803,0.006157599936705083,0.029188260203227394,0.10841823220252991,-0.002110215989523567,0.0,0.0001,0.14478705413639545,0.23727626726031303,0.5314140006899833,0.030429002828896046,0.056093677412718534,2.261630123148591,33.54439649787433,15.838709677419354
48,router_only,-4723.438553214073,0.6566666960716248,0.6027350768446922,0.750745789706707,0.7288089409470558,0.006537890317849815,0.012117081740871123,0.11507845167070627,-0.0019766617893765214,0.0,0.0001,0.14119369797408582,0.23522557877004147,0.5365049198269844,0.030014506774023175,0.057061299309134485,2.369208175090811,33.39995599194439,16.21505376344086
49,router_only,-4578.25051087141,0.6600000262260437,0.5984075769782067,0.75326077491045,0.7302341759204865,0.0062344585196115075,0.013532007206231371,0.1138030968606472,-0.0021786187276120472,0.0,0.0001,0.14179152809083462,0.23969731889665127,0.5301612034440041,0.02959222192876041,0.058757735043764116,2.647057401619779,33.49525956954604,15.60215053763441
50,router_only,-4515.411161005497,0.6633333563804626,0.5887184739112854,0.7569300800561904,0.7339711099863052,0.006135948037263006,0.005661945324391106,0.11729096379131079,-0.0021010281285271048,0.0,0.0001,0.1424377404153347,0.24188207760453223,0.5278423741459847,0.029249186301603912,0.05858862567692995,2.5937057017244127,33.367415380053735,15.317204301075268
51,router_only,-4595.5664893984795,0.6666666865348816,0.5876020789146423,0.7578586012125015,0.7369429513812065,0.005696368345525116,0.02044214657507844,0.1259218567982316,-0.002493713696890154,0.0,0.0001,0.14476658403873444,0.24946554228663445,0.5177710562944412,0.029099430702626706,0.058897390495985746,2.5684383895879024,33.49574713631202,15.672043010752686
52,router_only,-4563.0266063809395,0.6700000166893005,0.5872737258672714,0.7588900417089463,0.7399745911359787,0.00534764495678246,0.012451996188610766,0.11008206401020289,-0.002505211422976572,0.0,0.0001,0.14774479605257512,0.2521291233599186,0.5116130277514458,0.02903145905584097,0.059481593407690526,3.211379099661317,33.356961976417296,15.516129032258064
53,router_only,-4592.559422791004,0.6733333468437195,0.5901566833257675,0.7589122161269188,0.7439081475138665,0.004780817043501884,0.02176812505349517,0.12069971226155758,-0.002757892821318819,0.0,0.0001,0.1523723267018795,0.2556436635553837,0.5008012890815735,0.028959137480705978,0.06222358737140894,2.6693002393137886,34.08306620463625,15.553763440860216
54,router_only,-4592.957429647446,0.6766666769981384,0.593837684392929,0.7585433751344681,0.7444027557969093,0.004713184025604278,0.01021969844587144,0.11784388218075037,-0.0024490575760864886,0.0,0.0001,0.1504101749509573,0.2557868495583534,0.497972958534956,0.02863976643420756,0.06719024647027254,2.5896718339788025,34.224864279900366,15.63978494623656
55,router_only,-4495.228294670582,0.6800000071525574,0.5926323622465134,0.7577337518334388,0.7435134291648865,0.004889812634792179,0.007276394730433823,0.13388011530041694,-0.0026482133820536547,0.0,0.0001,0.14723157398402692,0.25694877058267596,0.49872409403324125,0.028180174250155687,0.0689153915271163,2.8367758019430327,34.01958031780112,15.284946236559142
56,router_only,-4415.21626919508,0.6833333373069763,0.5845255255699158,0.7603481501340866,0.743726409971714,0.005238015844952315,0.015419364348054018,0.13565880805253983,-0.002806673647137359,0.0,0.0001,0.14519014321267604,0.2541262611746788,0.5064337737858295,0.027866364922374487,0.06638345643877983,2.842275463856519,33.26426882840115,14.951612903225806
57,router_only,-4545.802489697933,0.6866666674613953,0.5805128440260887,0.7628527611494065,0.7461877629160881,0.005020586086902768,0.006928182533010797,0.11640378795564174,-0.002103299734335451,0.0,0.0001,0.14865423887968063,0.25321546085178853,0.5046618446707726,0.027599239209666847,0.06586922472342849,3.00496813172292,33.573258990926995,15.526881720430108
58,router_only,-4485.511322617531,0.6899999976158142,0.5738976314663887,0.7642293184995651,0.7440698862075805,0.005375550175085664,0.01615911084227267,0.12547320909798146,-0.0025764034129679204,0.0,0.0001,0.14663252867758275,0.2486793056130409,0.5127413973212243,0.02707619545981288,0.06487057572230696,2.8367090260445598,34.189684149070345,15.263440860215056
59,router_only,-4568.697100698948,0.6933333277702332,0.5697439461946487,0.766712075471878,0.7468467980623246,0.00515522692585364,0.008094892278313646,0.1170935919508338,-0.002378854900234728,0.0,0.0001,0.14967729523777962,0.2496819853782654,0.5097269743680954,0.026758454460650682,0.06415529372170567,3.012754438059377,33.472392643693524,15.634408602150538
60,router_only,-4459.075377821922,0.6966666579246521,0.5678878709673881,0.7682033002376556,0.7471394047141076,0.005060234933625907,0.003740536933764905,0.11444159150123596,-0.0022062599720811702,0.0,0.0001,0.1509137649089098,0.2491017859429121,0.5087489977478981,0.02644635862670839,0.06478908909484744,3.0911577861129342,33.59725434589358,15.026881720430108
61,router_only,-4375.569278240204,0.699999988079071,0.5694313377141953,0.7691523998975753,0.7493844106793404,0.004757835599593818,0.012982071470469248,0.12002492267638445,-0.002646262185407977,0.0,0.0001,0.1519509803503752,0.24846129231154918,0.5032044783234596,0.026140345772728325,0.07024291921406985,2.7228240413409246,33.177341727490166,14.849462365591398
62,router_only,-4393.171153724194,0.70333331823349,0.5634993195533753,0.7716524749994278,0.7533388420939445,0.004424889327492565,0.013443156238645258,0.11888905633240938,-0.002921877201879397,0.0,0.0001,0.1549521628767252,0.24713255129754544,0.4982781641185284,0.025673815282061696,0.0739633072167635,3.059174531756049,33.60589088969596,14.881720430107526
63,router_only,-4385.997999668121,0.7066666483879089,0.5522480413317681,0.7749566569924354,0.7556129038333893,0.004356024845037609,0.008318511443212624,0.1255484987050295,-0.0028747618169290947,0.0,0.0001,0.15609464943408966,0.24351146668195725,0.49895562008023264,0.02513564396649599,0.07630262020975351,2.7385804563156655,33.95707697009052,14.849462365591398
64,router_only,-4234.004616498947,0.7099999785423279,0.5482730984687805,0.7768913477659225,0.7556345850229264,0.004158527875551954,0.011874371441081166,0.11474259719252586,-0.0026522797008510677,0.0,0.0001,0.15765050426125526,0.24696379639208316,0.49338326677680017,0.024770813016220927,0.07723162285983562,3.1751260544072575,33.66862783319367,14.306451612903226
65,router_only,-4406.6664929986,0.7133333086967468,0.5470410257577896,0.7772406294941903,0.7554204821586609,0.004178231133846566,0.003527873707935187,0.1191488679498434,-0.0026459396176505834,0.0,0.0001,0.1569821260869503,0.2462093945592642,0.49352164939045906,0.024429659731686114,0.07885718066245317,2.6813480295969603,33.75077196849598,14.967741935483872
66,router_only,-4504.682200670242,0.7166666388511658,0.5469770297408104,0.779479131102562,0.7587788954377175,0.0037335324741434306,0.019988507358357253,0.12324531432241201,-0.0026885490711720194,0.0,0.0001,0.16155146583914756,0.24824440032243728,0.4836966559290886,0.024260393390432,0.08224708270281553,3.112731624309478,34.1520935373929,15.17204301075269
67,router_only,-4323.069353222847,0.7200000286102295,0.5417112961411477,0.7816812366247177,0.7594271838665009,0.0037007885752245785,0.0036430519539863253,0.12429141271859408,-0.0027198679710636496,0.0,0.0001,0.16166968755424022,0.24708440117537975,0.48334562629461286,0.02394989728927612,0.08395038805902004,2.7152684864137733,33.886668408562535,14.586021505376346
68,router_only,-4437.669661462307,0.7233333587646484,0.532489751279354,0.786135682463646,0.7616490051150322,0.0038791277736891063,0.0124818939715624,0.13298004157841206,-0.0023506753597757777,0.0,0.0001,0.16081521660089493,0.24323451034724713,0.489586578309536,0.023733031004667282,0.08263067416846752,2.95839119591145,33.78091545389579,15.204301075268816
69,router_only,-4406.087852418423,0.7266666889190674,0.5248867779970169,0.7900577038526535,0.7635521233081818,0.004027816717280075,0.010130760958418215,0.12758108042180538,-0.0029439633676702215,0.0,0.0001,0.1612306609749794,0.24235252663493156,0.49423651248216627,0.023412137152627112,0.07876816932111978,3.1139432266029625,33.65661194665984,15.053763440860216
70,router_only,-4393.025363445282,0.7300000190734863,0.5222011253237724,0.7924123242497444,0.7639054238796235,0.0038620573992375284,0.009956264076754418,0.1352445375174284,-0.003474194923910545,0.0,0.0001,0.16300920620560647,0.23960132151842117,0.4922914706170559,0.023130252305418254,0.08196775633841753,2.847144099453792,34.425158747540976,14.736559139784946
71,router_only,-4451.303113400936,0.7333333492279053,0.5190942339599133,0.7933858260512352,0.7682896062731743,0.0034232499601785094,0.0253765869885683,0.1289384664967656,-0.0028359740050291292,0.0,0.0001,0.1669494640082121,0.2450154647231102,0.4799205377697945,0.02281288905069232,0.08530164621770382,2.8998438147726784,34.17262262334121,15.134408602150536
72,router_only,-4312.096298635006,0.7366666793823242,0.5217129901051522,0.7921029388904571,0.7671705022454262,0.00345206301426515,0.01799459448084233,0.1343670953065157,-0.0031647300340409855,0.0,0.0001,0.16487802900373935,0.25329115279018877,0.4732972621917725,0.02251029834151268,0.0860232513397932,2.874156994480041,33.87981505519376,14.650537634408604
73,router_only,-4234.589475870132,0.7400000095367432,0.509682296961546,0.7983628287911415,0.7710947006940841,0.0034937982738483695,0.009766908036544866,0.12918270844966173,-0.0021126216364791618,0.0,0.0001,0.16537280939519405,0.24949563816189765,0.4776859417557716,0.022143752640113236,0.08530186358839273,3.301835972213199,33.947203601141666,14.451612903225808
74,router_only,-4270.994572937489,0.7433333396911621,0.5093847438693047,0.7980152532458306,0.7676745861768722,0.003731190349208191,0.00799053004011514,0.1270558612421155,-0.003090886169229634,0.0,0.0001,0.16175683364272117,0.2501192893832922,0.48101591169834135,0.021764463232830166,0.08534350730478764,3.0282112103323064,34.06243748548007,14.403225806451614
75,router_only,-4279.713255465031,0.746666669845581,0.5120010830461978,0.7974838674068451,0.7648576870560646,0.0038783124997280537,0.004827021108940285,0.1374782731756568,-0.003155015480297152,0.0,0.0001,0.1596842549741268,0.2504391498863697,0.48304890394210814,0.021423526108264923,0.08540415987372399,2.9787660156240543,33.72023062557693,14.338709677419356
76,router_only,-4405.103172600269,0.75,0.5081631653010845,0.8011653676629067,0.7687802374362945,0.0036367619642987846,0.016034767171367953,0.12604479044675826,-0.003241749049630016,0.0,0.0001,0.16418673135340214,0.2539540588855743,0.47747974544763566,0.02108211093582213,0.08329735174775124,3.11332726405083,33.89559050311049,14.994623655913978
77,router_only,-4354.081293225288,0.753333330154419,0.4998945713043213,0.8054341048002243,0.7714953169226646,0.0035629329562652857,0.004751706402748801,0.13311430681496858,-0.003075693856771977,0.0,0.0001,0.16594553142786025,0.2518302213400602,0.47797476276755335,0.020830097375437617,0.08341938965022563,2.925462789328982,34.2099344662628,14.817204301075268
78,router_only,-4255.033748090267,0.7566666603088379,0.49471946656703947,0.8071264296770095,0.7696057960391045,0.0038846913143061102,0.017202036408707454,0.12807444632053375,-0.0027154025963682217,0.0,0.0001,0.16138653755187987,0.24804674796760082,0.4855868317186832,0.020571549981832506,0.08440834246575832,3.2683251120787364,33.79081310808418,14.413978494623656
79,router_only,-4395.438239514828,0.7599999904632568,0.4875477612018585,0.8109546035528183,0.772372080385685,0.00379243457573466,0.004197693010792106,0.12947270050644874,-0.0028939376820744656,0.0,0.0001,0.16271255910396576,0.24807574339210986,0.4838524028658867,0.02020712741650641,0.08515216708183289,2.953863438568417,34.18813539727423,14.876344086021506
80,router_only,-4307.165685892105,0.7633333206176758,0.47654725834727285,0.8155627608299255,0.7739812672138214,0.003954918513773009,0.01908809803426259,0.12591928876936437,-0.0024492502701832564,0.0,0.0001,0.16027405858039856,0.24130259342491628,0.4892683051526546,0.0198747290764004,0.08928031399846077,2.4704291278120216,33.75112986370495,14.473118279569894
81,router_only,-4293.581548392773,0.7666666507720947,0.46996602416038513,0.8179447114467621,0.7769570454955101,0.003784304321743548,0.00982510754838584,0.13612463753670453,-0.0031785326937097125,0.0,0.0001,0.1624798636883497,0.23904663361608983,0.4868906319141388,0.019595810724422336,0.0919870650395751,2.887008129120907,34.092139947835534,14.68279569892473
82,router_only,-4299.719845592976,0.7699999809265137,0.45590466633439064,0.8238886803388595,0.7821314752101898,0.0036872657015919684,0.007916282908991039,0.13868568632751704,-0.003147653093765257,0.0,0.0001,0.16562810577452183,0.23717360943555832,0.4877005308866501,0.019281560275703668,0.09021619781851768,3.274981478726239,33.83259862027664,14.56451612903226
83,router_only,-4360.403752624989,0.7733333110809326,0.45102991387248037,0.8244127124547959,0.7813744902610779,0.00387568922014907,0.00837752101942893,0.13333795871585608,-0.003398712609850918,0.0,0.0001,0.16305467188358308,0.23923128396272658,0.4898316152393818,0.0189509691670537,0.08893146067857742,3.0167190529424617,34.115797640729525,14.688172043010752
84,router_only,-4151.0957317352295,0.7766666412353516,0.4518667712807655,0.8227006062865257,0.7810355111956596,0.0037188931659329683,0.013894888712093233,0.13105180133134126,-0.0027377141395845683,0.0,0.0001,0.16396002918481828,0.2447457369416952,0.4832053415477276,0.018629797780886293,0.08945909403264522,3.2341161265984972,33.64157512696024,13.956989247311826
85,router_only,-4239.7216955423355,0.7799999713897705,0.446216794103384,0.8251312106847764,0.7845270290970803,0.0034158583730459213,0.018160106334835273,0.13769350703805686,-0.0024706325093575288,0.0,0.0001,0.1694526646286249,0.24833315275609494,0.4765484340488911,0.01832593879662454,0.08733980543911457,2.933569758207394,33.5922430491241,14.344086021505376
86,router_only,-4296.623852729797,0.7833333611488342,0.44309645146131516,0.8266437500715256,0.7843947127461434,0.0033483231498394163,0.008472505258396299,0.13703734017908573,-0.0030812313140813783,0.0,0.0001,0.17024222575128078,0.25147896371781825,0.4726100921630859,0.01802802933380008,0.08764068726450205,3.0018109031842837,33.09419192041105,14.580645161290324
87,router_only,-4151.491411685944,0.7866666913032532,0.43710470795631406,0.8296857804059983,0.7897145628929139,0.0031025427277199926,0.01652014711871738,0.14172397330403327,-0.0029992196992679964,0.0,0.0001,0.17374850064516068,0.25414703525602816,0.4646175779402256,0.017760471627116203,0.08972641602158546,2.974392190059899,33.86076630897954,13.913978494623654
88,router_only,-4213.449637770653,0.7900000214576721,0.43195381462574006,0.8315934613347054,0.7879449516534806,0.00313092369469814,0.009084124397486414,0.13890434857457876,-0.0027141918209963476,0.0,0.0001,0.17276139222085476,0.25095344372093675,0.4664252571761608,0.01739910850301385,0.09246079809963703,3.118234605797285,34.03748332291731,14.102150537634408
89,router_only,-4109.9637368917465,0.7933333516120911,0.430381465703249,0.8325223445892334,0.7880542516708374,0.0030148696212563665,0.005185509612783752,0.14235469698905945,-0.0031479465265420005,0.0,0.0001,0.17535414658486842,0.25067754834890366,0.4645809143781662,0.017114572552964093,0.0922728169709444,2.6037582664071026,33.29077908118856,13.693548387096774
90,router_only,-4176.566482305527,0.79666668176651,0.43474736586213114,0.8303979992866516,0.7839765429496766,0.0029699433303903787,0.008590834308415646,0.14156480357050896,-0.002943520281041856,0.0,0.0001,0.17490679696202277,0.2502159930765629,0.461516285687685,0.016792690241709353,0.09656823538243771,3.228537212798292,33.50202524396648,14.0752688172043
91,router_only,-4110.050590157509,0.800000011920929,0.4285428009927273,0.8331182181835175,0.7851691752672195,0.0028317048912867905,0.009243270475417356,0.14714168570935726,-0.0033805690356530247,0.0,0.0001,0.1779454082250595,0.24623561836779118,0.46120546832680703,0.01646224516443908,0.09815125744789839,3.4740881551743805,33.99556412123035,13.795698924731184
92,router_only,-4231.5773758888245,0.8033333420753479,0.43339283019304276,0.8310734868049622,0.7820047289133072,0.002777857426553965,0.0065875095780938975,0.14673153944313527,-0.0034716672334980103,0.0,0.0001,0.17840473353862762,0.24682736098766328,0.4581692934036255,0.01620466783642769,0.10039394684135913,3.408132347576625,33.946325615963374,14.13440860215054
93,router_only,-4110.410577654839,0.8066666722297668,0.43333384692668914,0.831010277569294,0.7783003523945808,0.003009373048553243,0.010046215588226909,0.147384125739336,-0.0030175786378549676,0.0,0.0001,0.1743247728794813,0.24719901904463767,0.462820740044117,0.01595582361333072,0.0996996408328414,3.174433226044007,33.73650218045221,13.88709677419355
94,router_only,-4137.3873101472855,0.8100000023841858,0.43077019453048704,0.8327517732977867,0.7769865274429322,0.002955233270768076,0.00735801986884331,0.14756362326443195,-0.0033002262280206196,0.0,0.0001,0.17462775707244874,0.2475758593529463,0.4594447650015354,0.015652789059095083,0.10269882660359145,3.145766329508549,33.77156531647674,13.978494623655912
95,router_only,-4098.463976383209,0.8133333325386047,0.42873349189758303,0.83326455950737,0.776942390203476,0.00291266284766607,0.009278852050192642,0.14704596865922212,-0.002518913993117167,0.0,0.0001,0.17463083527982234,0.2464610181748867,0.45621657073497773,0.015356400934979319,0.10733517687767744,3.405873187368639,33.90814685340504,13.85483870967742
96,router_only,-4121.5646340847015,0.8166666626930237,0.4321340464055538,0.8319553598761559,0.7737249910831452,0.002809691126458347,0.014083583257161124,0.15288774482905865,-0.0033599099715502234,0.0,0.0001,0.17607392109930514,0.24672736786305904,0.44945808351039884,0.01507309617009014,0.11266753263771534,3.3332398492192072,33.85106741618906,13.930107526881722
97,router_only,-4065.452233195305,0.8199999928474426,0.4328337714076042,0.8325066685676574,0.7724439308047295,0.0028296800563111903,0.008676221547648267,0.14084808062762022,-0.0030413940403377637,0.0,0.0001,0.17546514682471753,0.24449679031968116,0.44821080192923546,0.014821618446148932,0.11700564306229352,3.3653854143554103,33.75086094372782,13.71505376344086
98,router_only,-3993.8252024650574,0.8233333230018616,0.42773045524954795,0.8356844931840897,0.7760880768299103,0.0026957566384226083,0.007465084129944413,0.149447032622993,-0.0036130655818851663,0.0,0.0001,0.17884093299508094,0.24101724177598954,0.44834066554903984,0.014568626298569143,0.11723253671079874,3.4336593563753,33.34044726202047,13.349462365591396
99,router_only,-4085.051410496235,0.8266666531562805,0.42704856768250465,0.8358676806092262,0.7757261142134666,0.002585664426442236,0.007632488850504184,0.1455334896221757,-0.0031492934518610126,0.0,0.0001,0.18161624856293201,0.24038363099098206,0.445403865724802,0.014322786289267243,0.11827345937490463,3.317158435329298,33.440089768917744,13.71505376344086
100,router_only,-4035.69568669796,0.8299999833106995,0.42350420355796814,0.8375664561986923,0.7752339154481888,0.0027929925825446846,0.010675196070224088,0.12618228029459716,-0.0019534030405338855,0.0,0.0001,0.1772523108869791,0.23966732434928417,0.45032491683959963,0.014065439044497908,0.11869001276791095,3.2820114590608016,34.09484487774896,13.548387096774196
101,router_only,-4106.420183062553,0.8333333134651184,0.41925312057137487,0.8395439997315407,0.7786938175559044,0.0025894773192703725,0.011292833485640533,0.14039199184626341,-0.0029322595219127834,0.0,0.0001,0.18273617066442965,0.239266961440444,0.45048747435212133,0.013822398846969008,0.11368699967861176,3.480948195560697,34.419692850237126,13.85483870967742
102,router_only,-4110.052730381489,0.8366666436195374,0.41792401745915414,0.8400296300649643,0.7782685041427613,0.0027834182896185667,0.009497812506742767,0.13799029923975467,-0.0032844142580870537,0.0,0.0001,0.17820265218615533,0.24038340859115123,0.45188701897859573,0.013607006170786917,0.11591990925371647,3.1965116998345455,33.877013163463324,13.892473118279568
103,router_only,-3935.6246237158775,0.8399999737739563,0.41067649945616724,0.843569491803646,0.7822121903300285,0.00281352941528894,0.003876490006223355,0.13938659634441136,-0.0029589290417789014,0.0,0.0001,0.17792061641812323,0.23930104002356528,0.45382526591420175,0.013361947215162217,0.11559112947434187,3.59392399216093,33.74639625621141,13.091397849462366
104,router_only,-3982.334608256817,0.8433333039283752,0.41311052441596985,0.842204087972641,0.7800444662570953,0.0027447443979326637,0.014265811047516772,0.1339144891127944,-0.0030078698160650673,0.0,0.0001,0.17916053608059884,0.24125651232898235,0.44702508449554446,0.013029226288199424,0.11952864620834588,3.2825932104261386,33.64676628554608,13.46774193548387
105,router_only,-4078.3638070225716,0.846666693687439,0.40914576426148414,0.8445151686668396,0.7788586601614952,0.0029193189169745893,0.009748091013170786,0.14049883279949427,-0.003272234866744839,0.0,0.0001,0.1753158763051033,0.2405605733394623,0.4469832219183445,0.01273763810750097,0.12440268769860267,3.3495634252852344,33.69325725834573,13.763440860215054
106,router_only,-3945.5472627282143,0.8500000238418579,0.41053020805120466,0.8437960624694825,0.7779452428221703,0.00284888829337433,0.008748103352263567,0.14426277875900267,-0.003106228791148169,0.0,0.0001,0.1771915104240179,0.24299483448266984,0.4428847201168537,0.012462089885957539,0.12446684576570988,3.4628443050166444,34.21735412000906,13.231182795698926
107,router_only,-3964.6836208701134,0.8533333539962769,0.4086652249097824,0.8441766604781151,0.7782948300242424,0.0029211266664788127,0.007071747584268434,0.1465210696682334,-0.0027075514430180193,0.0,0.0001,0.17582633681595325,0.24111749082803727,0.44525704756379125,0.012168735056184233,0.12563039381057023,3.4739136875703553,33.720332823031896,13.295698924731184
108,router_only,-4071.799451112747,0.8566666841506958,0.4103338710963726,0.8428580075502395,0.7774059563875199,0.0029169278393965216,0.007388336420990479,0.13886369671672583,-0.003078143278253265,0.0,0.0001,0.17601532414555549,0.24462266862392426,0.442973729968071,0.011927324859425426,0.12446095030754804,3.087318647518655,33.979592699094994,13.78494623655914
109,router_only,-4004.3622211813927,0.8600000143051147,0.4065339468419552,0.8446300640702248,0.7790450334548951,0.002907565183704719,0.01092547771986574,0.15572000592947005,-0.004146524236421101,0.0,0.0001,0.17698350697755813,0.2491172231733799,0.4386010840535164,0.011650419957004488,0.12364776078611613,3.4906973278576885,33.87907400243547,13.532258064516128
110,router_only,-3990.796779334545,0.8633333444595337,0.40344502329826354,0.8453103840351105,0.7810348585247994,0.0029528569721151143,0.006452488293871312,0.15887312758713962,-0.0035401455272221936,0.0,0.0001,0.1763126239180565,0.2523434653878212,0.43823944628238676,0.01141392404679209,0.1216905314475298,3.234118664791239,33.46688842853865,13.45698924731183
111,router_only,-4066.169309616089,0.8666666746139526,0.3960018031299114,0.8489416643977166,0.7842815890908241,0.002766713162418455,0.010239989683032021,0.14896748270839452,-0.0033580703424377135,0.0,0.0001,0.18068841770291327,0.24747600294649602,0.4384078860282898,0.011161398538388313,0.12226629965007305,3.192204677411591,33.853617741018596,13.666666666666666
112,router_only,-4061.584493279457,0.8700000047683716,0.39452968165278435,0.8491954997181892,0.7832869499921798,0.0028308923938311636,0.004566255584359181,0.14249216113239527,-0.0028869894415038287,0.0,0.0001,0.17937338463962077,0.24911652281880378,0.4390504933893681,0.010942180291749537,0.1215174226090312,3.1088675020058307,34.195841167395244,13.704301075268818
113,router_only,-3885.984700202942,0.8733333349227905,0.3987902395427227,0.847841939330101,0.7801280111074448,0.002950695261824876,0.00736275450326505,0.13811497204005718,-0.0030949979693104977,0.0,0.0001,0.17725580781698227,0.252797894179821,0.43818468824028967,0.010702715418301523,0.1210588863119483,3.2433477990267043,33.548742411140395,13.102150537634408
114,router_only,-4013.835977971554,0.8766666650772095,0.39803181067109106,0.8483166426420212,0.7786217153072357,0.003002966719213873,0.010634926799684792,0.1503984335809946,-0.0032525160590012093,0.0,0.0001,0.1761197593063116,0.2488961398601532,0.4387313939630985,0.010423060948960483,0.1258296500891447,2.926241598452637,33.86530697715994,13.45698924731183
115,router_only,-4123.403031826019,0.8799999952316284,0.4020718164741993,0.8469048246741295,0.7775784388184548,0.0028872712806332856,0.023375855665653915,0.13719918821007013,-0.0030190166891770785,0.0,0.0001,0.18060558401048182,0.253736374899745,0.4273002900183201,0.010166236734949052,0.12819151785224675,2.959583997402228,34.29261440410523,13.951612903225808
116,router_only,-4021.380401134491,0.8833333253860474,0.3992332100868225,0.8491453781723977,0.7762657344341278,0.0030512003577314317,0.009501791745424232,0.14075078051537276,-0.003508061035245191,0.0,0.0001,0.1768377847969532,0.2560473162680864,0.42974024415016177,0.009948178729973733,0.12742647882550956,3.3203028725636483,34.02848943532407,13.50537634408602
117,router_only,-3993.218591272831,0.8866666555404663,0.40173777341842654,0.8482462987303734,0.7750761955976486,0.002951421728357673,0.010480404156260208,0.14454727247357368,-0.003608348725902033,0.0,0.0001,0.17932787947356701,0.25252657420933244,0.4282048873603344,0.009764072019606829,0.13017658274620772,3.049386207920831,34.32714994698205,13.311827956989248
118,router_only,-3978.19844853878,0.8899999856948853,0.3990418665111065,0.8490708529949188,0.7755128413438797,0.002875292330281809,0.011094397353008345,0.1399214280769229,-0.002955893384933006,0.0,0.0001,0.18249877467751502,0.2520015466958284,0.42348566427826884,0.009461127081885934,0.13255288936197757,3.1707803287955216,34.09449093162753,13.32795698924731
119,router_only,-3979.3032287359238,0.8933333158493042,0.3980206295847893,0.8492801189422607,0.7750919342041016,0.002880069863749668,0.005140491575002654,0.14796633664518594,-0.0035086392995935965,0.0,0.0001,0.1824853364378214,0.2497197389602661,0.42532227709889414,0.009186128014698624,0.13328652307391167,3.2588619414437145,33.986500814412025,13.311827956989248
120,router_only,-3967.522377073765,0.8966666460037231,0.398055849224329,0.8487126499414444,0.7729700043797493,0.0028169753961265085,0.013119061477482314,0.1482240879908204,-0.0034083202648616862,0.0,0.0001,0.18584746606647967,0.25254928730428217,0.41900878250598905,0.008940089913085102,0.13365437388420104,3.144129900571187,33.92756956044178,13.39784946236559
121,router_only,-3912.7287157177925,0.8999999761581421,0.39035403430461885,0.852383679151535,0.7743564233183861,0.0027403098472859712,0.018484908412210663,0.1547881258651614,-0.0040411347734334415,0.0,0.0001,0.18657140843570233,0.2436089377850294,0.4256879225373268,0.008637984073720873,0.1354937445372343,3.4181415296058426,34.27970447707136,12.96774193548387
122,router_only,-4052.049883723259,0.903333306312561,0.3918646901845932,0.8522717759013176,0.7719891622662545,0.0028829997463617474,0.008089795522391757,0.14619173351675271,-0.0032610276835384868,0.0,0.0001,0.18386455215513706,0.24340022243559362,0.4248777776956558,0.00831880623009056,0.13953864574432373,3.2424530488633545,33.68721993002246,13.639784946236558
123,router_only,-3847.6637899279594,0.9066666960716248,0.3829213112592697,0.8561404183506965,0.7743567436933517,0.0028242905624210834,0.00809532715938987,0.14485934972763062,-0.0033301128136372427,0.0,0.0001,0.18499060347676277,0.24198939166963102,0.4277993865311146,0.007954888069070876,0.13726572766900064,3.47744694702726,33.66081279755094,12.978494623655914
124,router_only,-3954.4866864681244,0.9100000262260437,0.37947126030921935,0.8571152687072754,0.7729465514421463,0.0028498473227955403,0.0064284806721843675,0.15018850211054086,-0.0033086981402448146,0.0,0.0001,0.18540763221681117,0.24260072521865367,0.42485364004969595,0.007686395815107971,0.1394516073167324,3.406933025745112,34.09443435762141,13.32795698924731
125,router_only,-4014.28834348917,0.9133333563804626,0.3794339008629322,0.8566897705197334,0.7717296153306961,0.0029398031299933793,0.005879479588475078,0.14225515257567167,-0.0028589570330950663,0.0,0.0001,0.18434438183903695,0.24296030215919018,0.4232574537396431,0.007406094600446523,0.14203177206218243,3.4327585387779997,34.420417282185795,13.543010752688172
126,router_only,-3936.8573917746544,0.9166666865348816,0.3713000640273094,0.8601760521531105,0.771222485601902,0.0029742271814029663,0.005642406502738656,0.1527299540117383,-0.0034852649841923267,0.0,0.0001,0.18310969471931457,0.24301024414598943,0.4260287143290043,0.007088933209888637,0.1407624166458845,3.476627957949605,34.21233992496107,13.193548387096774
127,router_only,-3915.293011903763,0.9200000166893005,0.3717496611177921,0.8585789322853088,0.7695767104625701,0.002965731220319867,0.002327309746760881,0.15720961857587099,-0.003410392007936025,0.0,0.0001,0.18386798687279224,0.24327402450144292,0.42516179829835893,0.006792192033026367,0.1409039966762066,3.538447556972793,33.83517110152868,13.241935483870968
128,router_only,-3951.035087764263,0.9233333468437195,0.3710673488676548,0.8594262048602104,0.7680818676948548,0.0030269900162238628,0.00758028236450623,0.16367591507732868,-0.003492940443538828,0.0,0.0001,0.18233726248145105,0.24684219285845757,0.42538377121090887,0.006510560633614659,0.13892621137201785,3.2820524574475916,33.73524332989995,13.20967741935484
129,router_only,-3946.1677153110504,0.9266666769981384,0.37232944145798685,0.8592480748891831,0.7662190943956375,0.0031177221739199013,0.010486331616993954,0.15187581945210696,-0.003605207447981229,0.0,0.0001,0.1819738231599331,0.2493988137692213,0.42077744007110596,0.006237165641505271,0.14161275662481784,3.624050036106894,33.66383198637038,13.381720430107528
130,router_only,-3902.287888288498,0.9300000071525574,0.36712046414613725,0.861052642762661,0.7632361277937889,0.0032265235262457282,0.011666993936523817,0.1599276950582862,-0.003410302696283907,0.0,0.0001,0.17949642464518548,0.24632528237998486,0.42350268438458444,0.005954597017262131,0.14472100771963597,3.6305719749751266,34.042552519950554,13.053763440860214
131,router_only,-3794.940289616585,0.9333333373069763,0.36321906596422193,0.8631145894527436,0.7627103418111801,0.003205440001329407,0.009301534679252616,0.15154841765761376,-0.00327926935033247,0.0,0.0001,0.18145318664610385,0.2482394643127918,0.41911484822630884,0.005691666388884187,0.14550083167850972,3.444068971272455,34.43352427220035,12.655913978494624
132,router_only,-3948.673412322998,0.9366666674613953,0.3667350493371487,0.8611953005194664,0.760254143178463,0.003300369414500892,0.006951043067965628,0.1546436794102192,-0.004003446215290296,0.0,0.0001,0.17922424636781215,0.2507248692214489,0.42010496854782103,0.005423777352552861,0.14452214315533637,3.4855819575795284,33.81732563311734,13.403225806451612
133,router_only,-3806.126170873642,0.9399999976158142,0.36312758177518845,0.8623595356941223,0.7609937220811844,0.0032625006046146155,0.004580280755180844,0.1549530804157257,-0.00371810354780564,0.0,0.0001,0.18089718259871007,0.24999900572001935,0.4188483253121376,0.00511614044662565,0.14513934403657913,3.6311021597156197,33.91890145558503,12.854838709677418
134,router_only,-3831.2938100099564,0.9433333277702332,0.36115616038441656,0.8624840781092644,0.7583232775330544,0.0033300513692665844,0.012451413297094404,0.16709628477692604,-0.0041582043319067456,0.0,0.0001,0.1803483709692955,0.25622471459209917,0.4160087876021862,0.004868457792326808,0.14254967160522938,3.6283583886808755,33.98742954728671,12.82795698924731
135,router_only,-3960.962523818016,0.9466666579246521,0.36129777133464813,0.8618454366922379,0.7486247837543487,0.0035966514376923444,0.011629167897626847,0.16306788865476846,-0.0035331058519659565,0.0,0.0001,0.17477633915841578,0.25722643435001374,0.4171264559030533,0.004625906422734261,0.14624486826360225,3.642702563866033,34.00819844157276,13.408602150537636
136,router_only,-3858.683676123619,0.949999988079071,0.35280066952109335,0.8654482617974282,0.7503722667694092,0.0035416570492088793,0.008836926543153833,0.14778512325137855,-0.0035374878142647504,0.0,0.0001,0.1775093350559473,0.25891189761459826,0.4138053871691227,0.004312254837714136,0.1454611212015152,3.5293026377450394,34.188322795174514,12.983870967741936
137,router_only,-3817.287086188793,0.95333331823349,0.3488156981766224,0.867303055524826,0.7521140605211258,0.0035960679757408797,0.005498451890889549,0.15196894574910402,-0.003460161430120934,0.0,0.0001,0.17687224298715593,0.2616611272096634,0.4133704178035259,0.004016226355452091,0.14407998882234097,3.5943009309085907,33.68523987532066,12.82795698924731
138,router_only,-3772.626897275448,0.9566666483879089,0.3493279993534088,0.8673660561442376,0.7524194866418839,0.003648004011483863,0.003003447857918207,0.15594120491296054,-0.0035799585504719287,0.0,0.0001,0.1760746341198683,0.26131575629115106,0.41328960880637167,0.003738287679152563,0.14558170922100544,3.3634116267798655,33.78455261958338,12.623655913978496
139,router_only,-3682.0645648241043,0.9599999785423279,0.3456421077251434,0.8690663307905198,0.7526966169476509,0.0036435572663322093,0.009218535624677265,0.14455924481153487,-0.0034588774549774827,0.0,0.0001,0.17824801318347455,0.2631122529506683,0.40894903540611266,0.0034695947309955955,0.1462211027741432,3.5990600795818,33.98096241946622,12.333333333333334
140,router_only,-3733.9108065366745,0.9633333086967468,0.343240012973547,0.8695658206939697,0.7507114544510841,0.0036977006297092886,0.009618538181530278,0.16509182415902615,-0.004011532841832377,0.0,0.0001,0.17864637412130832,0.26752316430211065,0.40676654875278473,0.003200396749889478,0.1438635215163231,3.6582120982250594,34.36730603370831,12.618279569892474
141,router_only,-3724.289038360119,0.9666666388511658,0.33887680172920226,0.8715438529849052,0.7521373495459557,0.003726235800422728,0.005634391593048271,0.15549267809838058,-0.003468642052030191,0.0,0.0001,0.17931564822793006,0.26709849908947947,0.4046734213829041,0.0029009919031523167,0.14601144157350063,3.9520120941931953,34.219034436738966,12.456989247311828
142,router_only,-3871.9092803001404,0.9700000286102295,0.3339663244783878,0.8732666805386543,0.7540640771389008,0.0036279598716646433,0.012156997353304177,0.1497323740273714,-0.003376380586269079,0.0,0.0001,0.18013975732028484,0.26131507456302644,0.40779744759202,0.002605916769243777,0.1481418039649725,3.7650969670460395,34.500998045683,13.075268817204302
143,router_only,-3725.228238224983,0.9733333587646484,0.33222215697169305,0.8742956846952439,0.7544682934880257,0.003721018321812153,0.004722426424268627,0.16134185921400784,-0.0033895663887960835,0.0,0.0001,0.17938181944191456,0.26177783459424975,0.4064581789076328,0.0023419062257744373,0.150040253251791,3.849718969888212,34.43991198062152,12.559139784946236
144,router_only,-3762.0241327881813,0.9766666889190674,0.33057197034358976,0.8748020738363266,0.7502851992845535,0.003944316861452535,0.011253383912844573,0.15015632789582015,-0.0035334387765033172,0.0,0.0001,0.17653493136167525,0.2646120458841324,0.4039319008588791,0.0020883855351712553,0.1528327390551567,3.6556782547983535,33.99431807408122,12.693548387096772
145,router_only,-3777.2142835259438,0.9800000190734863,0.33603811711072923,0.8714316636323929,0.7464081704616546,0.004157226521056145,0.0198775126016699,0.16411650106310843,-0.0032612892271572493,0.0,0.0001,0.17789249941706659,0.2709767043590546,0.39425188601016997,0.0018296426685992628,0.15504926741123198,3.6573409671879684,33.95452423120251,12.715053763440858
146,router_only,-3772.332809984684,0.9833333492279053,0.33094635903835296,0.8738260939717293,0.7455475762486458,0.004220604395959527,0.005146305315429406,0.15358600653707982,-0.003325150795717491,0.0,0.0001,0.1756856206804514,0.270865585654974,0.39674671515822413,0.0015744855627417564,0.15512758903205395,3.8570877409273256,33.82266862754439,12.876344086021504
147,router_only,-3664.1346514821053,0.9866666793823242,0.3309363774955273,0.8736751034855843,0.7446766957640648,0.00407110660453327,0.012251502217259213,0.16669605635106563,-0.0032952652298263276,0.0,0.0001,0.1760924242436886,0.265012938529253,0.40188257247209547,0.0013013849616982042,0.1557106826454401,3.88039071072762,34.019392979364085,12.274193548387096
148,router_only,-3694.9262733459473,0.9900000095367432,0.3276514753699303,0.8736835092306137,0.7449101686477662,0.004047602467471734,0.003077550414309377,0.15616282261908054,-0.0031775798220223805,0.0,0.0001,0.17715525887906552,0.26380923986434934,0.4018219031393528,0.00102697803376941,0.15618662349879742,3.853143529156136,34.02255448480315,12.43010752688172
149,router_only,-3743.6974269151688,0.9933333396911621,0.32123182713985443,0.8762110859155655,0.7474219769239425,0.00388212728430517,0.014071181858889753,0.16837662886828184,-0.0036751310995896346,0.0,0.0001,0.17719572111964227,0.2603004053235054,0.4088170312345028,0.0007571898328023963,0.15292965471744538,3.7207869704310794,34.05121940705456,12.63978494623656
150,router_only,-3681.700549542904,0.996666669845581,0.31929618418216704,0.8770260110497474,0.7458494737744331,0.00401961081661284,0.010438838747359147,0.15813764743506908,-0.002763368618889217,0.0,0.0001,0.17397251836955546,0.2585709199309349,0.41121758669614794,0.0004904596462438349,0.15574851967394351,3.695220207397823,33.86426126735152,12.489247311827958
151,router_only,-3744.8968193531036,1.0,0.318035177141428,0.8770995199680328,0.7439880982041359,0.0039545605948660524,0.009599728298780924,0.16301300711929798,-0.0037891152023803443,0.0,0.0001,0.17428896203637123,0.2607945196330547,0.41347740814089773,0.00021207487370702438,0.15122704096138478,3.7056012396348814,33.70330997647154,12.715053763440858
152,router_only,-3677.3840542435646,1.0,0.31838814318180086,0.8762761875987053,0.742776894569397,0.004002844967180863,0.016465298182447474,0.16677700057625772,-0.0035705357026017738,0.0,0.0001,0.17513169385492802,0.26817764416337014,0.40854847356677054,0.00021886505637667142,0.14792332388460636,3.8099729685802686,34.27889212768132,12.4247311827957
153,router_only,-3600.8004335165024,1.0,0.3179739013314247,0.8758676186203956,0.7392316475510597,0.004270275455201045,0.013432625473433263,0.16835019905120135,-0.004160594769928139,0.0,0.0001,0.1716780811548233,0.274893956631422,0.40565441101789473,0.00019350721304363107,0.14758004397153854,3.807921817065902,34.210606640876776,12.03763440860215
154,router_only,-3703.7353135943413,1.0,0.31752145662903786,0.8764156714081764,0.7418306559324265,0.0042064458946697416,0.004599156943368138,0.15850128922611476,-0.003704683227078931,0.0,0.0001,0.1722597699612379,0.27259437963366506,0.4068178445100784,0.00020266729698050767,0.14812534153461457,3.746675294255878,34.0872343115573,12.526881720430108
155,router_only,-3743.641057550907,1.0,0.32407221570611,0.8736681848764419,0.7404430612921715,0.004237543145427481,0.007752828814045609,0.1632689766585827,-0.003043962479569018,0.0,0.0001,0.17143558710813522,0.26954214423894884,0.40762950479984283,0.00022614123772655149,0.1511666178703308,3.781238590280272,34.04546316094198,12.79032258064516
156,router_only,-3593.5466462373734,1.0,0.32031787037849424,0.875516340136528,0.7441483646631241,0.00408784625469707,0.01004723097976245,0.16406277120113372,-0.003225896723142796,0.0,0.0001,0.17234439812600613,0.2675775684416294,0.4117435894906521,0.0002268636817461811,0.14810758084058762,3.5304563913062923,33.736110741601856,12.086021505376344
157,router_only,-3644.2882422804832,1.0,0.323076468706131,0.8743535354733467,0.7411640673875809,0.004043512942735106,0.009426050909678458,0.15536854080855847,-0.00306177668608143,0.0,0.0001,0.17398629672825336,0.26479058265686034,0.40981762781739234,0.00022678107634419576,0.15117870308458806,3.588807360133546,34.255544360711966,12.258064516129032
158,router_only,-3684.7467398643494,1.0,0.32134278044104575,0.8754604309797287,0.7397629961371421,0.004010111698880792,0.005713238229509449,0.1589647399261594,-0.00341419592150487,0.0,0.0001,0.17384179159998894,0.2662649266421795,0.4111999079585075,0.00021600526670226828,0.1484773699194193,3.681077787393338,33.72023101439125,12.483870967741934
159,router_only,-3686.2847571969032,1.0,0.32293781042099,0.8745873987674713,0.7350691139698029,0.004139813355868683,0.005790041849832006,0.15813381783664227,-0.0035022454852878583,0.0,0.0001,0.1717188712209463,0.26565462425351144,0.41104535534977915,0.00020876209455309436,0.15137239322066307,3.8732934862137385,34.238174870230004,12.473118279569892
160,router_only,-3674.145709633827,1.0,0.32191317826509475,0.874373309314251,0.7380110934376717,0.0041163053130730985,0.009935708952616529,0.16336854603141546,-0.0038563545545912347,0.0,0.0001,0.17408664226531984,0.2682508662343025,0.40638994202017786,0.0002126008697814541,0.15105994939804077,3.980706201571688,33.881060040753304,12.39247311827957
161,router_only,-3643.588846921921,1.0,0.31909295842051505,0.8760613486170769,0.7358176916837692,0.004063376365229488,0.008958751392128778,0.16161527410149573,-0.003037671442143619,0.0,0.0001,0.1740343376994133,0.2703855365514755,0.4087346471846104,0.00020198485362925566,0.14664349406957627,3.6982300321415544,34.06079142933625,12.32258064516129
162,router_only,-3654.28456312418,1.0,0.32127404510974883,0.8750107362866402,0.7338108837604522,0.004095143248559907,0.003809383847692571,0.15817355122417212,-0.0033059434208553284,0.0,0.0001,0.17429943196475506,0.2720251329243183,0.407133436948061,0.00019246975352871232,0.1463495261967182,3.7370971956169687,33.973042960916935,12.370967741935484
163,router_only,-3740.7046483159065,1.0,0.3180332168936729,0.8768399015069008,0.7335175320506095,0.004213064117357135,0.007999340137394017,0.16316350270062685,-0.002749721271538874,0.0,0.0001,0.17181501165032387,0.27530485689640044,0.40785338655114173,0.00018722559725574682,0.14483952410519124,3.659614519449695,34.07468555101844,12.688172043010754
164,router_only,-3704.117363214493,1.0,0.32257749810814856,0.8747851803898812,0.7321558997035027,0.0043293849506881085,0.00836300231749188,0.1535810735076666,-0.0036375208001118153,0.0,0.0001,0.17197908088564873,0.27907831892371177,0.4036718845367432,0.0001890120252937777,0.14508170671761036,3.6177463496504103,34.34068467043211,12.586021505376344
165,router_only,-3686.514852106571,1.0,0.3198252871632576,0.8758375599980355,0.7342084676027298,0.004292332462500781,0.003960144980737823,0.17612444795668125,-0.0032800489861983806,0.0,0.0001,0.17166372761130333,0.27743133530020714,0.40565195456147196,0.0001774624193785712,0.14507551826536655,3.5037051485494013,34.290470403554664,12.575268817204302
166,router_only,-3650.574779212475,1.0,0.3214524447917938,0.8755302488803863,0.7342220634222031,0.004293618310475722,0.00660569921528808,0.1627918180078268,-0.003020787233253941,0.0,0.0001,0.1730423726141453,0.27935553789138795,0.40283187106251717,0.00016950079952948727,0.14460071176290512,3.7395835419262813,34.428615455588556,12.333333333333334
167,router_only,-3612.0655217170715,1.0,0.32367476001381873,0.8735946729779244,0.729274919629097,0.004371403355617076,0.00369150954247745,0.16375593300908803,-0.0033355024876073,0.0,0.0001,0.17119738571345805,0.27998158112168314,0.40385199934244154,0.00016873433087312152,0.1448002964258194,3.7345773087547878,33.76523569532571,12.188172043010754
168,router_only,-3714.1129726171494,1.0,0.3228479988873005,0.8739590972661972,0.7295646101236344,0.004441623436287045,0.011766338022425733,0.16348894983530043,-0.003044098943064455,0.0,0.0001,0.1718256689608097,0.2852364704012871,0.401185904443264,0.00015653023328923154,0.14159542992711066,3.6691121494944396,33.97860167210567,12.645161290322582
169,router_only,-3583.6543206572533,1.0,0.32231816053390505,0.8738443434238434,0.729171259701252,0.004371643398189917,0.004529541745978411,0.16321942806243897,-0.002803628185938578,0.0,0.0001,0.17409043833613397,0.2850115098059177,0.39948694258928297,0.0001380043495373684,0.1412731058895588,3.809255522652623,34.04951700527401,12.075268817204302
170,router_only,-3680.3344820141792,1.0,0.31946907714009287,0.876220029592514,0.7303055375814438,0.004476853832602501,0.007222508200356964,0.16046109721064566,-0.003729654600147114,0.0,0.0001,0.17377103939652444,0.2864998713135719,0.39619949385523795,0.0001335977698545321,0.1433959983289242,3.680837294444856,34.24399643190285,12.36021505376344
171,router_only,-3653.159918665886,1.0,0.32134213820099833,0.8752152785658837,0.7263432025909424,0.004434234497603029,0.002754535876374575,0.15718027614057065,-0.003188025574490894,0.0,0.0001,0.17514830864965916,0.2863723926246166,0.3954427197575569,0.00011364476467861096,0.1429229374974966,3.634811737896799,33.94877991546556,12.387096774193548
172,router_only,-3733.4987514019012,1.0,0.32166393622756007,0.8743260607123375,0.7237010389566422,0.004483837902080267,0.01388762588921964,0.17130712624639272,-0.003156920589390211,0.0,0.0001,0.17087905295193195,0.2836978353559971,0.40149561911821363,0.00011922744124603923,0.14380826838314534,3.780746232312044,34.105791741585875,12.661290322580646
173,router_only,-3740.9968520998955,1.0,0.32037223726511,0.8753160089254379,0.7295029670000076,0.00411197884241119,0.01612603739067705,0.16395050063729286,-0.0032849055552333084,0.0,0.0001,0.17617249116301537,0.2756348118185997,0.40313474386930465,0.00012113032116758404,0.14493681639432907,3.7322030267875927,34.133090059676306,12.715053763440858
174,router_only,-3687.523171365261,1.0,0.3183163978159428,0.8759234681725502,0.728377279639244,0.004217076644999906,0.00727471759091714,0.15845310147851704,-0.0031083335947187153,0.0,0.0001,0.17589753977954387,0.2779526710510254,0.39977422580122945,0.00011924519840249559,0.14625632017850876,3.7625010215050834,34.10744335202285,12.403225806451614
175,router_only,-3583.032886981964,1.0,0.3150879696011543,0.8770057961344719,0.7277438983321189,0.004193481965921819,0.009627899644146964,0.16923635248094798,-0.003620951440825593,0.0,0.0001,0.1741131603717804,0.27748166471719743,0.40458817407488823,0.00011111985113529955,0.1437058798968792,3.675250580614246,34.08976271773053,12.102150537634408
176,router_only,-3626.0467422008514,1.0,0.3108363047242165,0.8786324679851532,0.7294693380594254,0.004044920188607648,0.015189185538474714,0.16890833154320717,-0.003889725243061548,0.0,0.0001,0.17769725807011127,0.2719981111586094,0.40247821509838105,0.0001100423247407889,0.1477163776755333,3.6956113873109375,33.86582029937858,12.204301075268816
177,router_only,-3669.846511244774,1.0,0.308999041467905,0.8792650118470192,0.7263398706912995,0.004226127499714493,0.00893176832396419,0.16226710863411425,-0.004415674490155652,0.0,0.0001,0.17514695450663567,0.2725215509533882,0.40056754276156425,0.00010513387132959906,0.1516588218510151,3.7958210827427377,33.91735747526761,12.462365591397848
178,router_only,-3603.488511323929,1.0,0.30708589851856233,0.8808910071849823,0.7309311151504516,0.004166218097088859,0.009086648111588158,0.16048374958336353,-0.003112474692534306,0.0,0.0001,0.17837527990341187,0.2738365463912487,0.39648829847574235,9.929697716870578e-05,0.15120057575404644,3.7082460445974124,34.044625929133176,12.182795698924732
179,router_only,-3682.88938832283,1.0,0.30701950192451477,0.8801413267850876,0.7313696250319481,0.004133075242862105,0.006930381513302569,0.16270465981215237,-0.004388063652731944,0.0,0.0001,0.17730422206223012,0.2738354794681072,0.3999429792165756,0.00010980796487274347,0.14880751073360443,3.8338417122098583,34.104673840362764,12.505376344086022
180,router_only,-3695.147631883621,1.0,0.30502780750393865,0.8805872976779938,0.732167261838913,0.004107341985218227,0.00430699527732939,0.1748925244435668,-0.003901822666375665,0.0,0.0001,0.17890253514051438,0.2737840086221695,0.39784094914793966,0.00011462119364296086,0.14935787878930568,3.807620943958799,34.01965292693012,12.53225806451613
181,router_only,-3638.316981971264,1.0,0.30195423066616056,0.8820143342018127,0.7319081574678421,0.004227648576488718,0.01428811026562471,0.16749891731888056,-0.003333918476710096,0.0,0.0001,0.17798763662576675,0.2809217020869255,0.3960114702582359,0.00012098732186132111,0.14495820552110672,3.7654860867583095,34.10882940824287,12.301075268817204
182,router_only,-3688.5634343624115,1.0,0.3015760160982609,0.8818233072757721,0.7319709062576294,0.004435720364563167,0.010398864154012633,0.15718812067061663,-0.003891025233315304,0.0,0.0001,0.1768970400094986,0.2861152246594429,0.39195099249482157,0.000126899510541989,0.1449098505079746,3.691177376606692,34.209225694050524,12.510752688172044
183,router_only,-3627.438198328018,1.0,0.3043857105076313,0.8802773848176002,0.7305276051163674,0.004289820702979341,0.013286413571586253,0.17167024556547403,-0.003756145732768346,0.0,0.0001,0.1756850328296423,0.2809667266905308,0.39858428463339807,0.00013680686679435895,0.14462714157998563,3.7036940352772585,34.406567792852854,12.236559139784946
184,router_only,-3543.4210491776466,1.0,0.3048394486308098,0.8811143279075623,0.7330952271819114,0.004195413354318589,0.014926380972610814,0.1634941916912794,-0.0034946451953146605,0.0,0.0001,0.18119060508906842,0.28033626079559326,0.39176114797592165,0.0001272221314138733,0.14658476300537587,3.6901001639376965,33.558942759994146,11.870967741935484
185,router_only,-3653.8284116983414,1.0,0.3053646177053452,0.8806781843304634,0.7320337310433388,0.0041390604281332346,0.0035762525862082285,0.16122269220650196,-0.0035610159089628723,0.0,0.0001,0.18188947588205337,0.2785519897937775,0.3921379052102566,0.00012336647923802957,0.1472972609102726,3.9299365724954356,33.89818198965176,12.408602150537634
186,router_only,-3616.5711629986763,1.0,0.30734041780233384,0.879304225742817,0.7304610535502434,0.00416448789765127,0.008292286856158205,0.1648366352543235,-0.0034607241104822606,0.0,0.0001,0.18296008072793485,0.2816245637834072,0.389770033955574,0.00012633070582523942,0.14551898837089539,3.8459432074031215,34.268687827305676,12.17741935483871
187,router_only,-3738.521997690201,1.0,0.30743170380592344,0.8798394978046418,0.7321922317147255,0.004196016158675775,0.006587826790746437,0.1724262660369277,-0.0035848723258823157,0.0,0.0001,0.1846136048436165,0.2828333146870136,0.3864836774766445,0.00011877958477271022,0.14595063254237176,3.7837076089463526,34.24284773155827,12.661290322580646
188,router_only,-3661.059793949127,1.0,0.30188839957118035,0.8817899376153946,0.7335364177823067,0.004029284679563716,0.01585368746164021,0.17640571109950542,-0.0035531738394638523,0.0,0.0001,0.18298850543797016,0.2798548825085163,0.3944105193018913,0.0001019393241222133,0.14264415875077247,3.8924104066360723,34.484831941648316,12.370967741935484
189,router_only,-3617.2671563625336,1.0,0.30462166741490365,0.8803096368908883,0.7300778836011886,0.004018230555811897,0.00014710013074366036,0.1688180984929204,-0.003896691153931897,0.0,0.0001,0.18296311609447002,0.2798434190452099,0.3944786563515663,0.00010734654824773315,0.1426074557006359,3.9028459437711307,33.886968646350965,12.204301075268816
190,router_only,-3553.5778747200966,1.0,0.3122171312570572,0.8773875892162323,0.7240786746144294,0.004174606880405917,0.009118350509561423,0.1666999666020274,-0.004217619579139864,0.0,0.0001,0.18211123235523702,0.280277119576931,0.39078215658664706,9.655968333390774e-05,0.1467329353094101,3.6839247376383444,33.81051078890194,11.935483870967742
191,router_only,-3674.310800552368,1.0,0.31258230209350585,0.8780552387237549,0.7260204091668129,0.004038491944083944,0.007742006132139073,0.17740393318235875,-0.0037820606372406473,0.0,0.0001,0.18318515047430992,0.2764135152101517,0.3930961050093174,8.91562409378821e-05,0.14721606709063054,3.804012024899734,34.56814963412199,12.43010752688172
192,router_only,-3738.302154004574,1.0,0.31408711075782775,0.87695252597332,0.7246483221650124,0.00413835360086523,0.009586003594449688,0.17714728619903325,-0.0038941604158026165,0.0,0.0001,0.181197177618742,0.2807835303246975,0.3935102067887783,9.804607288970147e-05,0.1444110430777073,3.8352196281870996,34.35631102706585,12.704301075268818
193,router_only,-3585.1275438666344,1.0,0.314575070142746,0.8768166169524193,0.723025894165039,0.004139333189232275,0.0034594210173964023,0.1733100287616253,-0.003698220182559453,0.0,0.0001,0.18026681542396544,0.27999271750450133,0.3949890583753586,8.951196068665012e-05,0.14466190338134766,3.682711087842596,34.36022668787367,12.096774193548388
194,router_only,-3689.8894622325897,1.0,0.31553191766142846,0.876806253194809,0.7222392454743385,0.004211234184913338,0.005243733414863505,0.16422790978103877,-0.0032492558726517017,0.0,0.0001,0.17775136157870292,0.2798892632126808,0.3971227064728737,8.654897519591031e-05,0.14515011757612228,3.741744323400294,34.38465275611154,12.526881720430108
195,router_only,-3714.104505598545,1.0,0.3169797882437706,0.8759686857461929,0.7200463339686394,0.004315658728592098,0.006997474772106244,0.1709206262603402,-0.004392390227440046,0.0,0.0001,0.17749109640717506,0.2800473175942898,0.39389351606369016,7.727176816842984e-05,0.1484908051788807,3.7529161819591526,33.93010522501792,12.548387096774194
196,router_only,-3562.809870362282,1.0,0.3137298658490181,0.876526914536953,0.7231477618217468,0.004250449902610853,0.004166748571697204,0.1714121088385582,-0.0036069968205993063,0.0,0.0001,0.17783887200057508,0.2794800721108913,0.3956289678812027,7.741576137050288e-05,0.14697467349469662,3.593910743863221,33.90714067909315,12.026881720430108
197,router_only,-3523.98257291317,1.0,0.31421936452388766,0.8764044240117073,0.7254324227571487,0.004275048436829821,0.00638147668050813,0.16483918204903603,-0.0037199445519945583,0.0,0.0001,0.17939083352684976,0.27993829920887947,0.3924382276833057,8.666678477311506e-05,0.1481459703296423,3.964392316590465,34.14791434246118,11.806451612903226
198,router_only,-3636.4819148778915,1.0,0.3114752933382988,0.8774535119533539,0.7256917104125022,0.004228830797364936,0.0024998893550218504,0.16321100499480962,-0.0031184202744043432,0.0,0.0001,0.17929360903799535,0.2797232545912266,0.39368817433714864,8.399597900279331e-05,0.14721096754074098,3.9583196853401335,34.25231962789644,12.220430107526882
199,router_only,-3691.7623251080513,1.0,0.3117665030062199,0.8780159905552865,0.7249317586421966,0.004150524537544697,0.009512083871413834,0.16413754485547544,-0.0039024840618367305,0.0,0.0001,0.17779713794589042,0.27753433734178545,0.3984404236078262,8.779231629887362e-05,0.14614031761884688,3.81503140270874,33.98606840819662,12.543010752688172
200,router_only,-3577.0227331519127,1.0,0.31791047304868697,0.8751058354973793,0.7225840374827385,0.004209658899344504,0.015096600341166732,0.17776012793183327,-0.0036648901354055853,0.0,0.0001,0.18148684948682786,0.2813929200172424,0.39103158563375473,8.434978808509186e-05,0.14600429199635984,3.8629666197251713,34.16502380693393,12.026881720430108
201,router_only,-3623.0474813580513,1.0,0.31829554438591,0.8747950062155724,0.7242974311113357,0.0041441835928708315,0.0066894025983856185,0.17192797921597958,-0.003581171876430744,0.0,0.0001,0.18349833451211453,0.2797622583806515,0.3893175445497036,8.733462800591951e-05,0.14733452200889588,4.131918398089316,34.24343052976382,12.155913978494622
202,router_only,-3589.9099332094193,1.0,0.3175212062895298,0.8747108057141304,0.7230651050806045,0.004188722395338118,0.008354586011773857,0.17505500912666322,-0.003918642776989145,0.0,0.0001,0.1810553953051567,0.2780279092490673,0.3918762102723122,9.485563805355923e-05,0.14894563294947147,3.826065010053025,34.1546473788631,12.091397849462366
203,router_only,-3660.0667064785957,1.0,0.3180343948304653,0.8754144996404648,0.7214374288916587,0.004323660471709445,0.005557918260819894,0.17632179334759712,-0.004042757715797052,0.0,0.0001,0.1782764382660389,0.28030959889292717,0.3922059513628483,0.00010267212692269823,0.1491053469479084,3.7458170643513955,34.25708502150323,12.387096774193548
204,router_only,-3650.059337258339,1.0,0.3172124564647675,0.875137186050415,0.7242511987686158,0.004227452352643013,0.008889973304394566,0.17369054704904557,-0.004060785585897975,0.0,0.0001,0.1798727937042713,0.27597817629575727,0.3920933708548546,0.00010168254902964691,0.15195397213101386,3.8756333063501955,34.03960703293134,12.35483870967742
205,router_only,-3543.4685606360435,1.0,0.3156419910490513,0.8758494287729264,0.7257609322667122,0.0042064138571731744,0.011558065008284773,0.17460933774709703,-0.003911525550574879,0.0,0.0001,0.18415714018046855,0.2766469828784466,0.38631434068083764,0.00010545124259806471,0.15277608521282673,3.8708942026468898,33.88522067100441,11.951612903225808
206,router_only,-3572.1311386823654,1.0,0.32284360080957414,0.8731115102767945,0.7170934736728668,0.0045581292128190395,0.018447742759235525,0.17439964674413205,-0.004276511466014199,0.0,0.0001,0.18351652659475803,0.28148716166615484,0.37773108184337617,0.00011164356819790556,0.15715358443558217,3.88020746275289,34.01780343623553,12.032258064516128
207,router_only,-3517.787619829178,1.0,0.3211434900760651,0.8739309698343277,0.7217737302184105,0.004425621626432985,0.01043813161468271,0.17161491997539996,-0.003814319417870138,0.0,0.0001,0.18238305002450944,0.27882939726114275,0.38294091299176214,0.00012088049916201272,0.1557257618755102,3.847498485858103,34.324012840172834,11.811827956989248
208,router_only,-3594.891619324684,1.0,0.3214050054550171,0.8736692532896996,0.7243140950798989,0.004265419876901433,0.010252472770662286,0.17283998504281045,-0.004137927248757478,0.0,0.0001,0.18349406719207764,0.2800063230097294,0.38577920719981196,0.00011804703099187464,0.15060235969722272,3.753410821562888,34.323144710620376,12.112903225806452
209,router_only,-3686.7126874923706,1.0,0.32130924612283707,0.8738583937287331,0.7247871190309525,0.004348587425192818,0.009036363246559653,0.1706419985741377,-0.004324896729303873,0.0,0.0001,0.18266245052218438,0.2776985764503479,0.3844050608575344,0.00011337220639688894,0.15512053854763508,3.718472416326943,34.14642287831893,12.446236559139786
210,router_only,-3655.9857761263847,1.0,0.321978922188282,0.873345921933651,0.726088972389698,0.004223548021400347,0.007469299425611048,0.17238823510706425,-0.0033924742936505938,0.0,0.0001,0.1856637794524431,0.2745542377233505,0.38381474912166597,0.00011551312072697329,0.1558517176657915,3.805417704732677,33.82334938180215,12.397849462365592
211,router_only,-3574.025579571724,1.0,0.3218932941555977,0.8727284476161004,0.7255727738142014,0.004226741404272616,0.008127141943805349,0.1727904250845313,-0.004760663825072698,0.0,0.0001,0.18787500634789467,0.2764063499867916,0.38055232018232343,0.00011574652380659245,0.15505057722330093,3.7677744427967217,34.12827681429913,12.010752688172042
212,router_only,-3610.245433986187,1.0,0.32080709636211396,0.8735444277524949,0.7249932825565338,0.004301358724478632,0.0036871940275886974,0.17064321544021369,-0.004483311368676368,0.0,0.0001,0.18679692782461643,0.27652153596282003,0.3797890953719616,0.00011345282473484986,0.15677898824214936,3.8579756128413085,33.94673526066219,12.188172043010754
213,router_only,-3611.952501833439,1.0,0.3201879054307938,0.8731883585453033,0.7301515281200409,0.004180454084416851,0.01832990045186304,0.16885331645607948,-0.004029728565001278,0.0,0.0001,0.1911818016320467,0.26944113746285436,0.37770637944340707,0.00011161556285514962,0.16155906319618224,3.905346673419242,33.78869050658849,12.247311827956988
214,router_only,-3536.2001952528954,1.0,0.31764052510261537,0.8742272943258286,0.7293191909790039,0.0040652770723681895,0.008215297717651915,0.1706946160644293,-0.0034595031993376324,0.0,0.0001,0.19033333249390125,0.26669705733656884,0.3818130254745483,0.00011261613490205491,0.16104396134614946,3.9629907786936034,34.34731922127177,11.833333333333334
215,router_only,-3567.0989322066307,1.0,0.32174955010414125,0.8723378524184227,0.7259785056114196,0.00438952260883525,0.015427080195877324,0.17709292732179166,-0.004422886593965813,0.0,0.0001,0.1890998065471649,0.27142138704657554,0.37533301413059234,0.0001194382855828735,0.16402635239064695,3.7392032755751474,34.11523670179112,11.973118279569892
216,router_only,-3652.0474629998207,1.0,0.32366997599601743,0.8713661670684815,0.7234339043498039,0.004515591158997268,0.005685298636308294,0.17551700621843339,-0.003706865208732779,0.0,0.0001,0.18759713992476462,0.2718116380274296,0.3739972323179245,0.00011523752928042086,0.1664787508547306,3.9045961336429076,33.820949240449,12.274193548387096
217,router_only,-3676.360376238823,1.0,0.3216957747936249,0.8722731187939644,0.7252824783325196,0.004382623301353306,0.011351567509882431,0.1734015755355358,-0.0034607058638357556,0.0,0.0001,0.1860509529709816,0.2682308003306389,0.37967301830649375,0.00011275126744294539,0.16593248024582863,4.125666928267456,33.91335098395313,12.440860215053764
218,router_only,-3667.135617852211,1.0,0.3200328566133976,0.8730746895074845,0.7231911957263947,0.004310775804333389,0.006450624849276221,0.17893513180315496,-0.00387327466505667,0.0,0.0001,0.18787215650081635,0.26963491141796114,0.37869003415107727,0.00010971060019073774,0.1636931948363781,3.9591865881473733,34.05867674716774,12.419354838709678
219,router_only,-3592.952424645424,1.0,0.31946675553917886,0.874067322909832,0.7245263651013374,0.004420272330753506,0.004728712917676553,0.18201683312654496,-0.004253209168382455,0.0,0.0001,0.1855179775506258,0.2703106015920639,0.37899169996380805,9.952897817129269e-05,0.16508019119501113,3.826548092008274,34.57287870915171,12.03763440860215
220,router_only,-3596.3018612861633,1.0,0.31754140332341196,0.8743851706385612,0.7256638497114182,0.004372075549326837,0.008220492485270386,0.16823460273444651,-0.0035983856330858545,0.0,0.0001,0.18838926441967488,0.26823527961969373,0.3769567757844925,9.977428417187184e-05,0.16631890535354615,3.916497667267392,34.11713466187442,12.166666666666668
221,router_only,-3633.8112546801567,1.0,0.3171414233744144,0.8743618339300155,0.723163615167141,0.004505749588133767,0.012916118166685869,0.17527984417974948,-0.004155118936614599,0.0,0.0001,0.18706923201680184,0.26337616220116616,0.3766868971288204,9.07442929019453e-05,0.17277696505188941,4.045722687570514,34.0145193299541,12.25268817204301
222,router_only,-3694.522538483143,1.0,0.3121998429298401,0.8760003119707107,0.7280866742134094,0.00421008396660909,0.013615776720143908,0.17418162971735002,-0.0038378086275770327,0.0,0.0001,0.188742758333683,0.26149695441126825,0.3818212613463402,8.27914214823977e-05,0.16785623952746392,3.8598282100822363,34.08926525127128,12.526881720430108
223,router_only,-3582.2296520471573,1.0,0.31076008453965187,0.8768332034349442,0.7300801679491997,0.004083782189991325,0.010162134203164863,0.17255396582186222,-0.003762893971725134,0.0,0.0001,0.18769497014582157,0.2626986876130104,0.38570059314370153,8.077332458924502e-05,0.16382497660815715,3.840443980879329,34.27587589945168,12.053763440860216
224,router_only,-3725.162321448326,1.0,0.31392917111516,0.8758891209959984,0.7261520639061928,0.004190274304710329,0.010651157745905932,0.18265778794884682,-0.004173465673102328,0.0,0.0001,0.1895546730607748,0.2646359011530876,0.38038545921444894,7.032319072095561e-05,0.16535363383591176,3.813309823776002,34.01662789279375,12.655913978494624
225,router_only,-3554.7103829979897,1.0,0.31223887130618094,0.8763590738177299,0.728647431731224,0.00418301354511641,0.013282054405317479,0.17429605945944787,-0.0033603361225686967,0.0,0.0001,0.18630393110215665,0.266897227615118,0.38475608453154564,7.940407349451561e-05,0.16196335405111312,3.9294734220941976,34.1302897511233,11.903225806451614
226,router_only,-3602.3166169524193,1.0,0.3096917249262333,0.8778060391545296,0.7314842045307159,0.004078888177173212,0.012746881875045801,0.17371301725506783,-0.003455253988795448,0.0,0.0001,0.185943203791976,0.26088451221585274,0.38890391066670416,8.157796182786114e-05,0.1641867931932211,3.9470726773494973,34.13013115133604,12.225806451612902
227,router_only,-3656.8010417222977,1.0,0.3070090629160404,0.8787075847387313,0.733528445661068,0.004060501686763018,0.008061096472374579,0.17182968631386758,-0.0032879586364288117,0.0,0.0001,0.18772398084402084,0.26313428580760956,0.3862100444734097,7.734227910987102e-05,0.16285434924066067,3.868974109297568,33.99109716159202,12.295698924731182
228,router_only,-3631.495332479477,1.0,0.30579539835453035,0.8797144666314125,0.7370525971055031,0.003853244736092165,0.013366163116552332,0.1775738563388586,-0.003890401864919113,0.0,0.0001,0.18835394978523254,0.25790637023746965,0.3922614112496376,7.908866227808175e-05,0.16139918379485607,3.8702564792271277,34.200015716060975,12.27956989247312
229,router_only,-3615.51877117157,1.0,0.3163834743201733,0.8744695097208023,0.7300626456737518,0.004125022108200938,0.013842700812892855,0.17675454132258892,-0.004146647810557624,0.0,0.0001,0.18695192076265812,0.25885297954082487,0.3867480643093586,7.31114154405077e-05,0.16737392209470273,3.9174659268187786,34.11144427838865,12.247311827956988
230,router_only,-3547.550574183464,1.0,0.31028374284505844,0.8772443309426308,0.7314934507012367,0.004036813147831708,0.009036692220070187,0.17850608117878436,-0.003774001682177186,0.0,0.0001,0.18684975504875184,0.2617695309221745,0.3883498586714268,6.960890932532493e-05,0.1629612438380718,4.0470371170951065,34.01088582015635,11.811827956989248
231,router_only,-3656.4843200445175,1.0,0.3102331154048443,0.8766164153814315,0.7313201040029526,0.0042030552518554035,0.007696419142848759,0.17372009828686713,-0.0041288380161859095,0.0,0.0001,0.18589785620570182,0.2629750624299049,0.38545354902744294,6.975301166676218e-05,0.1656037788838148,3.9765889305954967,34.02575046364263,12.365591397849462
232,router_only,-3697.726122915745,1.0,0.3119096256792545,0.8764459565281868,0.7319787427783012,0.004183717264095321,0.004881705053685431,0.17250227518379688,-0.0034523557533248095,0.0,0.0001,0.1850783947855234,0.26456029117107394,0.38630480915307996,7.411466403937084e-05,0.16398238576948643,3.893988926192761,34.10411336417121,12.56989247311828
233,router_only,-3620.142288029194,1.0,0.31590933054685594,0.8742087736725808,0.7306245610117912,0.0042798419483006,0.004776798942293675,0.16889399141073227,-0.0038911152456421404,0.0,0.0001,0.18490575328469278,0.2642992988228798,0.3843500457704067,8.446837191513623e-05,0.1663604337722063,3.8813504644348256,34.11705781015849,12.338709677419354
234,router_only,-3675.8969772458076,1.0,0.3126363418996334,0.8758140876889229,0.7334646955132484,0.004067099950043484,0.01332500312346383,0.176989627443254,-0.0037036707894003485,0.0,0.0001,0.18647673763334752,0.2576482407748699,0.38925535678863527,7.302506373889628e-05,0.16654664017260074,3.9096037057088098,34.28530031539223,12.451612903225806
235,router_only,-3625.0939937233925,1.0,0.31189084723591803,0.8758652344346046,0.7305725634098053,0.004097615607315674,0.007154636787799956,0.18796211145818234,-0.0038848823212902063,0.0,0.0001,0.1854304689913988,0.25512347295880317,0.3909785658121109,6.674426658719313e-05,0.16840075068175792,3.731009818711656,33.72477963930302,12.225806451612902
236,router_only,-3597.0775336027145,1.0,0.3134509466588497,0.8756525903940201,0.7304531589150429,0.004061286797514186,0.020577398475597863,0.18119937367737293,-0.0039264518301934,0.0,0.0001,0.18987434245646,0.26096829771995544,0.3838417574763298,6.32143935035856e-05,0.1652523886412382,3.968164898797314,33.90967687003612,11.983870967741936
237,router_only,-3640.9482527971268,1.0,0.3164699338376522,0.8744395419955253,0.7256367623805999,0.0042136012809351085,0.007079421550952286,0.1738242357969284,-0.004334185068728402,0.0,0.0001,0.18688917607069017,0.2643003396689892,0.38328721299767493,6.68802737891383e-05,0.16545639149844646,3.7686947325979223,33.95050666158257,12.258064516129032
238,router_only,-3732.0814730525017,1.0,0.3144767999649048,0.8750658661127091,0.7300971940159797,0.00416223025531508,0.01025698814073625,0.18743388932198285,-0.004002368950750679,0.0,0.0001,0.18587812185287475,0.26018289625644686,0.387197457998991,7.017003572400427e-05,0.166671347245574,3.942486125685016,34.02228771105077,12.60752688172043
239,router_only,-3673.3528313040733,1.0,0.31313308104872706,0.8758779108524323,0.7314862713217736,0.004053061065496877,0.005731281543285155,0.1749985372647643,-0.0038123643962535425,0.0,0.0001,0.18618974275887012,0.2585883211344481,0.3897514835000038,6.95550851560256e-05,0.1654009021818638,3.807312340460746,33.92967971001124,12.408602150537634
240,router_only,-3571.4853680729866,1.0,0.31315295174717905,0.8752642139792443,0.7303441122174263,0.004146752168890089,0.005999292255910377,0.17574115321040154,-0.004035625525284558,0.0,0.0001,0.18468744903802872,0.2615853168070316,0.3888099603354931,7.220470679385471e-05,0.16484507210552693,3.8460072807630237,34.00953217888034,11.935483870967742
241,router_only,-3504.12194699049,1.0,0.3127623304724693,0.8756911814212799,0.7324577957391739,0.004140206944430247,0.012665078957343211,0.1738073207437992,-0.004228301256807754,0.0,0.0001,0.1877368126064539,0.2648684911429882,0.38369484692811967,6.813205109210685e-05,0.16363171711564065,3.9775489510552124,33.82958997604906,11.758064516129032
242,router_only,-3543.787155508995,1.0,0.3126941904425621,0.8759551867842674,0.7308512926101685,0.004259639629162848,0.013249270041978867,0.1807299740612507,-0.004366463783662766,0.0,0.0001,0.18446232080459596,0.2615183487534523,0.3861405044794083,7.123054410840268e-05,0.16780759692192077,3.9662616151748042,34.17979677420162,11.82258064516129
243,router_only,-3563.6292495131493,1.0,0.311781670153141,0.8765235647559166,0.7321652084589004,0.004123276297468692,0.006974076020742315,0.17101693376898766,-0.0036393333590240217,0.0,0.0001,0.18457279950380326,0.2610625918954611,0.3895080916583538,8.020691720957984e-05,0.16477632001042367,4.059055371333608,34.15259149097231,11.908602150537634
244,router_only,-3521.5490005016327,1.0,0.31507345512509344,0.8752755522727966,0.7322801053524017,0.004236938641406595,0.013183501576804752,0.17728279940783978,-0.004172081431170227,0.0,0.0001,0.1850987058132887,0.2565674066543579,0.38741171956062315,8.001187052286696e-05,0.1708421628922224,3.7965199225377493,34.13931242861239,11.795698924731182
245,router_only,-3560.3487082719803,1.0,0.31200252249836924,0.8766851127147675,0.735197776556015,0.004084092099219561,0.00536459582399409,0.17771370112895965,-0.003879464211058803,0.0,0.0001,0.18765881508588791,0.25658184438943865,0.3875194683670998,7.768532886984759e-05,0.16816218942403793,3.9054423910296605,34.2845008554782,11.935483870967742
246,router_only,-3573.25489962101,1.0,0.3089651808142662,0.8780876651406289,0.7385728165507317,0.0038751356652937828,0.010338943130864253,0.18158052079379558,-0.00429318388341926,0.0,0.0001,0.1885445922613144,0.2554479207843542,0.39180316403508186,7.681504930587835e-05,0.1641275130212307,3.8958567545255356,34.17422214769318,12.005376344086022
247,router_only,-3594.5147104263306,1.0,0.3065190501511097,0.8793556809425354,0.7367835536599159,0.0037676274951081723,0.0072976294338331586,0.17178465016186237,-0.003226844361779513,0.0,0.0001,0.1882915772497654,0.25511462390422823,0.3954519771039486,7.142312078940449e-05,0.16107040047645568,3.8590781215896124,34.580391932863485,12.053763440860216
248,router_only,-3666.1636016368866,1.0,0.30697141289711,0.8787188336253167,0.7358036279678345,0.0038339118007570507,0.015002709195960117,0.17032777164131402,-0.004052281531039625,0.0,0.0001,0.19123871065676212,0.25316931717097757,0.38990209102630613,6.526378447233583e-05,0.16562462411820889,4.021826010775014,34.645792156278,12.483870967741934
249,router_only,-3624.9017553925514,1.0,0.30363203287124635,0.8804882362484932,0.7354333996772766,0.0038586376467719674,0.008401608845815655,0.17235200703144074,-0.0033714398559823167,0.0,0.0001,0.18819380477070807,0.25210779160261154,0.394102893024683,6.400276752174249e-05,0.16553150974214076,3.8884964968084983,34.14637613328315,12.27956989247312
250,router_only,-3545.6243546009064,1.0,0.29508643969893456,0.8844082534313202,0.7414309412240982,0.0036773294385056944,0.008879897643691948,0.16907529011368752,-0.0036799257724851485,0.0,0.0001,0.18962165489792823,0.25203516595065595,0.39711499214172363,6.203814918990247e-05,0.16116615161299705,3.8963828671986964,34.01655275160508,11.951612903225808
251,router_only,-3630.78329795599,1.0,0.29368517771363256,0.8850178703665733,0.7402924969792366,0.003673643380170688,0.0031529157738077298,0.16528189815580846,-0.0032722641684813426,0.0,0.0001,0.1902568969875574,0.25297638326883315,0.39586972519755365,6.0078708065702814e-05,0.16083692163228988,3.83796196057887,34.19985463381638,12.25268817204301
252,router_only,-3502.1593245863914,1.0,0.2866786666214466,0.8879836246371269,0.7443014711141587,0.0034667670668568464,0.011611725549482772,0.1741374384611845,-0.004164479848674319,0.0,0.0001,0.19184584878385066,0.2535108581185341,0.3995444133877754,6.782672635381459e-05,0.15503105893731117,3.8503064081295246,33.91491618472157,11.698924731182796
253,router_only,-3568.4776179790497,1.0,0.2857359915971756,0.8884709537029266,0.7453766331076622,0.003418490698095411,0.005264261413503851,0.1599119957536459,-0.0035233959002653136,0.0,0.0001,0.19330833926796914,0.2508787248283625,0.39963801577687263,6.944466849745368e-05,0.1561054762452841,3.9967211804425586,33.89081537048176,11.956989247311828
254,router_only,-3575.4959782361984,1.0,0.28805089741945267,0.8873349085450173,0.7437588468194007,0.0033999862149357795,0.010139190502104578,0.16124865449965,-0.0036095594172365964,0.0,0.0001,0.1953613579273224,0.25389530323445797,0.39629127234220507,6.161848214105702e-05,0.15439045242965221,3.873751872436764,34.046623161965314,12.102150537634408
255,router_only,-3565.063518643379,1.0,0.2872661091387272,0.8872398629784584,0.7449575260281562,0.003495201701298356,0.005403964932429478,0.1834536537528038,-0.003961821055418114,0.0,0.0001,0.19293215721845627,0.2536245722323656,0.39697928726673126,5.956588129265583e-05,0.15640441812574862,3.850152191797388,34.04567610146003,11.908602150537634
256,router_only,-3568.8124091625214,1.0,0.2815115749835968,0.8900682806968689,0.7495352104306221,0.003414733236422762,0.005144971348909172,0.1604622919112444,-0.002970371181436349,0.0,0.0001,0.19447833448648452,0.25105208717286587,0.39792830795049666,6.134705490694614e-05,0.1564799252897501,3.9044247959696423,34.04212425755432,12.016129032258064
257,router_only,-3451.686649143696,1.0,0.2782029896974564,0.8917624548077583,0.7519714698195458,0.0033172863826621325,0.010246215691859151,0.15674848835915328,-0.0031461472040973603,0.0,0.0001,0.19671912118792534,0.2539314065128565,0.39660713002085685,6.434882498069782e-05,0.15267799533903598,3.962320377120057,33.67024261503288,11.564516129032258
258,router_only,-3586.738622903824,1.0,0.28088266476988794,0.8904566913843155,0.7503400593996048,0.0033353485399857164,0.006626640486229013,0.16484198682010173,-0.0035940042051606723,0.0,0.0001,0.1980298724025488,0.25261836387217046,0.39460685178637506,6.887192594149383e-05,0.1546760406345129,3.857030462609301,33.9375537084366,12.129032258064516
259,router_only,-3646.955548763275,1.0,0.2777103990316391,0.8923456057906151,0.7521407559514046,0.003319162561092526,0.009378384025603741,0.1718368198722601,-0.004016221145502641,0.0,0.0001,0.19612082168459893,0.25453328602015973,0.3973811209201813,6.731403764206333e-05,0.15189745649695396,3.903623313437982,34.18873548825182,12.236559139784946
260,router_only,-3564.6718650460243,1.0,0.2761448986828327,0.8928237557411194,0.750936895608902,0.003516668046358973,0.012901078629056428,0.16713753454387187,-0.004088695202699455,0.0,0.0001,0.1940564725548029,0.25874317809939384,0.39299609139561653,6.615389029320795e-05,0.15413810424506663,3.9104371186244866,33.8404050274025,11.919354838709676
261,router_only,-3499.3531970381737,1.0,0.2777488134801388,0.8918456360697746,0.7542615979909897,0.0034907110093627125,0.003064272274423313,0.16616124361753465,-0.0044199672585818915,0.0,0.0001,0.19388293027877807,0.25798750706017015,0.39452822878956795,6.128633176558652e-05,0.1535400502383709,3.630746009655262,33.786036126221326,11.688172043010752
262,router_only,-3557.8566911816597,1.0,0.2801812767982483,0.8902393817901612,0.7537015676498413,0.003264987631700933,0.011819108924009896,0.1834556233137846,-0.004033025793614797,0.0,0.0001,0.19979248531162738,0.25478305108845234,0.3936265639960766,5.8289732351113344e-05,0.15173961371183395,3.864623532809498,33.66602095922321,11.913978494623656
263,router_only,-3556.4037548303604,1.0,0.27903701439499856,0.8908462196588516,0.7541879251599312,0.0034017716825474054,0.011040902419426835,0.17444912493228912,-0.003919117392069893,0.0,0.0001,0.19427203387022018,0.2555431205779314,0.39732717871665957,5.972611343167955e-05,0.152797944098711,3.832105032828438,33.89782302835256,11.956989247311828
264,router_only,-3586.04518866539,1.0,0.2781571298837662,0.8913227051496506,0.7526273965835572,0.0034362430335022507,0.007857370886085829,0.17225363422185183,-0.0039424849645001816,0.0,0.0001,0.19253633357584476,0.2587082765996456,0.3980900332331657,6.0399410358513705e-05,0.15060495734214782,3.91472454074347,33.88815497213844,12.053763440860216
265,router_only,-3569.3948858380318,1.0,0.27967281714081765,0.8908399343490601,0.7521559149026871,0.0034861851076129825,0.008007396928678684,0.15981503631919622,-0.003261263550302829,0.0,0.0001,0.1913167119026184,0.2559249337762594,0.39915046393871306,5.9669082384061765e-05,0.15354822874069213,3.841202073634414,33.89050591334137,12.06989247311828
266,router_only,-3457.8185326457024,1.0,0.2785217121243477,0.8909021764993668,0.7506586641073227,0.0036291611671913416,0.00627763228540062,0.16590934656560422,-0.0036354664189275354,0.0,0.0001,0.1882354434579611,0.25777764320373536,0.3990929119288921,6.058358576410683e-05,0.1548334166407585,3.9258374259205002,33.79086834484978,11.473118279569892
267,router_only,-3515.434475660324,1.0,0.2840327464044094,0.8890132427215576,0.7475532561540603,0.0036615308956243096,0.00531278065072906,0.17164200581610203,-0.0038151982676936313,0.0,0.0001,0.18875372596085072,0.257168210670352,0.3970459565520287,6.37355412436591e-05,0.15696837492287158,3.9225527975698227,33.91073661356864,11.731182795698924
268,router_only,-3579.110515356064,1.0,0.2845658965408802,0.8886886149644851,0.7450564160943032,0.003754472901346162,0.005173189153811181,0.16890123561024667,-0.003747539981850423,0.0,0.0001,0.18803608156740664,0.2592294212430716,0.39517700523138044,6.748351661371999e-05,0.15749000981450081,3.817941006494411,34.03499215678381,12.026881720430108
269,router_only,-3617.9474710822105,1.0,0.2789893291890621,0.8911151945590973,0.7465970709919929,0.0037449087540153414,0.008332202673500422,0.1670644287019968,-0.003043934480228927,0.0,0.0001,0.18610291928052902,0.25699648037552836,0.3988668344914913,6.849241517556948e-05,0.1579652711749077,3.9024893529775917,33.887409466653956,12.182795698924732
270,router_only,-3652.378911972046,1.0,0.27917294576764107,0.8905190095305443,0.7494638666510582,0.00366148441680707,0.004807631410039892,0.1671174392104149,-0.0031153717034612784,0.0,0.0001,0.18850121982395648,0.2562309537082911,0.3977997928857803,7.400744607366505e-05,0.1573940236121416,3.7675444114108267,33.67183541981946,12.333333333333334
271,router_only,-3616.5093824863434,1.0,0.2795084431767464,0.8904653549194336,0.7465365722775459,0.0038133233261760323,0.010091922007632082,0.1741233231499791,-0.003856839460786432,0.0,0.0001,0.18362011797726155,0.25606609471142294,0.40136924758553505,8.329789552590228e-05,0.15886123962700366,4.170437514999113,33.939595126976165,12.17741935483871
272,router_only,-3554.5274038910866,1.0,0.2795108512043953,0.8904200807213783,0.7444869682192803,0.003982514713425189,0.019046932705714427,0.18001626580953597,-0.0041771070089453135,0.0,0.0001,0.18352954946458339,0.2655895628035069,0.3942542336881161,7.337720062423614e-05,0.15655327811837197,4.107869214703358,34.00099516709233,11.978494623655914
273,router_only,-3523.1865080595016,1.0,0.2791383467614651,0.8902621909976005,0.7462539911270142,0.0039655392174609005,0.0011354523183399411,0.17697063349187375,-0.002820127000450157,0.0,0.0001,0.18389912098646163,0.2653046488761902,0.3939714223146439,7.408485989799374e-05,0.15675072595477105,4.061333864329258,33.5728635777014,11.78494623655914
274,router_only,-3704.76497900486,1.0,0.2767342269420624,0.8925385281443596,0.7465087339282036,0.004073724639602006,0.00782191467505986,0.18379666581749915,-0.0032222134264884516,0.0,0.0001,0.18425517044961454,0.2671807646751404,0.3900604657828808,7.824762069503776e-05,0.15842535607516767,4.041973035258542,34.021886277210605,12.591397849462366
275,router_only,-3669.9042182564735,1.0,0.2761108748614788,0.8926997989416122,0.7454863145947457,0.004095740278717131,0.009157428600519813,0.17115697860717774,-0.0031816959810385013,0.0,0.0001,0.18127862513065338,0.26557859405875206,0.39450643584132195,7.881916280894075e-05,0.1585575271397829,4.148143768448488,33.93347043565233,12.456989247311828
276,router_only,-3621.011112332344,1.0,0.278932785987854,0.8920826956629753,0.7417765513062478,0.004110983619466424,0.009924288236106749,0.16743560452014208,-0.002850714664964471,0.0,0.0001,0.17997878268361092,0.2619162924587727,0.39718094691634176,8.238738791987998e-05,0.16084159202873707,4.204275679168355,33.9703876906856,12.155913978494622
277,router_only,-3607.8717520833015,1.0,0.2783700622618198,0.8920593649148941,0.7421076834201813,0.004129452625056729,0.010895106559746565,0.17885840833187103,-0.0025418875622563062,0.0,0.0001,0.18246564380824565,0.26429250463843346,0.39173339381814004,8.827035717331455e-05,0.16142018921673298,4.220313294660786,33.68366956568353,12.198924731182796
278,router_only,-3499.979503393173,1.0,0.2795635282993317,0.8903802022337913,0.7421423196792603,0.004051108297426253,0.004557751943775656,0.174634338542819,-0.003060062194708735,0.0,0.0001,0.18300836011767388,0.26273931562900543,0.3934673801064491,9.044488870131317e-05,0.16069450341165065,4.123912040484556,34.0431521745391,11.650537634408602
279,router_only,-3685.906783401966,1.0,0.2774402670562267,0.8916381880640983,0.7441034108400345,0.0038709552376531065,0.0123475003454587,0.18525719419121742,-0.0029014660976827145,0.0,0.0001,0.18325029872357845,0.25887670964002607,0.39939918741583824,8.33534793855506e-05,0.15839044637978078,4.105031052425909,34.24582008048803,12.413978494623656
280,router_only,-3574.189346373081,1.0,0.2771796390414238,0.8915208891034127,0.7439290955662727,0.0040112071495968845,0.007742478120326279,0.18328495621681212,-0.0032789569850137923,0.0,0.0001,0.18169348426163195,0.26146524026989937,0.39708784967660904,8.026914465517621e-05,0.1596731573343277,4.137429501271551,34.04520559339581,11.956989247311828
281,router_only,-3549.287340462208,1.0,0.27935786470770835,0.8902525261044503,0.7432036176323891,0.004043536313110963,0.006210112061398859,0.17483194917440414,-0.0030263307082350364,0.0,0.0001,0.18218193277716638,0.2594898913055658,0.3959581457078457,8.410531081608497e-05,0.16228593178093434,3.9857623090023755,33.919856867674405,11.887096774193548
282,router_only,-3506.3816817998886,1.0,0.27697671130299567,0.8920325845479965,0.7427165359258652,0.004044204601086676,0.0056375671132627755,0.1715750189498067,-0.002979121048701927,0.0,0.0001,0.18387193679809571,0.25985054969787597,0.39313935935497285,8.48630303153186e-05,0.16305329240858554,4.312648472834416,34.16231191565723,11.725806451612904
283,router_only,-3530.5334929823875,1.0,0.2791178524494171,0.8905577406287193,0.7425902143120766,0.0041244172607548535,0.013298884115647553,0.1775385096669197,-0.003054868774052011,0.0,0.0001,0.1849393170326948,0.2654326088726521,0.3880128189921379,8.193859594030073e-05,0.16153331249952316,4.133858797287526,33.872610695729435,11.827956989247312
284,router_only,-3675.860206723213,1.0,0.27719428241252897,0.8906152829527855,0.7429918855428695,0.0039242247759830205,0.01783858133649116,0.1765774916857481,-0.002591421398392413,0.0,0.0001,0.1840485230088234,0.2574153743684292,0.39692675694823265,8.729636601856328e-05,0.16152205541729928,3.9942682933608973,34.210484354178355,12.413978494623656
285,router_only,-3529.068808197975,1.0,0.2794930636882782,0.8897756934165955,0.7407695442438126,0.004013031796785071,0.0036718764416036774,0.1799016322940588,-0.0027761113959059005,0.0,0.0001,0.1826539609581232,0.2577560693025589,0.39648646041750907,8.621518627478508e-05,0.1630172971636057,4.177897478314374,33.950187222611895,11.779569892473118
286,router_only,-3468.7262938022614,1.0,0.27974167838692665,0.8893671736121178,0.7417748138308525,0.003929231886286288,0.0048774606790176036,0.18325787410140038,-0.0030361802062543576,0.0,0.0001,0.18288034982979298,0.25729889832437036,0.39869880080223086,7.446159179380629e-05,0.16104749031364918,4.344231756986118,33.69465582991394,11.553763440860216
287,router_only,-3518.4263412356377,1.0,0.27446138486266136,0.8918582320213317,0.7447394296526909,0.003883639519335702,0.009086800242675896,0.17972818948328495,-0.002848665187775623,0.0,0.0001,0.18415023274719716,0.2527599360793829,0.3996415428817272,7.002265983828693e-05,0.16337826438248157,4.285846398927885,34.13161907032312,11.688172043010752
288,router_only,-3517.8259986639023,1.0,0.27408629953861235,0.8920606255531311,0.7443457946181298,0.003836838307324797,0.009042517102625446,0.18153534196317195,-0.0025798744205530965,0.0,0.0001,0.18279118686914445,0.2503572888672352,0.4041628047823906,6.768391576770228e-05,0.16262104101479052,4.130801978944102,33.82584172161902,11.758064516129032
289,router_only,-3533.2980768084526,1.0,0.2698769599199295,0.8937867522239685,0.747825887799263,0.003777153615374118,0.0027467024729958657,0.1791874084621668,-0.0019829163386020808,0.0,0.0001,0.18370135873556137,0.2502110958099365,0.40462598353624346,6.037850662323763e-05,0.1614011876285076,4.333523916342479,34.15974792607415,11.75268817204301
290,router_only,-3544.7964309453964,1.0,0.27307795360684395,0.89212496727705,0.7436474084854126,0.0038452239474281668,0.011656352153022409,0.17519354708492757,-0.0029106371934176424,0.0,0.0001,0.18078598268330098,0.2472982931882143,0.4089851208031178,6.482838634838117e-05,0.16286577396094798,4.167981823551859,34.06691857147647,11.860215053763442
291,router_only,-3578.4325889348984,1.0,0.27258286327123643,0.8924733534455299,0.7430148497223854,0.0037875343230552973,0.00445908510682777,0.1723993506282568,-0.002948293783265399,0.0,0.0001,0.18121960610151291,0.246041838824749,0.4107800595462322,6.580941917491145e-05,0.1618926864117384,4.164457650453275,33.81331769153463,12.016129032258064
292,router_only,-3603.792225778103,1.0,0.27362931668758395,0.8916724503040314,0.7426712706685066,0.0037653268314898013,0.009512881898626768,0.17904810532927512,-0.002806997417064849,0.0,0.0001,0.1830531507730484,0.24223188683390617,0.4098335690796375,6.600831366085914e-05,0.16481538228690623,4.145064419186747,33.7595989621074,12.14516129032258
293,router_only,-3611.14896517992,1.0,0.2720254696905613,0.8932389438152313,0.7448277249932289,0.003842670639278367,0.005696731943498923,0.1842226441949606,-0.0029757662678093766,0.0,0.0001,0.18140660375356674,0.24103562906384468,0.41127089485526086,6.044557248969795e-05,0.1662264209240675,4.0451781698062215,33.90469712429315,12.048387096774194
294,router_only,-3567.621608376503,1.0,0.2752184264361858,0.8911546796560288,0.7437665700912476,0.003999138867948204,0.009922064093461812,0.1752022121101618,-0.0033534659785800615,0.0,0.0001,0.17989240288734437,0.24304649718105792,0.40782406777143476,6.0657166704913835e-05,0.1691763773560524,4.262394200406506,33.96836584622784,11.951612903225808
295,router_only,-3516.7109090685844,1.0,0.2757995843887329,0.8913796454668045,0.7411294728517532,0.004061677266145125,0.013172109553033806,0.17639538794755935,-0.0030633177055278795,0.0,0.0001,0.1812759257853031,0.24739690758287908,0.401238015294075,6.423245577025227e-05,0.1700249258428812,4.111103104038688,33.70762933603628,11.78494623655914
296,router_only,-3655.221151947975,1.0,0.2751459017395973,0.8914975196123123,0.7423009067773819,0.004158643999835477,0.013904679695497208,0.1842604771256447,-0.002902903183712624,0.0,0.0001,0.17872567996382713,0.24299641288816928,0.40562867671251296,6.262672677621594e-05,0.17258659787476063,4.118749248192051,34.049382448270556,12.333333333333334
297,router_only,-3597.014834702015,1.0,0.27879651114344595,0.8895138084888459,0.7440345764160157,0.0040956214535981415,0.002291718204742199,0.17846380397677422,-0.003196639753150521,0.0,0.0001,0.17986475341022015,0.2421914216130972,0.4053633950650692,6.941465762793087e-05,0.17251101396977903,4.133090317166823,33.95066035895813,12.059139784946236
298,router_only,-3612.91848641634,1.0,0.2794655106961727,0.8897179886698723,0.7453421756625176,0.004049936821684241,0.013672562982537773,0.17676440253853798,-0.0039436249295249585,0.0,0.0001,0.182782443985343,0.24610052779316902,0.3997478440403938,7.890065826359205e-05,0.17129028476774694,4.057567077549019,34.221707519709874,12.21505376344086
299,router_only,-3664.196635365486,1.0,0.279226578772068,0.8901514023542404,0.7476136162877083,0.0039622502226848155,0.007686390185062941,0.1855558380484581,-0.0033140704810648456,0.0,0.0001,0.18211226239800454,0.2461868654936552,0.40350380167365074,7.980312593645067e-05,0.1681172739714384,4.190906742787625,34.026263416740534,12.306451612903226
300,router_only,-3568.485744535923,1.0,0.279104183614254,0.8894897401332855,0.7463580265641212,0.00402071691933088,0.008610656882410684,0.17192181535065174,-0.0031829108615056612,0.0,0.0001,0.1811213366687298,0.2504899300634861,0.4014067232608795,8.206365700971218e-05,0.16689994633197786,4.177238151104125,33.97402368416931,11.951612903225808
301,router_only,-3524.9093917012215,1.0,0.2820513993501663,0.888316398859024,0.7422712743282318,0.004160185228101909,0.008514558211390955,0.1765698378905654,-0.0031626568699721245,0.0,0.0001,0.18013919331133366,0.24859143570065498,0.4000300832092762,8.487146833431325e-05,0.17115441896021366,4.172029965822019,33.845060257036955,11.731182795698924
302,router_only,-3515.497826874256,1.0,0.2772081010043621,0.890493980050087,0.7444097533822059,0.003987182438140735,0.012418386460922198,0.17547948732972146,-0.0029565648284915367,0.0,0.0001,0.17987386621534823,0.2468767434358597,0.40623760893940924,8.653716640765197e-05,0.16692524328827857,4.234448561457422,34.03479680153864,11.75268817204301
303,router_only,-3498.6172176599503,1.0,0.28168715462088584,0.8874367892742157,0.7438607901334763,0.003952761006075889,0.010944772035418254,0.17462581768631935,-0.003201162675395608,0.0,0.0001,0.18217762149870395,0.25004508830606936,0.40151277408003805,8.682167481310898e-05,0.16617769077420236,4.05035549750347,34.289604267520154,11.634408602150538
304,router_only,-3469.372983455658,1.0,0.28328523114323617,0.8866998136043549,0.7419834405183792,0.003997846465790644,0.0020401187052811577,0.17684486024081708,-0.0035659759654663504,0.0,0.0001,0.18144569173455238,0.25085098333656786,0.40122562274336815,8.584566758145229e-05,0.1663918573409319,4.150537809544275,33.614782765901055,11.596774193548388
305,router_only,-3522.5106595158577,1.0,0.2840347930788994,0.88692806661129,0.7397214949131012,0.004074739495990798,0.007336866372315803,0.17874210625886916,-0.0034614743424754126,0.0,0.0001,0.18116877935826778,0.24771848507225513,0.40096660107374194,8.704510028110236e-05,0.1700590919703245,4.278933811984543,33.67984908701743,11.779569892473118
306,router_only,-3563.639950454235,1.0,0.28302325308322906,0.8869002774357796,0.7388927966356278,0.004040295782033354,0.010582971268922886,0.1780318420380354,-0.003285958462220151,0.0,0.0001,0.18458205349743367,0.24939328134059907,0.3956841312348843,7.802610389262554e-05,0.17026250399649143,4.010181324455742,34.27296056686081,11.903225806451614
307,router_only,-3465.283287167549,1.0,0.2807961396872997,0.8882018744945526,0.7429058969020843,0.004089769558049738,0.00516868710719795,0.18311822228133678,-0.003714389262313489,0.0,0.0001,0.18319723568856716,0.2481961537152529,0.39686198681592944,7.563006965938257e-05,0.17166899405419828,4.227217647726314,33.7717233616987,11.618279569892472
308,router_only,-3640.2097984552383,1.0,0.27946163415908815,0.8887311935424804,0.7431142777204514,0.004088631935883313,0.008179044834196281,0.1722527364268899,-0.003133327222894877,0.0,0.0001,0.1839305553585291,0.2515522111207247,0.39445426538586614,7.577919195682626e-05,0.16998719684779645,4.108841713273503,33.99319161014002,12.295698924731182
309,router_only,-3560.5993304252625,1.0,0.2799254208803177,0.8894282042980194,0.7411321327090263,0.004197413130896166,0.006936661102190556,0.17338201515376567,-0.003118286730023101,0.0,0.0001,0.18339480310678483,0.2540727749466896,0.39152168333530424,8.204247069443227e-05,0.1709286965429783,4.254124493774584,34.32874065867754,11.919354838709676
310,router_only,-3519.651601731777,1.0,0.2807777740061283,0.8884084686636925,0.741739547252655,0.0040777688147500156,0.008702790847837621,0.16761686261743308,-0.002579772606259212,0.0,0.0001,0.18502969145774842,0.24972137734293937,0.39369392693042754,8.73801773195737e-05,0.17146762013435363,4.042666028140309,34.0816731114373,11.811827956989248
311,router_only,-3596.386855185032,1.0,0.2815617695450783,0.8877361133694649,0.7448594391345977,0.003987900278298184,0.00567631982412421,0.1841569934040308,-0.0033380272496287946,0.0,0.0001,0.18518191389739513,0.2506453089416027,0.3954494513571262,9.386479159729788e-05,0.16862946338951587,4.202407212027788,33.77396090233827,12.10752688172043
312,router_only,-3544.473703444004,1.0,0.28194015473127365,0.8879052251577377,0.7417864024639129,0.004068140318850055,0.008935383783773444,0.18229409940540792,-0.0033134298619188485,0.0,0.0001,0.18417312018573284,0.24719161838293074,0.3967138044536114,8.865638674251385e-05,0.17183280140161514,4.232918644956752,33.645385789457904,11.89247311827957
313,router_only,-3519.3927470445633,1.0,0.2850715644657612,0.8860813274979591,0.7408030316233635,0.004257793514989316,0.009682261156467625,0.1731276135891676,-0.00372294371627504,0.0,0.0001,0.18311419002711773,0.24845595695078374,0.3929335869848728,8.667159436299698e-05,0.17540959157049657,4.045623301025265,33.69907668768366,11.81720430107527
314,router_only,-3573.9444884061813,1.0,0.2906543128192425,0.8834213212132453,0.7370891630649566,0.004255810135509819,0.010452560726844206,0.1935532670468092,-0.0040008398806094195,0.0,0.0001,0.18373988009989262,0.253046977519989,0.3899016261100769,9.624374670238466e-05,0.1732152745127678,4.254074341716321,33.64084196328406,12.0
315,router_only,-3415.3059172034264,1.0,0.28949566185474396,0.8836724638938904,0.7355453282594681,0.004207082377979532,0.006836837562514131,0.1866114605218172,-0.0032483072762261147,0.0,0.0001,0.1828096631914377,0.25433279015123844,0.3920265607535839,0.00010391377927589928,0.17072707116603852,4.004413886858766,34.21796591714863,11.306451612903226
316,router_only,-3630.8912544846535,1.0,0.29322174862027167,0.882349255681038,0.7340675413608551,0.0042393692652694884,0.002236200707375219,0.17678092047572136,-0.0036429342741030268,0.0,0.0001,0.18259952813386918,0.2537422388792038,0.3917091488838196,0.00011623352511378471,0.17183285392820835,3.9094525767987958,34.17412937124399,12.27956989247312
317,router_only,-3517.4320961833,1.0,0.2950378470122814,0.8815020889043808,0.734366574883461,0.0042066872119903564,0.008300213077382036,0.1787318207323551,-0.003858837953885086,0.0,0.0001,0.18448101468384265,0.2560091234743595,0.3889325946569443,0.00011796795442933216,0.17045930065214634,4.092658637676914,34.174776626599126,11.768817204301076
318,router_only,-3526.079658806324,1.0,0.2923631280660629,0.8822641417384147,0.7328489318490028,0.004058910545427352,0.007408295041750501,0.18372540026903153,-0.004048099705687491,0.0,0.0001,0.1847890317440033,0.2557264115661383,0.39232872426509857,0.00011758179934986401,0.16703825034201145,4.002418673099494,34.267857574806314,11.720430107526882
319,router_only,-3505.779824256897,1.0,0.2937727980315685,0.8818691805005073,0.7318716242909431,0.0041025842539966105,0.004757057532515397,0.1753873448818922,-0.0035710795549675823,0.0,0.0001,0.18506363593041897,0.25424257330596445,0.39144031181931493,0.00011130465554742841,0.16914217583835126,4.2562977491193985,34.5481615836365,11.709677419354838
320,router_only,-3543.95413762331,1.0,0.28920713886618615,0.8848212257027626,0.7347609892487525,0.003975831810384989,0.011097627613708038,0.1743675008416176,-0.0035700829335837624,0.0,0.0001,0.18734412342309953,0.2486937616020441,0.3936332270503044,0.00011246519152336986,0.17021642848849297,4.242611140859044,34.265426361599694,11.935483870967742
321,router_only,-3577.7821145653725,1.0,0.28861296102404593,0.8843785539269448,0.7339723527431488,0.0040153251844458285,0.005015071783600472,0.18128883354365827,-0.0037615286651998757,0.0,0.0001,0.18614136576652526,0.2512012951076031,0.39324335753917694,0.00010638223538990132,0.16930760033428668,3.922250781206839,34.20973891138483,11.935483870967742
322,router_only,-3473.4031876325607,1.0,0.2932046137750149,0.8818324610590935,0.7302396789193153,0.0041623954486567525,0.021000772541992785,0.19522095397114753,-0.004860252885191585,0.0,0.0001,0.18950937315821648,0.2574436213821173,0.38275177776813507,9.758029209478991e-05,0.17019765749573706,3.9802082181164793,33.96744954729872,11.623655913978496
323,router_only,-3497.573664188385,1.0,0.2941077761352062,0.8813418462872505,0.7338052034378052,0.004225783940637484,0.008110578608739188,0.18251723982393742,-0.004276463613132364,0.0,0.0001,0.19134463481605052,0.25717989839613437,0.37896110117435455,9.668857956057764e-05,0.17241768315434455,4.156388881597257,34.21148071103728,11.623655913978496
324,router_only,-3515.123166501522,1.0,0.2952181316912174,0.8804426297545433,0.7275441482663154,0.004290299525018781,0.0029133068100236138,0.17773727290332317,-0.004171159914403688,0.0,0.0001,0.18989965952932836,0.2582548540085554,0.37908684760332106,8.501038300892105e-05,0.1726736344397068,4.047670976226676,33.87186572029565,11.779569892473118
325,router_only,-3593.648975610733,1.0,0.2874606251716614,0.8843630954623223,0.7335764333605767,0.004122332559200003,0.011324466211499412,0.18638925850391388,-0.004011896767042345,0.0,0.0001,0.19019143357872964,0.2527289748191833,0.38445730581879617,7.277186768988031e-05,0.1725495181977749,4.068425004923986,34.246972043672194,12.026881720430108
326,router_only,-3542.132434785366,1.0,0.2885506756603718,0.8840691298246384,0.7326481848955154,0.004063599399523809,0.00304961895944868,0.1744242852553725,-0.003500556553626666,0.0,0.0001,0.1908663533627987,0.251337905228138,0.385306116938591,7.384980281130993e-05,0.1724157776683569,4.23604637664701,34.05021137839906,11.89247311827957
327,router_only,-3356.013159751892,1.0,0.2870269067585468,0.8848052516579628,0.7343570098280907,0.004003586783073843,0.009378349045346129,0.17841464150696992,-0.004126039992843289,0.0,0.0001,0.19295012764632702,0.24665453135967255,0.3861191548407078,6.805100656492868e-05,0.1742081418633461,4.225036544871611,34.24635082051916,11.037634408602152
328,router_only,-3576.147912800312,1.0,0.29165331125259397,0.8831621840596199,0.7325478971004487,0.00427573686465621,0.010524126019936398,0.1738401658833027,-0.004154854943772079,0.0,0.0001,0.1898658648133278,0.24660133980214596,0.38399454206228256,7.349055313170539e-05,0.17946476116776466,4.073858823302387,34.120653355851424,12.053763440860216
329,router_only,-3447.2594122886658,1.0,0.2905579261481762,0.8833904385566711,0.7343082085251809,0.004132414748892188,0.01005082880010374,0.18216110356152057,-0.0036098172058700584,0.0,0.0001,0.19282870255410672,0.24866063073277472,0.3825161956250668,7.677593184780562e-05,0.1759176928550005,4.327291818715418,34.31512291170722,11.505376344086022
330,router_only,-3602.1190391778946,1.0,0.2948714911937714,0.8816638842225075,0.7314957603812218,0.004222353582736105,0.008529122497202496,0.1853922825306654,-0.0033163202224386623,0.0,0.0001,0.1932518593966961,0.24587781354784966,0.3810375578701496,7.367057896772167e-05,0.1797590982168913,4.190960562793032,34.26503907461918,12.096774193548388
331,router_only,-3448.0621489286423,1.0,0.2936425969004631,0.8821229010820388,0.7338979974389076,0.004020259983371943,0.009322952251841366,0.18379972092807292,-0.0037665474403183906,0.0,0.0001,0.19533762708306313,0.24445550702512264,0.3836132548749447,7.36800374397717e-05,0.17651992663741112,4.107287028505575,34.330318441466886,11.387096774193548
332,router_only,-3524.3310903310776,1.0,0.2968320854008198,0.880350586771965,0.7283774748444557,0.004215649113757536,0.015043403614708989,0.1889848206192255,-0.0037828880391316488,0.0,0.0001,0.19196499623358249,0.24030643701553345,0.38569886758923533,7.907876206445508e-05,0.18195061795413495,4.108692714831309,34.30850244394018,11.725806451612904
333,router_only,-3534.6767894029617,1.0,0.2951024159789085,0.8809369668364525,0.7277937024831772,0.004277811263455078,0.0038198961353372806,0.1778360690921545,-0.0033301258430583403,0.0,0.0001,0.1912575639784336,0.23910392001271247,0.3859716862440109,8.226001455113874e-05,0.1835845649242401,4.085060924638325,34.31657208749074,11.774193548387096
334,router_only,-3553.2517820596695,1.0,0.2929595001041889,0.8821691557765007,0.7279860496520996,0.004233391437446698,0.01119201290866842,0.18422154150903225,-0.004090233285387513,0.0,0.0001,0.18881281092762947,0.24219210743904113,0.3884795092046261,8.109478585538454e-05,0.18043448068201542,4.118451281938605,34.07435253397421,11.876344086021504
335,router_only,-3530.28467720747,1.0,0.2919232279062271,0.8828302502632142,0.7259396389126778,0.004366049397503957,0.006338280728050444,0.19929933398962021,-0.004142494889674708,0.0,0.0001,0.18660855963826178,0.2412290431559086,0.3890139624476433,7.926984999357955e-05,0.18306916765868664,4.341237584303216,33.89299949507197,11.865591397849462
336,router_only,-3524.4746930003166,1.0,0.29435851871967317,0.8813557833433151,0.7258541479706764,0.0046025102492421865,0.011683950806582317,0.1944474011659622,-0.00432372174327611,0.0,0.0001,0.18657873533666133,0.24274427331984044,0.38320181146264076,8.790381616563536e-05,0.18738727904856206,3.935499059180071,33.78033679059252,11.844086021505376
337,router_only,-3538.199429869652,1.0,0.29093144163489343,0.8831103965640068,0.7270472645759583,0.004665705468505621,0.008634980224815092,0.19830815494060516,-0.004176996973546921,0.0,0.0001,0.18845266476273537,0.24138157665729523,0.38025322183966637,8.169877073669341e-05,0.18983083851635457,4.322774390187835,33.85149102123837,11.89247311827957
338,router_only,-3610.691439270973,1.0,0.2895076386630535,0.8830277651548386,0.7302770376205444,0.004500235337764025,0.006002017279570254,0.19124228730797768,-0.004390574134595227,0.0,0.0001,0.19022130332887172,0.24109808765351773,0.3814843691885471,8.291785470646574e-05,0.1871133152395487,4.115177944580329,33.784775238102036,12.118279569892474
339,router_only,-3583.4688970446587,1.0,0.2919345088303089,0.88269032984972,0.7244867801666259,0.004793127125594765,0.014700351086321423,0.19233317859470844,-0.004242288134628324,0.0,0.0001,0.1883614469319582,0.24527500569820404,0.37599405348300935,9.006537256937009e-05,0.1902794286608696,4.289435905675036,33.5669377618782,12.03763440860215
340,router_only,-3589.160809993744,1.0,0.2895617388188839,0.8833336398005486,0.7304304942488671,0.004630474851001054,0.008619962090779193,0.18775643296539785,-0.003754420010955073,0.0,0.0001,0.19171024560928346,0.24177785515785216,0.3769503399729729,9.496321490587434e-05,0.1894666001200676,4.226707179437313,33.93240322700126,12.06989247311828
341,router_only,-3635.8969334363937,1.0,0.29409514367580414,0.8809923678636551,0.7264291167259216,0.004732771881390363,0.004035317627494805,0.1971187610179186,-0.003915829729521647,0.0,0.0001,0.19055848717689514,0.2413227330893278,0.3765398569405079,9.466769715800183e-05,0.19148425869643687,4.164443648535974,33.96498007266839,12.28494623655914
342,router_only,-3571.876693069935,1.0,0.29272778779268266,0.8819558471441269,0.7271100610494614,0.004541884316131473,0.006444370974350033,0.1835710372775793,-0.004498476423032116,0.0,0.0001,0.19282375760376452,0.241616702452302,0.37719779908657075,9.966689194698119e-05,0.18826206885278224,4.321683641459215,33.96860619425964,12.021505376344086
343,router_only,-3633.502423286438,1.0,0.29627410843968394,0.8792730510234833,0.7215973064303398,0.004758800868876279,0.01199254421044318,0.19714239798486233,-0.0039004135083814616,0.0,0.0001,0.1913332652300596,0.24618299305438995,0.37269202247262,0.00011450909569248325,0.1896772112697363,4.169589071020946,33.80184496900333,12.231182795698924
344,router_only,-3515.570246398449,1.0,0.29605542942881585,0.8795598521828651,0.7206818118691445,0.004908210434950888,0.013800235530470634,0.18351564444601537,-0.004168070189916761,0.0,0.0001,0.18976229652762414,0.24085384495556356,0.37440349236130716,0.00012572116720548364,0.19485464803874492,4.262931813757735,33.5993282774855,11.774193548387096
345,router_only,-3528.640159070492,1.0,0.29535468891263006,0.8803966388106346,0.7224680736660958,0.004890041693579405,0.0105881923936977,0.19254486225545406,-0.004891875557223102,0.0,0.0001,0.19412281922996044,0.2417641568928957,0.36935832276940345,0.00014898170629749075,0.1946057204157114,4.2296786654989225,34.26194000701721,11.806451612903226
346,router_only,-3636.6564474105835,1.0,0.29803754985332487,0.8794972032308579,0.7214473381638526,0.004867908731102944,0.01520449457402715,0.19635712839663028,-0.004687110790109727,0.0,0.0001,0.19204527102410793,0.24935734309256077,0.36846118569374087,0.00015804062222741778,0.18997815623879433,4.438503994705086,33.83113486487184,12.193548387096774
347,router_only,-3578.1193675398827,1.0,0.2921913281083107,0.882260175049305,0.725091926753521,0.004625121568096802,0.009486102528171591,0.19189922250807284,-0.004562641546363011,0.0,0.0001,0.19195303767919542,0.24925569929182528,0.3732042394578457,0.00014813448742643232,0.18543889075517656,4.220387200188521,34.07724503600596,12.021505376344086
348,router_only,-3439.4559977650642,1.0,0.28760832250118257,0.8843643978238106,0.7302196830511093,0.004402823443524539,0.009618090491312598,0.18969804868102075,-0.004075234659831039,0.0,0.0001,0.19225264862179756,0.24755363017320633,0.37771367356181146,0.00012787894083885477,0.18235216997563838,4.206728102349384,33.79398102990685,11.370967741935484
349,router_only,-3449.5509137511253,1.0,0.28618875369429586,0.8854023888707161,0.7284202948212624,0.00433041222859174,0.009584180692036181,0.1812673330307007,-0.004411018575774505,0.0,0.0001,0.18974954783916473,0.24797623455524445,0.38207477852702143,0.00013625978026539088,0.18006318025290965,4.214560125447489,33.50595297584291,11.494623655913978
350,router_only,-3463.6187418699265,1.0,0.2863968014717102,0.8851101458072662,0.7281784445047379,0.004481763945659622,0.010838110019358332,0.17730605155229567,-0.0044103857333539056,0.0,0.0001,0.19003481566905975,0.24435728639364243,0.38027467131614684,0.00014907517088431633,0.18518415167927743,4.290725744655536,34.06860450836199,11.46236559139785
351,router_only,-3541.1071087121964,1.0,0.2838934913277626,0.8864071503281593,0.728421813249588,0.0045236835023388265,0.007799945153055915,0.18038170151412486,-0.003963989432668314,0.0,0.0001,0.18697047382593154,0.2460154801607132,0.38248633667826654,0.00017918607372848782,0.18434851840138436,4.434629540660608,33.900043341146365,11.903225806451614
352,router_only,-3552.2093045711517,1.0,0.2810057282447815,0.8877856895327568,0.7314141273498536,0.004348923818906769,0.008868523465207561,0.19084688350558282,-0.004463384335394949,0.0,0.0001,0.190534570813179,0.24227434881031512,0.38334443867206575,0.00019124796926917043,0.18365538716316224,4.151729563954834,34.0996021722349,11.849462365591398
353,router_only,-3519.6694551706314,1.0,0.28240654468536375,0.8872083678841591,0.7287947416305542,0.004403589828871191,0.009266156424200733,0.189172600582242,-0.004520145426795352,0.0,0.0001,0.19229500107467173,0.23871346823871137,0.3822815254330635,0.00018196594246546737,0.18652803748846053,4.314949562264844,33.86923567386413,11.709677419354838
354,router_only,-3461.8836181759834,1.0,0.2757812015712261,0.8904257744550705,0.7278061032295227,0.004431772016687319,0.013803600455139581,0.18727238718420267,-0.004104207511409186,0.0,0.0001,0.18830013945698737,0.23580652922391893,0.38813297599554064,0.00019968298583989964,0.18756066970527172,4.108829641057512,33.26480693431269,11.559139784946236
355,router_only,-3416.273840844631,1.0,0.2782381437718868,0.8885417520999909,0.7316540479660034,0.004317523719510064,0.006903246166621102,0.1780340436846018,-0.003735676883479755,0.0,0.0001,0.18894662521779537,0.23845121525228025,0.38827639892697335,0.00021670954665751197,0.18410904482007026,4.159877362532114,33.88701718003814,11.241935483870968
356,router_only,-3542.141612648964,1.0,0.27767363265156747,0.8890584394335747,0.7283971577882766,0.004398326063528657,0.006699740299882262,0.18579649105668067,-0.004482958992230124,0.0,0.0001,0.1873849056661129,0.23666723296046258,0.38959508538246157,0.0002125441413227236,0.18614023141562938,4.276616346294625,33.72239864122788,11.860215053763442
357,router_only,-3532.725581943989,1.0,0.2768648028373718,0.8889533400535583,0.7297914400696754,0.00433390811085701,0.010108942383885777,0.19137702323496342,-0.0053292118140234376,0.0,0.0001,0.18675019405782223,0.2417217053472996,0.3890796437859535,0.00020793499425053596,0.18224052377045155,4.270158122379521,34.012420324282324,11.698924731182796
358,router_only,-3462.7537031769753,1.0,0.27908068895339966,0.8875263690948486,0.7301125422120094,0.004144737136084586,0.00919774613503258,0.18033126406371594,-0.004295101598472684,0.0,0.0001,0.19017668887972833,0.23899074457585812,0.390240290760994,0.00021966138083371334,0.1803726065903902,4.242590785109107,34.00432313967979,11.543010752688172
359,router_only,-3479.6468886733055,1.0,0.2822210408747196,0.8862972319126129,0.727789756655693,0.004183726623887196,0.007337226495292287,0.18351180776953696,-0.004036276659462601,0.0,0.0001,0.18705896511673928,0.24006052762269975,0.3928391240537167,0.00021456913236761466,0.1798268124461174,4.308286808999926,34.19654603106609,11.559139784946236
360,router_only,-3389.5100154280663,1.0,0.2821892313659191,0.8868473976850509,0.7267932683229447,0.004127560846973211,0.010490136214866691,0.1844672579318285,-0.004731269815238193,0.0,0.0001,0.18910567536950112,0.24323270432651042,0.3897680066525936,0.00024074972134258132,0.17765286117792128,4.3482853280563525,34.3209757469865,11.209677419354838
361,router_only,-3538.338192462921,1.0,0.2848775491118431,0.885075968503952,0.7258257195353508,0.004189525044057518,0.007770348505437147,0.1898384228348732,-0.003802771923437831,0.0,0.0001,0.18997609987854958,0.24620175622403623,0.38588283136487006,0.0002844955979526276,0.1776548121124506,4.123409873884136,33.66261612221063,11.89247311827957
362,router_only,-3606.88465154171,1.0,0.2836569309234619,0.8856063112616539,0.7274269118905068,0.00419265340315178,0.005196861797958291,0.18214029930531977,-0.004626074029147276,0.0,0.0001,0.1881121076643467,0.24669753164052963,0.3879240728914738,0.0003459087463852484,0.17692037262022495,4.251758759486444,34.3323177803388,12.274193548387096
363,router_only,-3514.974641561508,1.0,0.2829902969300747,0.8859842360019684,0.7274435430765152,0.004325309162959456,0.00599936413782422,0.18117886818945408,-0.0044317270236206244,0.0,0.0001,0.18579404205083846,0.24808176122605802,0.38726657181978225,0.00032180072375922466,0.17853583246469498,4.238199900813175,34.12841897077701,11.860215053763442
364,router_only,-3531.464744389057,1.0,0.27657402455806734,0.8889215975999832,0.7308971837162972,0.0042456035153009,0.010883841773829828,0.19470256492495536,-0.004406455680145882,0.0,0.0001,0.18633332662284374,0.24271356239914893,0.39086972996592523,0.00024807525587675625,0.179835307225585,4.200832990871306,34.214457540685714,11.779569892473118
365,router_only,-3458.852109193802,1.0,0.2771483324468136,0.8878589764237403,0.7322146713733673,0.00410900674178265,0.007790461129479842,0.1937240306288004,-0.00424953088077018,0.0,0.0001,0.1882600136101246,0.24467180632054805,0.39033082202076913,0.00025837712055363225,0.1764789868146181,4.180006517206813,34.07664048583533,11.559139784946236
366,router_only,-3534.4575424194336,1.0,0.2763162039220333,0.8890774294734001,0.7316910043358803,0.004160570621024817,0.007360801457616617,0.18635255321860314,-0.0045049015876429625,0.0,0.0001,0.19001085720956326,0.24536698423326014,0.3866548478603363,0.00025395111879333854,0.17771336659789086,4.173511801619924,34.31169168155478,11.768817204301076
367,router_only,-3484.4556616544724,1.0,0.2724301479756832,0.8908854365348816,0.7297634080052375,0.004182836064137519,0.003160511704481872,0.18705769293010235,-0.004213763232110068,0.0,0.0001,0.18885454200208188,0.2449430376291275,0.3879216395318508,0.00025760004282346924,0.17802317589521408,4.116019362894669,33.94361195805263,11.612903225806452
368,router_only,-3490.156022310257,1.0,0.27885312810540197,0.8880584508180618,0.7272177010774612,0.0043286481522955,0.009571053396575723,0.17729179318994284,-0.00443715644578333,0.0,0.0001,0.18509775400161743,0.24391430355608462,0.390166337788105,0.0002747560585703468,0.18054685294628142,4.0126457412496706,34.00985265084775,11.795698924731182
369,router_only,-3399.051777303219,1.0,0.2751079261302948,0.8903411507606507,0.7317177295684815,0.004118344560265541,0.008571035854038206,0.18443549908697604,-0.0035582418840022,0.0,0.0001,0.18774911649525167,0.24450863115489482,0.3912061624228954,0.00026781465858221053,0.1762682732194662,4.131166999665843,33.940899496482174,11.236559139784946
370,router_only,-3430.9973829984665,1.0,0.27764557003974916,0.8891319170594215,0.7306668743491173,0.004195501655340194,0.010799999975642965,0.17383932024240495,-0.0038008377377991565,0.0,0.0001,0.1869148537516594,0.2498735196888447,0.388054882735014,0.0003029296854947461,0.17485381923615934,4.162960972564592,33.49273361571458,11.46236559139785
371,router_only,-3600.1392931342125,1.0,0.2803339406847954,0.8882174998521805,0.7318436905741692,0.004188631061697379,0.011105613345353104,0.17860169410705568,-0.0036961710080504417,0.0,0.0001,0.18990743309259414,0.24730211421847342,0.38507348150014875,0.00035070795856881885,0.17736626826226712,4.163386539730577,33.92123434279217,12.096774193548388
372,router_only,-3405.783266186714,1.0,0.27969634905457497,0.8886967703700066,0.7307288467884063,0.004185042844619602,0.011329480542190152,0.19393224231898784,-0.004835444330819882,0.0,0.0001,0.18608474545180798,0.2467860858887434,0.3907382197678089,0.0003359424888913054,0.17605500742793084,3.986856134839571,33.98406367777766,11.268817204301076
373,router_only,-3544.304334998131,1.0,0.2819337986409664,0.8877367541193962,0.7240569427609443,0.0045360371703282,0.017869827708273067,0.1916149951517582,-0.00455679259612225,0.0,0.0001,0.1848907720297575,0.25000610761344433,0.3830261051654816,0.0003071160081162816,0.18176989890635015,4.1618218975512535,33.90188227072361,11.89247311827957
374,router_only,-3519.834997653961,1.0,0.28126673921942713,0.8889055132865906,0.7252318531274795,0.004536595928948372,0.006909346786051163,0.1896598119288683,-0.004202789210319224,0.0,0.0001,0.18633278645575047,0.2519986070692539,0.3801641620695591,0.00032727487705415116,0.18117716796696187,4.1740437029299935,34.2826149808773,11.763440860215054
375,router_only,-3451.301178216934,1.0,0.27789208218455314,0.8900034099817276,0.7293160080909729,0.004438217461574823,0.010306766064240913,0.18376116417348384,-0.0040131192959961485,0.0,0.0001,0.18527618199586868,0.24899802207946778,0.3853175438940525,0.0002979436238092603,0.18011030443012715,4.1029212258201735,33.96813260413812,11.516129032258064
376,router_only,-3374.493348956108,1.0,0.2773736909031868,0.8900605618953705,0.728604006767273,0.00463181019295007,0.01098348695377352,0.1924165438860655,-0.0045357677110587245,0.0,0.0001,0.1834030743688345,0.24576686955988408,0.38493006229400634,0.00029967077607579996,0.1856003224849701,4.060294029872901,33.99712074495096,11.172043010752688
377,router_only,-3429.16752409935,1.0,0.27137367650866506,0.8933998107910156,0.7301347643136978,0.004415827058255673,0.00974006096366794,0.18259385265409947,-0.004902468833074635,0.0,0.0001,0.18571150824427604,0.24364865384995937,0.38749166056513784,0.0002805432497552829,0.18286763690412045,4.214082962844654,34.014644935413195,11.43010752688172
378,router_only,-3340.291117846966,1.0,0.27034967541694643,0.8935090377926826,0.7333226501941681,0.004376778809819371,0.0176736164474278,0.19306477382779122,-0.004733443645818625,0.0,0.0001,0.18530926890671254,0.23525684662163257,0.3937147490680218,0.00023778291397320573,0.18548135794699191,4.354170691652979,34.38891208449946,11.032258064516128
379,router_only,-3327.3815017342567,1.0,0.2704856514930725,0.8933801710605621,0.7338597357273102,0.004290266451425851,0.004838237600779394,0.1933022726327181,-0.005021893799857935,0.0,0.0001,0.18732327073812485,0.23566196337342263,0.39242320209741594,0.0002369819147133967,0.18435458689928055,4.067450214920822,34.1367350697269,10.962365591397848
380,router_only,-3406.023263514042,1.0,0.2706272922456264,0.8936120674014092,0.7330356657505035,0.004384460754226893,0.007001168812348602,0.179407936707139,-0.004377411115592622,0.0,0.0001,0.18525473363697528,0.23422991372644902,0.39433515444397926,0.0002509902828023769,0.18592920824885367,4.100331082302555,33.99217690792163,11.344086021505376
381,router_only,-3420.3572165966034,1.0,0.27307995930314066,0.8923189029097557,0.7352574646472931,0.00430091586895287,0.0040258805325720185,0.18886927887797356,-0.0041118904941868095,0.0,0.0001,0.1871302142739296,0.23268421031534672,0.39447261244058607,0.00022804407199146227,0.18548491597175598,4.174697228081578,34.29300515400596,11.408602150537634
382,router_only,-3478.865048825741,1.0,0.277221591770649,0.8898327723145485,0.7314201265573501,0.004447637242265046,0.0077849450779467035,0.19243703596293926,-0.004333661140117328,0.0,0.0001,0.1832767654210329,0.23617572262883185,0.3944335922598839,0.0002574972673755838,0.18585642650723458,4.079925116025267,33.960138097901805,11.60215053763441
383,router_only,-3440.820912361145,1.0,0.2806193731725216,0.888448229432106,0.7295767679810524,0.004436258145142346,0.004470746200968334,0.18653143309056758,-0.004641184354841244,0.0,0.0001,0.18350167572498322,0.23816869407892227,0.3931728065013885,0.00027499046736920716,0.18488184101879596,4.069013199522054,33.939918918757364,11.446236559139784
384,router_only,-3401.7457580566406,1.0,0.28261143565177915,0.8876981660723686,0.7267903923988343,0.004484953999053687,0.010667325259055333,0.19233214035630225,-0.005102785327471793,0.0,0.0001,0.18455887958407402,0.24244514666497707,0.3884024016559124,0.00027328122887411156,0.18432028628885747,4.2031422576452355,33.63085254056585,11.29032258064516
385,router_only,-3530.108045697212,1.0,0.28130306154489515,0.8881864950060845,0.7287085890769959,0.0044047021307051185,0.00892721230629831,0.19960623234510422,-0.004658773093251511,0.0,0.0001,0.18783027082681655,0.24363736473023892,0.38497448042035104,0.00025780113428481856,0.18330008462071418,3.9019336290437217,34.06314639018717,11.876344086021504
386,router_only,-3416.781616091728,1.0,0.27835957109928133,0.8897101372480393,0.7296698346734047,0.00438991270493716,0.004463103174566591,0.1892666507512331,-0.004201545743853785,0.0,0.0001,0.1868914734572172,0.24520299397408962,0.3856316827237606,0.00026651844709704167,0.1820073276758194,4.025875094422769,33.92183898054385,11.387096774193548
387,router_only,-3493.681927204132,1.0,0.2732668869197369,0.892205773293972,0.7314691513776779,0.0043338059855159376,0.00981210864847531,0.17539729457348585,-0.0041105730000708714,0.0,0.0001,0.18611955046653747,0.24107661955058574,0.3902673915028572,0.0002587625440355623,0.18227767422795296,4.164603463310285,34.46920398266371,11.569892473118278
388,router_only,-3353.388003051281,1.0,0.2758966401219368,0.8906816005706787,0.7312781438231468,0.0043146198382601145,0.011121927599015213,0.19799341149628163,-0.00444980081229005,0.0,0.0001,0.19008656665682794,0.2421760443598032,0.38473890274763106,0.00022628879123658406,0.18277219831943511,4.188095472778473,34.118154320901226,11.059139784946236
389,router_only,-3455.165356516838,1.0,0.2716683425009251,0.89288399964571,0.7318029925227165,0.004446017241571098,0.01138642946280019,0.1848458182066679,-0.004516807661275379,0.0,0.0001,0.1844195794314146,0.2436034418642521,0.38889026641845703,0.00020006019549327901,0.1828866507858038,4.259809301709075,34.029787025836214,11.548387096774192
390,router_only,-3350.6644500494003,1.0,0.28041158616542816,0.8889551132917404,0.7271953120827674,0.004428801347967237,0.008624448862246965,0.18344593234360218,-0.00460365138715133,0.0,0.0001,0.18618557676672937,0.2392912156879902,0.3890113398432732,0.0002204463366069831,0.18529141657054424,4.134612826179666,33.83400609323664,11.064516129032258
391,router_only,-3540.673484325409,1.0,0.2796179085969925,0.8892603501677513,0.7274182662367821,0.004500283312518149,0.002773199910734536,0.19013530500233172,-0.004888119736278895,0.0,0.0001,0.18481242060661315,0.2401863496750593,0.3890613026916981,0.0002070059264951851,0.18573292307555675,4.092750343537722,34.44956606392326,11.860215053763442
392,router_only,-3458.1266400814056,1.0,0.28218107149004934,0.8888450548052788,0.7238774642348289,0.0046969162998721,0.013310035814356524,0.18899912405759095,-0.003728112616954604,0.0,0.0001,0.18587774448096753,0.23761223591864108,0.384980396181345,0.0002072742710879538,0.19132234640419482,4.180489222417046,34.17834172422996,11.510752688172044
393,router_only,-3515.1136482954025,1.0,0.27886106446385384,0.8900101691484451,0.7238083779811859,0.004673804785124957,0.004802190958434915,0.19065756872296333,-0.0043546547072764955,0.0,0.0001,0.18534879833459855,0.24000446684658527,0.38467645794153216,0.000216138300311286,0.18975413478910924,4.20483404181654,33.96540477545934,11.74731182795699
394,router_only,-3498.1179190278053,1.0,0.27372909933328626,0.892290411889553,0.7275895982980728,0.004658785415813327,0.007909567199385542,0.18828669376671314,-0.004592435629456304,0.0,0.0001,0.1860707238316536,0.243218607082963,0.38233507722616195,0.00023485742931370624,0.1881407331675291,4.153346147763954,34.157173807175965,11.60752688172043
395,router_only,-3378.04509049654,1.0,0.27260116338729856,0.8928953066468239,0.7285383462905883,0.004620879900176078,0.004931775451041153,0.1903152871876955,-0.004982853659748798,0.0,0.0001,0.18757083490490914,0.24417862370610238,0.3806082755327225,0.0002406196788797388,0.18740164935588838,4.341125464895502,34.29884094716366,11.220430107526882
396,router_only,-3444.736089885235,1.0,0.26749926880002023,0.8955653846263886,0.7314219504594803,0.004532363673206419,0.006847622472196252,0.1859576739370823,-0.0036734544526552783,0.0,0.0001,0.1872911587357521,0.24661268666386604,0.38159802332520487,0.00023909282826934942,0.1842590406537056,4.186891236000675,34.23058769306947,11.5
397,router_only,-3552.89475941658,1.0,0.267902298271656,0.8952513456344604,0.7310573518276214,0.004559109488036483,0.00477717185494837,0.19584640935063363,-0.0046089038945865465,0.0,0.0001,0.18717312328517438,0.24434213675558566,0.38212621212005615,0.0002557605417678133,0.18610277064144612,3.984371887827959,34.43133152958522,11.876344086021504
398,router_only,-3378.8014014959335,1.0,0.26999993845820425,0.8944363951683044,0.7318440839648247,0.00459276121109724,0.003305971645750111,0.18103105053305626,-0.004191220843767951,0.0,0.0001,0.18765933439135551,0.2452139060944319,0.38047322556376456,0.00027640202606562527,0.18637713380157947,4.380834004193989,34.58600985810755,11.225806451612904
399,router_only,-3488.036379635334,1.0,0.26754940673708916,0.8948730751872063,0.7362882182002067,0.004340003593824804,0.013732168269052675,0.17777681015431882,-0.004678683052225097,0.0,0.0001,0.18795844502747058,0.24189345650374888,0.3870401993393898,0.00027409923350205643,0.1828338023275137,4.143191399187051,33.77431686399376,11.655913978494624
400,router_only,-3436.1317530870438,1.0,0.2702487543225288,0.894585807621479,0.7320642337203026,0.004445416812086478,0.008407935292052564,0.18445753455162048,-0.004030650381355372,0.0,0.0001,0.1883468396961689,0.2389872346073389,0.3857454895973206,0.00027106482011731716,0.186649376899004,3.8990874989105992,34.0353989869847,11.456989247311828
401,router_only,-3393.453677892685,1.0,0.2740692444145679,0.8926591768860817,0.728179731965065,0.004512388433795422,0.009615183246933206,0.18729999996721744,-0.004858796739426907,0.0,0.0001,0.18713707402348517,0.24379482306540012,0.3835183039307594,0.00026482421599212104,0.18528497405350208,4.1758150532843565,33.83435340019167,11.274193548387098
402,router_only,-3439.423253059387,1.0,0.2752874918282032,0.8916157007217407,0.7288969442248344,0.004571200907230377,0.007587826192320818,0.17629688680171968,-0.00406656244158512,0.0,0.0001,0.1890056774020195,0.24391368739306926,0.37972439005970954,0.00029262823300086894,0.1870636146515608,4.089889650237906,34.58403677910808,11.440860215053764
403,router_only,-3512.159191966057,1.0,0.271160177141428,0.8934387788176537,0.7317089319229126,0.004352463968098163,0.01584819513300321,0.20158375576138496,-0.004486757111772021,0.0,0.0001,0.1873992994427681,0.2463242169469595,0.3852379582822323,0.00024391340411966667,0.18079461008310319,4.126518350185485,34.424163737288765,11.75268817204301
404,router_only,-3412.458002090454,1.0,0.26860468573868274,0.8948825627565384,0.732819153368473,0.004273969028145075,0.008307651467839582,0.18922769092023373,-0.0044430722584365865,0.0,0.0001,0.18671926334500313,0.2436980612576008,0.3893917866051197,0.00021173952445678877,0.17997915260493755,4.041607812249414,34.29037682060168,11.36021505376344
405,router_only,-3517.4099776148796,1.0,0.2681644134223461,0.8945696905255318,0.7277063846588134,0.004461735126096755,0.008171580660928135,0.1892800737172365,-0.004511203798756469,0.0,0.0001,0.18518269322812558,0.2425505995750427,0.38799002543091776,0.00022151238008518703,0.18405516743659972,4.219302748120768,34.434322070242466,11.736559139784946
406,router_only,-3434.176649928093,1.0,0.269232789427042,0.8935622483491897,0.7307512193918229,0.004418751923367381,0.004146079250858692,0.19342795498669146,-0.004158043744973838,0.0,0.0001,0.18503929898142815,0.24062647186219693,0.39003686234354973,0.0002477167214237852,0.1840496513992548,4.130495838048861,34.15932718348675,11.419354838709678
407,router_only,-3520.0813611745834,1.0,0.2686087630689144,0.8938753202557563,0.731784212589264,0.00446167066693306,0.00893517445983889,0.18544634543359279,-0.004930337457517453,0.0,0.0001,0.18741905689239502,0.24021779894828796,0.38597794994711876,0.00026910968736046923,0.1861160896718502,3.926984227915765,34.34635108290948,11.82258064516129
408,router_only,-3363.724922180176,1.0,0.2715268790721893,0.8927885890007019,0.7284606173634529,0.004656370508018881,0.010592680373520107,0.1828137759119272,-0.00446386640160199,0.0,0.0001,0.18603408038616182,0.23630643486976624,0.38611231818795205,0.0002961153833894059,0.19125105552375316,4.313853911666129,34.23609437779477,11.193548387096774
409,router_only,-3394.727536022663,1.0,0.2709515795111656,0.8928702339529991,0.7317659363150597,0.004615518590435385,0.009099699025318875,0.17719179317355155,-0.004683870974986348,0.0,0.0001,0.18581476137042047,0.23200220577418804,0.38987620994448663,0.0002698082873394014,0.1920370075851679,4.093626377432051,34.28496250002001,11.263440860215054
410,router_only,-3387.9027485251427,1.0,0.26807370558381083,0.8945359259843826,0.7340932682156562,0.004559740191325545,0.008849613698475877,0.19347001500427724,-0.0050324502555668,0.0,0.0001,0.1849797274917364,0.22920467518270016,0.39430102333426476,0.0002507754492398817,0.1912638045847416,4.068504199117453,33.81435694534506,11.311827956989246
411,router_only,-3465.199269235134,1.0,0.2673662729561329,0.8944129213690758,0.7359277382493019,0.004474926128750667,0.008142167985351967,0.18699917532503604,-0.0043566649037529714,0.0,0.0001,0.18872466087341308,0.2271473478525877,0.39228726327419283,0.00025359167921124026,0.19158713556826115,4.056592632737853,34.123359820421115,11.559139784946236
412,router_only,-3466.724201619625,1.0,0.2651418000459671,0.8955715358257293,0.742310793697834,0.004238082660594955,0.02003087144112218,0.1908138319849968,-0.004911691934830742,0.0,0.0001,0.19248982071876525,0.23339141085743903,0.38812465891242026,0.0002598017730633728,0.18573430143296718,4.002696645768196,34.24162828196551,11.639784946236558
413,router_only,-3461.861991226673,1.0,0.2647557359188795,0.8964034616947174,0.7416164457798005,0.004268009314546362,0.0035854712783475575,0.19082345589995384,-0.004729029384907335,0.0,0.0001,0.19233567342162133,0.23518415056169034,0.38656031936407087,0.00023957040102686732,0.18568028807640075,4.11235982650547,33.91521634406419,11.53763440860215
414,router_only,-3610.998201429844,1.0,0.26459636762738226,0.8964157342910767,0.7404658928513527,0.004209833405911923,0.011238578679694888,0.19794321581721305,-0.004774990869509566,0.0,0.0001,0.19413903206586838,0.2390000805258751,0.3835064686834812,0.0002239134057163028,0.1831305056810379,4.176770432291157,34.44335265159503,12.155913978494622
415,router_only,-3511.0591297745705,1.0,0.26518648862838745,0.8961929738521576,0.7367382943630219,0.004253571509616449,0.005331621742152515,0.19390093237161637,-0.004452507609676104,0.0,0.0001,0.19492381885647775,0.2401669654995203,0.3808413878083229,0.00022318357077892869,0.18384464494884015,4.0503289473332025,34.20039406821501,11.763440860215054
416,router_only,-3330.0066986083984,1.0,0.2669131375849247,0.8949622943997383,0.7341476380825043,0.004306315846042708,0.00839930213478512,0.17981280833482743,-0.004784842792287236,0.0,0.0001,0.19256480298936368,0.23832633085548877,0.383723858743906,0.00024131902391673067,0.18514369018375873,4.2755338832694285,34.145874155587734,10.913978494623656
417,router_only,-3534.352822303772,1.0,0.2709942676126957,0.892911858856678,0.7324127733707428,0.004288026480935514,0.011279998996178625,0.19186420403420926,-0.00458381243806798,0.0,0.0001,0.192340999096632,0.24394070953130723,0.3813097342848778,0.00026694184707594105,0.18214162103831769,4.070642875254165,33.97386828629468,11.951612903225808
418,router_only,-3481.385624051094,1.0,0.2733706787228584,0.8921664774417877,0.7319980964064599,0.004458980623167008,0.010043943427444918,0.19369061402976512,-0.00417959939550201,0.0,0.0001,0.19335517100989819,0.24296577423810958,0.3772664301097393,0.00026321009718230923,0.18614942133426665,3.868188379470693,33.61611133044863,11.586021505376344
419,router_only,-3440.3996963500977,1.0,0.27638797983527186,0.8898840993642807,0.7296202778816223,0.004536778433248401,0.00438249060171077,0.19076344147324562,-0.0048387002621893774,0.0,0.0001,0.19117789305746555,0.24399636946618558,0.3780076242983341,0.0002492407686077058,0.18656887523829938,4.173460178912972,34.1091386565296,11.494623655913978
420,router_only,-3432.8864026665688,1.0,0.27555645257234573,0.8911320328712463,0.7294750958681107,0.004408880486153066,0.009782524189358831,0.20320309959352018,-0.0048392475575383285,0.0,0.0001,0.19422260969877242,0.23910510838031768,0.37924209982156754,0.0002582371271273587,0.18717194981873037,4.192743063487035,33.938918401060285,11.35483870967742
421,router_only,-3414.8664499521255,1.0,0.27596758902072904,0.8899066567420959,0.7281392991542817,0.004514929733704776,0.008871011525116029,0.19850611910223961,-0.004634408166748471,0.0,0.0001,0.1912436455488205,0.2435406144708395,0.3787564612925053,0.00022716327403031754,0.18623212091624736,4.054019118000253,33.93200887309093,11.39247311827957
422,router_only,-3500.941139280796,1.0,0.26949453055858613,0.8931153371930123,0.7330029234290123,0.004286433529341593,0.008308788195063222,0.188777968659997,-0.0055377207419951445,0.0,0.0001,0.1934860646724701,0.24323696419596672,0.38065235465765,0.00024324441328644754,0.18238137662410736,3.995434946597054,34.16013285525304,11.709677419354838
423,router_only,-3390.2972172498703,1.0,0.26930227167904375,0.8933254420757294,0.7287916824221611,0.004545919067459181,0.010303355196447256,0.18588390871882438,-0.005202104371892347,0.0,0.0001,0.19114627726376057,0.24230086654424668,0.37879840582609176,0.00022139986795082222,0.18753305338323117,4.2381162656603975,34.21966761891733,11.231182795698924
424,router_only,-3464.7539274692535,1.0,0.27338042184710504,0.8911196619272232,0.7304752424359322,0.004472812637686729,0.005441294185584411,0.1853363376110792,-0.004702261040074518,0.0,0.0001,0.19332652390003205,0.24284126721322535,0.37715551927685736,0.00021172608649067115,0.18646496683359146,4.155432480840883,33.902661862227,11.483870967741936
425,router_only,-3480.9232983589172,1.0,0.2721778627485037,0.8918859362602234,0.7302216440439224,0.004472745343809948,0.0026965062945236928,0.1841875672340393,-0.0037917483634373637,0.0,0.0001,0.19441663175821305,0.24272304810583592,0.3759290210902691,0.00020818968041567132,0.18672311156988144,4.103537797028711,33.88667451375345,11.704301075268818
426,router_only,-3410.29060870409,1.0,0.2667017973959446,0.8947358727455139,0.7350952103734016,0.0044150958769023415,0.005676572220545495,0.19513228461146354,-0.004382515730685555,0.0,0.0001,0.19454179666936397,0.24543029218912124,0.375601202249527,0.0002140672666428145,0.18421264477074145,4.286075120153773,34.100827803192566,11.32258064516129
427,router_only,-3525.650235116482,1.0,0.26893444582819936,0.893612053990364,0.7349698171019554,0.004236966255120933,0.0068410482177568566,0.18808009065687656,-0.004482170039045741,0.0,0.0001,0.19714546538889408,0.244769474491477,0.3764180563390255,0.00020198504062136636,0.18146501928567887,4.2094067425953625,33.98559669530184,11.795698924731182
428,router_only,-3465.6431097388268,1.0,0.26919687166810036,0.8932558238506317,0.7326092794537544,0.004398555553052574,0.009978223750658821,0.1882782619446516,-0.004738825786625966,0.0,0.0001,0.19467184990644454,0.24225397780537605,0.37735218182206154,0.00020618397393263878,0.18551580645143986,4.159776527673329,33.991735296760645,11.60752688172043
429,router_only,-3363.2828100323677,1.0,0.26922601610422137,0.8938231274485589,0.7328817397356033,0.004451258474728092,0.007127426874285398,0.19807580709457398,-0.00384925403050147,0.0,0.0001,0.1920243099331856,0.2447613190859556,0.3784085504710674,0.0001870192809292348,0.18461879417300225,4.173639045869164,33.93099147134902,11.118279569892472
430,router_only,-3443.6308911442757,1.0,0.2675151232630014,0.8947974473237992,0.7346952348947525,0.004359169880626723,0.006135291625105277,0.19483563341200352,-0.004960303434927482,0.0,0.0001,0.1950919609516859,0.24321697056293487,0.3772053360939026,0.00018226988941023593,0.18430346585810184,4.338399198515279,33.99075312153204,11.478494623655914
431,router_only,-3360.4759323596954,1.0,0.26758287772536277,0.8953671485185624,0.7297198280692101,0.0044984737294726075,0.010455485585771385,0.1843244269490242,-0.00460700752773846,0.0,0.0001,0.19150698147714137,0.24157420508563518,0.3796103946864605,0.0001977542109671049,0.18711066357791423,4.261171372129351,34.06603412449325,11.06989247311828
432,router_only,-3502.042553663254,1.0,0.2692522756755352,0.8944459363818169,0.7297601848840714,0.0044767563813366,0.0063519416738927635,0.19416356645524502,-0.004884462438349146,0.0,0.0001,0.19361245147883893,0.23952847383916379,0.3785087913274765,0.00016911917209654347,0.18818116560578346,4.129952297136704,33.36576225626272,11.768817204301076
433,router_only,-3511.4067493081093,1.0,0.27147079110145567,0.8934525907039642,0.7277911901473999,0.004539128189207986,0.008890292875185024,0.19307155348360538,-0.004587133417226141,0.0,0.0001,0.19148863032460212,0.23720769435167313,0.3812244661152363,0.00016857221780810505,0.18991063609719278,4.299380196272589,34.09107113232611,11.78494623655914
434,router_only,-3423.0425844192505,1.0,0.2737118676304817,0.892359483242035,0.7219862431287766,0.004699423629790545,0.01133034726262851,0.19064739868044853,-0.00437955863380921,0.0,0.0001,0.19261617213487625,0.23960879743099212,0.3755699649453163,0.00015790248689881992,0.19204716756939888,4.2198576337596005,34.050958850699,11.376344086021506
435,router_only,-3398.435738682747,1.0,0.27526567950844766,0.8919396281242371,0.7209818452596665,0.004619149724021554,0.003929695054466692,0.18695290051400662,-0.004955224904551869,0.0,0.0001,0.19314360097050667,0.23823725283145905,0.37700738236308096,0.0001568296633195132,0.19145493619143963,4.327313542258321,34.09443371744788,11.231182795698924
436,router_only,-3461.3606417179108,1.0,0.27259631380438804,0.8928575292229652,0.7188427671790123,0.004822857223916799,0.009473458033971816,0.192785507068038,-0.004555931329741724,0.0,0.0001,0.18916003704071044,0.2414938759058714,0.376275846362114,0.00013519903623091523,0.19293504059314728,4.3949799174328446,34.10482714117163,11.483870967741936
437,router_only,-3393.317273437977,1.0,0.27784512341022494,0.8904794901609421,0.7182194232940674,0.004838421940803528,0.011186862364411344,0.19490524828433992,-0.004466028395108878,0.0,0.0001,0.19148784913122655,0.2447594955563545,0.37199256345629694,0.0001326334288023645,0.19162745848298074,4.454272539106834,34.5290391259047,11.279569892473118
438,router_only,-3434.6173661351204,1.0,0.27957514524459837,0.8896856784820557,0.7144867777824402,0.0049166865763254465,0.013495709815833822,0.1945014413446188,-0.003785709037038032,0.0,0.0001,0.19482028260827064,0.24196633324027061,0.36803787127137183,0.0001363800220133271,0.1950391337275505,4.153735898412965,34.5937057422175,11.413978494623656
439,router_only,-3489.971564054489,1.0,0.2760316029191017,0.8913706883788108,0.7167149499058724,0.004906951694283635,0.011386932732420973,0.2002445112913847,-0.004882741960682324,0.0,0.0001,0.19056692719459534,0.24081575870513916,0.3737313374876976,0.0001359926645818632,0.19474998451769351,4.287776358083135,34.283892079615555,11.71505376344086
440,router_only,-3468.6530512571335,1.0,0.279883947968483,0.8894902482628823,0.714208896458149,0.004832593025639653,0.0030805068927293234,0.19048486836254597,-0.004088273515299079,0.0,0.0001,0.19210718162357807,0.24068246968090534,0.3732306309044361,0.00012709230359178036,0.19385262802243233,4.207853979148172,33.86428563666425,11.596774193548388
441,router_only,-3477.019577860832,1.0,0.2793473593890667,0.8897643059492111,0.714164586365223,0.004913234896957874,0.009905816079299228,0.1957237422466278,-0.004778421472292393,0.0,0.0001,0.19420937038958072,0.24289787113666533,0.36828558072447776,0.00011923471156478626,0.1944879461079836,4.151229384526226,34.185140687509964,11.60215053763441
442,router_only,-3482.25339114666,1.0,0.2778362646698952,0.8906617507338523,0.7126597329974175,0.005141237715724856,0.0076734241771191595,0.1903933871537447,-0.004341645573731512,0.0,0.0001,0.19037265740334988,0.24328769072890283,0.36860382109880446,0.00012882032333436655,0.19760701172053813,4.220913877738304,34.42689019324566,11.634408602150538
443,router_only,-3533.254085600376,1.0,0.2763835497200489,0.8912399962544442,0.7128722712397575,0.005111950892023742,0.009018171755633426,0.20118687115609646,-0.004733585631765891,0.0,0.0001,0.1875565007328987,0.24175864607095718,0.3731129065155983,0.00011864228072226979,0.19745330475270748,4.202000794327072,34.07370383878845,11.833333333333334
444,router_only,-3443.329761147499,1.0,0.2750192627310753,0.8919583693146705,0.7169605389237403,0.0049775764462538065,0.00547955525780709,0.19451649226248263,-0.004698754139099037,0.0,0.0001,0.18833651654422284,0.24296083711087704,0.37387047708034515,0.0001095573619750212,0.1947226118296385,4.50911679251832,33.80911869665915,11.419354838709678
445,router_only,-3425.905832529068,1.0,0.27980225905776024,0.8897899061441421,0.7132482677698135,0.005038822430651635,0.006012358782572852,0.20448981001973152,-0.0049977914248302115,0.0,0.0001,0.18645938225090503,0.24596701748669147,0.3735433116555214,0.00010409917304059491,0.19392619132995606,4.140875318842586,33.985658734936194,11.39247311827957
446,router_only,-3407.2026977539062,1.0,0.27895300909876825,0.8905259221792221,0.7148395895957946,0.004870685376226902,0.008420419328103867,0.19398110844194888,-0.004823961898568996,0.0,0.0001,0.18650704436004162,0.24819410368800163,0.37547876983880996,9.839947124419268e-05,0.1897216781973839,4.057814725985851,33.92763488922514,11.29032258064516
447,router_only,-3481.7182050943375,1.0,0.27707118093967437,0.891556479036808,0.7108730688691139,0.005209669063333422,0.012281120488569313,0.19431930631399155,-0.004098040687676985,0.0,0.0001,0.18513489477336406,0.2490892492234707,0.3707272283732891,8.153255430443096e-05,0.19496709518134595,4.193194018433819,34.15738722937867,11.60215053763441
448,router_only,-3534.2213096618652,1.0,0.28208317905664443,0.8892348289489747,0.7131936848163605,0.005105165881104767,0.009087715917576155,0.19418755285441874,-0.004392497047047072,0.0,0.0001,0.1896767359226942,0.24750048406422137,0.36788454204797744,8.354520323337056e-05,0.19485468454658986,4.182749949745793,33.797328229872306,11.85483870967742
449,router_only,-3447.943203866482,1.0,0.27884123399853705,0.8907737776637077,0.7118879511952401,0.005175572843290866,0.012157411746829948,0.20324292294681073,-0.005352832311837119,0.0,0.0001,0.18603401407599449,0.2527337774634361,0.3687299616634846,8.343394356415956e-05,0.19241881892085075,4.342084308969835,34.169636235445914,11.489247311827958
450,router_only,-3395.00705742836,1.0,0.2830017924308777,0.888961523771286,0.7118895083665848,0.005099427816458046,0.006371538443181585,0.17805907428264617,-0.004953910180529419,0.0,0.0001,0.18698594085872172,0.24954800345003605,0.37013332098722457,9.427911081729689e-05,0.19323845207691193,4.170891426142701,34.28158732647331,11.268817204301076
451,router_only,-3483.8060269355774,1.0,0.2852378025650978,0.887696573138237,0.7122759819030762,0.0050277513568289574,0.008916165211121558,0.20482020042836666,-0.00490658217240707,0.0,0.0001,0.18584029451012612,0.25240991786122324,0.3717271380126476,9.663079054007539e-05,0.18992601633071898,4.350225637714972,34.6070214919816,11.623655913978496
452,router_only,-3398.3853820562363,1.0,0.2840420126914978,0.8887243077158928,0.7122621729969978,0.005012841755524277,0.00824076109147424,0.18877087123692035,-0.004481451439096418,0.0,0.0001,0.18748205937445164,0.2548846766352654,0.36900172755122185,0.00010049377269751857,0.1885310523211956,4.420910056803608,34.27779861718011,11.231182795698924
453,router_only,-3397.5618637800217,1.0,0.28877182602882384,0.8859616905450821,0.711186395585537,0.004961245856247842,0.009939426398159434,0.203785627707839,-0.005016817903378978,0.0,0.0001,0.18800726607441903,0.24991495721042156,0.37127675116062164,0.00011082421715400415,0.19069019854068756,4.170257233856091,34.41909608636779,11.21505376344086
454,router_only,-3385.3844309449196,1.0,0.28398952186107634,0.8885234028100968,0.7129185125231743,0.004902852384839207,0.008929938508845204,0.2009888920933008,-0.004987478156544966,0.0,0.0001,0.19025749005377293,0.2521297033876181,0.3689524956047535,0.00011080366966780275,0.1885495062917471,4.15436933214289,33.72638949778907,11.236559139784946
455,router_only,-3433.487471997738,1.0,0.2844078853726387,0.8882360354065895,0.7156520754098892,0.004797196725849062,0.008164774992292189,0.20448375381529332,-0.004320646713313181,0.0,0.0001,0.19209930226206778,0.2480476126074791,0.3704488083720207,0.00011050677076127614,0.18929376862943173,4.068447027346108,33.85405406804076,11.43010752688172
456,router_only,-3399.9159178733826,1.0,0.2872189059853554,0.8868359699845314,0.714179202914238,0.004974008025601506,0.016086093397279937,0.20273424126207829,-0.004900363742126501,0.0,0.0001,0.18947358950972557,0.256090659275651,0.36688253208994864,0.00010982386411342304,0.18744339384138584,4.079900508456022,34.41360927515717,11.268817204301076
457,router_only,-3516.279597878456,1.0,0.28849215507507325,0.8859893277287483,0.7155246049165725,0.005013557896018028,0.007406121540952909,0.19098120629787446,-0.004478973088589555,0.0,0.0001,0.19124201200902463,0.254572194814682,0.3646979369223118,0.00011484597653179662,0.18937301114201546,4.1636093387203195,34.2147800598569,11.801075268817204
458,router_only,-3511.8836609125137,1.0,0.287094471603632,0.8868470281362534,0.7166864201426506,0.0049851320683956145,0.00200172252370972,0.1921004004776478,-0.004719578578078654,0.0,0.0001,0.1914271842688322,0.25517513826489446,0.3649106837809086,0.00010253389791614609,0.1883844632655382,4.09528407216306,34.53869283880876,11.709677419354838
459,router_only,-3532.234374523163,1.0,0.28821136727929114,0.8857420593500137,0.7146193817257881,0.005172649945598096,0.009421662246131746,0.20330036692321302,-0.005044980477396166,0.0,0.0001,0.19059022068977355,0.2526206888258457,0.36359706446528434,9.673287095210981e-05,0.19309529215097426,4.032974737896306,33.799748326240156,11.82258064516129
460,router_only,-3412.8831645846367,1.0,0.28434326201677323,0.8873837888240814,0.716766631603241,0.004992546897847205,0.009603264897305064,0.19296258836984634,-0.004825325230194721,0.0,0.0001,0.190222392603755,0.24936389103531836,0.368396220356226,9.921053097059485e-05,0.19191828668117522,4.284463368702446,34.29144078333646,11.349462365591398
461,router_only,-3510.346852004528,1.0,0.28514132723212243,0.886976569890976,0.7136821523308754,0.005168821837287396,0.011878040055671562,0.20482550747692585,-0.0046874756113538755,0.0,0.0001,0.18687292858958243,0.24677433520555497,0.37039835229516027,0.00010693342555896379,0.19584745205938817,4.317194767480795,34.24779720279934,11.71505376344086
462,router_only,-3323.215035378933,1.0,0.28008931800723075,0.88964384496212,0.7173929035663604,0.005021179257892072,0.005975630310240332,0.190064287930727,-0.004425715039178613,0.0,0.0001,0.18907045163214206,0.24756462462246417,0.37001323848962786,0.00010458706183271715,0.19324709437787532,4.28862886852971,34.27378662066498,10.876344086021506
463,router_only,-3401.963814496994,1.0,0.2766473822295666,0.8912422895431519,0.7174624890089035,0.005116074520628899,0.00766505964475071,0.20154309086501598,-0.004914434213424102,0.0,0.0001,0.18524601832032203,0.24851370081305504,0.3725918225944042,9.648984159866813e-05,0.19355196319520473,4.187386850699286,34.493681605342914,11.28494623655914
464,router_only,-3431.9967044591904,1.0,0.27743188440799715,0.8904707610607148,0.7218518987298012,0.004907743411604315,0.013801774166313419,0.20142312422394754,-0.005215258467069361,0.0,0.0001,0.18450406081974507,0.2437318790704012,0.3794869348406792,0.00010226717804471264,0.19217485785484315,4.155725413048599,33.86694935913942,11.35483870967742
465,router_only,-3448.0468158125877,1.0,0.2773021288216114,0.8907602339982986,0.7240342065691948,0.004733053280506283,0.011653061528159047,0.18987147472798824,-0.004902951607073191,0.0,0.0001,0.19033059626817703,0.24141512028872966,0.3766237497329712,0.00010087658265547361,0.19152966625988482,4.267242413393895,33.968836050543594,11.559139784946236
466,router_only,-3531.7575632333755,1.0,0.2765142470598221,0.8908158287405967,0.7200023025274277,0.005052608461119235,0.010523123795064749,0.19678676165640355,-0.005314119503600523,0.0,0.0001,0.18761506043374537,0.24111882895231246,0.3743740111589432,0.00010878363973461091,0.19678331725299358,4.032884163036625,34.40685375706915,11.81720430107527
467,router_only,-3494.986498594284,1.0,0.27726187855005263,0.8907986298203469,0.7181620463728905,0.005040497868321836,0.010050828288694918,0.18972077332437037,-0.005237415657711608,0.0,0.0001,0.19200789071619512,0.24079792909324169,0.3696694977581501,0.00011018388267984847,0.19741450175642966,4.146107865742082,34.41163501136537,11.688172043010752
468,router_only,-3492.036398589611,1.0,0.27849444597959516,0.8900808066129684,0.7174386993050575,0.005138643505051732,0.007097069520750665,0.20212846845388413,-0.005094479367835447,0.0,0.0001,0.18845935277640818,0.24195662848651409,0.37150435373187063,0.00012313706374698086,0.19795652478933334,4.232398807500451,34.236503506686304,11.655913978494624
469,router_only,-3539.8342164754868,1.0,0.27775160819292066,0.890714330971241,0.716388389468193,0.005288145586382598,0.0101147120003588,0.19536525718867778,-0.004940482835081639,0.0,0.0001,0.18990012034773826,0.2397857416421175,0.36861815452575686,0.0001228698556587915,0.20157311595976352,4.009844562733955,34.128525502769854,11.913978494623656
470,router_only,-3391.0791487693787,1.0,0.27770787104964256,0.8898301541805267,0.7170003116130829,0.0052915159845724705,0.019775097228193782,0.20988463051617146,-0.00440095903686597,0.0,0.0001,0.19243230745196344,0.2471410997211933,0.3620631471276283,0.0001201576882522204,0.19824328348040582,4.252233654797687,34.376717030181794,11.29032258064516
471,router_only,-3393.1622807979584,1.0,0.2814185589551926,0.8882187455892563,0.7145724296569824,0.005256288184318692,0.007359105293289714,0.19324410632252692,-0.004217773246273282,0.0,0.0001,0.19337414912879466,0.24346328154206276,0.3633758947253227,0.00011842324838653439,0.19966824688017368,4.152150695912741,34.018622966772945,11.29032258064516
472,router_only,-3343.8686014413834,1.0,0.2761389262974262,0.8905571877956391,0.7139020636677742,0.005290812067687512,0.014072918284909974,0.20263450182974338,-0.005375447082769824,0.0,0.0001,0.18902489356696606,0.24871250689029695,0.36516055166721345,0.00012100389503757469,0.19698104709386827,4.162202478633061,34.337444411963084,11.053763440860214
473,router_only,-3492.734727561474,1.0,0.2757177151739597,0.8909717574715614,0.7151308819651604,0.005294612364377826,0.014631250491220249,0.20468026474118234,-0.004753965672716731,0.0,0.0001,0.18510461635887623,0.24532631002366542,0.3711074471473694,0.00011185161129105836,0.19834977574646473,4.20793890245237,34.53750379645296,11.71505376344086
474,router_only,-3531.321401655674,1.0,0.274024710804224,0.8916974633932113,0.7170410335063935,0.005263446888420731,0.010145974326042018,0.20430135019123555,-0.005103189689179999,0.0,0.0001,0.18702783174812793,0.24847608134150506,0.3677038334310055,0.00010735762680269545,0.1966848958283663,4.053950843458541,34.22399084562651,11.870967741935484
475,router_only,-3464.3428993225098,1.0,0.27418846935033797,0.8915910750627518,0.7167717963457108,0.005203387071378529,0.005608115752693227,0.20451655946671962,-0.004726067551189317,0.0,0.0001,0.18875107690691947,0.24567202292382717,0.3681571692228317,0.00010904447317443555,0.19731068536639212,4.106570335721184,34.18978440335908,11.489247311827958
476,router_only,-3529.0725378394127,1.0,0.2735488511621952,0.8923959448933602,0.7181052327156067,0.00504570275079459,0.006815684777757259,0.21502824276685714,-0.004967976020998322,0.0,0.0001,0.1881315391510725,0.24586795829236507,0.37136907428503035,0.00010164362047362374,0.1945297796279192,4.174745670458506,34.30915191788781,11.833333333333334
477,router_only,-3338.383943796158,1.0,0.2760302409529686,0.891057139635086,0.7187271595001221,0.005051368055865169,0.009683065182252915,0.19393988884985447,-0.004436943410837557,0.0,0.0001,0.19254143238067628,0.24579683355987073,0.36659866869449614,0.00010395262124802684,0.19495911225676538,4.3274882825147785,33.99902460140554,11.096774193548386
478,router_only,-3614.8021601438522,1.0,0.27979492470622064,0.8891563206911087,0.7166281446814537,0.005181177973281592,0.011357882533593489,0.20519860535860063,-0.004669578414177522,0.0,0.0001,0.19082001820206643,0.25146929211914537,0.3636411428451538,0.00011043938393413555,0.19395911507308483,4.1950008715478795,34.096286022953784,12.236559139784946
479,router_only,-3390.087746858597,1.0,0.2793268196284771,0.8895686715841293,0.7166030913591385,0.005203867400996387,0.005611180072446553,0.20474109835922719,-0.004969439927663188,0.0,0.0001,0.19168912395834922,0.24878873415291308,0.363516104221344,0.00011767680880439002,0.19588835537433624,4.234409506253899,34.32346425429998,11.209677419354838
480,router_only,-3405.0629221200943,1.0,0.2804334685206413,0.888725945353508,0.7172060459852219,0.005083098716568202,0.012098597271688077,0.20565530918538572,-0.0056406826974125576,0.0,0.0001,0.19374602362513543,0.25278113670647145,0.36152916103601457,0.00011741426678781863,0.19182626605033876,4.281549304787129,33.7348542474457,11.344086021505376
481,router_only,-3426.872972548008,1.0,0.2813977710902691,0.8884345248341561,0.7120741501450538,0.005230989377014339,0.007809354799610419,0.2077734462916851,-0.004367659814670332,0.0,0.0001,0.18985237553715706,0.25505908094346524,0.3624090053141117,0.00010638473759172484,0.1925731547176838,4.320622589629921,33.83287824433776,11.440860215053764
482,router_only,-3449.5129395723343,1.0,0.28124947026371955,0.8884902104735375,0.7149741008877755,0.005120992381125689,0.012015767081538764,0.20013534538447858,-0.004358524375857087,0.0,0.0001,0.1948065459728241,0.2509396281093359,0.36052057668566706,0.00011807661976490636,0.19361517801880837,4.311919655702148,34.62875127136037,11.419354838709678
483,router_only,-3502.7856350541115,1.0,0.28020565286278726,0.8883028998970985,0.7120513707399369,0.005480143905151636,0.013279779189542724,0.20456417575478553,-0.005282854397228221,0.0,0.0001,0.18816916234791278,0.2515028495341539,0.3615613587200642,0.00011556546742212959,0.19865105897188187,4.278397728757915,33.77945859029419,11.758064516129032
484,router_only,-3447.042754948139,1.0,0.2820224747061729,0.8878962457180023,0.7122891008853912,0.005446455965284258,0.0066283433796343215,0.2120269149541855,-0.005723969245445914,0.0,0.0001,0.19148333333432674,0.25101877748966217,0.3589477904140949,0.00011334788541716989,0.19843674451112747,4.126926644432407,34.08805356520457,11.516129032258064
485,router_only,-3492.172608613968,1.0,0.2834144875407219,0.8874224320054054,0.7093759566545487,0.00537711939541623,0.00751845252907517,0.20494571700692177,-0.004992375684378203,0.0,0.0001,0.1928479265421629,0.2534088332206011,0.3577842928469181,0.00011792937057180098,0.19584101997315884,4.337065044320445,34.184111295713166,11.64516129032258
486,router_only,-3394.569689512253,1.0,0.27918157204985616,0.8896721169352532,0.7124595031142235,0.005238138255663216,0.01122150058654368,0.2043108019977808,-0.005393783603358316,0.0,0.0001,0.19017464183270932,0.2517032314091921,0.36339504197239875,0.00011603533257584787,0.19461104907095433,4.411991596188785,34.11516618824919,11.274193548387098
487,router_only,-3386.9666607379913,1.0,0.2799558974802494,0.8889945715665817,0.7099438011646271,0.005309800407849253,0.009735431613444262,0.20556436330080033,-0.004956463238340802,0.0,0.0001,0.18874846547842025,0.24826542623341083,0.36522097513079643,0.00011230063773837173,0.1976528313010931,4.346204840725919,34.17510564577557,11.193548387096774
488,router_only,-3540.89122235775,1.0,0.2758791007101536,0.8910864412784576,0.7132884696125984,0.005243701185099781,0.006783970014839724,0.2068839631974697,-0.004648897984588984,0.0,0.0001,0.1879140805453062,0.2457078229635954,0.3683715954422951,0.00011393076674721669,0.19789256267249583,4.432362645548078,34.11825534557121,11.790322580645162
489,router_only,-3563.816348195076,1.0,0.278143172711134,0.89019196331501,0.7147853255271912,0.0049479147652164105,0.015641181790306297,0.20459950156509876,-0.005813251037034206,0.0,0.0001,0.1924832087010145,0.23917645812034607,0.3716119691729546,0.00012502343797677896,0.19660334028303622,4.504822471940726,34.09245700445662,11.989247311827956
490,router_only,-3537.2406772971153,1.0,0.27998580411076546,0.8894697532057763,0.7150436773896217,0.004945299704559147,0.0055843949978225,0.19707288704812526,-0.004797292516741436,0.0,0.0001,0.19125807359814645,0.24196833483874797,0.37143677175045015,0.0001253461141459411,0.19521147720515727,4.337424412168516,34.565276865471844,11.81720430107527
491,router_only,-3442.006616592407,1.0,0.2796347662806511,0.889980798959732,0.7154158487915993,0.004977020330261439,0.009409174277971093,0.19964408241212367,-0.00412848002906685,0.0,0.0001,0.18979822620749473,0.24667291939258576,0.37022849842905997,0.0001227872573508648,0.19317756704986094,4.378228357506272,34.12385990533638,11.446236559139784
492,router_only,-3467.1297364234924,1.0,0.27884682938456534,0.8903223156929017,0.7169927462935448,0.0049941597506403925,0.003444738334292202,0.20787805914878846,-0.005509308153705206,0.0,0.0001,0.1908742617815733,0.24595326147973537,0.36922578886151314,0.0001326157114817761,0.19381407387554644,4.424812470685748,34.309525960352346,11.494623655913978
493,router_only,-3342.837021768093,1.0,0.2796146355569363,0.8900414183735847,0.7149245128035545,0.0051026296219788495,0.008122642682610625,0.20476201102137565,-0.005020022265671287,0.0,0.0001,0.1922127652913332,0.2473703734576702,0.365164465457201,0.00014959518393879988,0.19510279819369317,4.336458353592685,33.99248490893758,11.037634408602152
494,router_only,-3404.3971676826477,1.0,0.2815509788691998,0.8891645222902298,0.7128994628787041,0.00516960317036137,0.003381746676859587,0.20162335745990276,-0.004683309329266194,0.0,0.0001,0.19124672897160053,0.24664554074406625,0.36543442532420156,0.00016407840957981533,0.19650923274457455,4.364896859036912,34.427773465029766,11.28494623655914
495,router_only,-3486.256909132004,1.0,0.28239215165376663,0.8891431510448455,0.7128880143165588,0.0052166629116982225,0.003101401951607846,0.19860431551933289,-0.005007413656130666,0.0,0.0001,0.19128982126712799,0.2453417956829071,0.365187469124794,0.00017031695624609712,0.19801060259342193,4.366452960228146,34.48583676963334,11.650537634408602
496,router_only,-3496.9471107125282,1.0,0.280333636701107,0.8896248787641525,0.7160810649394989,0.005065810412634164,0.01241549882179246,0.19728389494121074,-0.004997910940437578,0.0,0.0001,0.19466546028852463,0.24817390330135822,0.36273124665021894,0.00016815633371152215,0.19426123350858687,4.3464137698940455,34.10701153335236,11.655913978494624
497,router_only,-3423.9846791625023,1.0,0.2784861259162426,0.8905517593026161,0.7180583119392395,0.004981589561793953,0.004597998429562683,0.2105593156069517,-0.004775829225326334,0.0,0.0001,0.194295671582222,0.24721349850296975,0.3650206685066223,0.00017773407416825647,0.19329242818057538,4.310250801914869,33.85764413677274,11.311827956989246
498,router_only,-3359.5610127449036,1.0,0.27846707925200465,0.8899719044566154,0.7201357752084732,0.004670429253019392,0.012083656526010622,0.21284385100007058,-0.004836184465239058,0.0,0.0001,0.19799770154058932,0.24491532184183598,0.3673604652285576,0.00016466780580230987,0.1895618412643671,4.46946584939932,34.098073933500984,11.059139784946236
499,router_only,-3489.5366446971893,1.0,0.2783322364091873,0.8896605432033539,0.714862608909607,0.004943453788291663,0.012220929410250363,0.20148613750934602,-0.004668656460489728,0.0,0.0001,0.19346307441592217,0.24901875406503676,0.3657846309244633,0.00016667483942001127,0.19156686998903752,4.309568558673032,33.83934378643559,11.618279569892472
500,router_only,-3401.9953785538673,1.0,0.27542753964662553,0.89099041223526,0.7189195200800895,0.004992048558779061,0.00428654854695198,0.20461349226534367,-0.00507426374242641,0.0,0.0001,0.19461301751434804,0.24907736368477346,0.3636413551867008,0.0001759929597028531,0.19249227195978164,4.130063791042814,34.06192101949418,11.204301075268818
501,dynamic_actor_adapt,-3336.439102590084,1.0,0.2757029354572296,0.891081802546978,0.7182604014873505,0.0,0.004844038721057553,3.4865941643714904,-0.03806612311163917,3e-05,0.0,0.1963215097784996,0.24956450648605824,0.36121933311223986,0.00019434315472608433,0.19270030334591864,4.473726299079455,33.97408991483994,10.983870967741934
502,dynamic_actor_adapt,-3315.5173013210297,1.0,0.27813955396413803,0.8901738807559013,0.7167234912514686,0.0,0.003472596837309533,3.314543843269348,-0.03395462549233343,3e-05,0.0,0.19805780947208404,0.24940262772142888,0.3608206890523434,0.00018249406602990347,0.19153637811541557,4.15828426536297,34.02409587795716,10.86021505376344
503,dynamic_actor_adapt,-3445.2845235466957,1.0,0.27590986117720606,0.8910799354314805,0.7191593542695045,0.0,0.004736634292567038,3.4553844809532164,-0.03562835335615091,3e-05,0.0,0.19968681111931802,0.24856269992887975,0.36156000271439553,0.0001702043846307788,0.19002027660608292,4.227518515180794,33.94383245119399,11.46236559139785
504,dynamic_actor_adapt,-3252.867719709873,1.0,0.2784221641719341,0.8893832236528396,0.7178671807050705,0.0,0.003748786549112987,3.393719619512558,-0.03492434036452323,3e-05,0.0,0.19858180209994317,0.24779331721365452,0.3616896264255047,0.0001894858418381773,0.1917457662522793,4.345182422772379,34.150984012692824,10.612903225806452
505,dynamic_actor_adapt,-3331.9059205055237,1.0,0.27554151266813276,0.8913220167160034,0.7198776736855507,0.0,0.008229619452686165,3.3056460320949554,-0.03383323626258061,3e-05,0.0,0.20094809643924236,0.24693026728928089,0.3634381428360939,0.00017715457033773419,0.1885063387453556,4.082975631109543,34.28977941347938,11.026881720430108
506,dynamic_actor_adapt,-3387.9602821469307,1.0,0.2807338021695614,0.8892098903656006,0.7168061152100563,0.0,0.010601137302001018,3.674277675151825,-0.03512483867816627,3e-05,0.0,0.20436197742819787,0.2471503708511591,0.35813757330179213,0.00019258630891272333,0.19015749022364617,4.158912971362378,34.00884982386817,11.24731182795699
507,dynamic_actor_adapt,-3316.224816083908,1.0,0.2794716045260429,0.88977070748806,0.7162927061319351,0.0,0.00591153823806963,3.5179411828517915,-0.03555600068648346,3e-05,0.0,0.2061379410326481,0.24832520112395287,0.3552970625460148,0.00019756092224270104,0.19004223123192787,4.1907762161265945,34.39754512220553,10.876344086021506
508,dynamic_actor_adapt,-3486.8254002332687,1.0,0.284712802618742,0.8876156494021415,0.7141570225358009,0.0,0.005957594532810623,3.3094631016254423,-0.03560855813557282,3e-05,0.0,0.2069208487868309,0.24534640684723855,0.35630914717912676,0.00020492956537054852,0.19121867045760155,4.199218524753313,33.75242246368817,11.60752688172043
509,dynamic_actor_adapt,-3265.8321516513824,1.0,0.28817256540060043,0.8859946221113205,0.7123748898506165,0.0,0.01412305530684535,3.283903020620346,-0.03583755898871459,3e-05,0.0,0.2120673444122076,0.24726143553853036,0.3500117897987366,0.0001973702383111231,0.1904620561748743,4.316393853358592,34.21216380442427,10.602150537634408
510,dynamic_actor_adapt,-3375.3659302592278,1.0,0.28735060021281245,0.8869323000311852,0.7112695097923278,0.0,0.008533761544822526,3.6903142631053925,-0.03592472955351696,3e-05,0.0,0.21593534834682943,0.24421290159225464,0.34879344403743745,0.00021114402115927078,0.19084716029465199,4.366565494878666,34.677606217976695,11.06989247311828
511,dynamic_actor_adapt,-3399.0749495625496,1.0,0.2852407321333885,0.8879461690783501,0.7117179572582245,0.0,0.0021265965395287243,3.271797329187393,-0.035728247015504165,3e-05,0.0,0.21522477827966213,0.24527620188891888,0.3485011480748653,0.00020077537665201816,0.19079709872603418,4.130453272054882,34.05263444808191,11.102150537634408
512,dynamic_actor_adapt,-3320.8629392385483,1.0,0.2862872861325741,0.8868321239948272,0.7106549859046936,0.0,0.00225877137454511,3.4304418087005617,-0.03558327179052867,3e-05,0.0,0.21591767631471157,0.24553896114230156,0.3473855905234814,0.00018694514728849753,0.19097082503139973,4.299653510876224,34.693255260509694,10.736559139784946
513,dynamic_actor_adapt,-3371.5078679323196,1.0,0.28699234426021575,0.8862876638770103,0.7104492232203483,0.0,0.008434931096235243,3.194021427631378,-0.03563413507654332,3e-05,0.0,0.21935020796954632,0.24255815222859384,0.3461489349603653,0.00019847073035634822,0.19174423441290855,4.123401594964882,34.5451786753471,10.994623655913978
514,dynamic_actor_adapt,-3390.490234851837,1.0,0.2883566699922085,0.886047625541687,0.7099268972873688,0.0,0.004141603136122307,3.301012581586838,-0.036823688706499526,3e-05,0.0,0.22073546312749387,0.24165230765938758,0.3449839770793915,0.00020321945630712434,0.19242503121495247,4.2110150253836816,34.301036738862344,11.17741935483871
515,dynamic_actor_adapt,-3456.136849462986,1.0,0.2855127975344658,0.8878862395882606,0.7114718019962311,0.0,0.005475509247844445,3.6177188992500304,-0.03632278540171683,3e-05,0.0,0.21950607411563397,0.24117874838411807,0.34772173315286636,0.00020320074872870464,0.19139024503529073,4.263195885757861,34.326522901857956,11.333333333333332
516,dynamic_actor_adapt,-3269.8049845695496,1.0,0.2859207421541214,0.8870997607707978,0.7101778507232666,0.0,0.004336919570414455,3.165050023794174,-0.03610863240319304,3e-05,0.0,0.21891012229025364,0.2403174415230751,0.34701053351163863,0.00020385335446917451,0.19355805367231368,4.160573449655198,34.610877230345345,10.510752688172042
517,dynamic_actor_adapt,-3438.4285801649094,1.0,0.2842841424047947,0.8883941471576691,0.7131749391555786,0.0,0.006380584026192104,3.714651012420654,-0.036375348160800056,3e-05,0.0,0.22069244123995305,0.23864276967942716,0.3484108567237854,0.00021149795793462545,0.19204242825508117,4.249700828467761,34.35343260884529,11.198924731182796
518,dynamic_actor_adapt,-3415.776551246643,1.0,0.2871897220611572,0.8873796507716178,0.7120025813579559,0.0,0.005296896080471958,3.532550942897797,-0.03648550127109047,3e-05,0.0,0.21991045735776424,0.2367795944213867,0.3504661776125431,0.00020821554971917067,0.1926355618983507,4.025957715929518,34.308912699667275,11.150537634408602
519,dynamic_actor_adapt,-3369.2181554436684,1.0,0.2848733186721802,0.888426661491394,0.711542172729969,0.0,0.003896115941824968,3.4799564361572264,-0.036495892692619235,3e-05,0.0,0.21929447166621685,0.23544752076268197,0.35081070438027384,0.00021699702556361445,0.19423031024634838,4.253173253845001,34.104720523075386,10.85483870967742
520,dynamic_actor_adapt,-3402.9956682920456,1.0,0.28586943075060844,0.8876587942242622,0.7127294734120369,0.0,0.006980373505939557,3.228242152929306,-0.03684554833744187,3e-05,0.0,0.22237736620008947,0.23353908360004424,0.34922895208001137,0.0002319583320058882,0.19462263844907285,4.107791247214366,34.39968844901266,10.865591397849462
521,dynamic_actor_adapt,-3418.2689943909645,1.0,0.2855093479156494,0.8875543624162674,0.7116442307829857,0.0,0.004228070668614215,3.2840796232223513,-0.03663295962614939,3e-05,0.0,0.2222732998430729,0.23343003019690514,0.3513429895043373,0.0002074962954793591,0.19274618700146676,4.12173824285796,33.85448446365738,11.026881720430108
522,dynamic_actor_adapt,-3338.13828510046,1.0,0.284353132545948,0.8880694076418877,0.7129715576767921,0.0,0.004540613117933407,3.153092157840729,-0.037266357673797754,3e-05,0.0,0.22060252651572226,0.23315888158977033,0.3535911239683628,0.00022966830256336833,0.1924178022891283,4.264437133080306,33.85121453696257,10.725806451612902
523,dynamic_actor_adapt,-3317.2367668151855,1.0,0.2839931383728981,0.8883235365152359,0.7145395815372467,0.0,0.006470967519271726,3.3824979603290557,-0.035649754805490375,3e-05,0.0,0.22374000065028668,0.23250952661037444,0.3536891356110573,0.0002252861810120521,0.18983605764806272,4.090532819403562,33.505731690837884,10.650537634408602
524,dynamic_actor_adapt,-3386.131410896778,1.0,0.28489732593297956,0.8882620289921761,0.7155979022383689,0.0,0.007165932139832826,3.4130907237529753,-0.036604944108694325,3e-05,0.0,0.22187009565532206,0.23080192506313324,0.356068230420351,0.00021982430334901437,0.19103992655873298,4.210900312437576,33.71736514026682,10.887096774193548
525,dynamic_actor_adapt,-3321.395960152149,1.0,0.27932051122188567,0.8906306073069572,0.7164312124252319,0.0,0.0038224309799261614,3.259437608718872,-0.036660068144556135,3e-05,0.0,0.22253200300037862,0.2295683354139328,0.35731587186455727,0.0002214917549281381,0.1903623014688492,4.285540876390031,33.70435671360557,10.591397849462366
526,dynamic_actor_adapt,-3388.1535808444023,1.0,0.28122152388095856,0.8901375740766525,0.7158288776874542,0.0,0.005825594412090129,3.1970976918935774,-0.03656597352528479,3e-05,0.0,0.22433593086898326,0.23066389746963978,0.3551245376467705,0.00023479771880374756,0.18964083716273308,4.170490336417178,33.69325673699739,10.795698924731182
527,dynamic_actor_adapt,-3426.700224995613,1.0,0.2786808662116528,0.8911581456661224,0.7146996170282364,0.0,0.007241528498707328,3.2882322490215303,-0.037617299106204885,3e-05,0.0,0.22071516662836074,0.2319200210273266,0.3573593646287918,0.00025222538934031034,0.1897532232105732,4.094510305053338,33.36072637311989,11.06989247311828
528,dynamic_actor_adapt,-3507.0273475646973,1.0,0.2857307501137257,0.8873397201299668,0.714153815805912,0.0,0.0013145015724148723,3.2242541790008543,-0.03694085224415176,3e-05,0.0,0.2207182377576828,0.23130743019282818,0.35801354274153707,0.0002390675559581723,0.18972171954810618,4.395948612504831,33.2653779754623,11.327956989247312
529,dynamic_actor_adapt,-3352.6947470903397,1.0,0.2805245280265808,0.8899453118443489,0.7138029411435127,0.0,0.005190161199061544,3.193834739923477,-0.0362902991939336,3e-05,0.0,0.21987254060804845,0.2331561777740717,0.35875987708568574,0.00023266419848368968,0.18797874078154564,4.116311022980027,33.671301334584456,10.731182795698926
530,dynamic_actor_adapt,-3390.132496535778,1.0,0.2803072363138199,0.8903091564774513,0.7163193583488464,0.0,0.004968224755066303,3.23209947347641,-0.03627716799237533,3e-05,0.0,0.22069091722369194,0.2330487437546253,0.36041591614484786,0.0002423580655886326,0.18560205958783627,4.276946696339047,33.62456491118852,10.790322580645162
531,dynamic_actor_adapt,-3400.1297920942307,1.0,0.27957518175244334,0.8898707449436187,0.7162472739815712,0.0,0.003717371023958549,3.2474899172782896,-0.03629572798090521,3e-05,0.0,0.22041194923222066,0.23147293217480183,0.36126200631260874,0.00023845326868467964,0.18661465607583522,4.473609542554514,33.557490054784424,10.768817204301074
532,dynamic_actor_adapt,-3307.2939645051956,1.0,0.27656918317079543,0.8919081419706345,0.7197441354393959,0.0,0.00581206818460483,3.2887923300266264,-0.03739795961009804,3e-05,0.0,0.22176051363348961,0.2291375707834959,0.3628144733607769,0.00024345772471860981,0.18604398518800735,4.310465731767293,33.60461027206086,10.403225806451614
533,dynamic_actor_adapt,-3316.29879039526,1.0,0.2773036383092403,0.891551311314106,0.7186891838908196,0.0,0.003930661046979311,3.3525337368249892,-0.03692461968093994,3e-05,0.0,0.22253183014690875,0.2303315844386816,0.3608893841505051,0.00023835858264646957,0.18600884266197681,4.327565529049885,33.50636970969053,10.564516129032258
534,dynamic_actor_adapt,-3462.364339888096,1.0,0.28146749213337896,0.8895792022347451,0.7145001828670502,0.0,0.002754567651209078,3.3031262516975404,-0.036658845259808004,3e-05,0.0,0.22183824367821217,0.2309038292616606,0.36020568534731867,0.0002617553560412489,0.18679048344492913,4.436460873930493,33.76028559269157,11.10752688172043
535,dynamic_actor_adapt,-3244.457304120064,1.0,0.27805599495768546,0.8910119041800499,0.716724556684494,0.0,0.007818137678623289,3.3130705893039702,-0.03727040888479678,3e-05,0.0,0.22245344705879688,0.22844782173633577,0.36349954828619957,0.00024305308434122708,0.1853561218827963,4.395569158039049,33.51978746279758,10.225806451612904
536,dynamic_actor_adapt,-3386.219708800316,1.0,0.27682487592101096,0.8913077995181083,0.7184603556990623,0.0,0.006590152737771876,3.201390951871872,-0.03723620385680988,3e-05,0.0,0.22031307443976403,0.22746234238147736,0.3667928777635098,0.0002448052942781942,0.18518690280616285,4.315434796025391,33.37556381564305,10.817204301075268
537,dynamic_actor_adapt,-3315.291682958603,1.0,0.2777528278529644,0.8906046718358993,0.7190501272678376,0.0,0.0058031612639751875,3.2292086482048035,-0.03678799554472789,3e-05,0.0,0.22124454379081726,0.22923219092190267,0.3638912968337536,0.00025135971955023704,0.18538061082363128,3.974351700772802,33.62234267484339,10.413978494623656
538,dynamic_actor_adapt,-3386.181089580059,1.0,0.27392327785491943,0.8927187606692314,0.7178474321961403,0.0,0.006361602796459903,3.1882842659950255,-0.037074131786357614,3e-05,0.0,0.22189093939960003,0.22606851011514664,0.36577522233128545,0.0002342381081689382,0.18603109009563923,4.467913682690554,33.6016620308245,10.758064516129032
539,dynamic_actor_adapt,-3419.934118449688,1.0,0.2760434791445732,0.8917001649737358,0.7179378196597099,0.0,0.006645762050902693,3.2904736936092376,-0.03793964919750579,3e-05,0.0,0.2208769377321005,0.22831621244549752,0.36683968305587766,0.00024495527140970806,0.18372220993041993,4.2670889703802795,33.841698296644545,10.887096774193548
540,dynamic_actor_adapt,-3284.2034888863564,1.0,0.27489016726613047,0.8922290042042732,0.7157153785228729,0.0,0.007467613733388107,3.2549903750419618,-0.03662621071271133,3e-05,0.0,0.22121440544724463,0.22651510313153267,0.3649150900542736,0.00023685165579081512,0.18711855001747607,4.496916274653331,33.698615814567674,10.306451612903226
541,dynamic_actor_adapt,-3336.764580965042,1.0,0.27578670158982277,0.8924544349312782,0.7175923585891724,0.0,0.003248441059986379,3.117177927494049,-0.03667742628604174,3e-05,0.0,0.22175287790596485,0.22723388858139515,0.36329087167978286,0.0002546807358157821,0.18746768571436406,4.434564951463409,33.568033389040934,10.419354838709676
542,dynamic_actor_adapt,-3247.047651231289,1.0,0.2761419124901295,0.8922945186495781,0.7193856477737427,0.0,0.0055405091861757795,3.1529534816741944,-0.037520856040646325,3e-05,0.0,0.2221097841858864,0.2260170117020607,0.36570421829819677,0.0002452467739203712,0.1859237402677536,4.232178276265121,33.53983667998661,10.204301075268816
543,dynamic_actor_adapt,-3280.806727409363,1.0,0.2751776799559593,0.8922920629382134,0.7180829539895057,0.0,0.0020700756871519844,3.2527635633945464,-0.037570350168971346,3e-05,0.0,0.22130260467529297,0.22672002613544465,0.3660335004329681,0.00024798751110211015,0.18569588139653206,4.280819253934894,33.480854431069474,10.295698924731182
544,dynamic_actor_adapt,-3413.015550017357,1.0,0.2763622775673866,0.8912857085466385,0.7186936348676681,0.0,0.0010266677196341446,3.248105615377426,-0.0373713699329528,3e-05,0.0,0.22079920805990697,0.22676981985569,0.3662305623292923,0.00023805097916920203,0.18596236035227776,4.518320691671777,33.747041424889325,10.747311827956988
545,dynamic_actor_adapt,-3344.5405402183533,1.0,0.27460280172526835,0.892468199133873,0.7180810570716858,0.0,0.007851897208092845,3.160364902019501,-0.037336431920994076,3e-05,0.0,0.21763534359633924,0.22621207870543003,0.37015610933303833,0.0002384522209467832,0.18575801700353622,4.198523204450883,33.60725062906654,10.526881720430108
546,dynamic_actor_adapt,-3314.8486518263817,1.0,0.27781151980161667,0.8914420649409294,0.7190325647592545,0.0,0.005738895193644544,3.1089370131492613,-0.03659649109431484,3e-05,0.0,0.22050174064934253,0.22610280327498913,0.3673987127840519,0.00024150266835931689,0.18575524128973483,4.443512735602774,33.109889347502516,10.333333333333334
547,dynamic_actor_adapt,-3414.305366575718,1.0,0.2776649475097656,0.8912091061472893,0.7197202548384667,0.0,0.004560667097030058,3.440155589580536,-0.03667861275098403,3e-05,0.0,0.21920627616345884,0.22554668486118318,0.3696739077568054,0.00024664115444466005,0.1853264905512333,4.385035438230946,32.96286033612279,10.801075268817204
548,dynamic_actor_adapt,-3392.663260579109,1.0,0.2766262173652649,0.8916504859924317,0.717818121612072,0.0,0.005346776512305929,3.2369445741176603,-0.03785373383725528,3e-05,0.0,0.22140060737729073,0.22543750032782556,0.3671097047626972,0.000254986889558495,0.18579720258712767,4.126756554083152,33.394141111583686,10.741935483870968
549,dynamic_actor_adapt,-3399.760388970375,1.0,0.27518900483846664,0.8924165725708008,0.7175909996032714,0.0,0.006110827021257159,3.1626862466335295,-0.0379198781971354,3e-05,0.0,0.22025894224643708,0.22352375499904156,0.3680838353931904,0.0002553286401962396,0.18787814676761627,4.464699147323409,33.2632421001471,10.64516129032258
550,dynamic_actor_adapt,-3243.0676468014717,1.0,0.2747483417391777,0.8923941612243652,0.717560650408268,0.0,0.006166013659822095,3.2738138318061827,-0.0361112238955684,3e-05,0.0,0.21739861890673637,0.22538148500025273,0.3678754709661007,0.00024100494192680344,0.18910341896116734,4.295842951086678,33.27098205325319,10.166666666666666
551,dynamic_actor_adapt,-3302.297266960144,1.0,0.2760564602911472,0.8919188022613526,0.7152117118239403,0.0,0.0030475048431981067,3.2386831432580947,-0.03659637224027392,3e-05,0.0,0.21673026941716672,0.22505762949585914,0.36939227133989333,0.0002479580183717189,0.18857187256217003,4.506056433057622,33.267566045419215,10.301075268817204
552,dynamic_actor_adapt,-3295.7278269529343,1.0,0.2722708508372307,0.8935633704066277,0.7165265128016471,0.0,0.005909299103950627,3.1424199521541594,-0.03699562383699231,3e-05,0.0,0.21600579097867012,0.22619143798947333,0.37121311128139495,0.00023714461967756507,0.18635251373052597,4.443068597456946,33.43784816020942,10.32258064516129
553,dynamic_actor_adapt,-3319.4727361798286,1.0,0.27412891909480097,0.8929330199956894,0.7181551828980446,0.0,0.005288594458761492,3.1769149363040925,-0.036384862585691735,3e-05,0.0,0.21826080344617366,0.22363789044320584,0.3716004237532616,0.00023911554089863784,0.1862617626786232,4.319239786463671,33.25106950262345,10.32258064516129
554,dynamic_actor_adapt,-3398.578133702278,1.0,0.2745209239423275,0.8930800214409829,0.7163797795772553,0.0,0.007272861702585986,3.096561598777771,-0.037989907467272134,3e-05,0.0,0.2184229675680399,0.22046241089701651,0.3711394727230072,0.00024952268904598895,0.1897256225347519,4.605200420807621,33.77208816913061,10.655913978494622
555,dynamic_actor_adapt,-3390.3276072740555,1.0,0.27329107411205766,0.8932004824280739,0.7159101963043213,0.0,0.006658587197307458,3.276619240641594,-0.03689747092575999,3e-05,0.0,0.22009388133883476,0.2221207909286022,0.36868560761213304,0.00024910511892812793,0.188850611820817,4.528734613820298,33.78883152433432,10.580645161290322
556,dynamic_actor_adapt,-3441.245349049568,1.0,0.270070194453001,0.8948147729039192,0.7185717955231666,0.0,0.0063892836260492965,3.2991724789142607,-0.03697505156742409,3e-05,0.0,0.218361047655344,0.2221361231058836,0.3718649186193943,0.0002443081979436101,0.18739360198378563,4.546198599969766,33.751324795526756,10.844086021505376
557,dynamic_actor_adapt,-3446.094150662422,1.0,0.26965601220726965,0.8946056142449379,0.719287495315075,0.0,0.0024631996097014275,3.2098220199346543,-0.03761968326289207,3e-05,0.0,0.21738720051944255,0.22273019179701806,0.372486387193203,0.0002603705710498616,0.18713584914803505,4.138763832013008,33.90532219709129,10.903225806451614
558,dynamic_actor_adapt,-3410.958785355091,1.0,0.27100144028663636,0.8938680708408355,0.7184661865234375,0.0,0.006330971078932679,3.397144985198975,-0.03832413940690458,3e-05,0.0,0.21830817088484764,0.2213647697120905,0.37068632543087005,0.00026159175286011305,0.18937914483249188,4.540297374585679,33.8154114060538,10.736559139784946
559,dynamic_actor_adapt,-3337.1219512224197,1.0,0.26778032556176184,0.8954079180955887,0.7196905165910721,0.0,0.0048850181705347275,3.405527573823929,-0.03748827000890742,3e-05,0.0,0.21793800853192807,0.21929242312908173,0.3730033867061138,0.0002689472647034563,0.18949723728001117,4.423159052736144,33.66402147191743,10.451612903225808
560,dynamic_actor_adapt,-3455.6329184770584,1.0,0.2677718289196491,0.8954626828432083,0.7197831436991692,0.0,0.005645440395528572,3.3785891592502595,-0.03702872414141893,3e-05,0.0,0.21576790623366832,0.21945627816021443,0.37566224932670594,0.00026519676575844644,0.18884836733341218,4.226941327030256,33.7645352124555,10.827956989247312
561,dynamic_actor_adapt,-3408.494309961796,1.0,0.26632081121206286,0.8958897024393082,0.7208457857370376,0.0,0.002223854380645196,3.26056244969368,-0.03729572642332642,3e-05,0.0,0.21549890637397767,0.22049285359680654,0.3757331073284149,0.00026969156970153564,0.1880054410547018,4.022565216024001,33.807172905042215,10.698924731182796
562,dynamic_actor_adapt,-3441.8305608034134,1.0,0.26389893479645254,0.8969857588410377,0.7221776604652405,0.0,0.006835998043970876,3.2618021845817564,-0.0376952295366209,3e-05,0.0,0.21309669315814972,0.22236520200967788,0.377278758585453,0.0002555904065957293,0.18700375705957412,4.055695899268893,33.40747563136096,10.946236559139786
563,dynamic_actor_adapt,-3329.5598037838936,1.0,0.2654886893928051,0.8963083848357201,0.7213670775294304,0.0,0.0020635636014048886,3.289291739463806,-0.03792228731326759,3e-05,0.0,0.2122653905302286,0.22243171669542788,0.3770782798528671,0.0002641724931891076,0.18796044252812863,4.3768539929569,33.60802795266253,10.295698924731182
564,dynamic_actor_adapt,-3417.232552886009,1.0,0.26841080114245414,0.8946567088365555,0.7203780010342598,0.0,0.0021103812166984983,3.3209882736206056,-0.03672988380421884,3e-05,0.0,0.21231826022267342,0.22335794381797314,0.37715437412261965,0.00026127926794288213,0.18690814562141894,3.9876962345237574,33.44310672048228,10.747311827956988
565,dynamic_actor_adapt,-3356.69102370739,1.0,0.2656783927232027,0.8957607924938202,0.720550748705864,0.0,0.007648240942944517,3.3203683853149415,-0.03779303467599675,3e-05,0.0,0.20850076973438264,0.22395590059459208,0.3796859547495842,0.0002546428677305812,0.18760272227227687,3.9557767007992135,33.71053132525243,10.505376344086022
566,dynamic_actor_adapt,-3224.4966599941254,1.0,0.26573910303413867,0.8959838300943375,0.7205506175756454,0.0,0.0045330444390855925,3.079052370786667,-0.03709333378646988,3e-05,0.0,0.2079344317317009,0.22240055203437806,0.3819464512169361,0.0002606731854029931,0.18745789118111134,3.986130224392184,33.21483089199726,10.010752688172044
567,dynamic_actor_adapt,-3275.2622282505035,1.0,0.26687584184110164,0.8954316139221191,0.7188115507364273,0.0,0.0021668470497388514,3.2930118441581726,-0.03710355897783302,3e-05,0.0,0.20813621506094931,0.22327737100422382,0.3812113136053085,0.0002654947387782158,0.18710960559546946,4.1575990664585545,33.41748383336374,10.198924731182796
568,dynamic_actor_adapt,-3297.7257949113846,1.0,0.26828162781894205,0.8946009188890457,0.7184058502316475,0.0,0.007532899976649776,3.327213537693024,-0.037035999117506435,3e-05,0.0,0.2072974018752575,0.22098280154168606,0.3849703535437584,0.0002729067262407625,0.1864765401929617,4.325291976974932,33.64821384500533,10.268817204301076
569,dynamic_actor_adapt,-3389.5460032224655,1.0,0.26675487533211706,0.8950629293918609,0.7209941253066063,0.0,0.007604189561970997,3.35775408744812,-0.03708736976259388,3e-05,0.0,0.2100725531578064,0.22200973965227605,0.38137865960597994,0.00025619845437176993,0.18628284223377706,4.401618097533177,34.076641673441834,10.575268817204302
570,dynamic_actor_adapt,-3546.2273656725883,1.0,0.26760597191751,0.8950914442539215,0.7215036958456039,0.0,0.007799669135420145,3.273754322528839,-0.03727472856699023,3e-05,0.0,0.2084742970764637,0.22187438234686852,0.385263179987669,0.00027151402064191644,0.18411662243306637,4.381999418679506,33.88982101545252,11.166666666666666
571,dynamic_actor_adapt,-3293.2992248535156,1.0,0.26728116571903227,0.895052370429039,0.7219463035464286,0.0,0.004238878523028677,3.3409791767597197,-0.0368838763974054,3e-05,0.0,0.21020892225205898,0.22154063135385513,0.383477495610714,0.00027435823976702524,0.18449859619140624,4.567127273086871,33.39391240727499,10.25268817204301
572,dynamic_actor_adapt,-3264.6860044002533,1.0,0.26423700265586375,0.8965810984373093,0.7227545648813247,0.0,0.004745951854056274,3.2251746594905852,-0.036525186464132275,3e-05,0.0,0.2093082532286644,0.22332758791744708,0.3840635113418102,0.00025836836211965417,0.1830422755330801,4.420324476395645,33.72275721728313,10.075268817204302
573,dynamic_actor_adapt,-3385.296454489231,1.0,0.2645334605127573,0.8958398386836052,0.722286856174469,0.0,0.006302171118659311,3.28928085565567,-0.03780594163108617,3e-05,0.0,0.20716509856283666,0.22293428629636763,0.3834488824009895,0.0002662465241883183,0.18618548326194287,4.340305962065876,33.48049604569898,10.618279569892474
574,dynamic_actor_adapt,-3332.375117599964,1.0,0.2655429895967245,0.8955157279968262,0.7225220128893852,0.0,0.004509267421599311,3.2483849704265593,-0.03733598407125101,3e-05,0.0,0.20782617032527922,0.22422441579401492,0.38119424805045127,0.0002715984868700616,0.18648356311023234,4.260383206445123,33.612568929145844,10.279569892473118
575,dynamic_actor_adapt,-3396.7991710305214,1.0,0.266055203974247,0.8954794824123382,0.7254454910755157,0.0,0.007950794775388204,3.3295674204826353,-0.038409397056238956,3e-05,0.0,0.2071521520614624,0.22267286404967307,0.38516965210437776,0.00027158276207046584,0.1847337581217289,4.326327692849054,33.040034508675234,10.655913978494622
576,dynamic_actor_adapt,-3212.6833173036575,1.0,0.2625562161207199,0.8971615418791771,0.7268820449709892,0.0,0.0020632727817428862,3.2580378532409666,-0.03671919501430239,3e-05,0.0,0.20732794366776944,0.2232964426279068,0.3841380126774311,0.0002838165037246654,0.18495378755033015,4.6155952150217905,33.65721337076335,9.989247311827958
577,dynamic_actor_adapt,-3314.3134213089943,1.0,0.2607133392244577,0.8982074141502381,0.7238627269864082,0.0,0.010148781258612922,3.2382099360227583,-0.03753799757687375,3e-05,0.0,0.20368424914777278,0.22188121713697911,0.38777258321642877,0.00026834229975065683,0.18639360405504704,4.204218223105208,33.37083201821868,10.338709677419356
578,dynamic_actor_adapt,-3217.9519110918045,1.0,0.2640758860856295,0.8958085045218468,0.7209475681185722,0.0,0.004851859255722973,3.231229716539383,-0.03769736543144973,3e-05,0.0,0.20461887679994106,0.22186097279191017,0.3853668995201588,0.000276833174211788,0.18787641674280167,4.229725779843808,33.28962460538762,9.96236559139785
579,dynamic_actor_adapt,-3328.0196791887283,1.0,0.26295274309813976,0.896577887237072,0.7239392995834351,0.0,0.0068931946461816326,3.3154806315898897,-0.03705738677526824,3e-05,0.0,0.2054773360490799,0.22149465791881084,0.38795503675937654,0.00026671808664104903,0.18480624854564667,4.286925228142997,33.3091687644919,10.306451612903226
580,dynamic_actor_adapt,-3295.516485095024,1.0,0.2622607178986073,0.8968247443437576,0.7229555547237396,0.0,0.003745710269140545,3.2739670276641846,-0.03677555373578798,3e-05,0.0,0.2055034227669239,0.2220761377364397,0.3860821843147278,0.00029415464159683325,0.18604410327970983,4.463189373621908,33.10743682415431,10.236559139784946
581,dynamic_actor_adapt,-3237.5461056232452,1.0,0.2613673020154238,0.8973542720079422,0.7243166252970695,0.0,0.003978998445745674,3.1105407178401947,-0.037474192067747936,3e-05,0.0,0.20421858839690685,0.22317638359963893,0.38697143644094467,0.00028763254413206597,0.1853459592908621,4.450647705234162,33.562613109217864,9.978494623655914
582,dynamic_actor_adapt,-3400.7942790985107,1.0,0.26383884288370607,0.8963089480996131,0.7228801026940346,0.0,0.001311259063368253,3.366059386730194,-0.037890783094917425,3e-05,0.0,0.20443647392094136,0.22354755997657777,0.386315806210041,0.00028833634314651135,0.1854118224233389,4.514210792648297,33.223291924975676,10.60752688172043
583,dynamic_actor_adapt,-3329.584244966507,1.0,0.26332201771438124,0.896113820374012,0.7219099760055542,0.0,0.005955882047783262,3.249198931455612,-0.03688661113992566,3e-05,0.0,0.20297719836235045,0.22523393668234348,0.387593600153923,0.0003021102813363541,0.1838931605219841,4.557821555053074,33.636627096277955,10.306451612903226
584,dynamic_actor_adapt,-3313.8108363747597,1.0,0.2621027480810881,0.8969950795173645,0.7238116949796677,0.0,0.003832587361466716,3.2824531733989715,-0.03702014361806505,3e-05,0.0,0.2040493220090866,0.224987231194973,0.3859403945505619,0.000285722967601032,0.18473732583224772,4.338324287030824,33.4485337440057,10.241935483870968
585,dynamic_actor_adapt,-3374.7859632372856,1.0,0.2632664807140827,0.8964109614491462,0.7208937644958496,0.0,0.008219649961756642,3.162783306837082,-0.037566894647898155,3e-05,0.0,0.20176753401756287,0.2252095952630043,0.3897989995777607,0.00031458013036171905,0.18290929012000562,3.9318576384547033,33.485867097992575,10.46774193548387
586,dynamic_actor_adapt,-3213.4152643084526,1.0,0.2622553437948227,0.8963158026337623,0.7248265668749809,0.0,0.007528811994416196,3.094363307952881,-0.03775611615856178,3e-05,0.0,0.20456258356571197,0.2261789534240961,0.3877248100936413,0.0003106828029558528,0.18122297264635562,4.22129491258414,33.567034367345876,9.913978494623656
587,dynamic_actor_adapt,-3304.447480380535,1.0,0.26120060719549654,0.897381529211998,0.7229925736784935,0.0,0.0055094850085879495,3.0555973291397094,-0.037869928001600786,3e-05,0.0,0.20336413122713565,0.22538166344165803,0.38697429522871973,0.00030219651489460375,0.18397771418094636,4.298342499829029,33.09507473176224,10.166666666666666
588,dynamic_actor_adapt,-3290.7745871543884,1.0,0.26157844737172126,0.8972332224249839,0.7234121277928353,0.0,0.004277679611914176,3.200075775384903,-0.03746347511187196,3e-05,0.0,0.20170828737318516,0.22489866577088832,0.3888400487601757,0.0003083301206061151,0.18424466513097287,4.142004456661068,34.11190468772586,10.10215053763441
589,dynamic_actor_adapt,-3294.6134370565414,1.0,0.26054907515645026,0.8972986102104187,0.725079046189785,0.0,0.0009729159897688078,3.1493193209171295,-0.03754281808505766,3e-05,0.0,0.202100595459342,0.2248424619436264,0.388934201747179,0.0002916086061304668,0.1838311355561018,3.925166866450464,33.17145395350203,10.139784946236558
590,dynamic_actor_adapt,-3313.4744745492935,1.0,0.2587556403130293,0.898044852912426,0.7229096680879593,0.0,0.005604144218159468,3.648385226726532,-0.03775680667895358,3e-05,0.0,0.20366832576692104,0.22373998388648034,0.3872346043586731,0.00029877013657824135,0.18505831249058247,4.140931499889823,33.380665751263784,10.220430107526882
591,dynamic_actor_adapt,-3216.2713792324066,1.0,0.2601435374468565,0.8975987151265145,0.7225948169827461,0.0,0.002331207824317949,3.169522076845169,-0.03769355480035301,3e-05,0.0,0.2025153089314699,0.22442258149385452,0.38722202107310294,0.0002988157168147154,0.1855412770062685,4.2652698292041755,33.79535297495234,9.854838709677418
592,dynamic_actor_adapt,-3363.606028676033,1.0,0.2608526721596718,0.8969700440764428,0.7219606310129165,0.0,0.006922613168717345,3.3696743130683897,-0.03741257611545734,3e-05,0.0,0.20579733811318873,0.2210148859769106,0.38716840744018555,0.00031110031850403177,0.18570826724171638,4.208123123441119,33.37243135981064,10.435483870967742
593,dynamic_actor_adapt,-3290.263580560684,1.0,0.2601733710616827,0.8975588738918304,0.7213591039180756,0.0,0.0073594727000454606,3.1006277829408644,-0.0379153623158345,3e-05,0.0,0.20400960855185984,0.22311176769435406,0.3852816179394722,0.0003058826390770264,0.18729112148284913,4.257842268672865,33.40844745076165,10.155913978494624
594,dynamic_actor_adapt,-3374.849152266979,1.0,0.2607010666280985,0.897246366739273,0.7213014289736748,0.0,0.002784552849334465,3.221706175804138,-0.03725654800873599,3e-05,0.0,0.20535143762826918,0.22186017520725726,0.3853269137442112,0.00031103513974812814,0.1871504385024309,4.346672697595895,33.56622665499598,10.365591397849462
595,dynamic_actor_adapt,-3277.1854570508003,1.0,0.2602672427892685,0.8974706038832665,0.7189707666635513,0.0,0.0032082634676044,3.309865212440491,-0.03757383318297798,3e-05,0.0,0.20385934449732304,0.22176433615386487,0.38668902665376664,0.0002948362107417779,0.18739245794713497,4.149386713879937,33.800303943077495,10.03763440860215
596,dynamic_actor_adapt,-3405.2120875120163,1.0,0.2614986266940832,0.8974369138479232,0.7188297197222709,0.0,0.007477518442101444,3.4073213815689085,-0.0381237672700081,3e-05,0.0,0.20505493842065334,0.22338117398321627,0.3829502671957016,0.00031910004254314116,0.18829452134668828,4.272571638897569,33.645897502985214,10.736559139784946
597,dynamic_actor_adapt,-3243.914425253868,1.0,0.2638577211648226,0.8963031470775604,0.7205864444375039,0.0,0.004297415719338482,2.987325018644333,-0.037644324143184346,3e-05,0.0,0.20424657985568045,0.22236623279750348,0.38509700149297715,0.0003210738810594194,0.18796911351382734,4.207914483066153,33.62950904788348,9.903225806451612
598,dynamic_actor_adapt,-3367.248483777046,1.0,0.2648283213376999,0.8957149088382721,0.7214427992701531,0.0,0.006683551098831214,3.4603296339511873,-0.03821992436787695,3e-05,0.0,0.20361278504133223,0.22407728284597397,0.38672772645950315,0.00030573914482374677,0.1852764669805765,4.211472414937748,34.02926218280473,10.4247311827957
599,dynamic_actor_adapt,-3250.488611996174,1.0,0.2642219543457031,0.8959756657481194,0.7204866766929626,0.0,0.006752367648005003,3.1491019070148467,-0.0369444940588437,3e-05,0.0,0.20496539250016213,0.2235564563423395,0.38387236893177035,0.0003213339128706139,0.18728444837033748,4.164732397813025,33.699098425681576,9.989247311827958
600,dynamic_actor_adapt,-3227.8520189523697,1.0,0.26457825526595113,0.8961514681577682,0.7217652440071106,0.0,0.004752332766292944,3.2197061657905577,-0.036137273052008825,3e-05,0.0,0.20455844402313234,0.22356016039848328,0.38624483421444894,0.000300252445958904,0.1853363148868084,4.221660336776716,33.61221998742521,9.89247311827957
601,dynamic_joint,-3230.9637385606766,1.0,0.2661236863583326,0.8950600653886795,0.7191645368933678,0.004006258223671466,0.005089255485290778,3.3004051834344863,-0.03798934887454379,3e-05,2e-05,0.20501650758087636,0.22315351627767085,0.38410684913396836,0.0003187992391758598,0.1874043308198452,4.3925960265849735,33.62819025602769,9.763440860215054
602,dynamic_joint,-3279.6738485097885,1.0,0.2684940718114376,0.8941373184323311,0.7170286014676094,0.004011394223198295,0.004712767630553577,3.1861299157142637,-0.03846986864955397,3e-05,2e-05,0.20385896414518356,0.22195467576384545,0.38608985096216203,0.0003238668556150515,0.18777264505624772,4.032227966225943,33.862980829702515,9.978494623655914
603,dynamic_joint,-3253.9521607756615,1.0,0.26606071665883063,0.8952290788292885,0.7152997568249703,0.0039506508503109215,0.0025313424885098357,3.2788730382919313,-0.03678067445971465,3e-05,2e-05,0.2045604668557644,0.22218840457499028,0.38642028644680976,0.0003055474604479969,0.18652528896927834,4.088100307874288,34.03822917889294,9.887096774193548
604,dynamic_joint,-3202.4567098021507,1.0,0.26170754469931123,0.8977188035845757,0.7168148621916771,0.003821611957391724,0.00874444488945304,3.157694774866104,-0.03735299272811972,3e-05,2e-05,0.20422057919204234,0.22055370546877384,0.39077675342559814,0.0003213033945939969,0.18412765376269818,4.078208760591904,34.519888683406826,9.71505376344086
605,dynamic_joint,-3243.047558784485,1.0,0.26235835030674937,0.8970402970910072,0.719663605093956,0.003763836045982316,0.0039015107719023836,3.186564952135086,-0.03754941260558553,3e-05,2e-05,0.2061488725244999,0.21972610652446747,0.3903421513736248,0.00034376511866867076,0.18343909904360772,4.306288754156373,34.20728969861939,9.881720430107526
606,dynamic_joint,-3238.4942359924316,1.0,0.26474815607070923,0.8960028916597367,0.716686686873436,0.0038766150712035595,0.0068857467773341344,3.2795702129602433,-0.03791194682125933,3e-05,2e-05,0.2031545765697956,0.21927753016352652,0.39157114252448083,0.00035927006028941834,0.18563747741281986,4.275803947967601,33.52084331544364,9.897849462365592
607,dynamic_joint,-3302.604638814926,1.0,0.2623262245208025,0.8968638360500336,0.7200230017304421,0.003742679941933602,0.0077997527878324036,3.143813195824623,-0.0387924494476465,3e-05,2e-05,0.20338166281580924,0.22216748781502246,0.39233406335115434,0.0003791824681684375,0.18173760175704956,4.457754459238642,33.924919870078384,10.17741935483871
608,dynamic_joint,-3330.2008280158043,1.0,0.2647166237235069,0.8957079634070396,0.7190660387277603,0.003775969607522711,0.005560703065566502,3.1147742092609407,-0.03676981583703309,3e-05,2e-05,0.20465368069708348,0.22096538729965687,0.39075581058859826,0.0003971423277107533,0.18322797380387784,3.929826376430027,33.70048004301394,10.258064516129032
609,dynamic_joint,-3282.637003302574,1.0,0.2638576298952103,0.8962904915213585,0.7186510354280472,0.0037754365359432994,0.003077309282525692,3.119467931985855,-0.03844329853309318,3e-05,2e-05,0.2033520508557558,0.22098225317895412,0.39227759912610055,0.00039264731603907423,0.18299544379115104,4.341207128115065,33.41996722182435,10.0
610,dynamic_joint,-3181.743160009384,1.0,0.26354319602251053,0.8959776729345321,0.7180647879838944,0.003808320523239672,0.0057507171128236,3.08546467423439,-0.03755748430849053,3e-05,2e-05,0.20090021416544915,0.2220686800777912,0.39406653195619584,0.00039254758812603543,0.18257202282547952,4.121736559444743,33.76616535518116,9.591397849462366
611,dynamic_joint,-3245.3737184405327,1.0,0.26343080438673494,0.8966991811990738,0.718286608159542,0.0036586012109182777,0.006807215657318011,3.3159150958061216,-0.03698494337950251,3e-05,2e-05,0.20262280926108361,0.2213752418756485,0.39572184085845946,0.00041825409934972415,0.179861855879426,4.231493875092561,33.921382377262276,9.854838709677418
612,dynamic_joint,-3290.7675614356995,1.0,0.2634303167462349,0.8962468042969703,0.7186471372842789,0.0037601871066726745,0.004385286407341477,3.0271364361047746,-0.037300382793182506,3e-05,2e-05,0.20212939269840718,0.2214591134339571,0.394022610783577,0.0004238195208017714,0.1819650586694479,4.228197192217183,33.6829934503284,10.021505376344086
613,dynamic_joint,-3258.0567560195923,1.0,0.26340971402823926,0.8962825924158097,0.7197222903370857,0.003641827095998451,0.006510188477113826,3.254557955265045,-0.03714032700809185,3e-05,2e-05,0.20177848637104034,0.22108158580958842,0.3972554266452789,0.00044609941105591135,0.17943839989602567,3.991926058730739,33.4370047038357,9.96236559139785
614,dynamic_joint,-3286.9574522972107,1.0,0.2636161144822836,0.895906999707222,0.7198010116815567,0.0036779036396183073,0.00535069365287198,3.2036316335201263,-0.03806655735024833,3e-05,2e-05,0.2000129260122776,0.2201717995107174,0.39946076199412345,0.0004935510063660331,0.1798609599471092,4.248051898721405,33.9563099576838,9.994623655913978
615,dynamic_joint,-3311.6034356951714,1.0,0.2620832357555628,0.8967653587460518,0.7202733159065247,0.0037244194361846896,0.0025089698312513787,3.189616060256958,-0.03787483893102035,3e-05,2e-05,0.19875844120979308,0.22041032165288926,0.40018818229436875,0.0005078064285044092,0.1801352471113205,3.964277314975156,33.84264859895886,10.225806451612904
616,dynamic_joint,-3321.1211599111557,1.0,0.26378929503262044,0.8964899867773056,0.7204102054238319,0.003684978053206578,0.0037389647324744314,3.247160458564758,-0.03823445754533168,3e-05,2e-05,0.19817489609122277,0.22177266962826253,0.4006581284105778,0.0005449937772937119,0.178849308937788,4.079332166025301,33.377781816770835,10.069892473118278
617,dynamic_joint,-3226.5230608582497,1.0,0.2624262679368258,0.896660852432251,0.7201688215136528,0.00377028047805652,0.006776414313935686,3.228701213002205,-0.03873280626576161,3e-05,2e-05,0.19668608121573924,0.21987328305840492,0.4023186795413494,0.0005488817376317456,0.1805730827152729,4.172725212471733,33.99374172310741,9.903225806451612
618,dynamic_joint,-3319.9610962867737,1.0,0.26267276182770727,0.8970412358641624,0.7204421177506447,0.003653979231603444,0.009028466687595927,3.077435755729675,-0.03790547386743128,3e-05,2e-05,0.2011622667312622,0.21945601217448713,0.39888111799955367,0.0005869272790732794,0.179913679510355,4.123032007844204,33.26386136386537,10.263440860215054
619,dynamic_joint,-3345.1062433719635,1.0,0.2644631341099739,0.895826569199562,0.7177710324525833,0.003750397777184844,0.0047417324793059155,3.2265208572149278,-0.03833393265667837,3e-05,2e-05,0.1995202086865902,0.22030087374150753,0.3981523089110851,0.0006456416551372968,0.18138096891343594,4.083045149831079,33.48448255969931,10.279569892473118
620,dynamic_joint,-3241.830636680126,1.0,0.26216655038297176,0.8971401542425156,0.7173054575920105,0.003773971612099558,0.006839923454390428,3.317604684829712,-0.037434588481846734,3e-05,2e-05,0.19669327177107335,0.22063272148370744,0.4012404210865498,0.0006297906511463225,0.18080379329621793,4.40699005696823,33.331857467081115,9.849462365591398
621,dynamic_joint,-3185.5464364290237,1.0,0.26289062947034836,0.8972023889422417,0.7209669560194015,0.003773071785690263,0.0031423140753759236,3.300665831565857,-0.037437314179260286,3e-05,2e-05,0.19767393544316292,0.22019455283880235,0.4001074321568012,0.0006749047053745017,0.18134917207062246,4.265493987939764,33.789712456828674,9.623655913978494
622,dynamic_joint,-3291.2496799230576,1.0,0.26167495027184484,0.8967811658978462,0.7216213628649711,0.003678847919218242,0.010050249086634716,3.15323149561882,-0.037145012081600724,3e-05,2e-05,0.1961754098534584,0.2221220765262842,0.4031776450574398,0.0007022941441391595,0.17782257460057735,4.289053239529282,34.05486460639685,10.064516129032258
623,dynamic_joint,-3263.2914442420006,1.0,0.2630675837397575,0.8966089755296707,0.7197104439139366,0.0038240763533394784,0.005651700220187223,3.302481895685196,-0.037712875282159074,3e-05,2e-05,0.1933495607227087,0.22248669974505902,0.40336235612630844,0.0007298565455130301,0.18007152900099754,4.340011276481294,33.69598926333251,9.983870967741936
624,dynamic_joint,-3302.51757311821,1.0,0.2620882663875818,0.897139759361744,0.7171746537089347,0.003824825072661042,0.0031381882930873128,3.2506151854991914,-0.03743395432684338,3e-05,2e-05,0.19252696074545383,0.2218113739043474,0.4049096547067165,0.0007516521218349226,0.1800003606826067,4.285755885584627,34.25272662408377,10.0
625,dynamic_joint,-3264.97407245636,1.0,0.26329712234437463,0.8965775489807128,0.717286391556263,0.0037523313076235354,0.006529823952587349,3.0205471187829973,-0.03768681058427319,3e-05,2e-05,0.19178518056869506,0.22288057915866374,0.40704540610313417,0.0008116079508909025,0.17747722938656807,4.118420248537938,33.87519150005328,10.0
626,dynamic_joint,-3299.8826007843018,1.0,0.2651554271578789,0.8958487823605538,0.7146366074681282,0.0038910087780095635,0.007190073456149554,3.2229456692934035,-0.03814447553595528,3e-05,2e-05,0.191084773093462,0.2207420591264963,0.4062892943620682,0.0008799634772003629,0.18100390806794167,4.130863958250677,33.96208053472725,10.069892473118278
627,dynamic_joint,-3298.047179043293,1.0,0.26575838923454287,0.8956390351057053,0.7139401406049728,0.00397039974341169,0.005900308791024151,3.0339399218559264,-0.038120040437206626,3e-05,2e-05,0.1891046341508627,0.22286477945744992,0.40531927794218064,0.0009378246148116886,0.18177348002791405,4.164053306167903,34.08405523983426,10.03225806451613
628,dynamic_joint,-3184.4548810720444,1.0,0.26295490823686124,0.8966538280248642,0.7125863209366798,0.004081258282531053,0.006057563061767674,3.195529520511627,-0.037725097418297084,3e-05,2e-05,0.18607585355639458,0.2246404718607664,0.4060713298618793,0.0009468141230172478,0.18226552866399287,4.056575305981727,34.107305282340555,9.709677419354838
629,dynamic_joint,-3255.167905330658,1.0,0.263227641582489,0.8967703029513359,0.7136619731783866,0.00401468959171325,0.0029416695950203074,3.106215539574623,-0.03726768334163353,3e-05,2e-05,0.18748241513967515,0.22405022606253625,0.40566732063889505,0.0010110877454280853,0.1817889492958784,4.18220948671225,34.28706374886481,9.897849462365592
630,dynamic_joint,-3237.060711622238,1.0,0.2638667766004801,0.8966272711753845,0.7158834293484688,0.003907317941775545,0.004229479799687385,3.0490339010953904,-0.03881305553368293,3e-05,2e-05,0.18955882005393504,0.2236314993351698,0.40559087321162224,0.0010494211266632192,0.1801693819463253,4.373961382917236,33.97949364275822,9.838709677419356
631,dynamic_joint,-3267.4666671156883,1.0,0.2625740572810173,0.8973190933465958,0.7130697429180145,0.0039264905790332705,0.00762198817392346,3.2656846761703493,-0.03808641217765398,3e-05,2e-05,0.19140123650431634,0.22193484827876092,0.4034910351037979,0.0010349194242735393,0.1821379628032446,4.058764402303881,34.555045437575764,9.956989247311828
632,dynamic_joint,-3357.8935626745224,1.0,0.26412652283906934,0.8958816707134247,0.7122786685824394,0.003906597255263477,0.008312982614734215,3.1981037139892576,-0.038124088545737324,3e-05,2e-05,0.18911852352321148,0.22290503717958926,0.40659927278757096,0.0011129835489555261,0.18026418387889862,4.043414858410217,34.14989340975229,10.360215053763442
633,dynamic_joint,-3270.920682311058,1.0,0.263613810390234,0.8966991931200028,0.7124562591314316,0.004028934024972841,0.006479486428725123,3.3273378789424894,-0.03773855770414229,3e-05,2e-05,0.18878578767180443,0.22306869886815547,0.4036922663450241,0.0011528214090503752,0.18330042846500874,4.090750081988216,34.38068043976689,9.96774193548387
634,dynamic_joint,-3255.659586429596,1.0,0.26460286527872084,0.8963316455483437,0.7119399011135101,0.004058659105794504,0.0024276415206258726,3.267273622751236,-0.038587489409837875,3e-05,2e-05,0.18903424479067327,0.22275373861193656,0.4027934044599533,0.0012261398107511923,0.18419247232377528,4.1872843395632815,34.01666940370936,9.811827956989246
635,dynamic_joint,-3293.914037168026,1.0,0.2630642540752888,0.8971225678920746,0.7099165424704552,0.004102969658561051,0.004194553560228076,3.092022308707237,-0.038811361734406094,3e-05,2e-05,0.18938747905194758,0.2207750778645277,0.40267478600144385,0.0012418124708347023,0.1859208397567272,4.131590999032363,33.98162226952284,9.897849462365592
636,dynamic_joint,-3290.9575875401497,1.0,0.2655067466199398,0.8954380184412003,0.7100076049566268,0.004055563849397004,0.004183751091477478,3.20056893825531,-0.03705223234719597,3e-05,2e-05,0.188924528285861,0.22215046137571334,0.4032779648900032,0.0013551295880461112,0.18429191894829272,4.195163098797876,34.03778962217448,9.924731182795698
637,dynamic_joint,-3284.629962205887,1.0,0.2634881991893053,0.8970618039369583,0.7119728237390518,0.003941697382833809,0.006657191881095032,3.3830067217350006,-0.037380202805798034,3e-05,2e-05,0.18894354179501532,0.22144425995647907,0.4065184980630875,0.0014241772412788122,0.18166952282190324,4.134501585439088,34.156411793785004,9.983870967741936
638,dynamic_joint,-3403.83920109272,1.0,0.2658827744424343,0.8964580550789834,0.7135726198554039,0.003975263668689877,0.008098925600643325,3.193331390619278,-0.03875279638741631,3e-05,2e-05,0.19070709273219108,0.2180896021425724,0.40582369118928907,0.0016156191151821986,0.18376399092376233,4.1796258120236045,34.27459290585942,10.28494623655914
639,dynamic_joint,-3329.782782793045,1.0,0.2653325729072094,0.8959444880485534,0.7122431382536888,0.003974240209208802,0.004894623378640989,3.1027456313371657,-0.03782578610116616,3e-05,2e-05,0.18906870372593404,0.22015411406755447,0.4060740053653717,0.0017481022048741579,0.18295506574213505,4.262493056663421,34.284583926168686,10.053763440860216
640,dynamic_joint,-3391.6167152523994,1.0,0.2664335578680038,0.8960381895303726,0.7098559021949769,0.0040000531007535756,0.0028829257964389787,3.2631273686885836,-0.03864175610360689,3e-05,2e-05,0.187725680321455,0.22034082487225531,0.4072341375052929,0.0018427238363074138,0.18285662792623042,4.138263984651929,34.09556154707632,10.220430107526882
641,dynamic_joint,-3389.2869395017624,1.0,0.2673859171569347,0.8952669128775597,0.7088537096977234,0.004052522947313264,0.0035175454075215885,3.214822641015053,-0.0382653059437871,3e-05,2e-05,0.18700318038463593,0.221035373210907,0.406197864562273,0.0018819530261680484,0.18388162292540072,4.369821072774118,34.098679382743114,10.349462365591398
642,dynamic_joint,-3347.165532231331,1.0,0.26580156981945036,0.896320404112339,0.7105087369680405,0.004041409998899325,0.006513864250155194,3.3567329049110413,-0.03808279886143282,3e-05,2e-05,0.1884503524750471,0.2177854049950838,0.40699180737137797,0.0018749918730463833,0.18489744290709495,4.028783281386937,33.73063844976939,10.161290322580644
643,dynamic_joint,-3376.26918053627,1.0,0.26598131135106085,0.896394568681717,0.7110242962837219,0.00403612656518817,0.006697244817041809,3.1095484524965284,-0.03871586530585773,3e-05,2e-05,0.1905279416590929,0.21714433170855046,0.4042842581868172,0.002144062760635279,0.18589940518140793,4.119611146427941,33.8428714925125,10.155913978494624
644,dynamic_joint,-3352.6886113882065,1.0,0.2625032801181078,0.8976312577724457,0.7110760703682899,0.004075222159735858,0.006394905614433816,3.1780262291431427,-0.03776441453373991,3e-05,2e-05,0.18780064024031162,0.2170928403735161,0.40748171135783195,0.002105910927639343,0.18551889732480048,4.397024097840625,34.23814218069769,10.145161290322582
645,dynamic_joint,-3418.3209722042084,1.0,0.26329011283814907,0.8977860674262047,0.7128351658582688,0.0040509091631975025,0.002933931228471953,3.154779535531998,-0.03781814614485483,3e-05,2e-05,0.1882427878677845,0.21572787463665008,0.40839563459157946,0.0022168037568917496,0.18541689552366733,4.1931884541730104,34.28082229316185,10.279569892473118
646,dynamic_joint,-3321.8333212137222,1.0,0.26167529337108136,0.898184385895729,0.7098500579595566,0.004091013851575553,0.0031256379297701533,3.515293741226196,-0.03714524517708924,3e-05,2e-05,0.18848006650805474,0.21416505984961987,0.40863893181085587,0.0022472142067272217,0.18646873235702516,4.0671042817888505,33.838518705831014,10.005376344086022
647,dynamic_joint,-3342.8456602692604,1.0,0.2646337080746889,0.8974535167217255,0.7113537058234215,0.004047752247424796,0.004762769816443307,3.377565363049507,-0.039017964864615354,3e-05,2e-05,0.18920826464891433,0.21559722609817983,0.4068208307027817,0.0024682285555172713,0.18590544238686563,4.308365291035927,34.024731097323254,10.086021505376344
648,dynamic_joint,-3392.471501469612,1.0,0.2659039620310068,0.8965003415942192,0.7106162458658218,0.0041372151928953825,0.0077475915197282915,3.165372222661972,-0.03764655009144917,3e-05,2e-05,0.1889537964016199,0.2119779024273157,0.40794097259640694,0.0026119575661141424,0.18851537108421326,4.312356872527903,33.742125850035606,10.172043010752688
649,dynamic_joint,-3289.352985739708,1.0,0.2634829331189394,0.8981589347124099,0.7128546431660652,0.0042242207622621205,0.005821460398146844,3.3513342261314394,-0.038300914072533485,3e-05,2e-05,0.18870236426591874,0.21265008226037024,0.40528167560696604,0.0027149174246005716,0.19065096266567708,4.0628237612682225,33.80345778913166,9.919354838709678
650,dynamic_joint,-3337.5097240805626,1.0,0.266360929235816,0.896562771499157,0.7095090791583061,0.004218261450296268,0.0012837893387768638,3.2092848151922224,-0.038087359699420634,3e-05,2e-05,0.18908823132514954,0.21255002319812774,0.40473984032869337,0.0029276749992277473,0.1906942330300808,3.9837282846651507,34.230530550445025,10.091397849462364
651,dynamic_joint,-3315.376053094864,1.0,0.26657312363386154,0.8960869237780571,0.7105476781725883,0.004290210810722783,0.006302694464102421,3.385659670829773,-0.038223780179396274,3e-05,2e-05,0.18593688309192657,0.21434330344200134,0.4059484891593456,0.0030370143649633974,0.19073431082069875,4.0287880227213915,34.07364148624439,10.118279569892472
652,dynamic_joint,-3307.0663605332375,1.0,0.26646359637379646,0.8965864062309266,0.7056128963828087,0.004478822543751449,0.007657605176791521,3.320573991537094,-0.0384564052335918,3e-05,2e-05,0.1823326624929905,0.2156929884105921,0.40572390481829645,0.0032717141264583917,0.19297872632741928,4.048364618682119,33.41192269240326,9.940860215053764
653,dynamic_joint,-3373.4850590229034,1.0,0.2641953192651272,0.8976561024785041,0.7083368331193924,0.004548478714423254,0.0035071052669082056,3.4114042997360228,-0.03782582139247097,3e-05,2e-05,0.18168763034045696,0.21531831324100495,0.4049900621175766,0.003486430551856756,0.1945175651460886,4.00992009733256,33.94822955165986,10.10752688172043
654,dynamic_joint,-3394.2317982912064,1.0,0.26284910514950754,0.8983723774552346,0.7094594404101372,0.004492492647841573,0.012228743260493512,3.2913744509220124,-0.039088481152430174,3e-05,2e-05,0.18029469065368176,0.2123956974595785,0.41077952533960344,0.003811337606748566,0.19271874763071536,3.9238636297272262,34.237008225689046,10.360215053763442
655,dynamic_joint,-3358.7304394245148,1.0,0.2644468601793051,0.8976520523428917,0.710334038734436,0.0044174229318741706,0.00704416494700128,3.270562881231308,-0.038860314914199987,3e-05,2e-05,0.18123160526156426,0.21466825380921364,0.4083099067211151,0.004123950295615941,0.19166628494858742,3.8838964578014488,34.19015656733795,10.209677419354838
656,dynamic_joint,-3276.71205329895,1.0,0.26430533081293106,0.8980604887008667,0.7083127170801162,0.004426986945327371,0.00334673551842572,3.4954663157463073,-0.039170426104101354,3e-05,2e-05,0.18176258392632008,0.21374303102493286,0.40756175965070723,0.004413080040831119,0.19251954220235348,3.997488497704543,34.004801312590914,9.811827956989246
657,dynamic_joint,-3340.1493693590164,1.0,0.26327497512102127,0.8988610535860062,0.7066140949726105,0.004586911859223619,0.010623645654413866,3.1913558900356294,-0.03828446647385135,3e-05,2e-05,0.17884916700422765,0.2113446280360222,0.4106543779373169,0.004510130803100765,0.19464169889688493,3.7111494283856454,34.009911151799635,10.080645161290322
658,dynamic_joint,-3347.0964212417603,1.0,0.26444796063005926,0.8982556387782097,0.708321426808834,0.004567894339561463,0.0026352099259384478,3.2514798432588576,-0.03905063780312048,3e-05,2e-05,0.17882404960691928,0.21033868305385112,0.4117043882608414,0.004777725401800126,0.19435515627264977,3.919738237508589,34.22392193860113,10.021505376344086
659,dynamic_joint,-3381.5430412888527,1.0,0.26515920981764796,0.8984754890203476,0.708452795445919,0.004470943717751652,0.006016705650836295,3.1849648654460907,-0.038778128888498034,3e-05,2e-05,0.1806483704596758,0.2111724939197302,0.4093717858195305,0.005127945251297205,0.19367940463125705,4.056004805586724,34.30217609911963,10.188172043010752
660,dynamic_joint,-3382.991414666176,1.0,0.26789470836520196,0.8970834016799927,0.7028068646788597,0.004627337714191526,0.0069904453470372,3.1817317843437194,-0.03751278946292587,3e-05,2e-05,0.1771531455218792,0.21135030835866928,0.41121543645858766,0.005278556072153151,0.19500254914164544,3.734111425678657,34.26301474994028,10.155913978494624
661,dynamic_joint,-3375.727337181568,1.0,0.2686160899698734,0.8968253463506699,0.7073234304785728,0.004460673034191132,0.006289254804141837,3.1830857038497924,-0.03864388441725168,3e-05,2e-05,0.17788632847368718,0.21199659667909146,0.4124337501823902,0.005825403286144138,0.1918579265475273,3.7498554089393585,34.34077576662859,10.188172043010752
662,dynamic_joint,-3454.7790853977203,1.0,0.265767428278923,0.8979804173111916,0.7062446981668472,0.004390237387269735,0.003400996571872394,3.140727439522743,-0.038656193707720374,3e-05,2e-05,0.17837497293949128,0.2128015760332346,0.41168718338012694,0.006232275266665965,0.19090399257838725,3.861899476572175,33.97439469642065,10.526881720430108
663,dynamic_joint,-3370.5359072089195,1.0,0.2678944759070873,0.8970999702811241,0.7051482498645782,0.004400435765273869,0.003858699242118735,3.1817671775817873,-0.03853568023187108,3e-05,2e-05,0.17833080962300302,0.21342929676175118,0.4098019950091839,0.006725628091953695,0.19171226657927037,3.78471160060682,33.74478370271042,10.112903225806452
664,dynamic_joint,-3423.9974617362022,1.0,0.2683277763426304,0.8970064088702202,0.7050966545939445,0.004366414051037282,0.001474757876712851,3.2738096952438354,-0.039000498899258676,3e-05,2e-05,0.17844513207674026,0.21317308880388736,0.409699272364378,0.007348684396129101,0.19133381806313993,3.9369930865830396,34.1741445911728,10.18279569892473
665,dynamic_joint,-3485.3733023405075,1.0,0.2701848067343235,0.8961786046624184,0.7054461136460304,0.004231251729652286,0.0049758970388211815,3.072966808080673,-0.038736632297514006,3e-05,2e-05,0.1804954193532467,0.212826794013381,0.40919522419571874,0.007786347484216094,0.18969621434807776,3.680266013198242,34.728212731812185,10.317204301075268
666,dynamic_joint,-3384.3201436400414,1.0,0.2705241121351719,0.896136897802353,0.7080842778086662,0.004158890666440129,0.004496932378970065,3.0415703803300858,-0.03859121858840808,3e-05,2e-05,0.18099144622683525,0.2112333256751299,0.4101597286760807,0.00857428361196071,0.18904121778905392,3.9171080184904694,34.030620515132604,9.93010752688172
667,dynamic_joint,-3442.001621723175,1.0,0.2683256730437279,0.8976400524377823,0.7079710483551025,0.004162761976476759,0.005142479762434942,3.1463959217071533,-0.03903878023847938,3e-05,2e-05,0.17917886413633824,0.21170608103275299,0.4117175415158272,0.009114954364486038,0.18828255906701089,3.534402285692221,34.45406414845728,10.188172043010752
668,dynamic_joint,-3439.7086173295975,1.0,0.26940893828868867,0.896799273788929,0.7081538036465644,0.0041912840213626625,0.006622436549514544,3.0795129597187043,-0.03923062206595205,3e-05,2e-05,0.1783766184002161,0.2091971065849066,0.41321117505431176,0.01010646487120539,0.18910863138735295,3.6329620341535396,34.36506298034415,10.080645161290322
669,dynamic_joint,-3569.997343301773,1.0,0.268866029381752,0.8971110939979553,0.7086603283882141,0.0041691924794577066,0.004373418702743964,2.9624316304922105,-0.03796500639873557,3e-05,2e-05,0.17775280363857746,0.2079141192138195,0.41448298171162606,0.011021367646753788,0.18882872425019742,3.5336027790324986,34.39291515127273,10.46774193548387
670,dynamic_joint,-3571.3719632029533,1.0,0.26879487112164496,0.8971154034137726,0.708188173174858,0.004216937668388709,0.005753460992127651,3.0951771080493926,-0.03961637831234839,3e-05,2e-05,0.1753357991576195,0.20788908153772354,0.4168621748685837,0.011518906336277723,0.18839403726160525,3.6934567544962564,34.07465403619148,10.440860215053764
671,dynamic_joint,-3576.974002480507,1.0,0.26980032585561275,0.89703209400177,0.7079384833574295,0.004183121485402808,0.004557015118189178,2.938163048028946,-0.040603518951684237,3e-05,2e-05,0.17442086078226565,0.2084865566343069,0.4179550036787987,0.01210710743907839,0.18703046552836894,3.6215991928525373,34.400684050480145,10.317204301075268
672,dynamic_joint,-3564.317871928215,1.0,0.27037056982517244,0.8961935102939605,0.7107025310397148,0.004193795868195594,0.0031875536777078942,3.3327914476394653,-0.03809498548507691,3e-05,2e-05,0.17363387681543827,0.20821188613772393,0.4174228847026825,0.013158860174007714,0.187572493031621,3.667449502485459,34.56663154279771,10.268817204301076
673,dynamic_joint,-3623.5372903347015,1.0,0.27102226242423055,0.8959028735756874,0.7112109765410424,0.004073752113617957,0.005194142111577121,3.059028375148773,-0.03938615386141464,3e-05,2e-05,0.1748241189867258,0.2070819351822138,0.4168481580913067,0.014565684041008354,0.186680094525218,3.4881770052877714,34.46850846450016,10.661290322580646
674,dynamic_joint,-3652.2371170520782,1.0,0.2720448825508356,0.8953394010663033,0.7121211633086204,0.004079370258841664,0.004277319391257995,3.0085518300533294,-0.039616238114467704,3e-05,2e-05,0.17293814644217492,0.2077392891049385,0.4171334199607372,0.01576172902714461,0.18642740845680236,3.9099141669916957,34.709334560557906,10.688172043010754
675,dynamic_joint,-3652.8679643273354,1.0,0.27227479964494705,0.8954743430018425,0.7133797571063042,0.004078421671874821,0.0105453181313351,3.0903003007173537,-0.03976540435687639,3e-05,2e-05,0.17010475620627402,0.2068381890654564,0.4208459384739399,0.01732187084853649,0.18488924093544484,3.517751246849115,34.14987552259313,10.682795698924732
676,dynamic_joint,-3626.4431581497192,1.0,0.2710366606712341,0.8960514768958092,0.7175967752933502,0.003951652284013107,0.004568130010739007,3.0237481713294985,-0.0395639263180783,3e-05,2e-05,0.17073923163115978,0.20716729946434498,0.42036058381199837,0.018642351636663078,0.18309053219854832,3.599965524748204,34.43369191721915,10.5
677,dynamic_joint,-3677.922509729862,1.0,0.2723324254155159,0.8957379966974258,0.7146370261907578,0.004037848487496376,0.007115791039541353,3.1903434574604033,-0.03976188555243425,3e-05,2e-05,0.16775938980281352,0.20659363865852357,0.42289507314562796,0.019665757101029156,0.18308613859117032,3.7526425430399595,34.388226402492435,10.56989247311828
678,dynamic_joint,-3678.051482319832,1.0,0.2699769698083401,0.8968435287475586,0.7194878846406937,0.0040002276946324855,0.004699647519737522,3.104903316497803,-0.03854269388539251,3e-05,2e-05,0.1678925406187773,0.20491652339696884,0.42438373565673826,0.020393769443035125,0.18241343200206755,3.544236283360072,34.340261636129036,10.586021505376344
679,dynamic_joint,-3604.9725598096848,1.0,0.271460784971714,0.89594646692276,0.720198293030262,0.004032320488477126,0.003467255830764737,3.1063301861286163,-0.03852890157140791,3e-05,2e-05,0.16693676374852656,0.2048029385507107,0.4237194672226906,0.02118815593421459,0.1833526711910963,3.272995647543022,34.420475140935785,10.279569892473118
680,dynamic_joint,-3699.0586991906166,1.0,0.27154552936553955,0.8960108831524849,0.7177184090018273,0.0040559864428360015,0.00860764728859063,3.1301741182804106,-0.039391649968456476,3e-05,2e-05,0.16391227915883064,0.2050731908529997,0.4260651133954525,0.022876080963760613,0.1820733319967985,3.4161428260297595,34.404528794815576,10.672043010752688
681,dynamic_joint,-3716.051537692547,1.0,0.270014338940382,0.8967992544174195,0.7185723707079887,0.004038175160530955,0.005083562759682539,2.973630228638649,-0.040224136761389674,3e-05,2e-05,0.16375684775412083,0.2053708102554083,0.42367876768112184,0.02444738601334393,0.18274619318544866,3.2453124935136373,34.34688041912876,10.688172043010754
682,dynamic_joint,-3657.0796340703964,1.0,0.27168202623724935,0.8961423486471176,0.718557932972908,0.004070892283925787,0.009911842225119493,2.90091293156147,-0.04024567109299824,3e-05,2e-05,0.1604293841868639,0.20541381351649762,0.42690416499972345,0.026134901493787766,0.18111773058772088,3.101313037723106,34.66009891309796,10.521505376344086
683,dynamic_joint,-3779.7814376354218,1.0,0.27183235362172126,0.8966161340475083,0.7208072915673256,0.004034391493769362,0.008005794603377591,3.0960032075643538,-0.03946617720357608,3e-05,2e-05,0.1616997867822647,0.20466555580496787,0.423649524897337,0.02737002493813634,0.18261510133743286,2.816973024597223,34.37778807906318,10.86021505376344
684,dynamic_joint,-3814.418926179409,1.0,0.2755307830870152,0.8946338430047035,0.7223772406578064,0.004021765838842839,0.011100340588018287,3.041595333814621,-0.039905815001111476,3e-05,2e-05,0.1582038290798664,0.20617935433983803,0.42522708252072333,0.029828842030838132,0.18056089170277118,3.3808186932766757,34.815015202341534,10.870967741935484
685,dynamic_joint,-3942.6092714071274,1.0,0.27180707789957526,0.8965651899576187,0.7250293746590615,0.0040834441198967395,0.005134521657600987,3.1091012358665466,-0.04022874085978856,3e-05,2e-05,0.15599883943796158,0.2060024555772543,0.42662468925118446,0.030998495128005742,0.18037551827728748,3.235294956459315,34.42449753958868,11.13978494623656
686,dynamic_joint,-3786.919832468033,1.0,0.2693135056644678,0.8981442734599113,0.7281992867588997,0.003966818569460883,0.009541159216314519,3.1836951315402984,-0.039693863090360534,3e-05,2e-05,0.15865652561187743,0.20476987063884736,0.4230866961181164,0.03224019818007946,0.18124671019613742,2.871419031525306,34.07621371807462,10.736559139784946
687,dynamic_joint,-3825.4755402207375,1.0,0.268832790851593,0.8981965020298958,0.7269136875867843,0.0040061702078673985,0.004686324391514007,3.201594829559326,-0.0385143970081117,3e-05,2e-05,0.15683328732848167,0.2042499490082264,0.4236909359693527,0.033769347984343764,0.1814564850181341,3.118116067198611,34.866498021638634,10.887096774193548
688,dynamic_joint,-3884.669566988945,1.0,0.2694281429052353,0.8979066431522369,0.7242142036557198,0.003975837910547853,0.005106374248862282,3.1135592997074126,-0.03954753667348996,3e-05,2e-05,0.15637066066265107,0.20372821390628815,0.4262068010866642,0.03380667055025697,0.1798876602202654,3.1009374314628615,35.019238906152836,10.89247311827957
689,dynamic_joint,-3865.5844417214394,1.0,0.26667082123458385,0.8993993386626243,0.7291846662759781,0.003972397017059847,0.004931412404403077,3.0293334126472473,-0.0401344143669121,3e-05,2e-05,0.15701867043972015,0.20184964910149575,0.4256196565926075,0.034853971237316726,0.1806580528616905,3.036587830618141,34.682085770201816,10.951612903225806
690,dynamic_joint,-3970.329342186451,1.0,0.2676670752465725,0.898818351328373,0.7294770643115044,0.0039897238370031115,0.0069181210827082285,3.099439245462418,-0.038695838175772226,3e-05,2e-05,0.15654844902455806,0.19964546225965024,0.4248350031673908,0.03697002809494734,0.18200105540454387,3.019041534839188,35.110434973458524,11.28494623655914
691,dynamic_joint,-4015.4128637313843,1.0,0.2660572353750467,0.8995351120829582,0.7309810638427734,0.003920990461483598,0.006095127575099453,3.0047357439994813,-0.0396699844073737,3e-05,2e-05,0.15656731761991977,0.20086564309895039,0.42664351388812066,0.036366942524909976,0.17955657355487348,3.131427400672397,34.5978061621856,11.279569892473118
692,dynamic_joint,-4040.0230425596237,1.0,0.26787368692457675,0.8984802573919296,0.7277075529098511,0.003842452762182802,0.004724005144089438,3.1853055238723753,-0.0401367970436695,3e-05,2e-05,0.156762870028615,0.2005419209599495,0.42821125909686086,0.03696565171703696,0.17751829735934735,3.051488227224788,35.16288508159482,11.36021505376344
693,dynamic_joint,-3941.334500312805,1.0,0.267773425579071,0.8987429186701774,0.7277636647224426,0.0038245073694270102,0.006590444128960336,3.116820776462555,-0.03934631838928908,3e-05,2e-05,0.15843842700123786,0.2001320332288742,0.4255700998008251,0.03672147765755653,0.17913796342909336,2.773972748259641,34.64898083686191,11.220430107526882
694,dynamic_joint,-3857.256612300873,1.0,0.2651961870491505,0.8998106867074966,0.728212659060955,0.003946433571400121,0.010430949367582786,3.152103492617607,-0.0392422690289095,3e-05,2e-05,0.15412018075585365,0.19967609122395516,0.42850830778479576,0.038998745195567605,0.17869667783379556,3.093892087251603,34.45289892360929,10.9247311827957
695,dynamic_joint,-3878.410692691803,1.0,0.26721720173954966,0.8989437386393547,0.7284941285848617,0.003982895339140669,0.0040598979219793815,3.0899975687265395,-0.039293921738862994,3e-05,2e-05,0.15519740283489228,0.19957258626818658,0.42843169495463373,0.037148910015821456,0.17964940071105956,3.2559203210343695,34.35876789513942,11.053763440860214
696,dynamic_joint,-3819.1934742331505,1.0,0.26660540103912356,0.8991086199879647,0.7300590053200722,0.0040428307256661355,0.007987011130899183,3.0447052896022795,-0.03937873705290258,3e-05,2e-05,0.15261485800147057,0.19861381724476815,0.4308382607996464,0.03873585080727935,0.17919721007347106,3.026720457820523,34.6418110756495,10.913978494623656
697,dynamic_joint,-3742.2657713890076,1.0,0.2630616631358862,0.9006748721003532,0.731656152009964,0.00403739443863742,0.002294498402625293,3.1123072028160097,-0.03926186278986279,3e-05,2e-05,0.15278653800487518,0.19958939030766487,0.43017314448952676,0.038390695862472055,0.17906023599207402,3.18551576108388,34.95308158933255,10.688172043010754
698,dynamic_joint,-4036.856031000614,1.0,0.26298532336950303,0.901062460243702,0.7312641486525535,0.0041082093201112,0.006715521309524755,3.299267238378525,-0.03933691621059552,3e-05,2e-05,0.15214816071093082,0.19687000550329686,0.4307522363960743,0.03957527270540595,0.18065432645380497,3.239034994097942,35.53384207263162,11.564516129032258
699,dynamic_joint,-3944.4785747528076,1.0,0.26410605311393737,0.8999780386686325,0.7284661576151847,0.004227302438812331,0.005980750825256093,3.0721625864505766,-0.038531954860081895,3e-05,2e-05,0.15090771354734897,0.1986354488879442,0.4309544198215008,0.03782534413039684,0.18167707473039627,3.1977996461223146,35.06262286216419,11.188172043010752
700,dynamic_joint,-3939.681163609028,1.0,0.2616950388997793,0.9013516619801522,0.7318236082792282,0.004153670545201748,0.013357980363070968,3.2714521676301955,-0.03920224814210087,3e-05,2e-05,0.15267195738852024,0.1940663769841194,0.4288445010781288,0.04113703239709139,0.18328013233840465,3.238902806096184,34.82601381461193,11.188172043010752
701,dynamic_joint,-3889.7248852849007,1.0,0.26191273257136344,0.9007233768701554,0.7305150002241134,0.004211904463591054,0.013324235659092631,3.0428038358688356,-0.04075753379729576,3e-05,2e-05,0.15038849525153636,0.19719723165035247,0.43237576484680174,0.03905700733885169,0.18098150230944157,3.209544231595335,34.975032785520646,11.274193548387098
702,dynamic_joint,-3774.629944086075,1.0,0.26089103780686856,0.9016473084688187,0.7289057701826096,0.00427237247931771,0.0023761909455060765,3.278510195016861,-0.03935228464292777,3e-05,2e-05,0.14940159469842912,0.19699603505432606,0.4327903613448143,0.03946933476254344,0.18134267218410968,3.2134271613652303,34.31910286970914,10.962365591397848
703,dynamic_joint,-3859.0478039979935,1.0,0.26263821572065355,0.9009163931012154,0.7304986268281937,0.004112066992092878,0.010945171862840636,3.1654748558998107,-0.04047714996195282,3e-05,2e-05,0.15226940847933293,0.19646229781210423,0.427851514518261,0.04123869678005576,0.18217808417975903,3.072084934089199,34.68476431481484,11.155913978494624
704,dynamic_joint,-3752.2569759488106,1.0,0.26187293529510497,0.9010325938463211,0.7273142859339714,0.004252010304480791,0.007312052976340029,3.2303031265735624,-0.040419687813846396,3e-05,2e-05,0.149408533424139,0.19645117446780205,0.4315075382590294,0.04066799245774746,0.1819647576659918,3.090303785248293,35.042608143369286,10.682795698924732
705,dynamic_joint,-3820.6886445879936,1.0,0.2603566747158766,0.901777932047844,0.7307863101363182,0.0041812797833699735,0.006130204070359482,3.2393954515457155,-0.039420538432432296,3e-05,2e-05,0.15074892714619637,0.1950113583356142,0.4298822537064552,0.04194241957738996,0.1824150402098894,3.038530273595578,35.26204175759097,10.940860215053764
706,dynamic_joint,-3857.1462493538857,1.0,0.2585742104798555,0.9028304308652878,0.7313318639993668,0.004144970228662714,0.0026331080123782116,3.4375078976154327,-0.039710565135465004,3e-05,2e-05,0.15062456354498863,0.19596120975911618,0.4295856699347496,0.0423091228120029,0.18151943422853947,2.9479722359585034,35.21446448031547,11.241935483870968
707,dynamic_joint,-3903.5201157927513,1.0,0.2626477412879467,0.9003245487809182,0.7297512635588645,0.004109667363809422,0.005095048155635634,3.1788570135831833,-0.04091508866404183,3e-05,2e-05,0.15016104765236377,0.197358325868845,0.4278692029416561,0.043459529243409636,0.18115189149975777,3.129154902142638,34.935077209498544,11.397849462365592
708,dynamic_joint,-3963.5570477843285,1.0,0.26071414798498155,0.9003809452056885,0.7282286256551742,0.004208884900435805,0.004196184501051921,3.239540123939514,-0.04132351589796599,3e-05,2e-05,0.1495590355247259,0.19751942865550517,0.42846632525324824,0.04196344930678606,0.18249175883829594,2.9702970516936436,34.852600652913985,11.36021505376344
709,dynamic_joint,-3792.204705953598,1.0,0.2589606180787086,0.9012344092130661,0.7273971512913704,0.004314487311057746,0.006457305978983627,3.194014173746109,-0.039731795692932795,3e-05,2e-05,0.14905500523746013,0.19646882861852646,0.43104707524180413,0.04028942985460162,0.18313966505229473,3.3093377918898557,34.68424895875163,10.865591397849462
710,dynamic_joint,-3768.617082834244,1.0,0.25593823194503784,0.902856881916523,0.7292310297489166,0.004351919784676283,0.009250413067638845,3.259973955154419,-0.04019287711853394,3e-05,2e-05,0.14727375619113445,0.19640263952314854,0.4356722757220268,0.039949017111212015,0.18070230334997178,3.412131651131668,34.75205918385494,10.870967741935484
711,dynamic_joint,-3811.972523868084,1.0,0.25397685579955576,0.9038443505764008,0.7318883433938026,0.004251554340589792,0.011100196558982117,3.28459255695343,-0.039210890547838065,3e-05,2e-05,0.148585307598114,0.19524317234754562,0.4312816485762596,0.04304414335638285,0.18184572793543338,3.610718239311454,35.106652820119834,10.82258064516129
712,dynamic_joint,-3764.8273517489433,1.0,0.25229692049324515,0.9045913547277451,0.7337259754538537,0.004285791789880022,0.006616922747343754,3.2115638345479964,-0.04010374813806265,3e-05,2e-05,0.14742936715483665,0.19691351018846034,0.4329197697341442,0.04184272540733218,0.18089462257921696,3.5629622864431476,34.951776606109455,10.763440860215054
713,dynamic_joint,-3789.9499836564064,1.0,0.2498807195574045,0.9052778199315071,0.7362731724977494,0.004261427070014178,0.0029892371036112364,3.202774149179459,-0.039236264827195555,3e-05,2e-05,0.14753932729363442,0.196007539331913,0.43378766998648643,0.042359485477209094,0.18030597679316998,3.4877749702789216,34.822408202564155,10.704301075268816
714,dynamic_joint,-3827.069829106331,1.0,0.24879707545042037,0.9057006284594535,0.7340609818696976,0.004327276506228372,0.004520518612116602,3.291440153121948,-0.03901518099009991,3e-05,2e-05,0.1472931034862995,0.1951685816049576,0.43580773994326594,0.04118440756574273,0.1805461660027504,3.2616037524754837,34.88770538254216,10.801075268817204
715,dynamic_joint,-3757.491424739361,1.0,0.24779767394065857,0.9063071355223655,0.7376516163349152,0.0042342967179138215,0.006880253273993775,3.074288100004196,-0.04053088665532414,3e-05,2e-05,0.14947568587958812,0.1918868713080883,0.435669157654047,0.042441952414810656,0.18052633255720138,3.0313296404510783,34.5730688096297,10.63978494623656
716,dynamic_joint,-3760.6651960611343,1.0,0.24725065752863884,0.9062237054109573,0.7345879927277565,0.004308007727377117,0.003487237356603133,3.175830551981926,-0.03970221605850384,3e-05,2e-05,0.14791683442890644,0.19303372986614703,0.4356160402297974,0.04231030121445656,0.18112309128046036,3.3583344019743464,35.01976253406526,10.532258064516128
717,dynamic_joint,-3854.5494000911713,1.0,0.24560267217457293,0.9071621015667916,0.73589279204607,0.004375358571996913,0.006141380500048414,3.102949631214142,-0.03986735972284805,3e-05,2e-05,0.1475937943905592,0.19181044697761535,0.43409167155623435,0.04335894985124469,0.1831451315432787,3.0370214295795983,34.87868512306363,10.951612903225806
718,dynamic_joint,-3898.1979846954346,1.0,0.24558229111135005,0.9072565481066703,0.7353287875652313,0.004284419829491526,0.005767258349806105,3.072781977057457,-0.03965014379064087,3e-05,2e-05,0.14777655489742755,0.19300702922046184,0.4355959609150887,0.04308952782303095,0.1805309273302555,3.1116385802083917,34.891988560764695,11.032258064516128
719,dynamic_joint,-3907.85189306736,1.0,0.2452307019382715,0.9076709866523742,0.7332540258765221,0.004334038245724514,0.004034748859703556,3.1299592912197114,-0.040520573285175485,3e-05,2e-05,0.1469822857528925,0.19251435063779354,0.43486553207039835,0.044067278131842615,0.1815705493092537,2.7811494007058073,34.85456163965084,11.048387096774194
720,dynamic_joint,-3867.2343239188194,1.0,0.24442449547350406,0.9078276872634887,0.7366388589143753,0.004216523823561147,0.006576263904571597,3.1657961547374724,-0.03946565825026482,3e-05,2e-05,0.14814587756991388,0.19167683273553848,0.4329431414604187,0.04619181752204895,0.18104232512414456,3.167185660742105,34.79362470115385,10.78494623655914
721,dynamic_joint,-3911.7775354981422,1.0,0.24512437023222447,0.9073462724685669,0.7357012838125229,0.004263642645673827,0.007264390867203541,3.189303198456764,-0.03908574847155251,3e-05,2e-05,0.14693809784948825,0.19444865062832833,0.43380352184176446,0.04441358046606183,0.1803961493074894,3.2220068220218216,34.87143418272208,11.134408602150538
722,dynamic_joint,-3834.2820283174515,1.0,0.24398420490324496,0.9075310617685318,0.7335640817880631,0.004340521187987179,0.00692601511254904,3.207350754737854,-0.03927848596358672,3e-05,2e-05,0.14446372352540493,0.1942959174513817,0.4363658711314201,0.04531423840671778,0.17956024892628192,2.9500570366209384,34.93116984193245,10.897849462365592
723,dynamic_joint,-3819.786424636841,1.0,0.2427322268486023,0.9084009140729904,0.7316186487674713,0.004432789445854723,0.004002827219665064,3.264294373989105,-0.03982600305462256,3e-05,2e-05,0.1436848934739828,0.19453236125409604,0.4376020453870296,0.044091653823852536,0.18008904345333576,2.684639211116619,34.649180831823465,10.838709677419354
724,dynamic_joint,-3860.1953083872795,1.0,0.24009392522275447,0.908715857565403,0.7342468470335006,0.004396873066434636,0.0072025665082037366,3.2829246819019318,-0.04018095079809427,3e-05,2e-05,0.14615994282066821,0.1937640093266964,0.43659688755869863,0.04226387990638614,0.18121527694165707,2.7392984558743065,34.139395259205706,11.188172043010752
725,dynamic_joint,-3984.0933668613434,1.0,0.23691938295960427,0.9107266947627067,0.7383905351161957,0.004374129365896806,0.011675017233938045,3.074697935581207,-0.039690463710576294,3e-05,2e-05,0.14558277949690818,0.19012933745980262,0.4399920977652073,0.04470617789775133,0.17958960309624672,3.1641925153029486,34.812746491170486,11.311827956989246
726,dynamic_joint,-3933.5495827794075,1.0,0.23705274946987628,0.9103774100542068,0.7387427970767021,0.004304234363371506,0.0059398401528597405,3.209663635492325,-0.03981784165371209,3e-05,2e-05,0.14635126069188117,0.19233077988028527,0.4379062794148922,0.044257158599793914,0.17915452420711517,3.121945283564426,34.403688817796265,11.00537634408602
727,dynamic_joint,-3758.280791938305,1.0,0.2403528906404972,0.909002497792244,0.7327152416110039,0.004395755636505782,0.006075849197804885,2.9813911736011507,-0.039474663347937165,3e-05,2e-05,0.1461834479123354,0.19401198551058768,0.4377732589840889,0.0415200661867857,0.18051124215126038,3.275363837251076,34.59990686848657,10.483870967741936
728,dynamic_joint,-4019.1344423294067,1.0,0.23770907148718834,0.9102242231369019,0.7348160594701767,0.004493286606157198,0.005797845777124132,3.2827085882425306,-0.0408103242283687,3e-05,2e-05,0.14510536789894105,0.19269277416169645,0.44055395647883416,0.041018433216959235,0.18062946610152722,3.2190316367209655,34.60818316727998,11.521505376344086
729,dynamic_joint,-3964.949483513832,1.0,0.23620840683579444,0.9107141196727753,0.736051133275032,0.004532884201034903,0.008308010268956417,3.3261251151561737,-0.04009064238634892,3e-05,2e-05,0.1451432015746832,0.19045501239597798,0.43863771185278894,0.04285793919116258,0.18290613032877445,3.3350746825681092,34.5293276818377,11.301075268817204
730,dynamic_joint,-3836.082262098789,1.0,0.23533934131264686,0.9108285307884216,0.7357697129249573,0.004644527600612491,0.013500629272311923,3.1568110704422,-0.04011769777280279,3e-05,2e-05,0.1429345041513443,0.19342550709843637,0.44241753593087196,0.03999495832249522,0.1812274981290102,3.110553150861273,34.160423998169584,10.881720430107526
731,dynamic_joint,-3738.6057305932045,1.0,0.23286470137536525,0.9123570695519447,0.7364908307790756,0.004565889062359929,0.006525468733161746,3.103085669875145,-0.03936303479131311,3e-05,2e-05,0.14391611777246,0.19338801950216294,0.4446986556053162,0.03915737867355347,0.17883982993662356,3.199821409787674,34.58289896472183,10.521505376344086
732,dynamic_joint,-3673.228455722332,1.0,0.2330328669399023,0.911537253856659,0.739365716278553,0.004488505196059122,0.009114335943013446,3.383181297779083,-0.0400466785999015,3e-05,2e-05,0.1461098100990057,0.19262434989213945,0.4409051574766636,0.03968063676729798,0.1806800477206707,3.569508905785029,34.789813617669466,10.521505376344086
733,dynamic_joint,-3807.627839565277,1.0,0.23121746480464936,0.9126567512750625,0.7365887835621834,0.004658233548980206,0.009137119352817531,3.239050355553627,-0.041096420271787795,3e-05,2e-05,0.14318198710680008,0.1932482637465,0.4448498018085957,0.038511185068637134,0.18020876124501228,3.2276294384249433,34.88894517185221,10.897849462365592
734,dynamic_joint,-3865.0970075130463,1.0,0.23125227876007556,0.9127269178628922,0.7385158836841583,0.004604361695237457,0.008192772697657391,3.235967281460762,-0.0392702741548419,3e-05,2e-05,0.14466906376183034,0.1922294832766056,0.44177219495177267,0.03941931538283825,0.1819099396467209,2.978450980822607,34.510415242899164,10.946236559139786
735,dynamic_joint,-3802.8995060920715,1.0,0.23080844916403292,0.9130594626069068,0.7358081921935081,0.004565725324209779,0.0103939047083259,3.147956120967865,-0.040701908810297026,3e-05,2e-05,0.14382864646613597,0.19431209787726403,0.4448865346610546,0.03865892048925161,0.17831380143761635,2.8962807924224427,34.43361326479281,10.741935483870968
736,dynamic_joint,-3715.7622861266136,1.0,0.23080070428550242,0.9127979531884194,0.7383260056376457,0.004533771699061617,0.004746457468718303,3.3854532063007357,-0.04005745345493779,3e-05,2e-05,0.1447078388184309,0.1937541112303734,0.44307129085063934,0.038886737916618584,0.17958001866936685,2.723452164699763,34.40111756424383,10.564516129032258
737,dynamic_joint,-3849.488065779209,1.0,0.23024283833801745,0.9131016075611115,0.7412621363997459,0.004557737219147384,0.004636658448725947,3.1325987696647646,-0.03961567628430203,3e-05,2e-05,0.14382654167711734,0.19483157247304916,0.4416342630982399,0.03953561056405306,0.18017201833426952,3.1134817944383664,34.2769605731883,10.78494623655914
738,dynamic_joint,-3840.3845168948174,1.0,0.2311915908008814,0.9129008337855339,0.737863327562809,0.004599044227506966,0.008264453709125506,3.225631815195084,-0.04003218521975214,3e-05,2e-05,0.1425757598131895,0.1967290982604027,0.44386896416544913,0.03819237668067217,0.1786338072270155,2.7932038369138454,34.1697515140012,10.865591397849462
739,dynamic_joint,-3852.0030448436737,1.0,0.23081816099584102,0.9133646950125694,0.7376325100660324,0.0046585254953242835,0.0031276487745345027,3.343958079814911,-0.03930212001432665,3e-05,2e-05,0.1422831594944,0.19545786641538143,0.44413571134209634,0.03834403371438384,0.17977921962738036,2.996262340219543,34.47116867132324,10.736559139784946
740,dynamic_joint,-3744.522656083107,1.0,0.23295494578778744,0.9121979534626007,0.7360806867480278,0.004592914320528507,0.004563615005463394,3.3617007821798324,-0.03872297394555062,3e-05,2e-05,0.1428312338888645,0.19719159975647926,0.4434667371213436,0.03787124380469322,0.17863917648792266,2.6882730421556813,34.44232594502489,10.666666666666668
741,dynamic_joint,-3765.703527569771,1.0,0.23422131016850473,0.9113913267850876,0.7359984934329986,0.0045848689042031765,0.0037849481217563374,3.1730250298976896,-0.03947386308464047,3e-05,2e-05,0.14315436147153376,0.19654185995459555,0.4422240056097507,0.03845835840329528,0.1796214111149311,2.6477213909964816,34.46429836900903,10.602150537634408
742,dynamic_joint,-3799.4887848496437,1.0,0.2318166673183441,0.9125995352864266,0.7350830137729645,0.004816076171118766,0.008435391914099484,3.082221877574921,-0.03971197042847052,3e-05,2e-05,0.1396581195294857,0.1965790454298258,0.4463887430727482,0.037736902758479116,0.17963718250393867,2.7141458199525217,34.542897189311844,10.731182795698926
743,dynamic_joint,-3754.8038380742073,1.0,0.2309926077723503,0.9128357365727424,0.7359234154224396,0.004621674807276576,0.0075440426357090695,3.2496990829706194,-0.03894119195174426,3e-05,2e-05,0.14343014396727086,0.19557123742997645,0.44442393630743027,0.03734281910583377,0.17923186272382735,2.7035392156590823,34.03288064876253,10.661290322580646
744,dynamic_joint,-3783.854574084282,1.0,0.2305647235363722,0.9128782004117966,0.7349826261401177,0.004599899332970381,0.0059985389932989686,3.1154528677463533,-0.0400217253016308,3e-05,2e-05,0.1433750156313181,0.19373546913266182,0.44655099883675575,0.0382150218822062,0.17812348566949368,2.990371486520776,34.30939348197577,10.586021505376344
745,dynamic_joint,-3818.528396844864,1.0,0.23180287033319474,0.9119151428341865,0.7339961498975753,0.0047650295658968386,0.004892431013286139,3.1344823211431505,-0.03994892410701141,3e-05,2e-05,0.1417041603475809,0.19374107383191586,0.4462355740368366,0.03775508841499686,0.1805640984326601,2.9271455018894907,34.61827622679978,10.747311827956988
746,dynamic_joint,-3707.361566245556,1.0,0.22991727963089942,0.9128347426652909,0.7347883313894272,0.004773654229938984,0.005919639300554974,3.2773565649986267,-0.04042426231026184,3e-05,2e-05,0.14151925668120385,0.19617558345198632,0.4443486101925373,0.036867137998342514,0.1810894101858139,2.8797277341330734,34.207683975428914,10.575268817204302
747,dynamic_joint,-3691.613243818283,1.0,0.22905741594731807,0.9136821135878563,0.7361324161291123,0.004713070171419531,0.006275155209004915,3.2871168553829193,-0.040959973662393165,3e-05,2e-05,0.14078790321946144,0.19587197192013264,0.44570369347929956,0.03864962961524725,0.17898679487407207,2.811003019806217,34.25686096548374,10.344086021505376
748,dynamic_joint,-3743.223499596119,1.0,0.22734093852341175,0.9141873732209206,0.7360637292265892,0.0048306921496987345,0.0057730602100491135,3.396107465028763,-0.03924911695357878,3e-05,2e-05,0.139499943703413,0.19662074521183967,0.4476223088800907,0.03705106191337108,0.17920593917369843,2.9624874761953643,33.941065524124895,10.553763440860216
749,dynamic_joint,-3772.1020673513412,1.0,0.2288823425769806,0.9136309310793876,0.7344978123903274,0.004816856666002423,0.0036404769867658393,3.214241939783096,-0.0402691781782778,3e-05,2e-05,0.1398523923009634,0.19677068032324313,0.44580207094550134,0.03744159378111363,0.1801332626491785,2.809553920197263,34.44610978001557,10.67741935483871
750,dynamic_joint,-3730.6055238246918,1.0,0.2298290029168129,0.913087683916092,0.7306142419576644,0.004921373771503567,0.006582798436284072,3.1478409498929976,-0.040800509427208455,3e-05,2e-05,0.1380722038447857,0.19806082583963872,0.4478033259510994,0.03631913438439369,0.17974451258778573,2.5599910285413316,34.224920346622596,10.521505376344086
751,dynamic_joint,-3789.926936149597,1.0,0.22923518009483815,0.9133214205503464,0.7342165380716323,0.004762501281220466,0.009239188209176047,3.152389779686928,-0.040621258193277755,3e-05,2e-05,0.1421351134777069,0.19526300318539141,0.44598154798150064,0.03641306944191456,0.18020725548267363,3.0174275304866365,34.641507116704894,10.790322580645162
752,dynamic_joint,-3773.4970691800117,1.0,0.22952608801424504,0.9130039513111115,0.7368811577558517,0.00474651661934331,0.00519171981140977,3.1225314527750014,-0.04111520479855244,3e-05,2e-05,0.14251946546137334,0.19621999226510525,0.4435630217194557,0.03623573938384652,0.18146177791059018,3.094712650549196,34.523717333431094,10.586021505376344
753,dynamic_joint,-3834.7909775972366,1.0,0.23147903122007846,0.9121345520019531,0.7345294907689095,0.004831501631997526,0.010780201572924857,3.2591475039720534,-0.040352228260599074,3e-05,2e-05,0.1392004657536745,0.1963866014033556,0.4472084604203701,0.03781378846615553,0.1793906729668379,2.9291505545425105,34.57078125987995,10.768817204301074
754,dynamic_joint,-3714.9987704753876,1.0,0.23282877467572688,0.9115250319242477,0.733833558857441,0.004759381816256791,0.005479469336569308,3.1382479041814806,-0.03996089099673554,3e-05,2e-05,0.14058932699263096,0.19697155840694905,0.4447884909808636,0.037494028359651564,0.1801565945148468,3.053081022951969,34.54771414079053,10.419354838709676
755,dynamic_joint,-3809.4778638482094,1.0,0.23132370598614216,0.9122596681118011,0.7354175120592117,0.004687081056181342,0.009461769089102762,3.152626112103462,-0.040491346444468945,3e-05,2e-05,0.14189792908728122,0.19966735690832138,0.4408022716641426,0.03674936704337597,0.1808830823749304,2.8898290461291096,34.68473345522883,10.575268817204302
756,dynamic_joint,-3727.690047264099,1.0,0.22821952402591705,0.9132265999913216,0.7328737154603004,0.004781495535280555,0.008074368350207813,3.137479320168495,-0.04016170985996723,3e-05,2e-05,0.14084548726677895,0.2009059339761734,0.4436008743941784,0.034602107293903825,0.1800455953925848,2.648630395133744,34.075726816354404,10.64516129032258
757,dynamic_joint,-3908.157279789448,1.0,0.22784936502575875,0.9141408443450928,0.7357745915651321,0.004691785707836971,0.008326477371156236,3.368473845720291,-0.03974566248070914,3e-05,2e-05,0.14103144109249116,0.19870001897215844,0.44521239921450617,0.036967869475483896,0.17808827385306358,2.891610734079993,34.53166812372904,10.908602150537634
758,dynamic_joint,-3803.606730401516,1.0,0.23010018095374107,0.9128722190856934,0.7344758361577988,0.004758615128230304,0.006227191351354147,3.0895583391189576,-0.04081448745710077,3e-05,2e-05,0.14045980721712112,0.2013104200363159,0.44493159279227257,0.03470671121031046,0.17859146557748318,2.9627759971719714,33.93724124695565,10.575268817204302
759,dynamic_joint,-3788.076382637024,1.0,0.22738635949790478,0.914054562151432,0.7317945137619972,0.00491356534184888,0.008726142626255783,3.0691781491041183,-0.040429088835662694,3e-05,2e-05,0.137140591815114,0.20054156482219695,0.4481006167829037,0.03590076202526689,0.17831646837294102,2.8590367988345284,34.69190446115085,10.575268817204302
760,dynamic_joint,-3665.4996896386147,1.0,0.22671563737094402,0.914152854681015,0.7343641638755798,0.004903923277743161,0.005948389926925368,3.6127172648906707,-0.03985673040151596,3e-05,2e-05,0.13858424574136735,0.20183623991906643,0.4474918134510517,0.033535367855802176,0.17855233177542687,3.2215117325366602,34.34610866211389,10.35483870967742
761,dynamic_joint,-3706.9833723306656,1.0,0.22579648680984973,0.9146370172500611,0.7361542016267777,0.004918341978918761,0.006132547138258865,3.243430268764496,-0.04025042604480404,3e-05,2e-05,0.13791213259100915,0.199970481172204,0.44933356121182444,0.03475989755243063,0.1780239339917898,2.967798195390789,34.45333765457415,10.419354838709676
762,dynamic_joint,-3636.0563601851463,1.0,0.2240032371133566,0.9148142457008361,0.7329056665301323,0.005106362979859114,0.0122604527976364,3.3547746360301973,-0.03990700704744086,3e-05,2e-05,0.1352303098887205,0.20160004831850528,0.4538342222571373,0.03283990328200161,0.17649552635848523,3.1281595177721866,34.34583555106976,10.301075268817204
763,dynamic_joint,-3638.44680082798,1.0,0.22391607090830803,0.9150569796562195,0.7352774322032929,0.0048976030200719835,0.00952113415114586,2.9279734969139097,-0.04013979535666294,3e-05,2e-05,0.138738002628088,0.1992163300514221,0.4514573685824871,0.033879703283309935,0.17670859582722187,3.0427785087300596,33.83963140356022,10.080645161290322
764,dynamic_joint,-3928.3183333277702,1.0,0.22597550116479398,0.9137539297342301,0.7342538550496102,0.004950741468928754,0.006886747386306499,3.305471569299698,-0.03987428846412513,3e-05,2e-05,0.1368813294917345,0.19985291957855225,0.44987066835165024,0.035557334404438735,0.1778377491980791,3.1150622399055,34.664911034928295,11.166666666666666
765,dynamic_joint,-3756.3733454346657,1.0,0.22455477081239222,0.9147304102778435,0.73498605042696,0.0048408183734864,0.005850170273333753,3.28292829990387,-0.03988356308545917,3e-05,2e-05,0.1373521775007248,0.19953898526728153,0.4511789187788963,0.0367033164948225,0.1752265937626362,3.1355156603339895,34.52094286384507,10.4247311827957
766,dynamic_joint,-3672.5573366880417,1.0,0.22387630604207515,0.9151203975081443,0.7319355547428131,0.005108246253803373,0.011761063570156681,3.5168880045413973,-0.039296208730957,3e-05,2e-05,0.1345544559881091,0.2019915409386158,0.4531828910112381,0.033620508713647725,0.17665060013532638,2.5392604650110164,34.01921493533229,10.46774193548387
767,dynamic_joint,-3710.24744194746,1.0,0.2217433538287878,0.91555265635252,0.7322939321398735,0.005060857173521072,0.004626671085134149,3.298589825630188,-0.03994444344425574,3e-05,2e-05,0.136132026091218,0.20037503466010093,0.45391865745186805,0.03309498270973563,0.17647929787635802,3.2460371588840324,34.45933777298447,10.301075268817204
768,dynamic_joint,-3746.075324356556,1.0,0.22503147833049297,0.9137153565883637,0.7298379272222519,0.005036123341415078,0.0023538799025118254,3.2620735466480255,-0.03933473570505157,3e-05,2e-05,0.13580407872796058,0.20044880770146847,0.4530696623027325,0.0341849111020565,0.17649253383278846,3.0304587428963257,34.2499552028133,10.575268817204302
769,dynamic_joint,-3715.4587494134903,1.0,0.22652763351798058,0.9133306071162224,0.7300566017627717,0.005053716572001576,0.0023157912306487616,3.148801162838936,-0.0396803766314406,3e-05,2e-05,0.13492984063923358,0.20110152550041677,0.4532216839492321,0.03453807039186359,0.1762088794261217,3.0227792394811943,34.560383011408206,10.408602150537634
770,dynamic_joint,-3605.625102043152,1.0,0.22310534976422786,0.9150591477751732,0.7273756667971611,0.005135300836991518,0.005731354467570851,3.1302302181720734,-0.04016818103846163,3e-05,2e-05,0.1358514539897442,0.2008935697376728,0.4527020178735256,0.032400012481957674,0.17815294079482555,2.992585521908022,34.16670023119274,10.134408602150538
771,dynamic_joint,-3718.256362915039,1.0,0.22549837008118628,0.9136916011571884,0.7312647700309753,0.004945140285417438,0.007557401899248299,3.2640394270420074,-0.039505045308033004,3e-05,2e-05,0.13675060980021952,0.20035229660570622,0.4508648380637169,0.03527956027537584,0.17675269544124603,2.9334990344539897,34.15098884061554,10.580645161290322
772,dynamic_joint,-3787.619166433811,1.0,0.22493540346622468,0.9141358762979508,0.7303560093045235,0.004978294740431011,0.005287636630237083,3.115030029416084,-0.03994785776594654,3e-05,2e-05,0.13609115295112134,0.19836793281137943,0.4520133323967457,0.03656792975962162,0.1769596476107836,3.073532074859901,34.29314737532308,10.338709677419356
773,dynamic_joint,-3703.7571923732758,1.0,0.22100918926298618,0.9157723188400269,0.7331625819206238,0.005129071569535881,0.0062275415286422026,3.2069368094205855,-0.040809041867032644,3e-05,2e-05,0.13449654169380665,0.1976147923618555,0.45468965321779253,0.035801913030445574,0.17739709988236427,3.2278904020442853,34.44629481513968,10.456989247311828
774,dynamic_joint,-3822.823357820511,1.0,0.2209564134478569,0.9159261271357536,0.7337089255452156,0.004945191089063883,0.006573731452226596,3.1425173223018645,-0.040837173191539476,3e-05,2e-05,0.13674949258565902,0.19695815667510033,0.4553516209125519,0.03617385867983103,0.17476686835289001,2.968400774102999,34.35268058437168,10.650537634408602
775,dynamic_joint,-3619.9099029302597,1.0,0.22113077268004416,0.9155844122171402,0.7263898491859436,0.00511079232674092,0.008272734144702545,3.3548751533031465,-0.03998048988287337,3e-05,2e-05,0.13591289184987546,0.19924240559339523,0.45520109310746193,0.03302462170831859,0.1766189880669117,3.1925782638327425,34.27230249069205,10.155913978494624
776,dynamic_joint,-3754.86725127697,1.0,0.2215114112943411,0.9150536924600601,0.7273024141788482,0.0049167531658895315,0.00781390075571834,3.27676203250885,-0.04062089810613543,3e-05,2e-05,0.13795851022005082,0.20059961415827274,0.4557052172720432,0.03239307841286063,0.17334358170628547,2.946362289158302,34.891692662883,10.521505376344086
777,dynamic_joint,-3821.6566195487976,1.0,0.21862646080553533,0.9158485069870949,0.7303111270070076,0.0049501071334816515,0.006071835570037369,3.1915020883083343,-0.0418061547796242,3e-05,2e-05,0.13832886274904013,0.1975636936724186,0.4563770301640034,0.03342885849997401,0.17430155128240585,2.9804659893335708,34.702571349611695,10.731182795698926
778,dynamic_joint,-3609.8758148550987,1.0,0.21594548150897025,0.9171634763479233,0.7271185934543609,0.005072696902789176,0.011678437702357727,3.312047117948532,-0.040954083579708825,3e-05,2e-05,0.13557313084602357,0.19923538230359555,0.46054456308484076,0.032901689689606425,0.1717452358454466,2.812459400648012,34.52705938516878,10.376344086021504
779,dynamic_joint,-3765.4137496352196,1.0,0.2157303135842085,0.9179091870784759,0.7296819448471069,0.004871420818381012,0.010258690454065786,3.2216271698474883,-0.039667238987749445,3e-05,2e-05,0.13917989134788514,0.19889782629907132,0.4561281457543373,0.03252631286159158,0.17326781563460827,2.971489176908857,34.732434254890926,10.693548387096774
780,dynamic_joint,-3779.1468826532364,1.0,0.21235208623111249,0.9185963988304138,0.7315689921379089,0.004718293680343777,0.006345793744549154,3.247454065084457,-0.03931187449488789,3e-05,2e-05,0.1405260071158409,0.19855718091130256,0.4571142442524433,0.03336699926294386,0.17043556794524192,3.0348800079503224,34.680650670257194,10.526881720430108
781,dynamic_joint,-3682.7881689071655,1.0,0.2130465056747198,0.9186865746974945,0.7283805534243584,0.0048357920022681355,0.005379555188119417,3.232235383987427,-0.04041124304931145,3e-05,2e-05,0.1402517158538103,0.19829643107950687,0.4598040238022804,0.03127022427506745,0.17037760838866234,2.9901314004976762,34.38909921582853,10.24731182795699
782,dynamic_joint,-3954.99079477787,1.0,0.2115970615297556,0.9190169245004653,0.7310351863503456,0.004736227670218795,0.010293066455051306,3.1468532502651216,-0.03995319003006444,3e-05,2e-05,0.14109370820224285,0.19448157250881196,0.4610465943813324,0.034332191199064256,0.16904593035578727,3.111273228839818,34.819855606046765,10.967741935483872
783,dynamic_joint,-3897.6267895698547,1.0,0.211177322268486,0.9188642621040344,0.7330469891428948,0.0046768560481723395,0.006791620142757887,3.1969166666269304,-0.04228652745950967,3e-05,2e-05,0.1413565494120121,0.19606986418366432,0.4625912718474865,0.03366730231791735,0.166315009444952,2.9826004832765864,35.07888700490593,10.935483870967742
784,dynamic_joint,-3626.7940618395805,1.0,0.2110869586467743,0.9187569305300712,0.7263171404600144,0.004904061619890853,0.008671829337254168,3.118545863032341,-0.04192832899861969,3e-05,2e-05,0.13979699797928333,0.1967788226902485,0.4636257290840149,0.03089093859307468,0.16890750788152217,3.2922868202601165,34.01664593751116,10.370967741935484
785,dynamic_joint,-3711.8637080192566,1.0,0.21032281778752804,0.9195939272642135,0.731597301363945,0.004645571287255734,0.00866561597213152,3.0921005100011825,-0.04060704250005074,3e-05,2e-05,0.14388946145772935,0.19653983116149903,0.45953191369771956,0.031009786808863283,0.16902900524437428,2.850997242263399,34.317047099376765,10.521505376344086
786,dynamic_joint,-3666.606104195118,1.0,0.20904117859899998,0.9198553621768951,0.7277316659688949,0.004765548428986221,0.004842055030167113,3.33656964302063,-0.03962508554686792,3e-05,2e-05,0.14360303431749344,0.19629806987941265,0.4606728687882423,0.02911694613285363,0.17030907608568668,2.9456685124383,34.6877491215761,10.381720430107528
787,dynamic_joint,-3719.1258797049522,1.0,0.2083486843854189,0.9201806768774986,0.7303024083375931,0.004603687766939401,0.0065005155280232416,3.073194831609726,-0.040815616614418106,3e-05,2e-05,0.14571124650537967,0.19527241736650466,0.45876881703734396,0.030258994782343507,0.1699885256588459,2.834657854236884,34.54711743030284,10.440860215053764
788,dynamic_joint,-3750.08862811327,1.0,0.20754805877804755,0.9200810119509697,0.7272193506360054,0.004652842110954225,0.0037188777700066893,3.156907469034195,-0.04012959658866748,3e-05,2e-05,0.1453687720000744,0.19573258310556413,0.46016809046268464,0.02930949260480702,0.16942106373608112,2.507785998343508,34.05659999718548,10.553763440860216
789,dynamic_joint,-3839.7098135352135,1.0,0.20921068638563156,0.919552193582058,0.7317123100161552,0.004414344253018498,0.010828493814915397,3.104583203792572,-0.04086983951947332,3e-05,2e-05,0.14774109572172164,0.1934346579015255,0.4590825490653515,0.032351415930315854,0.16739028356969357,3.0116839628774645,34.47159970126765,10.575268817204302
790,dynamic_joint,-3746.0052531957626,1.0,0.20831253044307232,0.9197842106223106,0.7315794810652733,0.004448373022023588,0.0067468882072717305,3.1146230071783068,-0.041594369412632656,3e-05,2e-05,0.14917166121304035,0.19203596375882626,0.45852295905351637,0.03093625297769904,0.1693331591784954,2.9835850384993363,34.36520354072704,10.575268817204302
791,dynamic_joint,-3700.875187397003,1.0,0.20562725737690926,0.9211614012718201,0.7322734981775284,0.004481307254172862,0.010740624973550439,3.091829800605774,-0.04149976612534374,3e-05,2e-05,0.14761482179164886,0.19345029555261134,0.46247894391417504,0.030573687003925442,0.1658822562545538,2.8816826161199947,34.52810554475302,10.478494623655914
792,dynamic_joint,-3742.23779797554,1.0,0.20713601782917976,0.9200493574142456,0.7312348172068596,0.0044763646903447805,0.0033661815803498196,3.227268198132515,-0.04067740953760222,3e-05,2e-05,0.14758651107549667,0.19445635192096233,0.4611889161169529,0.03020893381908536,0.1665592897683382,3.1242962730726025,34.21116318119162,10.623655913978494
793,dynamic_joint,-3714.220259785652,1.0,0.20939750075340272,0.9191224202513695,0.7277446076273918,0.00468234911095351,0.01075824480503798,3.222124624252319,-0.04030786633957177,3e-05,2e-05,0.14365263767540454,0.19773878157138824,0.46029253751039506,0.02966006165370345,0.1686559807509184,2.695611523419316,34.398614065286736,10.521505376344086
794,dynamic_joint,-3770.7958396077156,1.0,0.20945316404104233,0.9193628832697869,0.7271274209022522,0.004736787965521216,0.006729016872122871,3.103228098154068,-0.04070186899625696,3e-05,2e-05,0.1436351716518402,0.19582880213856696,0.463657046854496,0.02937327795661986,0.16750570237636567,2.7203299108653827,34.651835647297474,10.548387096774194
795,dynamic_joint,-3828.845692753792,1.0,0.2119213778525591,0.9178703963756562,0.7297795653343201,0.004446099436609075,0.011643333453685033,3.309990233182907,-0.038914910139283165,3e-05,2e-05,0.14668698385357856,0.19732321575284004,0.45874703079462054,0.030648721335455775,0.16659405417740344,2.7508337274261647,34.07797378503953,10.688172043010754
796,dynamic_joint,-3767.1024720668793,1.0,0.20998989492654802,0.9193224087357521,0.7268103182315826,0.004756394028663635,0.013791362987831218,3.1716953992843626,-0.04017301946405496,3e-05,2e-05,0.1444181077182293,0.19433736838400364,0.4632410123944283,0.02900776034221053,0.16899575106799603,3.151195867024333,34.96858504645605,10.602150537634408
797,dynamic_joint,-3703.187493264675,1.0,0.21021064557135105,0.9189781755208969,0.7215236023068428,0.005044286407064646,0.008951231511309728,3.004024663567543,-0.04073151722550392,3e-05,2e-05,0.14055302888154983,0.19503420665860177,0.4649931378662586,0.02839721986092627,0.17102239951491355,3.045533130895673,34.46596678017668,10.387096774193548
798,dynamic_joint,-3781.2033385038376,1.0,0.20935160405933856,0.9190572544932365,0.726008740067482,0.004867584956809878,0.0069431635085493056,3.1480654150247576,-0.04072629952861462,3e-05,2e-05,0.14178852178156376,0.1955442264676094,0.4621530741453171,0.030123293120414018,0.1703908856958151,2.913338164768092,34.564905231916306,10.623655913978494
799,dynamic_joint,-3855.6477613449097,1.0,0.20815512239933015,0.9198057115077972,0.7261339664459229,0.004875716916285455,0.0013248216360807266,3.100155067443848,-0.04029531953856349,3e-05,2e-05,0.1416646521538496,0.19505421333014966,0.4626392163336277,0.03029956417158246,0.17034236006438733,3.094749387606371,34.222129996611486,10.698924731182796
800,dynamic_joint,-3946.4555367827415,1.0,0.20577980540692806,0.9206257954239845,0.7268196493387222,0.004813171410933137,0.010985133750364185,2.989994245767593,-0.041122452830313704,3e-05,2e-05,0.1426963783800602,0.19173369333148002,0.46553084850311277,0.031868769647553565,0.16817031018435954,3.762091544229095,34.61059185399623,10.833333333333334
801,dynamic_joint,-3801.223522543907,1.0,0.2061008658260107,0.9202683284878731,0.7284510791301727,0.004838527587708086,0.004417620832100504,3.102395176887512,-0.04136069199303165,3e-05,2e-05,0.14164113849401475,0.19303815849125386,0.46643519699573516,0.031564772315323356,0.16732074022293092,3.3934327963778164,34.28321015798764,10.516129032258064
802,dynamic_joint,-3885.569902062416,1.0,0.2080375760793686,0.9194536224007607,0.7269115269184112,0.004997416457626969,0.008817897876724615,3.175604295730591,-0.04141594609827735,3e-05,2e-05,0.1394338220357895,0.19314776808023454,0.464233560860157,0.03203256311826408,0.1711522851139307,2.907496041209739,33.96127076047118,11.048387096774194
803,dynamic_joint,-3837.306761622429,1.0,0.2079752005636692,0.9198453575372696,0.7300836563110351,0.004939949233084917,0.0035882737953215824,3.3240247130393983,-0.041037942422553896,3e-05,2e-05,0.13988802600651978,0.19374273121356964,0.4649480290710926,0.03206306267529726,0.16935814619064332,3.1350308245948013,33.85971737527984,10.741935483870968
804,dynamic_joint,-3820.5069690942764,1.0,0.20579003766179085,0.9205164417624474,0.7279600009322167,0.005163124657701701,0.00895229312591253,3.1321932673454285,-0.04156029922887683,3e-05,2e-05,0.13766441401094198,0.19540398567914963,0.46533610448241236,0.029810531670227645,0.1717849664390087,3.198709962954186,34.228486427345324,10.768817204301074
805,dynamic_joint,-3740.5857834219933,1.0,0.20362283661961555,0.9215598613023758,0.7289278447628021,0.005077277461532503,0.00805829153396186,3.17953807413578,-0.040602514720922044,3e-05,2e-05,0.13844793736934663,0.19440875314176082,0.4680419102311134,0.0303503449074924,0.1687510497868061,3.198754020765853,34.1298620246991,10.39784946236559
806,dynamic_joint,-3608.6929017305374,1.0,0.20429005213081836,0.9211550697684288,0.7247342884540557,0.005216539511457086,0.007503773598000429,3.126577192544937,-0.04046326992684044,3e-05,2e-05,0.1378377515822649,0.19676205292344093,0.4685616187751293,0.027208645595237613,0.16962992995977402,3.2584382708360664,34.37492092118829,9.940860215053764
807,dynamic_joint,-3856.7387416362762,1.0,0.20200104005634784,0.9218090757727623,0.7283499211072921,0.0049158618552610275,0.01385183483362195,3.097132885456085,-0.04127062046900391,3e-05,2e-05,0.14042618237435817,0.19374738484621049,0.46556052938103676,0.03154613371007144,0.16871977150440215,3.302069047904801,34.20757734675637,10.655913978494622
808,dynamic_joint,-3685.172341942787,1.0,0.2007625386118889,0.9225928381085395,0.7272370874881744,0.005195212853141129,0.01060393583029504,3.2164468288421633,-0.04084908775985241,3e-05,2e-05,0.1371258817613125,0.19476585052907466,0.4698440358042717,0.029668102553114296,0.16859613955020905,3.2422863213808593,33.71796177132365,10.279569892473118
809,dynamic_joint,-3839.72757679224,1.0,0.20318195223808289,0.9214017033576966,0.7258371457457542,0.005095235840417445,0.0041644600685685935,3.3897541403770446,-0.0403619895427255,3e-05,2e-05,0.13774427212774754,0.194503752887249,0.46802389845252035,0.030992248188704254,0.16873582862317563,3.2259880456541623,34.31078112599443,10.618279569892474
810,dynamic_joint,-3844.0731629133224,1.0,0.20291005000472068,0.9216421231627464,0.724898424744606,0.0052640782436355945,0.00583120263181627,3.2377819061279296,-0.04044900805456564,3e-05,2e-05,0.13637397717684507,0.1937455166131258,0.4705738976597786,0.030205177096650004,0.16910142973065376,2.985441262694798,34.28697480208719,10.704301075268816
811,dynamic_joint,-3750.75196069479,1.0,0.19871589504182338,0.9233043819665909,0.7240274652838707,0.005293658503796905,0.005449433811008909,3.119761198759079,-0.041302179283229636,3e-05,2e-05,0.13570576254278421,0.19317769519984723,0.4730167344212532,0.030487059196457268,0.16761275082826615,3.0762833253568598,33.81325422557876,10.4247311827957
812,dynamic_joint,-3871.631709933281,1.0,0.2014873031526804,0.922359474003315,0.7266402408480644,0.005178000254090875,0.005954572046175572,3.224380785226822,-0.03951013477053493,3e-05,2e-05,0.13751819245517255,0.19380576200783253,0.47050019428133966,0.03002630965784192,0.1681495364755392,3.054454415522733,34.139978139877456,10.575268817204302
813,dynamic_joint,-3675.729580461979,1.0,0.19893854930996896,0.9233113244175911,0.7238549590110779,0.005374407023191452,0.01159169911406932,3.2228378772735597,-0.04095449150190689,3e-05,2e-05,0.13448967169970275,0.1956167034804821,0.47448510602116584,0.028998777037486434,0.16640974394977093,3.4469830367806202,33.659318703908696,10.172043010752688
814,dynamic_joint,-3811.301628768444,1.0,0.19882774911820889,0.9232569918036461,0.7266776219010354,0.0052599741611629725,0.004674565419554695,3.112259271740913,-0.040730881938361566,3e-05,2e-05,0.13540030140429735,0.19568494223058225,0.472147823125124,0.030024891113862397,0.16674204394221306,3.085918733703673,33.80351197527242,10.39784946236559
815,dynamic_joint,-3737.311326622963,1.0,0.19834070950746535,0.9232920587062836,0.7281359091401101,0.005160736944526434,0.007895573275163811,3.239147537946701,-0.04074098786277318,3e-05,2e-05,0.13780210129916667,0.19550455324351787,0.4694330163300037,0.028972294088453053,0.16828802451491356,3.2412168214891297,34.080338935774996,10.295698924731182
816,dynamic_joint,-3791.426525950432,1.0,0.19928122088313102,0.9226820200681687,0.7238184064626694,0.005441078415606171,0.009434346202760964,3.394361737370491,-0.0397195428959094,3e-05,2e-05,0.1334791848435998,0.19588782973587512,0.4736533217132092,0.029085894115269184,0.1678937766700983,3.079904262262554,34.50378959938865,10.543010752688172
817,dynamic_joint,-3653.4341084957123,1.0,0.20125798918306828,0.9221358135342598,0.7272235214710235,0.0051585473120212555,0.015795573825016646,3.506261968612671,-0.0399815890355967,3e-05,2e-05,0.13767589665949345,0.19476095847785474,0.46688239872455595,0.03000329085625708,0.1706774476915598,3.0810075209723222,33.92269809792231,10.075268817204302
818,dynamic_joint,-3724.53963804245,1.0,0.19757820889353753,0.9240652576088906,0.7251239538192749,0.005399441008921713,0.011686451174318824,3.162543812394142,-0.04002969589782879,3e-05,2e-05,0.13478011451661587,0.19588745199143887,0.47159913256764413,0.028192389057949185,0.16954090781509876,3.186633589770888,33.520083896019166,10.317204301075268
819,dynamic_joint,-3796.6854914426804,1.0,0.19669926166534424,0.9242024570703506,0.7282569035887718,0.005310407595243305,0.004855338390916598,3.1189989119768144,-0.04058180694191833,3e-05,2e-05,0.1351054109632969,0.19471401832997798,0.470803052932024,0.03029475952498615,0.16908274963498116,3.074265093687173,34.2377563450905,10.370967741935484
820,dynamic_joint,-3705.8313860297203,1.0,0.1975589595735073,0.9236772865056991,0.7267767250537872,0.005367743957322091,0.008071318175643695,3.248348316550255,-0.041043217747937885,3e-05,2e-05,0.13501773104071618,0.19532219916582108,0.4742305353283882,0.028623880119994283,0.16680565401911734,2.9735944924917357,34.18008198651218,10.274193548387096
821,dynamic_joint,-3764.7470126748085,1.0,0.19695019945502282,0.9240868836641312,0.7276633754372597,0.005401589605025947,0.004803746193647363,3.436412501335144,-0.04008365952468011,3e-05,2e-05,0.1340119743719697,0.1948084317147732,0.47334818691015246,0.029735933104529978,0.1680954746901989,3.036307940086294,33.20571672908258,10.349462365591398
822,dynamic_joint,-3763.2007236480713,1.0,0.19335779845714568,0.925470469892025,0.7266198143362999,0.005711066187359393,0.010462947236373994,3.082816034555435,-0.041780490735254715,3e-05,2e-05,0.1311476843431592,0.1932166375219822,0.4772851198911667,0.028960547409951687,0.1693900190293789,3.0513366993333886,34.049221471443936,10.43010752688172
823,dynamic_joint,-3574.442885994911,1.0,0.1926512259989977,0.9263189688324929,0.7270706728100776,0.005632469954434782,0.005221777176484442,3.33221914768219,-0.040813441836507994,3e-05,2e-05,0.13193090558052062,0.19493830539286136,0.47536314502358434,0.028271630266681315,0.16949601508677006,3.1335866886685633,33.65347419985061,10.134408602150538
824,dynamic_joint,-3702.1414425969124,1.0,0.19816518425941468,0.9232575029134751,0.7273578763008117,0.005584193021059036,0.0036014290060848095,3.2564581364393232,-0.04138547459733673,3e-05,2e-05,0.13257298674434423,0.19387073181569575,0.47594704329967497,0.02884636912494898,0.16876287795603276,3.0340244418425417,33.6986279368367,10.290322580645162
825,dynamic_joint,-3746.073903977871,1.0,0.19426986910402774,0.9253732904791832,0.7288143590092659,0.005475533485878259,0.003539105504751165,3.127705159783363,-0.039617130416445434,3e-05,2e-05,0.13366690296679734,0.1937459658831358,0.4744956560432911,0.029522001184523104,0.16856947392225266,3.0852289576605747,33.835925291025944,10.016129032258064
826,dynamic_joint,-3610.0581840872765,1.0,0.19324064627289772,0.9257519111037255,0.724838399887085,0.005717522872146219,0.00860546478070319,3.3115700483322144,-0.040357100777328014,3e-05,2e-05,0.13265640418976546,0.19313066266477108,0.47767154946923257,0.026845068065449597,0.16969631016254424,3.112876810354547,33.922321724254175,10.016129032258064
827,dynamic_joint,-3668.95205450058,1.0,0.1948658511042595,0.9249861389398575,0.7295069634914398,0.005314336728770286,0.013337981607764959,3.2001949727535246,-0.041108537625405006,3e-05,2e-05,0.136739600636065,0.19457508623600006,0.47192583084106443,0.027986441785469652,0.168773040920496,3.2666856279245904,33.997505380092036,10.118279569892472
828,dynamic_joint,-3780.2503473758698,1.0,0.19125961400568486,0.9265071228146553,0.7276649355888367,0.005671726528089493,0.011978607857599844,3.083512079715729,-0.04043764875968918,3e-05,2e-05,0.13284608609974385,0.19304031059145926,0.4771681152284145,0.027425424195826054,0.16952005662024022,3.318099323246124,33.92278401042351,10.602150537634408
829,dynamic_joint,-3826.3956627845764,1.0,0.1935334403067827,0.9257597863674164,0.7276802092790604,0.005540309322532267,0.006061241542920426,3.246942663192749,-0.03966241229791194,3e-05,2e-05,0.1343643769621849,0.19320146813988687,0.4741374999284744,0.027855080319568515,0.17044157832860946,3.1163173772288477,33.403792410733075,10.602150537634408
830,dynamic_joint,-3576.6659009456635,1.0,0.19428111873567105,0.9249756693840027,0.7233538374304771,0.0057465120102278885,0.008848962467163761,3.3633675813674926,-0.04043673813866917,3e-05,2e-05,0.13263322208076717,0.19377008862793446,0.47799335718154906,0.026030726591125132,0.16957260221242904,3.1568776325054353,33.72810388440486,9.881720430107526
831,dynamic_joint,-3743.961217224598,1.0,0.19255723878741265,0.9265586331486702,0.7253407210111618,0.005693450372200459,0.008003202499821782,3.152375873923302,-0.04011629277883912,3e-05,2e-05,0.1314288329333067,0.19271501749753953,0.4762512192130089,0.029382340703159572,0.1702225923538208,3.1827068833460292,33.86908031725775,10.24731182795699
832,dynamic_joint,-3641.9384765028954,1.0,0.19212943576276303,0.9265029340982437,0.7247283339500428,0.005831207253504544,0.005340074189007296,3.3544386267662047,-0.04135590101359412,3e-05,2e-05,0.1311560744419694,0.19315253458917142,0.4772064760327339,0.02698506126180291,0.1714998546987772,3.1359991511435648,33.144088795622245,10.123655913978496
833,dynamic_joint,-3651.6409572958946,1.0,0.19366011694073676,0.9257075592875481,0.7259312227368355,0.0057802411844022576,0.008151898579671982,3.1360430508852004,-0.041125671018380675,3e-05,2e-05,0.13025880008935928,0.19296801872551442,0.47421231493353844,0.029566051764413716,0.1729948114603758,3.3472803541793072,33.45426166422792,10.139784946236558
834,dynamic_joint,-3812.332439363003,1.0,0.19189991392195224,0.9265137642621994,0.7232238054275513,0.005921320978086442,0.009271158045157782,3.21693694293499,-0.04138256991209346,3e-05,2e-05,0.12832336090505123,0.19406067170202732,0.47775524482131004,0.028784993477165698,0.17107573375105858,3.432056066248916,34.077759792386814,10.4247311827957
835,dynamic_joint,-3728.0980165600777,1.0,0.19386925995349885,0.925268431007862,0.722476203739643,0.00591116608120501,0.004161415575072158,3.324979990720749,-0.04030503495305311,3e-05,2e-05,0.12898622807115318,0.19248934611678123,0.4772458605468273,0.029124654037877916,0.17215391173958777,3.161414401389737,33.7442604394984,10.279569892473118
836,dynamic_joint,-3833.1247990727425,1.0,0.18924329616129398,0.9273200869560242,0.7241156965494155,0.006027057231403887,0.011859712982550202,3.1334579437971115,-0.04157205924275331,3e-05,2e-05,0.1283957239240408,0.1899199139326811,0.48313507735729216,0.029165292531251906,0.1693839903920889,3.1341413390154074,33.616986551302915,10.543010752688172
837,dynamic_joint,-3742.2759811878204,1.0,0.19047377482056618,0.9266244307160377,0.7214794665575027,0.005982866347767413,0.012771748425438947,3.2498695880174635,-0.04083680629264563,3e-05,2e-05,0.12946856971830129,0.19147448427975178,0.4781838424503803,0.027730654319748284,0.17314244955778121,2.6510729935634743,33.265563072575084,10.301075268817204
838,dynamic_joint,-3773.4889863729477,1.0,0.1902580987662077,0.9270076930522919,0.7223244637250901,0.005812890746165067,0.006664860667660838,3.3028485804796217,-0.039949187006277496,3e-05,2e-05,0.1327274153009057,0.18988858461380004,0.47825742810964583,0.027315948251634838,0.1718106258660555,3.1638802027923796,33.48591080554754,10.295698924731182
839,dynamic_joint,-3730.823603987694,1.0,0.18822274990379811,0.9274727985262871,0.7228255987167358,0.005861524539068341,0.012550324574112919,3.0230683982372284,-0.04054425829381216,3e-05,2e-05,0.1300940377637744,0.19236848764121534,0.4812010183930397,0.02816762076690793,0.16816884465515614,3.022521475380712,34.24942296719382,10.10215053763441
840,dynamic_joint,-3777.3243636488914,1.0,0.1881189625710249,0.9274166405200959,0.7234063610434532,0.005918818758800626,0.0030975497793406907,3.223354607820511,-0.040862495778128505,3e-05,2e-05,0.13016851134598256,0.19124114662408828,0.4825891010463238,0.027746185241267086,0.16825506165623666,3.303135761900311,33.50649122797002,10.39784946236559
841,dynamic_joint,-3906.1898415088654,1.0,0.1897051677107811,0.9269041523337365,0.7245746180415154,0.005667386320419609,0.01058244984596966,3.086307552456856,-0.040232595550332914,3e-05,2e-05,0.13465492222458125,0.1901813093572855,0.4793145999312401,0.026789293019101025,0.16905987001955508,3.1912842159341084,33.71729261638971,10.70967741935484
842,dynamic_joint,-3731.401514172554,1.0,0.18903143145143986,0.9275686606764794,0.722801747918129,0.005914353067055345,0.007839314267039335,3.3280864655971527,-0.04090936394932214,3e-05,2e-05,0.1327151307836175,0.19054682552814484,0.4814782299101353,0.024809428630396722,0.17045038230717183,2.8145542007964344,33.20777536226622,10.290322580645162
843,dynamic_joint,-3790.7675485014915,1.0,0.19010653272271155,0.9269003242254257,0.7279223650693893,0.00560891015920788,0.010489704459905665,2.9136527091264726,-0.04112398509168998,3e-05,2e-05,0.13534073941409588,0.1896931029856205,0.4772928535938263,0.027428671484813094,0.17024462819099426,3.319680727196274,33.65828131680475,10.327956989247312
844,dynamic_joint,-3880.985355913639,1.0,0.18845103904604912,0.9277721032500267,0.7251607358455658,0.006014592724386603,0.014107933035120385,3.2124971568584444,-0.0419145418854896,3e-05,2e-05,0.13048706352710723,0.1895239431411028,0.4843468226492405,0.02667006216943264,0.1689721092581749,3.30411237361043,33.953184198316805,10.564516129032258
845,dynamic_joint,-3787.74675065279,1.0,0.18867153637111186,0.9277282252907753,0.7261888101696968,0.005769505817443133,0.008430374413728719,3.473742753267288,-0.04141672319892677,3e-05,2e-05,0.13270244151353836,0.19146351106464862,0.4815913073718548,0.026730304956436156,0.16751243881881236,2.9082635067009526,33.446451008568204,10.311827956989248
846,dynamic_joint,-3791.221871972084,1.0,0.18626931235194205,0.9287836298346519,0.7262672647833824,0.00589168950682506,0.005579586140811457,3.1580166846513746,-0.04101742112543434,3e-05,2e-05,0.13273172918707132,0.1899334754794836,0.4817472152411938,0.025470545142889024,0.1701170340180397,3.2494133105705774,33.84153607623631,10.473118279569892
847,dynamic_joint,-3780.102545261383,1.0,0.1846141003072262,0.9292874142527581,0.7257321700453758,0.0060018026153557,0.005122984200716028,3.2211700856685637,-0.04090586478268961,3e-05,2e-05,0.13222949244081975,0.1878742218017578,0.4825065560638905,0.02576665412634611,0.17162307798862458,3.386907881604681,34.371639910379415,10.360215053763442
848,dynamic_joint,-3725.216278731823,1.0,0.18297006748616695,0.9304326832294464,0.7262016892433166,0.00608248378848657,0.0059026255737990065,3.215430647134781,-0.041341129085049035,3e-05,2e-05,0.13103237170726062,0.1901093516498804,0.48322273418307304,0.02436661426909268,0.1712689209729433,3.4591117749632527,33.83340034179786,10.381720430107528
849,dynamic_joint,-3791.794128060341,1.0,0.18533777333796025,0.9289713829755784,0.7295966744422913,0.005856651498470455,0.00952022965066136,3.1409826934337617,-0.04085637640673667,3e-05,2e-05,0.1338630748912692,0.1880530435591936,0.48051893189549444,0.026003042981028558,0.1715619083493948,3.3406724965589287,34.080139543790764,10.263440860215054
850,dynamic_joint,-3768.1371980905533,1.0,0.18319008089601993,0.9299663543701172,0.7259292840957642,0.00615853073541075,0.010014883754774936,3.382825493812561,-0.03997038984671235,3e-05,2e-05,0.13021452575922013,0.1893877934664488,0.4833337806165218,0.024644148210063575,0.17241974957287312,3.0350108611410502,33.60278805709007,10.456989247311828
851,dynamic_joint,-3768.320196211338,1.0,0.18488518632948397,0.9289092034101486,0.7252927079796792,0.006087596877478063,0.0026816169265657525,3.05662177503109,-0.040530727861914785,3e-05,2e-05,0.13115531485527754,0.18933241330087186,0.4836931474506855,0.024684800859540702,0.1711343213915825,3.3293556747744257,34.34194435429299,10.365591397849462
852,dynamic_joint,-3736.1964225769043,1.0,0.18651754967868328,0.9279949754476547,0.7262851998209954,0.006008145387750119,0.005377931240946109,3.2709765672683715,-0.04122578731876274,3e-05,2e-05,0.1308810580521822,0.1890939187258482,0.4845307543873787,0.02653616461902857,0.16895811222493648,3.2614588110857357,34.5397618398098,10.349462365591398
853,dynamic_joint,-3975.8109786510468,1.0,0.1829932749271393,0.9302627757191658,0.7267088755965233,0.006080106005538255,0.0030047215521335734,3.227788418531418,-0.04118673223638325,3e-05,2e-05,0.13092292845249176,0.18884307332336903,0.485092980414629,0.02528464365750551,0.16985637098550796,3.3253894038119634,34.72870135495599,10.75268817204301
854,dynamic_joint,-3840.8592454195023,1.0,0.1843463584780693,0.9293060421943664,0.7230454996228218,0.00622140085324645,0.006546341441571655,3.280242073535919,-0.0410336521366844,3e-05,2e-05,0.12935300432145597,0.18907532915472985,0.4881338946521282,0.024824593961238862,0.16861317344009877,3.1692228012153683,34.280868784335325,10.559139784946236
855,dynamic_joint,-3744.489538669586,1.0,0.18322591334581376,0.9299374580383301,0.7250398740172386,0.006169949017930776,0.0035051941871643046,3.26254645884037,-0.04088046898250468,3e-05,2e-05,0.1289685843512416,0.1888464130461216,0.4869946353137493,0.026493254490196703,0.1686971116811037,3.1114436096716216,34.86742089727775,10.155913978494624
856,dynamic_joint,-3759.00014936924,1.0,0.18661462366580964,0.9284192115068436,0.7274811863899231,0.005929567536804825,0.007420044485479622,3.357492762804031,-0.04079978033551015,3e-05,2e-05,0.13119678366929294,0.18974129296839237,0.48379659205675124,0.027080198284238577,0.16818513348698616,3.2470896296420957,34.361854436192125,10.161290322580644
857,dynamic_joint,-3636.073621928692,1.0,0.1830228079110384,0.9297543212771415,0.725031878054142,0.006362167687620967,0.012553508719429424,3.263109493255615,-0.04001183395157568,3e-05,2e-05,0.12624335438013076,0.18905666135251523,0.4900733470916748,0.026785679860040545,0.16784095913171768,3.077606019448263,34.31168487055932,9.983870967741936
858,dynamic_joint,-3745.3134048581123,1.0,0.1824994120746851,0.9301559567451477,0.7254118010401726,0.006352255016099662,0.004637070652097508,3.1640624582767485,-0.04132726644456852,3e-05,2e-05,0.12673127129673958,0.19040432274341584,0.48915325924754144,0.02538723242469132,0.16832391619682313,3.19554638397593,34.26017999811392,10.188172043010752
859,dynamic_joint,-3866.3670345544815,1.0,0.1822696875780821,0.9301947489380836,0.727916470170021,0.0062036807299591604,0.007676987024024178,3.0932965010404585,-0.04100746321491897,3e-05,2e-05,0.12918525021523236,0.1871918924152851,0.48904273137450216,0.026771749090403318,0.16780838295817374,2.974853214332132,34.12506666101328,10.698924731182796
860,dynamic_joint,-3711.5780750513077,1.0,0.18158986568450927,0.9307038828730583,0.7256599262356758,0.006305753334891051,0.008073384920135117,3.248904514312744,-0.04072577857295982,3e-05,2e-05,0.12732419073581697,0.18945752307772637,0.4908137910068035,0.026121762627735735,0.1662827342748642,2.902893355077991,34.039940111211216,10.03763440860215
861,dynamic_joint,-3756.7504531145096,1.0,0.18464032299816607,0.9294098958373069,0.7277502208948136,0.006154408934526146,0.007315230090171047,3.320192116498947,-0.04172898145625368,3e-05,2e-05,0.12866821009665727,0.19029183126986027,0.4871561713516712,0.026192585146054624,0.16769119463860988,2.8945566929138318,34.0368784441643,10.263440860215054
862,dynamic_joint,-3743.1187197566032,1.0,0.183976836130023,0.9300377666950226,0.7248877584934235,0.006167718418873846,0.004694513697177181,3.2378782629966736,-0.04102626511012204,3e-05,2e-05,0.1299391608685255,0.1894177857786417,0.4875669337809086,0.024719376349821687,0.16835674084722996,3.239006076164303,34.536204247025516,10.21505376344086
863,dynamic_joint,-3625.5287123918533,1.0,0.1832893468439579,0.9298487871885299,0.7245765656232834,0.006147920654620975,0.004147385060787219,3.5274811029434203,-0.04020712726924103,3e-05,2e-05,0.13050683289766313,0.19092380814254284,0.4871181815862656,0.023304977128282188,0.168146201595664,2.7660602396086365,34.38176462669159,9.89247311827957
864,dynamic_joint,-3746.8376495838165,1.0,0.18341174870729446,0.9299546033143997,0.7298929542303085,0.005717063718475401,0.013658175617456428,3.1820025563240053,-0.04118751970527228,3e-05,2e-05,0.13356300815939903,0.19215430617332457,0.4856323331594467,0.025847390154376627,0.16280296072363853,3.1499490074373617,34.45208496458142,10.241935483870968
865,dynamic_joint,-3737.8312059640884,1.0,0.1824258789420128,0.9305878788232803,0.7259186521172524,0.0060234864242374895,0.01121830055490134,3.1250950783491134,-0.03997535302769393,3e-05,2e-05,0.13158171214163303,0.18892659842967988,0.4886167302727699,0.02544724172912538,0.16542771197855471,2.9722971546717503,34.43574100196694,10.274193548387096
866,dynamic_joint,-3694.4197625517845,1.0,0.18243462070822716,0.9302911594510078,0.7269490122795105,0.0061560909962281585,0.00600842810235918,3.2444056630134583,-0.040831038565374914,3e-05,2e-05,0.12926824688911437,0.19088776260614396,0.4896597869694233,0.02504372373223305,0.165140487998724,3.1076848696343276,34.11960833080343,10.172043010752688
867,dynamic_joint,-3645.0557800531387,1.0,0.1823681376874447,0.9303790882229805,0.7241011634469032,0.0062127334764227275,0.0077322671189904435,3.24481515288353,-0.04085603686980903,3e-05,2e-05,0.12955723851919174,0.18975365050137044,0.4877143122255802,0.02425717618316412,0.16871762908995153,3.1999223539707025,34.18895441875882,10.204301075268816
868,dynamic_joint,-3535.774416089058,1.0,0.17720495462417601,0.9323485806584358,0.725244764983654,0.006444710795767606,0.011369065847247853,3.500605970621109,-0.04029603683738969,3e-05,2e-05,0.127149797976017,0.18860887736082077,0.4932489231228828,0.024407095182687043,0.16658530682325362,2.985558295899838,34.053838710253764,9.741935483870968
869,dynamic_joint,-3819.182514190674,1.0,0.1797574944794178,0.931116983294487,0.7243386507034302,0.006419311498757452,0.005586601467803088,3.1786926209926607,-0.040569006250007075,3e-05,2e-05,0.1264992756769061,0.18922357074916363,0.49110614582896234,0.025287806941196322,0.1678832035511732,2.755022638729679,34.400102438657356,10.75268817204301
870,dynamic_joint,-3807.3559169769287,1.0,0.18010562621057033,0.931237356364727,0.722102627158165,0.00641085091046989,0.00659290519542987,3.349772882461548,-0.040051668393425645,3e-05,2e-05,0.12743463255465032,0.18979171030223368,0.49289909973740575,0.023795896489173175,0.16607865914702416,3.0670499830374416,34.59938873220237,10.489247311827956
871,dynamic_joint,-3665.881552219391,1.0,0.17688462510704994,0.9325008884072303,0.7208109050989151,0.0065863896161317825,0.005557697685435431,3.343741315603256,-0.040464806917589156,3e-05,2e-05,0.12616751939058304,0.188776383548975,0.49514779821038246,0.02329949107952416,0.1666088130325079,3.01723741952495,33.92690678199897,10.129032258064516
872,dynamic_joint,-3759.5883333683014,1.0,0.1753952380269766,0.9332748234272004,0.7226022899150848,0.006484628655016422,0.004723004763945941,3.3335153222084046,-0.040111007052473724,3e-05,2e-05,0.12735544871538879,0.1885237328708172,0.49303894713521,0.02357545346021652,0.1675064243376255,2.832266043063138,33.57192623609676,10.172043010752688
873,dynamic_joint,-3778.962233543396,1.0,0.17907039858400822,0.9314524218440056,0.7247487813234329,0.006257211102638394,0.006400026846677009,3.221984362602234,-0.04113212104421109,3e-05,2e-05,0.12898880243301392,0.18874918147921563,0.49130561351776125,0.02491665994748473,0.16603973992168902,3.0194366248724998,34.140865634664955,10.376344086021504
874,dynamic_joint,-3683.477848470211,1.0,0.17674138024449348,0.9326855286955833,0.7230560779571533,0.006434016197454184,0.0056198786944150585,3.1226268768310548,-0.0416489049574011,3e-05,2e-05,0.12797236982733012,0.18827412761747836,0.4924557901918888,0.023598206881433725,0.16769950240850448,2.9647375356564574,34.18462582526693,10.204301075268816
875,dynamic_joint,-3725.227818310261,1.0,0.17848996855318547,0.9315521895885468,0.7251051753759384,0.00622690386371687,0.0069807707797735555,3.1704271167516707,-0.04042360953171738,3e-05,2e-05,0.13123421985656022,0.18675549626350402,0.49192358180880547,0.02382674259133637,0.16625995710492134,2.9232217480441287,34.27117599714245,10.295698924731182
876,dynamic_joint,-3717.7331844568253,1.0,0.17625245861709118,0.9327625647187233,0.7230635836720467,0.006342332914937287,0.0046634117141366345,3.2649347126483916,-0.041667663244879805,3e-05,2e-05,0.13000514190644025,0.18588700331747532,0.491689445823431,0.02418265105225146,0.16823575347661973,3.1270013846220706,34.42024916871232,10.349462365591398
877,dynamic_joint,-3665.57858812809,1.0,0.1764367561787367,0.9323493152856827,0.7240550860762596,0.00628810467896983,0.00502605764195322,3.244865834712982,-0.041007364366669206,3e-05,2e-05,0.13109744973480703,0.1854881439357996,0.4898933582007885,0.023864572634920478,0.16965647786855698,2.846265434531272,34.16192150384505,10.188172043010752
878,dynamic_joint,-3745.33678483963,1.0,0.17545301988720893,0.9333543241024017,0.7242078334093094,0.006368617853149771,0.009986052103340672,3.0992736250162123,-0.0401497451835894,3e-05,2e-05,0.12966318614780903,0.18478456437587737,0.4937434017658234,0.025007553724572064,0.166801293566823,3.3566973625984757,34.284082806935025,10.161290322580644
879,dynamic_joint,-3696.5459675192833,1.0,0.1727265425026417,0.9341547012329101,0.7230089038610459,0.006580458814278245,0.009100083541125077,3.3417106747627257,-0.04099799059185898,3e-05,2e-05,0.1279915502294898,0.18644681572914124,0.4935340635478497,0.02233848557807505,0.16968908347189426,3.03552631719098,34.351710267760296,10.188172043010752
880,dynamic_joint,-3728.4725038409233,1.0,0.17445711567997932,0.9337510138750076,0.72270088493824,0.006544894492253661,0.002098027896136039,3.0911542594432833,-0.04145973157137632,3e-05,2e-05,0.12779021374881266,0.18663676753640174,0.4933332033455372,0.02319754841737449,0.16904226690530777,3.2274270619188936,34.13628426575649,10.279569892473118
881,dynamic_joint,-3693.4177627563477,1.0,0.17654248289763927,0.9328658103942871,0.7196245074272156,0.006727353832684457,0.0057473875116555995,3.127889907360077,-0.04040975692041684,3e-05,2e-05,0.12644754480570555,0.18572296649217607,0.49513176307082174,0.022580322064459323,0.1701173983514309,3.3262973543440557,34.602890877697746,10.193548387096774
882,dynamic_joint,-3719.239483475685,1.0,0.1772073619067669,0.9321066454052925,0.7220217242836953,0.006685856240801513,0.008657656051218553,3.0123149186372755,-0.04132874688948505,3e-05,2e-05,0.12554444950073956,0.18503062091767788,0.4968003675341606,0.025240548327565192,0.16738401390612126,3.1730925567346207,34.10031543572492,9.978494623655914
883,dynamic_joint,-3746.830918073654,1.0,0.17460398003458977,0.933457051217556,0.7210562959313392,0.006800131290219724,0.0048953283112496,3.1016336172819137,-0.041005264547129626,3e-05,2e-05,0.12570819072425365,0.1841754112392664,0.4969150610268116,0.023648097971454264,0.16955324746668338,3.180330241478789,34.46525796002264,10.118279569892472
884,dynamic_joint,-3795.072338104248,1.0,0.17715601064264774,0.9323518589138985,0.7191423431038857,0.0068174039828591045,0.0054485616739839565,3.129189646244049,-0.04151329131855164,3e-05,2e-05,0.1255584189668298,0.18160089887678624,0.4969703383743763,0.025424429588019846,0.170445916056633,3.330878961798519,34.453124921282026,10.263440860215054
885,dynamic_joint,-3767.695622265339,1.0,0.17617869153618812,0.9330923169851303,0.7192539021372795,0.007046497927512973,0.012836950691416875,3.1556445181369783,-0.040850536435027604,3e-05,2e-05,0.1226882642135024,0.18492934964597224,0.5000603623688221,0.023316506063565612,0.16900551840662956,3.2183902341438113,34.19491818901713,10.295698924731182
886,dynamic_joint,-3707.6409434080124,1.0,0.17427374757826328,0.9335784196853638,0.7207180082798004,0.006928881502244621,0.0037653654348105414,3.2222358733415604,-0.04198777269339189,3e-05,2e-05,0.12356274984776974,0.18435397893190383,0.5000236853957176,0.024324705358594656,0.1677348855882883,3.306230603874278,34.25449178845071,10.263440860215054
887,dynamic_joint,-3743.8420861959457,1.0,0.1759578362107277,0.9331349670886994,0.7208128944039345,0.006939318950753659,0.005727892182767418,3.123975896835327,-0.041208847530651835,3e-05,2e-05,0.12276528868824244,0.18441203683614732,0.49795720279216765,0.0252269989810884,0.16963848248124122,2.937086830044955,34.64347346017461,10.220430107526882
888,dynamic_joint,-3806.0830243229866,1.0,0.17521077692508696,0.9332894682884216,0.7211021974682807,0.007047668006271124,0.004681351175531746,3.2344923824071885,-0.04097683429718017,3e-05,2e-05,0.12129244524985552,0.18485828042030333,0.4998089462518692,0.025269683869555592,0.16877064667642117,3.1038089607421564,34.00674910090878,10.521505376344086
889,dynamic_joint,-3795.809814155102,1.0,0.17675286307930946,0.9325827583670616,0.7206950694322586,0.00697567684110254,0.005172910913825053,3.2261208564043047,-0.042024289467372,3e-05,2e-05,0.12256749607622623,0.18515241257846354,0.4981641061604023,0.02432806701399386,0.16978791765868664,3.5492708036334295,34.57246315382223,10.349462365591398
890,dynamic_joint,-3804.5652688145638,1.0,0.17419752441346645,0.9336603224277497,0.7217668727040291,0.007002835057210177,0.00773088787682355,3.1397187143564222,-0.040849481362965886,3e-05,2e-05,0.12233058344572782,0.18656074441969395,0.5006212219595909,0.02355712912976742,0.16693032793700696,2.772065208346879,34.63089644571411,10.473118279569892
891,dynamic_joint,-3760.189144849777,1.0,0.17650589495897293,0.9328226715326309,0.7210639730095864,0.006823898572474718,0.00581547613255682,3.2160636723041534,-0.04155947084072977,3e-05,2e-05,0.12336180396378041,0.1866834804415703,0.4977134793996811,0.024769761553034186,0.16747147254645825,2.8733510340460695,33.98292367237408,10.279569892473118
892,dynamic_joint,-3712.405698955059,1.0,0.17730818390846254,0.9323940768837928,0.7190452799201011,0.006836046511307359,0.005756562016904356,3.465763694047928,-0.04072586001129821,3e-05,2e-05,0.12357622124254704,0.1893473483622074,0.49758230000734327,0.022383547155186534,0.1671105895191431,2.957506485342174,34.57058307873789,10.209677419354838
893,dynamic_joint,-3702.4404237270355,1.0,0.1782039999961853,0.9321172431111335,0.7209474161267281,0.006843993871007115,0.006830768892541521,3.436970663070679,-0.04129240105394274,3e-05,2e-05,0.1222868211567402,0.18834937699139118,0.49853607565164565,0.02484514992684126,0.16598257049918175,2.900591554691573,33.734453843687675,10.403225806451614
894,dynamic_joint,-3627.5302040576935,1.0,0.17803945429623128,0.9320670023560524,0.7210479512810707,0.006873564748093486,0.00429459693841636,3.3033870965242387,-0.0412909830105491,3e-05,2e-05,0.12304840311408043,0.188318058475852,0.4979324109852314,0.023332838946953417,0.1673682913184166,2.9831862077224507,34.334038647215486,10.080645161290322
895,dynamic_joint,-3719.1854870915413,1.0,0.17809799499809742,0.932305321097374,0.7192917510867118,0.006935939192771912,0.0063862967304885755,3.3620094060897827,-0.039045274863019584,3e-05,2e-05,0.12217166647315025,0.18883497603237628,0.5006086468696594,0.023277177242562175,0.16510754637420177,2.8501298841294527,34.421394848587035,10.25268817204301
896,dynamic_joint,-3741.127445399761,1.0,0.17440898008644581,0.9339414939284325,0.717822827398777,0.00714090330293402,0.00799489375203847,3.169219410419464,-0.04040944684602436,3e-05,2e-05,0.12045052312314511,0.1871157668530941,0.5040997184813023,0.0237835509236902,0.1645504504442215,2.933579844947325,34.78751570863972,10.360215053763442
897,dynamic_joint,-3615.771364867687,1.0,0.17499110773205756,0.933636599779129,0.7216171309351921,0.007071805885061622,0.005663420539349307,3.1090463042259215,-0.04193626579362899,3e-05,2e-05,0.11961704045534134,0.18901086188852786,0.5027932330965996,0.02472015698440373,0.16385869905352593,2.715644425872003,34.79599011744885,9.978494623655914
898,dynamic_joint,-3726.2524085640907,1.0,0.1761203732341528,0.9329185038805008,0.7196001529693603,0.007251705671660602,0.0049820024054497425,3.1589037239551545,-0.03937933385313954,3e-05,2e-05,0.11835583467036485,0.18870191611349582,0.5044365406036377,0.023799312021583318,0.16470639742910861,2.823339432450031,34.38218313908038,10.10215053763441
899,dynamic_joint,-3666.7216985225677,1.0,0.17361852079629897,0.9339150592684746,0.717954421043396,0.007429934770334512,0.004817582247778764,3.083940315246582,-0.041155674669425935,3e-05,2e-05,0.1163965430110693,0.1891385570168495,0.5047806307673455,0.023349810903891922,0.166334455832839,3.113966476985232,33.898992804605776,10.096774193548388
900,dynamic_joint,-3820.216575086117,1.0,0.17288724780082704,0.9342959374189377,0.7189054325222969,0.007300881668925285,0.004331711819395501,3.0560567915439605,-0.04154832385611371,3e-05,2e-05,0.11751929242163897,0.18818185292184353,0.5042063079774379,0.02439291598275304,0.16569962538778782,3.1888325650534997,34.30920108034456,10.435483870967742
901,dynamic_joint,-3689.338125526905,1.0,0.1739278245717287,0.933913366496563,0.7191794693470002,0.007302338245790452,0.0029538756702094764,3.2622140884399413,-0.04091414854046889,3e-05,2e-05,0.11830169316381216,0.1880527302622795,0.5038446336984634,0.02340677515603602,0.16639416255056858,2.6440891056062856,34.220829298245576,10.198924731182796
902,dynamic_joint,-3704.6505284905434,1.0,0.1752213876694441,0.9331676244735718,0.716741569340229,0.007355363701935858,0.00657935561612244,3.308508497476578,-0.04163646106026135,3e-05,2e-05,0.11712655499577522,0.18593819364905356,0.5043480552732944,0.025696747889742255,0.16689044907689093,3.004551747184112,33.87274582253461,10.18279569892473
903,dynamic_joint,-3717.6064680814743,1.0,0.17763333581387997,0.932468269765377,0.7168642342090606,0.007235643197782337,0.006199916778132319,3.19462493956089,-0.04041085083736107,3e-05,2e-05,0.118014076910913,0.18637426234781743,0.5012480974197387,0.025811757799237965,0.16855180747807025,2.8047125812703064,34.01633828168279,10.150537634408602
904,dynamic_joint,-3622.9135903716087,1.0,0.1814781330525875,0.9303072527050972,0.7140093564987182,0.0075100605725310745,0.009809294110164107,3.327888932824135,-0.040600483739399354,3e-05,2e-05,0.11389039941132069,0.1896542888134718,0.5021830081939698,0.025030791712924837,0.16924152076244353,2.7218010196117386,33.69981475347626,9.978494623655914
905,dynamic_joint,-3617.697703063488,1.0,0.17880523018538952,0.9318772286176682,0.7147210657596588,0.007499151979573071,0.0034534980077296704,3.334629034996033,-0.04077526907494757,3e-05,2e-05,0.11472161523997784,0.1879275359213352,0.5025980725884438,0.025275488197803498,0.16947728917002677,3.4080282615629454,34.187471466935,9.865591397849464
906,dynamic_joint,-3748.0378556251526,1.0,0.17772520519793034,0.9325121536850929,0.7163815960288048,0.007297526951879263,0.01089424849487839,3.231736308336258,-0.041130376514047384,3e-05,2e-05,0.115545323677361,0.19255095086991786,0.5012878209352494,0.024155288888141512,0.1664606150239706,2.8194370901485066,34.47577669805305,10.446236559139784
907,dynamic_joint,-3795.70806825161,1.0,0.1811447586864233,0.9303796827793122,0.7171741098165512,0.007243704830761999,0.0058636782225220535,3.245064914226532,-0.041153572620532944,3e-05,2e-05,0.11605689469724893,0.19158363789319993,0.5026292078197002,0.025234169978648423,0.16449608877301217,2.9935455017131725,34.00273778608297,10.43010752688172
908,dynamic_joint,-3786.121537923813,1.0,0.17789614610373974,0.9322756320238114,0.717255775630474,0.007136599312070757,0.011230214359238742,3.2113253265619277,-0.04084919344750233,3e-05,2e-05,0.11819492280483246,0.18917475938796996,0.499443107098341,0.02521404125727713,0.1679731670767069,3.02870173374423,33.780944462670014,10.483870967741936
909,dynamic_joint,-3741.8742486834526,1.0,0.17653189450502396,0.9324227511882782,0.7147210896015167,0.007400363357737661,0.014040704909712105,3.1501924097537994,-0.04153645955229877,3e-05,2e-05,0.11540354117751121,0.19175134636461735,0.503886865079403,0.023387850960716605,0.1655703790485859,3.1340198999219604,34.117844423686265,10.440860215053764
910,dynamic_joint,-3801.6992683410645,1.0,0.1779951397329569,0.9322008952498436,0.7157660722732544,0.007161350280512124,0.008756686421111236,3.1710254848003387,-0.04063962363579776,3e-05,2e-05,0.11701172515749932,0.19025203473865987,0.502035615593195,0.026158023066818713,0.16454260982573032,3.0632361344636694,34.106357966494976,10.483870967741936
911,dynamic_joint,-3743.39616894722,1.0,0.1756687667220831,0.9328370362520217,0.7149268418550492,0.007301867916248738,0.0047074822243302755,3.4585659742355346,-0.040870945138158275,3e-05,2e-05,0.11649448052048683,0.19044576697051524,0.5033207476139069,0.024321524100378154,0.1654174841940403,2.8808669528705444,34.08582910215594,10.408602150537634
912,dynamic_joint,-3621.0012154579163,1.0,0.17629220969974996,0.9326595604419708,0.7137214422225953,0.007465014478657395,0.006778451194986695,3.3807509660720827,-0.04014696154044941,3e-05,2e-05,0.11430094428360463,0.19301076531410216,0.5041449718177319,0.02313967114314437,0.1654036447405815,2.8462827195413385,34.23321513145897,9.870967741935484
913,dynamic_joint,-3703.185826063156,1.0,0.17661371193826197,0.9320671647787094,0.7173467665910721,0.0073111630510538815,0.004651137907058036,3.2618670880794527,-0.040574768761143784,3e-05,2e-05,0.11496944241225719,0.19353097528219224,0.5030620828270912,0.02427653260529041,0.16416096538305283,2.868718770403451,34.66356466350696,10.24731182795699
914,dynamic_joint,-3694.1118845939636,1.0,0.17423563487827778,0.9334482073783874,0.7170212760567665,0.0073463382082991305,0.0037472994998096684,3.6215733766555784,-0.040741535976121665,3e-05,2e-05,0.11488758567720651,0.19301357083022594,0.501919011771679,0.02414521761238575,0.16603461764752864,2.862070535423409,34.06933985227828,10.365591397849462
915,dynamic_joint,-3618.7503387331963,1.0,0.17278163880109787,0.9344774410128593,0.7155813813209534,0.007447648548986763,0.006499865651130626,3.1927912294864655,-0.03952891257358715,3e-05,2e-05,0.1136432757601142,0.1948559321463108,0.5033265799283981,0.023117997497320176,0.16505621150135993,2.626778550319503,34.30038934442706,10.129032258064516
916,dynamic_joint,-3540.3090195655823,1.0,0.17125915847718715,0.9347591549158096,0.7156853154301643,0.007557526521850377,0.0037266756873577285,3.253477078676224,-0.04019919246784411,3e-05,2e-05,0.11273308098316193,0.19409863278269768,0.5050722144544124,0.02323570675216615,0.16486037373542786,2.583120364066025,33.97566912493755,9.940860215053764
917,dynamic_joint,-3680.3998423814774,1.0,0.17441766150295734,0.9337271705269814,0.7128651097416878,0.0075655760243535045,0.004342739144340059,3.2719424456357955,-0.04090236504562199,3e-05,2e-05,0.11258124131709338,0.19333143644034861,0.5038198746740818,0.023704449646174908,0.16656299419701098,2.5698661405527043,34.628756615013,10.311827956989248
918,dynamic_joint,-3703.2283591628075,1.0,0.1747491892427206,0.9331530466675758,0.7143332362174988,0.007553855481091887,0.005950307147577404,3.444174212217331,-0.040614355019351935,3e-05,2e-05,0.11177514661103487,0.194003626704216,0.5050969362258911,0.024730352545157076,0.16439393647015094,2.5213972634852415,34.74224583997408,10.295698924731182
919,dynamic_joint,-3548.163791656494,1.0,0.17137400731444358,0.9346087068319321,0.7132900312542916,0.007668494875542819,0.009060809016227751,3.277171421051025,-0.040685522335661514,3e-05,2e-05,0.11279149744659663,0.18994963616132737,0.5067165635526181,0.024253938579931855,0.16628836281597614,2.671933540525378,34.43892763977445,9.89247311827957
920,dynamic_joint,-3561.1244193315506,1.0,0.1721316184848547,0.9342355981469155,0.7118840977549553,0.007769160997122526,0.006542372098192639,3.4070167660713198,-0.04015553809585981,3e-05,2e-05,0.11219268776476383,0.19053317978978157,0.505508991330862,0.022789133246988058,0.16897600404918195,2.8140084404024237,34.149858328477194,10.03225806451613
921,dynamic_joint,-3562.9257321357727,1.0,0.17200067527592183,0.9339671209454536,0.7126685231924057,0.007641866663470864,0.005317498603835753,3.3651639997959135,-0.0410230475361459,3e-05,2e-05,0.11446206662803889,0.1883846428245306,0.5055803261697293,0.023107168776914478,0.16846579164266587,3.1267230399388937,33.69752694857189,9.946236559139784
922,dynamic_joint,-3591.9269713163376,1.0,0.17159544639289379,0.9343244224786759,0.7123898133635521,0.007779782242141664,0.00597093189135197,3.255894649028778,-0.04218045075103873,3e-05,2e-05,0.11236128471791744,0.18843716010451317,0.5075930871069432,0.024027360090985894,0.16758111119270325,2.9300705528921807,34.34112280152372,10.198924731182796
923,dynamic_joint,-3590.0479792952538,1.0,0.1692820332944393,0.9357316806912422,0.7114048436284065,0.007831150526180863,0.005456506554037385,3.1403715282678606,-0.04092355847824365,3e-05,2e-05,0.11314307581633329,0.18630575202405453,0.5075130186975002,0.023510578973218798,0.16952756904065608,3.0678162637773414,34.35230159461593,10.0
924,dynamic_joint,-3548.327332019806,1.0,0.17277976609766482,0.933786453306675,0.7116541907191276,0.007818570605013519,0.00720055899582803,3.2788016468286516,-0.04054123205278302,3e-05,2e-05,0.11202073376625776,0.1896141827106476,0.5078048706054688,0.023113055713474752,0.16744715794920922,2.8348834989349667,33.98649833945244,9.779569892473118
925,dynamic_joint,-3605.353686451912,1.0,0.16935107298195362,0.9356202602386474,0.7138795658946038,0.007637952477671206,0.005785909062251474,3.223834213614464,-0.04060874065035023,3e-05,2e-05,0.11366159599274397,0.18880097270011903,0.5057251311838626,0.024295785604044794,0.16751652546226978,2.8057693193046163,33.98549392897854,10.048387096774194
926,dynamic_joint,-3541.281355559826,1.0,0.1733318854123354,0.9334023535251618,0.7104171380400658,0.007796363136731088,0.005911172600463126,3.5321562588214874,-0.040607837040442976,3e-05,2e-05,0.11216809377074241,0.1900168616324663,0.5058468274772168,0.022833695355802774,0.16913452036678792,2.657490587185464,34.04056896762702,10.005376344086022
927,dynamic_joint,-3606.2654752731323,1.0,0.17127923145890236,0.9342027232050896,0.7123889073729515,0.007544679415877909,0.00717964922077961,3.2297130107879637,-0.04223101696552476,3e-05,2e-05,0.1151368236169219,0.1890912838280201,0.5055739417672157,0.02345479014329612,0.16674315929412842,2.8497004740665917,34.42121877949991,10.198924731182796
928,dynamic_joint,-3457.297956228256,1.0,0.17185127325356006,0.9345272168517113,0.7125215724110603,0.007588448270689696,0.007633625064045194,3.2275417506694795,-0.04057488980179187,3e-05,2e-05,0.11362540125846862,0.1911404740065336,0.5036445081233978,0.023078836547210813,0.16851078458130359,2.591118219046008,34.049243826938195,9.763440860215054
929,dynamic_joint,-3562.011840939522,1.0,0.17280883453786372,0.9333638638257981,0.7122576087713242,0.007430060824844986,0.006451859558001181,3.0915108233690263,-0.04094277676485945,3e-05,2e-05,0.11548143308609723,0.18925647549331187,0.5036940425634384,0.024399201292544602,0.16716885454952718,2.738751326588688,34.81934029273789,10.086021505376344
930,dynamic_joint,-3561.2764962911606,1.0,0.1719586096704006,0.9345157280564308,0.7120733082294464,0.007305032701697201,0.005367705086246101,3.2867870330810547,-0.040842656954191627,3e-05,2e-05,0.11813743058592081,0.1879570446908474,0.50311608761549,0.023592738667503,0.1671967137604952,3.078053073972232,34.00897845051882,9.903225806451612
931,dynamic_joint,-3481.7481766939163,1.0,0.1724790707230568,0.9338913843035698,0.7074880540370941,0.0076921503175981345,0.010462683998048332,3.1758251041173935,-0.039949363586492835,3e-05,2e-05,0.11363794133067132,0.18924405314028264,0.5054832689464093,0.022860877821221946,0.16877385787665844,2.849418970783252,34.30901939962419,9.709677419354838
932,dynamic_joint,-3589.304000556469,1.0,0.16952066570520402,0.9351286828517914,0.7100172013044357,0.007607179787009954,0.008422303711995482,3.2370336621999742,-0.04105906848562881,3e-05,2e-05,0.1143376138061285,0.18842600025236605,0.5077089905738831,0.024146633595228194,0.1653807569295168,2.5903654086914956,34.16687771946184,10.091397849462364
933,dynamic_joint,-3379.221275269985,1.0,0.17253572717309,0.9340886071324348,0.7096634432673454,0.007636207423638552,0.01056914301589136,3.4809599339962007,-0.04040662044717465,3e-05,2e-05,0.113624806702137,0.18904532641172409,0.5034834280610084,0.023800432588905095,0.17004600316286086,3.022274672373851,34.21398776957911,9.71505376344086
934,dynamic_joint,-3622.5863856077194,1.0,0.1730542376637459,0.9336196556687355,0.7102346137166023,0.007710526860319078,0.005417317291721686,3.045285376906395,-0.04145670007710578,3e-05,2e-05,0.11292419582605362,0.18976304195821286,0.5054743781685829,0.023310346296057105,0.16852804869413376,2.912516873748514,34.23058938423487,10.209677419354838
935,dynamic_joint,-3386.584177196026,1.0,0.17084102258086203,0.9345969557762146,0.7098543137311936,0.007790922629646957,0.006081748008728034,3.379737842082977,-0.040720161492936315,3e-05,2e-05,0.11294429786503316,0.18672216571867467,0.5061859793961048,0.024152173241600395,0.16999539025127888,3.0969441263603428,34.32766313678927,9.403225806451612
936,dynamic_joint,-3556.228233039379,1.0,0.16812220513820647,0.9360251531004906,0.7081348612904549,0.007873420882970095,0.003975558280944879,3.2335888743400574,-0.041364773375971706,3e-05,2e-05,0.11237813103944064,0.1866038680076599,0.5081737622618675,0.023632446629926564,0.16921180598437785,3.2587016785455205,34.05347757992625,9.86021505376344
937,dynamic_joint,-3712.179814994335,1.0,0.17177372425794601,0.9343359187245369,0.7097353890538216,0.007703194674104452,0.007021997775882437,3.3744772553443907,-0.04077514830569271,3e-05,2e-05,0.11361000407487154,0.1865454364567995,0.5047211900353432,0.02450940595008433,0.17061396762728692,3.099413641913575,34.27361297274217,10.483870967741936
938,dynamic_joint,-3501.3831446170807,1.0,0.17067722044885159,0.93485107421875,0.7101150304079056,0.0077921926626004275,0.00877305176109075,3.2632739186286925,-0.04005172237957595,3e-05,2e-05,0.11208887826651334,0.18944499865174294,0.5062081515789032,0.023314473452046514,0.1689434979110956,3.1760473500146222,34.25968186115448,9.74731182795699
939,dynamic_joint,-3542.7691209316254,1.0,0.1717449139803648,0.9340027496218681,0.7079861611127853,0.007916698057670146,0.004647881165146819,3.2125357002019883,-0.04105552119362983,3e-05,2e-05,0.1113611238077283,0.18791366629302503,0.5082856006920338,0.02356096846051514,0.16887864768505095,2.9411343406297736,33.70882055275405,9.96774193548387
940,dynamic_joint,-3580.201342046261,1.0,0.16994939893484115,0.9350686863064765,0.7070327371358871,0.007937807077541947,0.004136817203834697,3.1914717257022858,-0.04086174083640799,3e-05,2e-05,0.11072859149426222,0.18826844356954098,0.5068497218191623,0.02379229823127389,0.17036094665527343,2.6111765853558375,33.60638432007036,10.220430107526882
941,dynamic_joint,-3558.504702925682,1.0,0.17320106439292432,0.9333231300115585,0.7074196755886077,0.007794918026775122,0.0034560018219053253,3.3333467543125153,-0.04051913018920459,3e-05,2e-05,0.11194267198443413,0.18854008242487907,0.5051727555692196,0.02403457649052143,0.1703099086880684,2.8137400361659353,34.51656625559899,10.021505376344086
942,dynamic_joint,-3379.2159518003464,1.0,0.16967352144420147,0.9350431144237519,0.7084064558148384,0.008075380802620203,0.010313797555863872,3.452067959308624,-0.04103584008989856,3e-05,2e-05,0.1092100866138935,0.18815192133188247,0.5101517289876938,0.024212505482137204,0.16827376000583172,3.003997377428453,34.479652289343434,9.516129032258064
943,dynamic_joint,-3576.1232973337173,1.0,0.17200517170131208,0.9338724821805954,0.7062226548790932,0.00800485503859818,0.0017169223632663155,3.139751356840134,-0.040097587823402135,3e-05,2e-05,0.11006854437291622,0.18807141222059726,0.5098628118634224,0.024188516708090902,0.167808710411191,2.9571648709791525,33.98688070508367,10.091397849462364
944,dynamic_joint,-3492.8414850234985,1.0,0.17134110629558563,0.9342158064246178,0.7088062584400177,0.00792337782913819,0.00255801514722415,3.2805493742227556,-0.03987512681342196,3e-05,2e-05,0.11010642349720001,0.18822656087577344,0.5092611446976661,0.025274496432393788,0.16713136993348598,2.9447607203689605,34.20255722740075,9.827956989247312
945,dynamic_joint,-3501.2701258659363,1.0,0.1710070800036192,0.9342648729681968,0.7082492366433144,0.007840205321554095,0.004278236255049698,3.3536995530128477,-0.04079390035476536,3e-05,2e-05,0.11193029619753361,0.18652367107570172,0.5088958576321602,0.02520355796441436,0.16744661815464496,2.932123797235143,34.05095959520187,9.81720430107527
946,dynamic_joint,-3480.3518265485764,1.0,0.17039869613945485,0.9347479701042175,0.708285653591156,0.007963139028288425,0.011436814581975374,3.2606270968914033,-0.0400520958166453,3e-05,2e-05,0.1098227659240365,0.18867917284369468,0.5123603373765946,0.025301984557881952,0.16383574195206166,3.0207944322714084,34.07977970411491,9.881720430107526
947,dynamic_joint,-3548.9786009192467,1.0,0.17210600934922696,0.9333663702011108,0.7065878301858902,0.007838130532763898,0.00997117385268212,3.280699276924133,-0.04142173068248667,3e-05,2e-05,0.11212483327835798,0.18726243674755097,0.5096609495580197,0.02443252601660788,0.1665192659944296,2.741500261150372,34.46784741960614,9.989247311827958
948,dynamic_joint,-3503.045415520668,1.0,0.16931496262550355,0.9351307213306427,0.7090865254402161,0.0077201225329190494,0.0032599922269583095,3.384323012828827,-0.0412882553646341,3e-05,2e-05,0.11335971038788557,0.18721806667745114,0.5096755392849446,0.02481304802931845,0.1649336326867342,2.898467284487128,34.17991930369963,9.940860215053764
949,dynamic_joint,-3678.5533859729767,1.0,0.167154323682189,0.9358102530241013,0.706190524995327,0.008035230403766035,0.008975172741338563,3.2274407356977464,-0.04142787257005694,3e-05,2e-05,0.11142137050628662,0.18568724691867827,0.512024337798357,0.02379462094977498,0.16707242019474505,2.741260459132625,34.07420534024837,10.403225806451614
950,dynamic_joint,-3395.4304102659225,1.0,0.16946590952575208,0.9349544495344162,0.7063084661960601,0.007956225273665041,0.003381474409252374,3.1695281267166138,-0.03997859052033163,3e-05,2e-05,0.11134424675256013,0.18664508871734142,0.5104107275605202,0.024104861170053483,0.1674950785934925,2.9214005936232685,34.03286348020652,9.564516129032258
951,dynamic_joint,-3500.6601194143295,1.0,0.16988015472888945,0.934793607890606,0.7050950661301613,0.007993907877244055,0.0012726345565169939,3.4322854816913604,-0.04023138568154536,3e-05,2e-05,0.1109659468755126,0.18643068075180053,0.5108970008790493,0.024254907062277196,0.16745147109031677,2.876198658548816,34.115996532299434,9.89247311827957
952,dynamic_joint,-3525.785417854786,1.0,0.17306507155299186,0.9335954859852791,0.705756525695324,0.007949786831159145,0.00900705563835805,3.341424512863159,-0.04123695343150757,3e-05,2e-05,0.10917223058640957,0.190420763194561,0.5089618921279907,0.024768353160470723,0.16667676903307438,2.73690421042626,33.75623957981219,9.989247311827958
953,dynamic_joint,-3424.7101350426674,1.0,0.17035647742450238,0.934633482992649,0.7051334396004677,0.007943984575103969,0.007373937033116826,3.057085305452347,-0.04067923350521596,3e-05,2e-05,0.11010274961590767,0.18894620575010776,0.5115562215447426,0.024930475000292062,0.1644643597304821,2.8693768666140187,34.354364198252554,9.526881720430108
954,dynamic_joint,-3482.0783017277718,1.0,0.17625440284609795,0.9322390109300613,0.7024729505181313,0.008143459435086698,0.009004376269876962,3.5134090542793275,-0.040469533725990915,3e-05,2e-05,0.10792849566787481,0.18779654502868653,0.5103779420256614,0.025222737062722444,0.16867427974939347,2.828467488705516,34.21816166083706,9.876344086021506
955,dynamic_joint,-3555.7578408122063,1.0,0.1765558857470751,0.9320716500282288,0.7055096969008445,0.007685170194599777,0.011314391670748516,3.3926666736602784,-0.040195222123293205,3e-05,2e-05,0.11260867770761251,0.18868808411061763,0.5083634063601494,0.025308211939409374,0.1650316197425127,2.57586730250606,34.164396584991216,10.075268817204302
956,dynamic_joint,-3540.3460735082626,1.0,0.17513324804604052,0.9325095385313034,0.7065510883927345,0.007725162361748516,0.0024127816315740284,3.5123675882816316,-0.04025698020705022,3e-05,2e-05,0.11186686716973782,0.18929165713489055,0.5079061605036259,0.02530087688937783,0.16563443690538407,2.8879667276909426,34.15227463020984,9.989247311827958
957,dynamic_joint,-3476.165187060833,1.0,0.17479746490716935,0.932950247824192,0.703823471069336,0.007860973547212779,0.0047341790050268,3.320044386386871,-0.040281135283294134,3e-05,2e-05,0.11006546244025231,0.19038940258324147,0.5079238168895245,0.0247351941652596,0.16688612662255764,2.756891419125197,33.8984999647942,9.602150537634408
958,dynamic_joint,-3439.4311934113503,1.0,0.17426173612475396,0.9333112582564353,0.7045971915125847,0.0078269122983329,0.004631783254444598,3.5225117444992065,-0.04083468707394786,3e-05,2e-05,0.11130314730107785,0.18973429277539253,0.5071224674582482,0.023875759076327087,0.16796433068811895,2.708482503761474,34.0894311490628,9.81720430107527
959,dynamic_joint,-3550.070984005928,1.0,0.1756337523460388,0.932649926841259,0.7046595603227616,0.007913476845715195,0.008516248781233974,3.5605572700500487,-0.041084411551128144,3e-05,2e-05,0.10907718129456043,0.19195210933685303,0.5085917346179485,0.024446801468729972,0.16593217402696608,2.4026533741039313,33.71736079041673,10.25268817204301
960,dynamic_joint,-3456.9828255176544,1.0,0.17737523689866067,0.9318145498633384,0.7047466725111008,0.007746856601443142,0.004788165353238557,3.224132037162781,-0.04039819503086619,3e-05,2e-05,0.11054596919566392,0.19170829765498637,0.5064414665102959,0.02505779601633549,0.16624647714197635,2.82544347502161,34.11954427015079,9.736559139784946
961,dynamic_joint,-3468.462591767311,1.0,0.17552544549107552,0.93259656727314,0.7051226079463959,0.007857315440196544,0.003614273527637081,3.17575318813324,-0.04032921218313277,3e-05,2e-05,0.10942361149936915,0.19149351865053177,0.5080799706280231,0.025226429337635636,0.16577647775411605,2.804151389931016,34.06328579676331,9.811827956989246
962,dynamic_joint,-3563.565638899803,1.0,0.17712147235870362,0.9322857975959777,0.7009571999311447,0.0080259277834557,0.004649739386513894,3.1589859247207643,-0.039997583779040724,3e-05,2e-05,0.1084752393886447,0.19168300107121466,0.5095024175941945,0.023849925212562084,0.16648941151797772,2.7789821924830314,33.73882701101766,9.946236559139784
963,dynamic_joint,-3462.087690472603,1.0,0.1784138038754463,0.9315966635942459,0.6998184055089951,0.007929480168968439,0.0059489396400750245,3.329002192616463,-0.040851701371138915,3e-05,2e-05,0.10797520130872726,0.19414941854774953,0.5076211333274842,0.024357980582863092,0.16589626707136632,2.5281302097153477,34.122061787711615,9.768817204301076
964,dynamic_joint,-3499.1322491168976,1.0,0.1787805210798979,0.9309424981474876,0.7012665167450904,0.007800650899298489,0.005243621580302681,3.1002391815185546,-0.04198581445025411,3e-05,2e-05,0.10977748446166516,0.19338236786425114,0.5084406606853008,0.02435201434418559,0.16404747292399408,2.751250217793722,34.07168001115342,9.806451612903226
965,dynamic_joint,-3539.4172813892365,1.0,0.17550399005413056,0.9331740289926529,0.6977120488882065,0.007868403173051774,0.00248663476668301,3.158817690610886,-0.04020004058547784,3e-05,2e-05,0.10979308988898992,0.19309160746634008,0.5091753318905831,0.02339945691637695,0.16454051323235036,2.64083485922813,34.206884616821185,9.940860215053764
966,dynamic_joint,-3538.242478430271,1.0,0.1771300483494997,0.9318979904055595,0.7023162022233009,0.00788282755529508,0.003035238385200475,3.1000143349170686,-0.04057927783724154,3e-05,2e-05,0.10910036694258451,0.19460922926664354,0.5086119614541531,0.023314596293494104,0.16436385065317155,2.3246047282389757,34.203959442063606,10.005376344086022
967,dynamic_joint,-3556.495208799839,1.0,0.17664149329066275,0.9324021145701409,0.6997652009129525,0.007793242461048067,0.006136802164837692,3.298895573616028,-0.041238184976100455,3e-05,2e-05,0.1102908756583929,0.19388878233730794,0.5100741274654865,0.023730325791984797,0.16201589964330196,2.514016901544987,34.16214835211763,10.048387096774194
968,dynamic_joint,-3539.8862290382385,1.0,0.17692791111767292,0.9320262804627418,0.7030990451574326,0.007464458188042045,0.008097401680424828,3.300285330414772,-0.04115527035610285,3e-05,2e-05,0.11433957926928998,0.19366999417543412,0.5080793298780918,0.023320957692340015,0.16059015542268754,2.9421014574868503,34.03960145646603,9.951612903225806
969,dynamic_joint,-3471.231380403042,1.0,0.17566147185862063,0.9326998114585876,0.7016236737370491,0.007871952408459037,0.010991144785657513,3.1333543419837953,-0.04098093215143308,3e-05,2e-05,0.10884400065988302,0.1942315362393856,0.5097989425063133,0.024285819847136736,0.16283970475196838,2.395209637428758,33.71473827004077,9.82258064516129
970,dynamic_joint,-3414.1534122228622,1.0,0.17460176683962345,0.9327810153365135,0.7016713976860046,0.007758029643446207,0.003921371884644011,3.1025128096342085,-0.040890566050074996,3e-05,2e-05,0.11051940098404885,0.1933953244239092,0.5088446028530598,0.02411568434908986,0.16312498934566974,3.073587927200523,34.2508265558774,9.56989247311828
971,dynamic_joint,-3515.8495149612427,1.0,0.17357990145683289,0.9334151744842529,0.7008794561028481,0.007842723606154322,0.0028416505083442185,3.310272377729416,-0.040849929423711726,3e-05,2e-05,0.11034368593245744,0.19292677752673626,0.5096853725612164,0.023339125607162715,0.16370504945516587,2.916218693233008,34.05847878792202,9.897849462365592
972,dynamic_joint,-3487.4634417891502,1.0,0.17239963710308076,0.9341711655259133,0.7015401765704155,0.0077876854571513835,0.0034897013567387752,3.1589756488800047,-0.04114757356001064,3e-05,2e-05,0.11119738388806581,0.19184476993978022,0.5101485013961792,0.023767144232988358,0.16304220110177994,2.729571214500668,33.9786234471672,9.731182795698924
973,dynamic_joint,-3480.314451754093,1.0,0.1748762760311365,0.9327885136008263,0.7013464882969856,0.007941776385996491,0.0037619856651872896,3.1079830825328827,-0.04179040314629674,3e-05,2e-05,0.10971323009580373,0.19144793339073657,0.511092259734869,0.02385640568099916,0.16389017663896083,2.8749784374995513,33.827123541922624,9.806451612903226
974,dynamic_joint,-3488.6363536715508,1.0,0.17270717471837999,0.9340344145894051,0.7023028612136841,0.007993124681524933,0.003760023927315937,3.178976359963417,-0.04078275932115503,3e-05,2e-05,0.10964292380958796,0.1902065932750702,0.5126711957156658,0.02415747558698058,0.1633218050003052,2.5538451815740135,33.5916426249751,9.666666666666666
975,dynamic_joint,-3416.651965200901,1.0,0.17310313172638417,0.9336268529295921,0.7017355427145958,0.008123478840570898,0.004860276356339444,3.2299182564020157,-0.040902797497983555,3e-05,2e-05,0.1077756842598319,0.19161385521292687,0.512613558024168,0.02365222042426467,0.1643446870148182,2.663495488431854,33.91527200202422,9.602150537634408
976,dynamic_joint,-3404.536544442177,1.0,0.17325383722782134,0.9339924350380897,0.70081707239151,0.008081548660993577,0.006606159126386089,3.243028551340103,-0.04097867355085327,3e-05,2e-05,0.10904240496456623,0.18831077553331851,0.5131271779537201,0.024932253593578934,0.1645873926579952,2.77970125419741,33.83337512291493,9.618279569892472
977,dynamic_joint,-3493.690178334713,1.0,0.1716398824006319,0.934105071425438,0.7025646984577179,0.008167230850085616,0.005939729046076498,3.2080157071352007,-0.04095904190326109,3e-05,2e-05,0.10805077161639928,0.18919760696589946,0.5152102097868919,0.024650455778464676,0.1628909580409527,2.595944782861185,34.25317854392992,9.940860215053764
978,dynamic_joint,-3411.098247408867,1.0,0.1722361370921135,0.934205076098442,0.7037457332015038,0.007856359065044671,0.007542290305718766,3.1912091583013535,-0.04080255512672011,3e-05,2e-05,0.11093097738921642,0.18921178467571736,0.5114390663802624,0.02504814574494958,0.16337003149092197,2.707732720025491,34.62528147253277,9.521505376344086
979,dynamic_joint,-3461.135630965233,1.0,0.1719071228057146,0.934145650267601,0.7034047782421112,0.007887705566827208,0.0030355413910001447,3.099930593371391,-0.04036301013256889,3e-05,2e-05,0.11005671806633473,0.18911014944314958,0.510897183418274,0.025723622227087618,0.16421231888234616,2.7503173226435655,34.316822203798004,9.591397849462366
980,dynamic_joint,-3305.8555396795273,1.0,0.1752214677631855,0.9327700063586235,0.7019706994295121,0.008149080420844257,0.0058667575474827816,3.291938292980194,-0.04072697165829595,3e-05,2e-05,0.10756859481334687,0.1889316827058792,0.5132327087223529,0.02545683579519391,0.16481017470359802,2.8622127667346042,33.71323230540182,9.413978494623656
981,dynamic_joint,-3500.5157786011696,1.0,0.17024331018328667,0.9350182846188545,0.7002618238329887,0.008250048477202654,0.00738292136229575,3.5534372568130492,-0.04038602345390245,3e-05,2e-05,0.1054679611697793,0.19187965728342532,0.5139761984348297,0.025148041592910887,0.1635281454771757,2.8698665789310724,34.274657462423136,9.983870967741936
982,dynamic_joint,-3421.3082261681557,1.0,0.17293111868202687,0.9341608166694642,0.699303948879242,0.00806762754218653,0.01181209729984396,3.480575293302536,-0.040226135996636006,3e-05,2e-05,0.1091119259595871,0.1878527518361807,0.5121641620993614,0.025080931698903443,0.16579022631049156,3.1549766696298276,34.41605675938156,9.440860215053764
983,dynamic_joint,-3513.9069469571114,1.0,0.16909770108759403,0.9356509074568748,0.7011464312672615,0.007732590788509697,0.008892283309251073,3.121307462453842,-0.041552438979852016,3e-05,2e-05,0.11220868155360222,0.18715185038745402,0.5097746528685093,0.026430319482460617,0.16443449705839158,3.0648206961488986,34.48130747550205,9.870967741935484
984,dynamic_joint,-3434.026510477066,1.0,0.17300728857517242,0.9340534508228302,0.7000425681471825,0.008209838601760566,0.012804938945919237,3.204925391077995,-0.04020082953793462,3e-05,2e-05,0.10768488980829716,0.1883519284427166,0.5131462961435318,0.024551641335710882,0.16626524478197097,2.989461641611859,33.719828879498785,9.650537634408602
985,dynamic_joint,-3464.2705590724945,1.0,0.17291039191186428,0.9336550116539002,0.7013828858733178,0.0079930454143323,0.00572865963913502,3.3400506913661956,-0.040587471408070994,3e-05,2e-05,0.10986188109964132,0.1879677601158619,0.5127392567694187,0.025238979049026965,0.16419212184846402,2.8603709503524266,34.12972678574979,9.586021505376344
986,dynamic_joint,-3425.174008190632,1.0,0.1709674783051014,0.9342568024992943,0.7006348237395287,0.008001813211012631,0.004388895444571859,3.1767281711101534,-0.040944868753649645,3e-05,2e-05,0.11032513119280338,0.18692876249551774,0.5117579504847527,0.025064838863909245,0.16592332310974597,3.2546751112960246,34.13324007205485,9.564516129032258
987,dynamic_joint,-3402.8810487389565,1.0,0.17496787905693054,0.9327236488461494,0.7004507094621658,0.00781774262432009,0.006799307418987217,3.147037109732628,-0.0407506789364561,3e-05,2e-05,0.1113220376893878,0.18568647727370263,0.5107956923544407,0.02746758791618049,0.16472821459174156,3.2971072117228015,34.34564817285383,9.419354838709678
988,dynamic_joint,-3460.554869234562,1.0,0.17386039197444916,0.9331636443734169,0.6995960399508476,0.008068736246787011,0.008855817699804928,3.3075567364692686,-0.041527467327250635,3e-05,2e-05,0.1078697394579649,0.18839050978422164,0.5119021512567997,0.026491974573582412,0.16534562930464744,3.169213042922091,34.01344140335789,9.564516129032258
989,dynamic_joint,-3333.475080192089,1.0,0.17275891564786433,0.9337446838617325,0.6977062225341797,0.008298462815582752,0.005565553531050715,3.259703004360199,-0.0408690751879476,3e-05,2e-05,0.10566372144967318,0.18879045993089677,0.5135501131415368,0.025915212649852037,0.1660804908722639,3.3914088825679087,34.041738651618004,9.236559139784946
990,dynamic_joint,-3517.187360882759,1.0,0.172865841537714,0.9333100229501724,0.6947886645793915,0.008371598343364895,0.004609692422673135,3.1727749586105345,-0.04123242016648874,3e-05,2e-05,0.10614231508225203,0.1870764534920454,0.5147402986884118,0.02532437085174024,0.16671655587852002,3.0508172780275746,33.795951850295594,9.811827956989246
991,dynamic_joint,-3391.137474298477,1.0,0.1742281813174486,0.9327457696199417,0.6974819645285606,0.008384542388375849,0.006336822826415289,3.4607448637485505,-0.04097809128579684,3e-05,2e-05,0.10475408248603343,0.18896911405026912,0.5129601277410984,0.025733172567561267,0.16758351288735868,2.975656599522561,34.07276622284745,9.494623655913978
992,dynamic_joint,-3335.12742459774,1.0,0.17248627878725528,0.9335315197706222,0.6947974771261215,0.008568907040171325,0.00832388531416647,3.5665564954280855,-0.04002445673104375,3e-05,2e-05,0.10275817085057497,0.19203606769442558,0.5140551075339317,0.0235954359639436,0.16755520924925804,2.9244336648003197,33.85687703780477,9.263440860215054
993,dynamic_joint,-3375.7926142811775,1.0,0.17230599261820317,0.9338487774133682,0.6952975407242775,0.008559830358717591,0.0025410185568035225,3.132236212491989,-0.04013986503214255,3e-05,2e-05,0.10316176321357488,0.19151252321898937,0.5148667708039284,0.02365068937651813,0.16680824421346188,3.02686302765365,34.17062770005588,9.279569892473118
994,dynamic_joint,-3439.3985865712166,1.0,0.17367994897067546,0.933250468969345,0.6959000125527381,0.008372064516879617,0.005962678277865074,3.533550977706909,-0.04096022413577884,3e-05,2e-05,0.10521234273910522,0.190211021900177,0.5143598169088364,0.024581455439329148,0.16563536673784257,3.058990084187067,34.01282628388411,9.564516129032258
995,dynamic_joint,-3449.9648856520653,1.0,0.17411694303154945,0.9328067764639855,0.6946661368012428,0.008567958965431898,0.006408221879974085,3.3664614647626876,-0.041562967892969024,3e-05,2e-05,0.10295566190034151,0.19140032194554807,0.5163746245205403,0.024257052270695568,0.16501233652234076,3.198604450098435,34.14101302791214,9.596774193548386
996,dynamic_joint,-3459.9756938815117,1.0,0.1738074231892824,0.9326338931918144,0.6963494032621383,0.008361765393055975,0.006969289714470597,3.3208716601133346,-0.040877269083284776,3e-05,2e-05,0.10644031073898078,0.18893512822687625,0.5160098604857921,0.02404462480917573,0.16457008086144925,3.1056780963742208,34.07614348345586,9.467741935483872
997,dynamic_joint,-3546.478679060936,1.0,0.17182574048638344,0.9338937923312187,0.6933362111449242,0.008786678360775114,0.009965413389727479,3.644938850402832,-0.04042886488023214,3e-05,2e-05,0.10233550239354372,0.1880572259426117,0.5189099982380867,0.02412082445807755,0.16657644622027873,2.8383125642093443,34.18426653483755,9.989247311827958
998,dynamic_joint,-3341.927923977375,1.0,0.17143751196563245,0.9340851530432701,0.694547064602375,0.00868315827101469,0.010623771743848945,3.285427951812744,-0.041228115995181724,3e-05,2e-05,0.10214725583791733,0.19336911328136921,0.5178128004074096,0.02269593421369791,0.1639748964458704,3.0823426680615285,33.91837928735346,9.258064516129032
999,dynamic_joint,-3349.546789944172,1.0,0.1699961468577385,0.9343081101775169,0.6971023589372635,0.00852926381630823,0.004068799177184734,3.6111951619386673,-0.04109204773703823,3e-05,2e-05,0.10387264490127564,0.1924943957477808,0.5177673444151878,0.02300494653172791,0.16286067217588424,2.94788846296829,33.75128693586088,9.413978494623656
1000,dynamic_joint,-3462.4219589829445,1.0,0.17071834690868853,0.934274609386921,0.6973352923989296,0.008323647431097925,0.00998404230922461,3.2402913510799407,-0.041272052348358554,3e-05,2e-05,0.10666694212704897,0.1887005414813757,0.5165691792964935,0.02467326712794602,0.163390077278018,3.254968009661047,33.44646797891712,9.629032258064516
