episode,phase,episode_reward_sum,router_alpha,gate_entropy,gate_max,gate_static_weight,gate_balance_loss,expert_usage_l1_delta,actor_grad_norm,policy_loss,lr_experts,lr_router,expert_0_mean,expert_1_mean,expert_2_mean,expert_3_mean,expert_4_mean,primary/load_tracking/nmbe_pct,primary/load_tracking/cv_rmse_pct,primary/thermal_comfort/portfolio_exceedance_pct
1,router_only,-6594.251504778862,0.5,1.2234627157449722,0.6019530385732651,0.6019530385732651,0.003170222125481814,0.0,0.09323407355695963,-0.0003996801489847712,0.0,0.0001,0.21882061362266542,0.20058762952685355,0.30621884688735007,0.13311568945646285,0.14125722460448742,-0.5354632449238813,36.36447465561465,23.311827956989248
2,router_only,-6362.633034706116,0.503333330154419,1.215003091096878,0.6044174611568451,0.6044174611568451,0.0024788329494185744,0.03466125577688217,0.08837043074890971,9.805013396544383e-05,0.0,0.0001,0.21678576469421387,0.20219749212265015,0.32003995329141616,0.11781990714371204,0.14315688014030456,-0.36377395287280445,35.3442453611574,22.5752688172043
3,router_only,-6207.7692766189575,0.5066666603088379,1.2008608013391495,0.6074051111936569,0.6074051111936569,0.0019832754624076188,0.035657598823308975,0.09291142225265503,0.00014826011970399123,0.0,0.0001,0.21417673006653787,0.20426820032298565,0.33363748118281367,0.10260014310479164,0.1453174442052841,0.18334055703640173,35.06864182075056,21.77956989247312
4,router_only,-6084.14164763689,0.5099999904632568,1.1782300263643264,0.6123707294464111,0.6123707294464111,0.001521952441544272,0.039970125630497955,0.09886050131171942,-0.0007046024613373448,0.0,0.0001,0.20774087607860564,0.20534310676157475,0.3525476396083832,0.09036416076123714,0.1440042197704315,0.6752952665298089,34.5276291385779,21.655913978494624
5,router_only,-5706.020360827446,0.5133333206176758,1.1483237385749816,0.6190810173749923,0.6190810173749923,0.0012081129214493557,0.04791507422924039,0.09982577487826347,-0.0008358757261703431,0.0,0.0001,0.1978573888540268,0.2062944009900093,0.3755538836121559,0.08096564039587975,0.13932869136333464,0.9818615755354296,34.70281141274679,20.043010752688172
6,router_only,-5708.40584397316,0.5166666507720947,1.1146923363208772,0.6250538200139999,0.6250538200139999,0.0011325467901770025,0.051483021676540355,0.10396497454494238,-0.0004850580511629232,0.0,0.0001,0.18796565793454648,0.20469434820115567,0.40129539370536804,0.07310490049421788,0.13293970339000225,1.462408137947947,34.277095070205434,20.241935483870968
7,router_only,-5464.837490677834,0.5199999809265137,1.065763035416603,0.6346651792526246,0.6346651792526246,0.0013356084557017312,0.06642429940402508,0.11461916826665401,-0.0018184454042057042,0.0,0.0001,0.18175273090600969,0.19603474698960782,0.4345075458288193,0.06667486131191254,0.12103012353181838,1.3458104709626895,34.61005220086931,19.161290322580644
8,router_only,-5442.831390082836,0.5233333110809326,1.0353486388921738,0.6395060941576958,0.6395060941576958,0.001641323321382515,0.041067010257393094,0.10585121922194958,-0.0016477654280606657,0.0,0.0001,0.18076133877038955,0.18844276182353498,0.45504104942083357,0.0617939910851419,0.11396086439490319,1.288132166982984,33.785740051152374,19.236559139784944
9,router_only,-5478.622079491615,0.5266666412353516,1.0045246630907059,0.646212013065815,0.646212013065815,0.0019391123234527186,0.033605755213648156,0.10350715927779675,-0.001774872824898921,0.0,0.0001,0.18283125050365925,0.18262491300702094,0.4697740197181702,0.05785030703991652,0.10691952407360077,1.528762602378706,33.18739947852332,19.440860215053764
10,router_only,-5467.902054786682,0.5299999713897705,0.9812845826148987,0.6504115715622902,0.6504115715622902,0.002312188735231757,0.023343932628631603,0.10198726430535317,-0.00183740920292621,0.0,0.0001,0.17856094911694526,0.1839030772447586,0.48016781732439995,0.055638278089463714,0.1017298836261034,1.5454868237127248,33.24096157935172,19.29032258064516
11,router_only,-5172.4482553601265,0.5333333611488342,0.948703607916832,0.6530988395214081,0.6530988395214081,0.003199830197263509,0.03788965195417403,0.10137191358953715,-0.0018458637379808352,0.0,0.0001,0.17066634073853493,0.1826338067650795,0.4991126410663128,0.05251040328294039,0.09507680907845498,2.1201607657132437,33.42628169666139,17.940860215053764
12,router_only,-5157.3220155239105,0.5366666913032532,0.924544820189476,0.6534985587000847,0.6534975841641426,0.00419959164573811,0.034059458971023616,0.1069805834442377,-0.0016244553029537202,0.0,0.0001,0.16431197449564933,0.17403659783303738,0.5161423712968827,0.05100279822945595,0.0945062605664134,1.8847155436825604,33.33255240908796,18.0
13,router_only,-5231.8422266840935,0.5400000214576721,0.8976292386651039,0.6581929638981819,0.6581835329532624,0.005035731627140194,0.026201873924583195,0.10380072556436062,-0.0016558187980990624,0.0,0.0001,0.16146084405481814,0.1663761954754591,0.5292433083057404,0.04961089296266437,0.09330876171588898,1.5685272750837913,33.866267222986714,18.306451612903228
14,router_only,-4933.684339225292,0.5433333516120911,0.8552330359816551,0.6636434853076935,0.6635913670063018,0.006515839870553463,0.04138041557744136,0.09956600926816464,-0.0016391129756812006,0.0,0.0001,0.15364800542593002,0.1617061447352171,0.5499335214495659,0.04757028445601463,0.08714205715805293,2.0905262832660507,33.11628982842703,17.172043010752688
15,router_only,-4943.442418515682,0.54666668176651,0.8325030446052551,0.667362205684185,0.6672892421483994,0.007195769110694528,0.018853586539626106,0.09415862374007702,-0.0014353520426084287,0.0,0.0001,0.15252224393188954,0.15825675018131732,0.5593603074550628,0.04605275262147188,0.08380794450640679,1.616856263980649,33.09353271020219,17.338709677419356
16,router_only,-4940.520738482475,0.550000011920929,0.8179637864232063,0.6693411722779274,0.669256491959095,0.007553560950327665,0.010092852357775066,0.0895499287173152,-0.00129882027667918,0.0,0.0001,0.15183965489268303,0.15827835202217103,0.5643851324915886,0.04502944303676486,0.08046741764992475,1.768830299797683,32.57341254467526,17.32258064516129
17,router_only,-5236.959564805031,0.5533333420753479,0.8037111610174179,0.6679248809814453,0.667701530456543,0.008327385492157191,0.01709509948268531,0.09621430514380336,-0.0017826231563958573,0.0,0.0001,0.1474192500114441,0.15698004737496377,0.5729326844215393,0.04434825759381056,0.07831976506859065,1.8851269253731169,33.53100725735337,18.301075268817204
18,router_only,-5035.950135588646,0.5566666722297668,0.8062332525849343,0.666837315261364,0.6665922030806541,0.008112626837100834,0.011172382254153568,0.10085150711238385,-0.0015081596880918368,0.0,0.0001,0.14692200310528278,0.1625662349164486,0.5706920742988586,0.043817352037876844,0.07600233294069766,1.7934358984693173,33.04083498624183,17.591397849462364
19,router_only,-4964.836571037769,0.5600000023841858,0.7834495931863785,0.6673118248581886,0.6666362509131432,0.009105071309022605,0.021711520291864926,0.09338879063725472,-0.001414522679988295,0.0,0.0001,0.1420502584427595,0.16189013756811618,0.5815478354692459,0.04262299379333854,0.07188877407461405,2.1480467100708074,33.182391955542954,17.360215053763444
20,router_only,-5061.004104852676,0.5633333325386047,0.7705333724617958,0.6698917672038078,0.6690315634012223,0.009490280668251217,0.00871652513742447,0.09415852781385184,-0.0012062640529620695,0.0,0.0001,0.14092256166040898,0.1609647985547781,0.5859060987830162,0.04194801459088922,0.07025852724909783,2.066636325252017,33.1070044658783,17.741935483870968
21,router_only,-5078.09088486433,0.5666666626930237,0.7551694393157959,0.6718651756644249,0.6704730093479156,0.010087521094828845,0.01347800875082611,0.09249540530145169,-0.0014376603940036148,0.0,0.0001,0.1406787894666195,0.15800236649811267,0.592645101249218,0.04081147722899914,0.06786226257681846,2.194422050249871,32.51171426943944,17.693548387096776
22,router_only,-4970.911701083183,0.5699999928474426,0.7455465823411942,0.6722041502594948,0.669778986275196,0.010618464392609894,0.01012488268315788,0.10220020432025194,-0.001448865284328349,0.0,0.0001,0.13818003796041012,0.15687642022967338,0.5977075457572937,0.0399472501128912,0.06728874929249287,2.1380293177919647,33.028785995042725,17.32258064516129
23,router_only,-4905.286763489246,0.5733333230018616,0.7354111164808274,0.6735328689217568,0.6702330186963081,0.010939109395258129,0.00980355674400931,0.09142801938578486,-0.0010799428913742305,0.0,0.0001,0.13625661209225653,0.15867878794670104,0.6008069530129433,0.03909822730347514,0.06515941619873047,2.1612800150002984,33.189342713934714,17.053763440860216
24,router_only,-5006.567769348621,0.5766666531562805,0.723650012910366,0.6729939222335816,0.6680877491831779,0.011598322819918395,0.017970989830791977,0.10624672789126635,-0.0015655124996555969,0.0,0.0001,0.1323289353400469,0.16161215528845788,0.6068590834736824,0.038222739845514296,0.060977088380604984,1.9998303343869606,32.94086333059427,17.408602150537632
25,router_only,-4866.840779781342,0.5799999833106995,0.7204790905117988,0.6725333124399185,0.6661967962980271,0.011724244593642652,0.010359780117869373,0.09466513097286225,-0.0016514338414708619,0.0,0.0001,0.1294381894171238,0.16626166440546514,0.6073894664645195,0.03744566822424531,0.05946501791477203,1.9765316747255322,32.144554495995656,16.951612903225808
26,router_only,-5035.0091329813,0.5833333134651184,0.7196329191327095,0.6734481409192086,0.6659099251031876,0.011687691998668015,0.002198717184364804,0.09544265810400247,-0.0017776647073333152,0.0,0.0001,0.13053754568099976,0.16562578938901423,0.6073674067854882,0.03714421205222607,0.0593250478617847,2.0527761482897287,32.84097312998595,17.56989247311828
27,router_only,-4960.952730417252,0.5866666436195374,0.730892938375473,0.6737375393509865,0.6665289178490639,0.010700060706585645,0.019113351870328213,0.10544040407985449,-0.0016497088072355837,0.0,0.0001,0.13450250960886478,0.16960394755005836,0.5979566290974617,0.0369983134791255,0.06093860138207674,1.9676845042040652,32.447641826194904,17.36559139784946
28,router_only,-4797.181944668293,0.5899999737739563,0.7165979698300362,0.676078300178051,0.6672030195593834,0.011277998378500343,0.011895567085593882,0.10167651139199733,-0.0013131649386195932,0.0,0.0001,0.13343286290764808,0.1672426551580429,0.603904415667057,0.03627542089670897,0.05914465254172683,2.2710812485949243,33.23186054822888,16.74731182795699
29,router_only,-4975.476441919804,0.5933333039283752,0.7217013016343117,0.6797516822814942,0.671020521223545,0.010261178715154529,0.022235523909330382,0.11445763446390629,-0.0024214456148911267,0.0,0.0001,0.13448670729994774,0.17697525024414062,0.5929727151989936,0.036089354660362005,0.05947597026824951,2.1241855416820434,33.07271566099806,17.408602150537632
30,router_only,-5016.528402805328,0.596666693687439,0.7131550416350365,0.6842546328902245,0.6756395369768142,0.010075535625219345,0.006310553289949797,0.10676299445331097,-0.0019264303082309198,0.0,0.0001,0.13642736300826072,0.17818987406790257,0.5915970832109452,0.03549311608076096,0.058292567078024146,2.3068374172609882,32.665059542903265,17.419354838709676
31,router_only,-4825.206115305424,0.6000000238418579,0.7141730844974518,0.6880691587924957,0.6787798509001732,0.00944638061337173,0.013075734954327428,0.10172341335564852,-0.0014892083028826165,0.0,0.0001,0.14002212658524513,0.18080343082547187,0.5854040876030921,0.03514824528247118,0.058622115291655064,2.5718967923919434,33.19326581490319,16.591397849462368
32,router_only,-4676.226540386677,0.6033333539962769,0.7109056726098061,0.6937861040234565,0.6834591075778007,0.008797844150103628,0.015378836635500104,0.10393504146486521,-0.0019097628888630424,0.0,0.0001,0.1424845542758703,0.18603042513132095,0.5781818583607674,0.03472455898299813,0.058578616194427016,2.6505175291970824,32.8527565028837,15.86021505376344
33,router_only,-4973.283095955849,0.6066666841506958,0.7072250857949257,0.6994394525885582,0.6898497208952904,0.00802871452178806,0.02066011130809793,0.10722566414624453,-0.002128599122079322,0.0,0.0001,0.143842002004385,0.19409233555197716,0.5682742714881897,0.03430208675563336,0.05948931025341153,2.1881416208167686,33.35065789887214,17.13978494623656
34,router_only,-4847.386436343193,0.6100000143051147,0.7008145704865456,0.7061922371387481,0.6973663002252579,0.007108839706052095,0.02524768421426412,0.11419486477971078,-0.0017497620479844044,0.0,0.0001,0.14787445813417435,0.2026837170124054,0.5562693253159523,0.03402604795992374,0.059146448597311975,2.432514844374679,33.433272391722824,16.7741935483871
35,router_only,-4862.064319014549,0.6133333444595337,0.6775751173496246,0.7100731208920479,0.6978522375226021,0.008141997852362692,0.02339590368792418,0.12552707381546496,-0.0021258413325995207,0.0,0.0001,0.1420138869434595,0.20170445293188094,0.5679672822356224,0.03353840317577124,0.05477598188444972,2.4158840399865973,33.409625475473284,16.838709677419356
36,router_only,-4682.567959785461,0.6166666746139526,0.6695428997278213,0.7158403098583221,0.7039892464876175,0.007782382296863943,0.009196130186319394,0.11004311665892601,-0.001955212115717586,0.0,0.0001,0.14611492529511452,0.2001718781888485,0.5651603326201439,0.03327985815703869,0.055273004341870546,2.253306505846842,33.21491135038616,15.876344086021504
37,router_only,-4800.891325652599,0.6200000047683716,0.6593271926045418,0.719582861661911,0.7046867072582245,0.007948261231649666,0.007725861575454469,0.10978713668882847,-0.0017241209050553152,0.0,0.0001,0.1424941524863243,0.20282342955470084,0.5655821904540062,0.033037700969725844,0.056062526721507314,2.0447613042356516,33.045942071864026,16.591397849462368
38,router_only,-4860.811945199966,0.6233333349227905,0.6482370719313622,0.7247603803873062,0.7088966056704521,0.007960469729732722,0.01031553940847519,0.10842780880630017,-0.002115378030612192,0.0,0.0001,0.14569997414946556,0.19847530424594878,0.567534139752388,0.03295308742672205,0.055337497126311065,2.28645319983673,33.250093763469806,16.693548387096772
39,router_only,-4825.792829632759,0.6266666650772095,0.6362714603543281,0.7311393782496453,0.7142499178647995,0.007781161752063781,0.00505644464865327,0.10413903351873159,-0.0015909094654489309,0.0,0.0001,0.1462391659617424,0.20039328411221505,0.5651524215936661,0.03302413485944271,0.05519098974764347,2.7913128885362597,33.0900631202345,16.811827956989248
40,router_only,-4841.267085552216,0.6299999952316284,0.6262750312685966,0.7388063102960587,0.7220577895641327,0.007153424527496099,0.014427756145596514,0.11137669254094362,-0.0018916800399892963,0.0,0.0001,0.15305503234267234,0.2007913004606962,0.5590576723217964,0.03296317886561155,0.05413282159715891,2.0272938048475924,33.393239776728294,16.5752688172043
41,router_only,-4704.930887043476,0.6333333253860474,0.6167353898286819,0.7431778386235237,0.7254572033882141,0.0071044178446754815,0.00488909827545294,0.09956482145935297,-0.001613656482368242,0.0,0.0001,0.15533882081508638,0.20014065727591515,0.5592184320092202,0.03277076939120889,0.05253132414072752,2.097850105671034,33.40421551869972,15.973118279569892
42,router_only,-4595.960146784782,0.6366666555404663,0.61509118527174,0.7429120078682899,0.7232258453965187,0.007392297347541899,0.008842875529080634,0.10542871039360761,-0.0019636146767879835,0.0,0.0001,0.15278732888400554,0.2018433164805174,0.5619372144341469,0.03250358179211617,0.05092856977134943,2.5321596469827443,33.65374106232398,15.559139784946236
43,router_only,-4717.725436925888,0.6399999856948853,0.6154230892658233,0.745734578371048,0.7274593591690064,0.0063813112094067035,0.03258622447028764,0.11114972233772277,-0.002435942912416067,0.0,0.0001,0.1554226916283369,0.21529821306467056,0.5460335507988929,0.03211413091048598,0.05113142039626837,2.5807922264708694,33.22136996552507,16.161290322580648
44,router_only,-4660.030961036682,0.6433333158493042,0.6055099159479141,0.7491328686475753,0.7315490484237671,0.006108618539292366,0.01668885089457034,0.10434275325387717,-0.0020383509836392477,0.0,0.0001,0.1545850433409214,0.22364263907074927,0.5394176363945007,0.031770157627761364,0.050584531482309104,2.2455132954664063,33.0641417436058,15.876344086021504
45,router_only,-4605.79569542408,0.6466666460037231,0.6032739713788032,0.7491339057683944,0.7296431869268417,0.006510151911061257,0.010266906721517532,0.1183164505288005,-0.002667253994877683,0.0,0.0001,0.14995605647563934,0.22368814051151276,0.5436753123998642,0.0312656840775162,0.051414800342172384,2.2534841808988895,33.318230165346705,15.698924731182796
46,router_only,-4638.072008907795,0.6499999761581421,0.6021857216954232,0.7501703098416328,0.7295177981257439,0.0067744350177235905,0.010017108824104032,0.10688107404857874,-0.001961694260535296,0.0,0.0001,0.14546178802847862,0.22625942751765252,0.5450109973549843,0.030751403560861944,0.05251638824120164,2.2368107279657834,33.40298802162254,15.838709677419354
47,router_only,-4673.217234075069,0.653333306312561,0.6071224257349968,0.750163845717907,0.7311005741357803,0.006157599936705083,0.029188260203227394,0.10841823220252991,-0.002110215989523567,0.0,0.0001,0.14478705413639545,0.23727626726031303,0.5314140006899833,0.030429002828896046,0.056093677412718534,2.261630123148591,33.54439649787433,15.838709677419354
48,router_only,-4723.438553214073,0.6566666960716248,0.6027350768446922,0.750745789706707,0.7288089409470558,0.006537890317849815,0.012117081740871123,0.11507845167070627,-0.0019766617893765214,0.0,0.0001,0.14119369797408582,0.23522557877004147,0.5365049198269844,0.030014506774023175,0.057061299309134485,2.369208175090811,33.39995599194439,16.21505376344086
49,router_only,-4578.25051087141,0.6600000262260437,0.5984075769782067,0.75326077491045,0.7302341759204865,0.0062344585196115075,0.013532007206231371,0.1138030968606472,-0.0021786187276120472,0.0,0.0001,0.14179152809083462,0.23969731889665127,0.5301612034440041,0.02959222192876041,0.058757735043764116,2.647057401619779,33.49525956954604,15.60215053763441
50,router_only,-4515.411161005497,0.6633333563804626,0.5887184739112854,0.7569300800561904,0.7339711099863052,0.006135948037263006,0.005661945324391106,0.11729096379131079,-0.0021010281285271048,0.0,0.0001,0.1424377404153347,0.24188207760453223,0.5278423741459847,0.029249186301603912,0.05858862567692995,2.5937057017244127,33.367415380053735,15.317204301075268
51,router_only,-4595.5664893984795,0.6666666865348816,0.5876020789146423,0.7578586012125015,0.7369429513812065,0.005696368345525116,0.02044214657507844,0.1259218567982316,-0.002493713696890154,0.0,0.0001,0.14476658403873444,0.24946554228663445,0.5177710562944412,0.029099430702626706,0.058897390495985746,2.5684383895879024,33.49574713631202,15.672043010752686
52,router_only,-4563.0266063809395,0.6700000166893005,0.5872737258672714,0.7588900417089463,0.7399745911359787,0.00534764495678246,0.012451996188610766,0.11008206401020289,-0.002505211422976572,0.0,0.0001,0.14774479605257512,0.2521291233599186,0.5116130277514458,0.02903145905584097,0.059481593407690526,3.211379099661317,33.356961976417296,15.516129032258064
53,router_only,-4592.559422791004,0.6733333468437195,0.5901566833257675,0.7589122161269188,0.7439081475138665,0.004780817043501884,0.02176812505349517,0.12069971226155758,-0.002757892821318819,0.0,0.0001,0.1523723267018795,0.2556436635553837,0.5008012890815735,0.028959137480705978,0.06222358737140894,2.6693002393137886,34.08306620463625,15.553763440860216
54,router_only,-4592.957429647446,0.6766666769981384,0.593837684392929,0.7585433751344681,0.7444027557969093,0.004713184025604278,0.01021969844587144,0.11784388218075037,-0.0024490575760864886,0.0,0.0001,0.1504101749509573,0.2557868495583534,0.497972958534956,0.02863976643420756,0.06719024647027254,2.5896718339788025,34.224864279900366,15.63978494623656
55,router_only,-4495.228294670582,0.6800000071525574,0.5926323622465134,0.7577337518334388,0.7435134291648865,0.004889812634792179,0.007276394730433823,0.13388011530041694,-0.0026482133820536547,0.0,0.0001,0.14723157398402692,0.25694877058267596,0.49872409403324125,0.028180174250155687,0.0689153915271163,2.8367758019430327,34.01958031780112,15.284946236559142
56,router_only,-4415.21626919508,0.6833333373069763,0.5845255255699158,0.7603481501340866,0.743726409971714,0.005238015844952315,0.015419364348054018,0.13565880805253983,-0.002806673647137359,0.0,0.0001,0.14519014321267604,0.2541262611746788,0.5064337737858295,0.027866364922374487,0.06638345643877983,2.842275463856519,33.26426882840115,14.951612903225806
57,router_only,-4545.802489697933,0.6866666674613953,0.5805128440260887,0.7628527611494065,0.7461877629160881,0.005020586086902768,0.006928182533010797,0.11640378795564174,-0.002103299734335451,0.0,0.0001,0.14865423887968063,0.25321546085178853,0.5046618446707726,0.027599239209666847,0.06586922472342849,3.00496813172292,33.573258990926995,15.526881720430108
58,router_only,-4485.511322617531,0.6899999976158142,0.5738976314663887,0.7642293184995651,0.7440698862075805,0.005375550175085664,0.01615911084227267,0.12547320909798146,-0.0025764034129679204,0.0,0.0001,0.14663252867758275,0.2486793056130409,0.5127413973212243,0.02707619545981288,0.06487057572230696,2.8367090260445598,34.189684149070345,15.263440860215056
59,router_only,-4568.697100698948,0.6933333277702332,0.5697439461946487,0.766712075471878,0.7468467980623246,0.00515522692585364,0.008094892278313646,0.1170935919508338,-0.002378854900234728,0.0,0.0001,0.14967729523777962,0.2496819853782654,0.5097269743680954,0.026758454460650682,0.06415529372170567,3.012754438059377,33.472392643693524,15.634408602150538
60,router_only,-4459.075377821922,0.6966666579246521,0.5678878709673881,0.7682033002376556,0.7471394047141076,0.005060234933625907,0.003740536933764905,0.11444159150123596,-0.0022062599720811702,0.0,0.0001,0.1509137649089098,0.2491017859429121,0.5087489977478981,0.02644635862670839,0.06478908909484744,3.0911577861129342,33.59725434589358,15.026881720430108
61,router_only,-4375.569278240204,0.699999988079071,0.5694313377141953,0.7691523998975753,0.7493844106793404,0.004757835599593818,0.012982071470469248,0.12002492267638445,-0.002646262185407977,0.0,0.0001,0.1519509803503752,0.24846129231154918,0.5032044783234596,0.026140345772728325,0.07024291921406985,2.7228240413409246,33.177341727490166,14.849462365591398
62,router_only,-4393.171153724194,0.70333331823349,0.5634993195533753,0.7716524749994278,0.7533388420939445,0.004424889327492565,0.013443156238645258,0.11888905633240938,-0.002921877201879397,0.0,0.0001,0.1549521628767252,0.24713255129754544,0.4982781641185284,0.025673815282061696,0.0739633072167635,3.059174531756049,33.60589088969596,14.881720430107526
63,router_only,-4385.997999668121,0.7066666483879089,0.5522480413317681,0.7749566569924354,0.7556129038333893,0.004356024845037609,0.008318511443212624,0.1255484987050295,-0.0028747618169290947,0.0,0.0001,0.15609464943408966,0.24351146668195725,0.49895562008023264,0.02513564396649599,0.07630262020975351,2.7385804563156655,33.95707697009052,14.849462365591398
64,router_only,-4234.004616498947,0.7099999785423279,0.5482730984687805,0.7768913477659225,0.7556345850229264,0.004158527875551954,0.011874371441081166,0.11474259719252586,-0.0026522797008510677,0.0,0.0001,0.15765050426125526,0.24696379639208316,0.49338326677680017,0.024770813016220927,0.07723162285983562,3.1751260544072575,33.66862783319367,14.306451612903226
65,router_only,-4406.6664929986,0.7133333086967468,0.5470410257577896,0.7772406294941903,0.7554204821586609,0.004178231133846566,0.003527873707935187,0.1191488679498434,-0.0026459396176505834,0.0,0.0001,0.1569821260869503,0.2462093945592642,0.49352164939045906,0.024429659731686114,0.07885718066245317,2.6813480295969603,33.75077196849598,14.967741935483872
66,router_only,-4504.682200670242,0.7166666388511658,0.5469770297408104,0.779479131102562,0.7587788954377175,0.0037335324741434306,0.019988507358357253,0.12324531432241201,-0.0026885490711720194,0.0,0.0001,0.16155146583914756,0.24824440032243728,0.4836966559290886,0.024260393390432,0.08224708270281553,3.112731624309478,34.1520935373929,15.17204301075269
67,router_only,-4323.069353222847,0.7200000286102295,0.5417112961411477,0.7816812366247177,0.7594271838665009,0.0037007885752245785,0.0036430519539863253,0.12429141271859408,-0.0027198679710636496,0.0,0.0001,0.16166968755424022,0.24708440117537975,0.48334562629461286,0.02394989728927612,0.08395038805902004,2.7152684864137733,33.886668408562535,14.586021505376346
68,router_only,-4437.669661462307,0.7233333587646484,0.532489751279354,0.786135682463646,0.7616490051150322,0.0038791277736891063,0.0124818939715624,0.13298004157841206,-0.0023506753597757777,0.0,0.0001,0.16081521660089493,0.24323451034724713,0.489586578309536,0.023733031004667282,0.08263067416846752,2.95839119591145,33.78091545389579,15.204301075268816
69,router_only,-4406.087852418423,0.7266666889190674,0.5248867779970169,0.7900577038526535,0.7635521233081818,0.004027816717280075,0.010130760958418215,0.12758108042180538,-0.0029439633676702215,0.0,0.0001,0.1612306609749794,0.24235252663493156,0.49423651248216627,0.023412137152627112,0.07876816932111978,3.1139432266029625,33.65661194665984,15.053763440860216
70,router_only,-4393.025363445282,0.7300000190734863,0.5222011253237724,0.7924123242497444,0.7639054238796235,0.0038620573992375284,0.009956264076754418,0.1352445375174284,-0.003474194923910545,0.0,0.0001,0.16300920620560647,0.23960132151842117,0.4922914706170559,0.023130252305418254,0.08196775633841753,2.847144099453792,34.425158747540976,14.736559139784946
71,router_only,-4451.303113400936,0.7333333492279053,0.5190942339599133,0.7933858260512352,0.7682896062731743,0.0034232499601785094,0.0253765869885683,0.1289384664967656,-0.0028359740050291292,0.0,0.0001,0.1669494640082121,0.2450154647231102,0.4799205377697945,0.02281288905069232,0.08530164621770382,2.8998438147726784,34.17262262334121,15.134408602150536
72,router_only,-4312.096298635006,0.7366666793823242,0.5217129901051522,0.7921029388904571,0.7671705022454262,0.00345206301426515,0.01799459448084233,0.1343670953065157,-0.0031647300340409855,0.0,0.0001,0.16487802900373935,0.25329115279018877,0.4732972621917725,0.02251029834151268,0.0860232513397932,2.874156994480041,33.87981505519376,14.650537634408604
73,router_only,-4234.589475870132,0.7400000095367432,0.509682296961546,0.7983628287911415,0.7710947006940841,0.0034937982738483695,0.009766908036544866,0.12918270844966173,-0.0021126216364791618,0.0,0.0001,0.16537280939519405,0.24949563816189765,0.4776859417557716,0.022143752640113236,0.08530186358839273,3.301835972213199,33.947203601141666,14.451612903225808
74,router_only,-4270.994572937489,0.7433333396911621,0.5093847438693047,0.7980152532458306,0.7676745861768722,0.003731190349208191,0.00799053004011514,0.1270558612421155,-0.003090886169229634,0.0,0.0001,0.16175683364272117,0.2501192893832922,0.48101591169834135,0.021764463232830166,0.08534350730478764,3.0282112103323064,34.06243748548007,14.403225806451614
75,router_only,-4279.713255465031,0.746666669845581,0.5120010830461978,0.7974838674068451,0.7648576870560646,0.0038783124997280537,0.004827021108940285,0.1374782731756568,-0.003155015480297152,0.0,0.0001,0.1596842549741268,0.2504391498863697,0.48304890394210814,0.021423526108264923,0.08540415987372399,2.9787660156240543,33.72023062557693,14.338709677419356
76,router_only,-4405.103172600269,0.75,0.5081631653010845,0.8011653676629067,0.7687802374362945,0.0036367619642987846,0.016034767171367953,0.12604479044675826,-0.003241749049630016,0.0,0.0001,0.16418673135340214,0.2539540588855743,0.47747974544763566,0.02108211093582213,0.08329735174775124,3.11332726405083,33.89559050311049,14.994623655913978
77,router_only,-4354.081293225288,0.753333330154419,0.4998945713043213,0.8054341048002243,0.7714953169226646,0.0035629329562652857,0.004751706402748801,0.13311430681496858,-0.003075693856771977,0.0,0.0001,0.16594553142786025,0.2518302213400602,0.47797476276755335,0.020830097375437617,0.08341938965022563,2.925462789328982,34.2099344662628,14.817204301075268
78,router_only,-4255.033748090267,0.7566666603088379,0.49471946656703947,0.8071264296770095,0.7696057960391045,0.0038846913143061102,0.017202036408707454,0.12807444632053375,-0.0027154025963682217,0.0,0.0001,0.16138653755187987,0.24804674796760082,0.4855868317186832,0.020571549981832506,0.08440834246575832,3.2683251120787364,33.79081310808418,14.413978494623656
79,router_only,-4395.438239514828,0.7599999904632568,0.4875477612018585,0.8109546035528183,0.772372080385685,0.00379243457573466,0.004197693010792106,0.12947270050644874,-0.0028939376820744656,0.0,0.0001,0.16271255910396576,0.24807574339210986,0.4838524028658867,0.02020712741650641,0.08515216708183289,2.953863438568417,34.18813539727423,14.876344086021506
80,router_only,-4307.165685892105,0.7633333206176758,0.47654725834727285,0.8155627608299255,0.7739812672138214,0.003954918513773009,0.01908809803426259,0.12591928876936437,-0.0024492502701832564,0.0,0.0001,0.16027405858039856,0.24130259342491628,0.4892683051526546,0.0198747290764004,0.08928031399846077,2.4704291278120216,33.75112986370495,14.473118279569894
81,router_only,-4293.581548392773,0.7666666507720947,0.46996602416038513,0.8179447114467621,0.7769570454955101,0.003784304321743548,0.00982510754838584,0.13612463753670453,-0.0031785326937097125,0.0,0.0001,0.1624798636883497,0.23904663361608983,0.4868906319141388,0.019595810724422336,0.0919870650395751,2.887008129120907,34.092139947835534,14.68279569892473
82,router_only,-4299.719845592976,0.7699999809265137,0.45590466633439064,0.8238886803388595,0.7821314752101898,0.0036872657015919684,0.007916282908991039,0.13868568632751704,-0.003147653093765257,0.0,0.0001,0.16562810577452183,0.23717360943555832,0.4877005308866501,0.019281560275703668,0.09021619781851768,3.274981478726239,33.83259862027664,14.56451612903226
83,router_only,-4360.403752624989,0.7733333110809326,0.45102991387248037,0.8244127124547959,0.7813744902610779,0.00387568922014907,0.00837752101942893,0.13333795871585608,-0.003398712609850918,0.0,0.0001,0.16305467188358308,0.23923128396272658,0.4898316152393818,0.0189509691670537,0.08893146067857742,3.0167190529424617,34.115797640729525,14.688172043010752
84,router_only,-4151.0957317352295,0.7766666412353516,0.4518667712807655,0.8227006062865257,0.7810355111956596,0.0037188931659329683,0.013894888712093233,0.13105180133134126,-0.0027377141395845683,0.0,0.0001,0.16396002918481828,0.2447457369416952,0.4832053415477276,0.018629797780886293,0.08945909403264522,3.2341161265984972,33.64157512696024,13.956989247311826
85,router_only,-4239.7216955423355,0.7799999713897705,0.446216794103384,0.8251312106847764,0.7845270290970803,0.0034158583730459213,0.018160106334835273,0.13769350703805686,-0.0024706325093575288,0.0,0.0001,0.1694526646286249,0.24833315275609494,0.4765484340488911,0.01832593879662454,0.08733980543911457,2.933569758207394,33.5922430491241,14.344086021505376
86,router_only,-4296.623852729797,0.7833333611488342,0.44309645146131516,0.8266437500715256,0.7843947127461434,0.0033483231498394163,0.008472505258396299,0.13703734017908573,-0.0030812313140813783,0.0,0.0001,0.17024222575128078,0.25147896371781825,0.4726100921630859,0.01802802933380008,0.08764068726450205,3.0018109031842837,33.09419192041105,14.580645161290324
87,router_only,-4151.491411685944,0.7866666913032532,0.43710470795631406,0.8296857804059983,0.7897145628929139,0.0031025427277199926,0.01652014711871738,0.14172397330403327,-0.0029992196992679964,0.0,0.0001,0.17374850064516068,0.25414703525602816,0.4646175779402256,0.017760471627116203,0.08972641602158546,2.974392190059899,33.86076630897954,13.913978494623654
88,router_only,-4213.449637770653,0.7900000214576721,0.43195381462574006,0.8315934613347054,0.7879449516534806,0.00313092369469814,0.009084124397486414,0.13890434857457876,-0.0027141918209963476,0.0,0.0001,0.17276139222085476,0.25095344372093675,0.4664252571761608,0.01739910850301385,0.09246079809963703,3.118234605797285,34.03748332291731,14.102150537634408
89,router_only,-4109.9637368917465,0.7933333516120911,0.430381465703249,0.8325223445892334,0.7880542516708374,0.0030148696212563665,0.005185509612783752,0.14235469698905945,-0.0031479465265420005,0.0,0.0001,0.17535414658486842,0.25067754834890366,0.4645809143781662,0.017114572552964093,0.0922728169709444,2.6037582664071026,33.29077908118856,13.693548387096774
90,router_only,-4176.566482305527,0.79666668176651,0.43474736586213114,0.8303979992866516,0.7839765429496766,0.0029699433303903787,0.008590834308415646,0.14156480357050896,-0.002943520281041856,0.0,0.0001,0.17490679696202277,0.2502159930765629,0.461516285687685,0.016792690241709353,0.09656823538243771,3.228537212798292,33.50202524396648,14.0752688172043
91,router_only,-4110.050590157509,0.800000011920929,0.4285428009927273,0.8331182181835175,0.7851691752672195,0.0028317048912867905,0.009243270475417356,0.14714168570935726,-0.0033805690356530247,0.0,0.0001,0.1779454082250595,0.24623561836779118,0.46120546832680703,0.01646224516443908,0.09815125744789839,3.4740881551743805,33.99556412123035,13.795698924731184
92,router_only,-4231.5773758888245,0.8033333420753479,0.43339283019304276,0.8310734868049622,0.7820047289133072,0.002777857426553965,0.0065875095780938975,0.14673153944313527,-0.0034716672334980103,0.0,0.0001,0.17840473353862762,0.24682736098766328,0.4581692934036255,0.01620466783642769,0.10039394684135913,3.408132347576625,33.946325615963374,14.13440860215054
93,router_only,-4110.410577654839,0.8066666722297668,0.43333384692668914,0.831010277569294,0.7783003523945808,0.003009373048553243,0.010046215588226909,0.147384125739336,-0.0030175786378549676,0.0,0.0001,0.1743247728794813,0.24719901904463767,0.462820740044117,0.01595582361333072,0.0996996408328414,3.174433226044007,33.73650218045221,13.88709677419355
94,router_only,-4137.3873101472855,0.8100000023841858,0.43077019453048704,0.8327517732977867,0.7769865274429322,0.002955233270768076,0.00735801986884331,0.14756362326443195,-0.0033002262280206196,0.0,0.0001,0.17462775707244874,0.2475758593529463,0.4594447650015354,0.015652789059095083,0.10269882660359145,3.145766329508549,33.77156531647674,13.978494623655912
95,router_only,-4098.463976383209,0.8133333325386047,0.42873349189758303,0.83326455950737,0.776942390203476,0.00291266284766607,0.009278852050192642,0.14704596865922212,-0.002518913993117167,0.0,0.0001,0.17463083527982234,0.2464610181748867,0.45621657073497773,0.015356400934979319,0.10733517687767744,3.405873187368639,33.90814685340504,13.85483870967742
96,router_only,-4121.5646340847015,0.8166666626930237,0.4321340464055538,0.8319553598761559,0.7737249910831452,0.002809691126458347,0.014083583257161124,0.15288774482905865,-0.0033599099715502234,0.0,0.0001,0.17607392109930514,0.24672736786305904,0.44945808351039884,0.01507309617009014,0.11266753263771534,3.3332398492192072,33.85106741618906,13.930107526881722
97,router_only,-4065.452233195305,0.8199999928474426,0.4328337714076042,0.8325066685676574,0.7724439308047295,0.0028296800563111903,0.008676221547648267,0.14084808062762022,-0.0030413940403377637,0.0,0.0001,0.17546514682471753,0.24449679031968116,0.44821080192923546,0.014821618446148932,0.11700564306229352,3.3653854143554103,33.75086094372782,13.71505376344086
98,router_only,-3993.8252024650574,0.8233333230018616,0.42773045524954795,0.8356844931840897,0.7760880768299103,0.0026957566384226083,0.007465084129944413,0.149447032622993,-0.0036130655818851663,0.0,0.0001,0.17884093299508094,0.24101724177598954,0.44834066554903984,0.014568626298569143,0.11723253671079874,3.4336593563753,33.34044726202047,13.349462365591396
99,router_only,-4085.051410496235,0.8266666531562805,0.42704856768250465,0.8358676806092262,0.7757261142134666,0.002585664426442236,0.007632488850504184,0.1455334896221757,-0.0031492934518610126,0.0,0.0001,0.18161624856293201,0.24038363099098206,0.445403865724802,0.014322786289267243,0.11827345937490463,3.317158435329298,33.440089768917744,13.71505376344086
100,router_only,-4035.69568669796,0.8299999833106995,0.42350420355796814,0.8375664561986923,0.7752339154481888,0.0027929925825446846,0.010675196070224088,0.12618228029459716,-0.0019534030405338855,0.0,0.0001,0.1772523108869791,0.23966732434928417,0.45032491683959963,0.014065439044497908,0.11869001276791095,3.2820114590608016,34.09484487774896,13.548387096774196
101,router_only,-4106.420183062553,0.8333333134651184,0.41925312057137487,0.8395439997315407,0.7786938175559044,0.0025894773192703725,0.011292833485640533,0.14039199184626341,-0.0029322595219127834,0.0,0.0001,0.18273617066442965,0.239266961440444,0.45048747435212133,0.013822398846969008,0.11368699967861176,3.480948195560697,34.419692850237126,13.85483870967742
102,router_only,-4110.052730381489,0.8366666436195374,0.41792401745915414,0.8400296300649643,0.7782685041427613,0.0027834182896185667,0.009497812506742767,0.13799029923975467,-0.0032844142580870537,0.0,0.0001,0.17820265218615533,0.24038340859115123,0.45188701897859573,0.013607006170786917,0.11591990925371647,3.1965116998345455,33.877013163463324,13.892473118279568
103,router_only,-3935.6246237158775,0.8399999737739563,0.41067649945616724,0.843569491803646,0.7822121903300285,0.00281352941528894,0.003876490006223355,0.13938659634441136,-0.0029589290417789014,0.0,0.0001,0.17792061641812323,0.23930104002356528,0.45382526591420175,0.013361947215162217,0.11559112947434187,3.59392399216093,33.74639625621141,13.091397849462366
104,router_only,-3982.334608256817,0.8433333039283752,0.41311052441596985,0.842204087972641,0.7800444662570953,0.0027447443979326637,0.014265811047516772,0.1339144891127944,-0.0030078698160650673,0.0,0.0001,0.17916053608059884,0.24125651232898235,0.44702508449554446,0.013029226288199424,0.11952864620834588,3.2825932104261386,33.64676628554608,13.46774193548387
105,router_only,-4078.3638070225716,0.846666693687439,0.40914576426148414,0.8445151686668396,0.7788586601614952,0.0029193189169745893,0.009748091013170786,0.14049883279949427,-0.003272234866744839,0.0,0.0001,0.1753158763051033,0.2405605733394623,0.4469832219183445,0.01273763810750097,0.12440268769860267,3.3495634252852344,33.69325725834573,13.763440860215054
106,router_only,-3945.5472627282143,0.8500000238418579,0.41053020805120466,0.8437960624694825,0.7779452428221703,0.00284888829337433,0.008748103352263567,0.14426277875900267,-0.003106228791148169,0.0,0.0001,0.1771915104240179,0.24299483448266984,0.4428847201168537,0.012462089885957539,0.12446684576570988,3.4628443050166444,34.21735412000906,13.231182795698926
107,router_only,-3964.6836208701134,0.8533333539962769,0.4086652249097824,0.8441766604781151,0.7782948300242424,0.0029211266664788127,0.007071747584268434,0.1465210696682334,-0.0027075514430180193,0.0,0.0001,0.17582633681595325,0.24111749082803727,0.44525704756379125,0.012168735056184233,0.12563039381057023,3.4739136875703553,33.720332823031896,13.295698924731184
108,router_only,-4071.799451112747,0.8566666841506958,0.4103338710963726,0.8428580075502395,0.7774059563875199,0.0029169278393965216,0.007388336420990479,0.13886369671672583,-0.003078143278253265,0.0,0.0001,0.17601532414555549,0.24462266862392426,0.442973729968071,0.011927324859425426,0.12446095030754804,3.087318647518655,33.979592699094994,13.78494623655914
109,router_only,-4004.3622211813927,0.8600000143051147,0.4065339468419552,0.8446300640702248,0.7790450334548951,0.002907565183704719,0.01092547771986574,0.15572000592947005,-0.004146524236421101,0.0,0.0001,0.17698350697755813,0.2491172231733799,0.4386010840535164,0.011650419957004488,0.12364776078611613,3.4906973278576885,33.87907400243547,13.532258064516128
110,router_only,-3990.796779334545,0.8633333444595337,0.40344502329826354,0.8453103840351105,0.7810348585247994,0.0029528569721151143,0.006452488293871312,0.15887312758713962,-0.0035401455272221936,0.0,0.0001,0.1763126239180565,0.2523434653878212,0.43823944628238676,0.01141392404679209,0.1216905314475298,3.234118664791239,33.46688842853865,13.45698924731183
111,router_only,-4066.169309616089,0.8666666746139526,0.3960018031299114,0.8489416643977166,0.7842815890908241,0.002766713162418455,0.010239989683032021,0.14896748270839452,-0.0033580703424377135,0.0,0.0001,0.18068841770291327,0.24747600294649602,0.4384078860282898,0.011161398538388313,0.12226629965007305,3.192204677411591,33.853617741018596,13.666666666666666
112,router_only,-4061.584493279457,0.8700000047683716,0.39452968165278435,0.8491954997181892,0.7832869499921798,0.0028308923938311636,0.004566255584359181,0.14249216113239527,-0.0028869894415038287,0.0,0.0001,0.17937338463962077,0.24911652281880378,0.4390504933893681,0.010942180291749537,0.1215174226090312,3.1088675020058307,34.195841167395244,13.704301075268818
113,router_only,-3885.984700202942,0.8733333349227905,0.3987902395427227,0.847841939330101,0.7801280111074448,0.002950695261824876,0.00736275450326505,0.13811497204005718,-0.0030949979693104977,0.0,0.0001,0.17725580781698227,0.252797894179821,0.43818468824028967,0.010702715418301523,0.1210588863119483,3.2433477990267043,33.548742411140395,13.102150537634408
114,router_only,-4013.835977971554,0.8766666650772095,0.39803181067109106,0.8483166426420212,0.7786217153072357,0.003002966719213873,0.010634926799684792,0.1503984335809946,-0.0032525160590012093,0.0,0.0001,0.1761197593063116,0.2488961398601532,0.4387313939630985,0.010423060948960483,0.1258296500891447,2.926241598452637,33.86530697715994,13.45698924731183
115,router_only,-4123.403031826019,0.8799999952316284,0.4020718164741993,0.8469048246741295,0.7775784388184548,0.0028872712806332856,0.023375855665653915,0.13719918821007013,-0.0030190166891770785,0.0,0.0001,0.18060558401048182,0.253736374899745,0.4273002900183201,0.010166236734949052,0.12819151785224675,2.959583997402228,34.29261440410523,13.951612903225808
116,router_only,-4021.380401134491,0.8833333253860474,0.3992332100868225,0.8491453781723977,0.7762657344341278,0.0030512003577314317,0.009501791745424232,0.14075078051537276,-0.003508061035245191,0.0,0.0001,0.1768377847969532,0.2560473162680864,0.42974024415016177,0.009948178729973733,0.12742647882550956,3.3203028725636483,34.02848943532407,13.50537634408602
117,router_only,-3993.218591272831,0.8866666555404663,0.40173777341842654,0.8482462987303734,0.7750761955976486,0.002951421728357673,0.010480404156260208,0.14454727247357368,-0.003608348725902033,0.0,0.0001,0.17932787947356701,0.25252657420933244,0.4282048873603344,0.009764072019606829,0.13017658274620772,3.049386207920831,34.32714994698205,13.311827956989248
118,router_only,-3978.19844853878,0.8899999856948853,0.3990418665111065,0.8490708529949188,0.7755128413438797,0.002875292330281809,0.011094397353008345,0.1399214280769229,-0.002955893384933006,0.0,0.0001,0.18249877467751502,0.2520015466958284,0.42348566427826884,0.009461127081885934,0.13255288936197757,3.1707803287955216,34.09449093162753,13.32795698924731
119,router_only,-3979.3032287359238,0.8933333158493042,0.3980206295847893,0.8492801189422607,0.7750919342041016,0.002880069863749668,0.005140491575002654,0.14796633664518594,-0.0035086392995935965,0.0,0.0001,0.1824853364378214,0.2497197389602661,0.42532227709889414,0.009186128014698624,0.13328652307391167,3.2588619414437145,33.986500814412025,13.311827956989248
120,router_only,-3967.522377073765,0.8966666460037231,0.398055849224329,0.8487126499414444,0.7729700043797493,0.0028169753961265085,0.013119061477482314,0.1482240879908204,-0.0034083202648616862,0.0,0.0001,0.18584746606647967,0.25254928730428217,0.41900878250598905,0.008940089913085102,0.13365437388420104,3.144129900571187,33.92756956044178,13.39784946236559
121,router_only,-3912.7287157177925,0.8999999761581421,0.39035403430461885,0.852383679151535,0.7743564233183861,0.0027403098472859712,0.018484908412210663,0.1547881258651614,-0.0040411347734334415,0.0,0.0001,0.18657140843570233,0.2436089377850294,0.4256879225373268,0.008637984073720873,0.1354937445372343,3.4181415296058426,34.27970447707136,12.96774193548387
122,router_only,-4052.049883723259,0.903333306312561,0.3918646901845932,0.8522717759013176,0.7719891622662545,0.0028829997463617474,0.008089795522391757,0.14619173351675271,-0.0032610276835384868,0.0,0.0001,0.18386455215513706,0.24340022243559362,0.4248777776956558,0.00831880623009056,0.13953864574432373,3.2424530488633545,33.68721993002246,13.639784946236558
123,router_only,-3847.6637899279594,0.9066666960716248,0.3829213112592697,0.8561404183506965,0.7743567436933517,0.0028242905624210834,0.00809532715938987,0.14485934972763062,-0.0033301128136372427,0.0,0.0001,0.18499060347676277,0.24198939166963102,0.4277993865311146,0.007954888069070876,0.13726572766900064,3.47744694702726,33.66081279755094,12.978494623655914
124,router_only,-3954.4866864681244,0.9100000262260437,0.37947126030921935,0.8571152687072754,0.7729465514421463,0.0028498473227955403,0.0064284806721843675,0.15018850211054086,-0.0033086981402448146,0.0,0.0001,0.18540763221681117,0.24260072521865367,0.42485364004969595,0.007686395815107971,0.1394516073167324,3.406933025745112,34.09443435762141,13.32795698924731
125,router_only,-4014.28834348917,0.9133333563804626,0.3794339008629322,0.8566897705197334,0.7717296153306961,0.0029398031299933793,0.005879479588475078,0.14225515257567167,-0.0028589570330950663,0.0,0.0001,0.18434438183903695,0.24296030215919018,0.4232574537396431,0.007406094600446523,0.14203177206218243,3.4327585387779997,34.420417282185795,13.543010752688172
126,router_only,-3936.8573917746544,0.9166666865348816,0.3713000640273094,0.8601760521531105,0.771222485601902,0.0029742271814029663,0.005642406502738656,0.1527299540117383,-0.0034852649841923267,0.0,0.0001,0.18310969471931457,0.24301024414598943,0.4260287143290043,0.007088933209888637,0.1407624166458845,3.476627957949605,34.21233992496107,13.193548387096774
127,router_only,-3915.293011903763,0.9200000166893005,0.3717496611177921,0.8585789322853088,0.7695767104625701,0.002965731220319867,0.002327309746760881,0.15720961857587099,-0.003410392007936025,0.0,0.0001,0.18386798687279224,0.24327402450144292,0.42516179829835893,0.006792192033026367,0.1409039966762066,3.538447556972793,33.83517110152868,13.241935483870968
128,router_only,-3951.035087764263,0.9233333468437195,0.3710673488676548,0.8594262048602104,0.7680818676948548,0.0030269900162238628,0.00758028236450623,0.16367591507732868,-0.003492940443538828,0.0,0.0001,0.18233726248145105,0.24684219285845757,0.42538377121090887,0.006510560633614659,0.13892621137201785,3.2820524574475916,33.73524332989995,13.20967741935484
129,router_only,-3946.1677153110504,0.9266666769981384,0.37232944145798685,0.8592480748891831,0.7662190943956375,0.0031177221739199013,0.010486331616993954,0.15187581945210696,-0.003605207447981229,0.0,0.0001,0.1819738231599331,0.2493988137692213,0.42077744007110596,0.006237165641505271,0.14161275662481784,3.624050036106894,33.66383198637038,13.381720430107528
130,router_only,-3902.287888288498,0.9300000071525574,0.36712046414613725,0.861052642762661,0.7632361277937889,0.0032265235262457282,0.011666993936523817,0.1599276950582862,-0.003410302696283907,0.0,0.0001,0.17949642464518548,0.24632528237998486,0.42350268438458444,0.005954597017262131,0.14472100771963597,3.6305719749751266,34.042552519950554,13.053763440860214
131,router_only,-3794.940289616585,0.9333333373069763,0.36321906596422193,0.8631145894527436,0.7627103418111801,0.003205440001329407,0.009301534679252616,0.15154841765761376,-0.00327926935033247,0.0,0.0001,0.18145318664610385,0.2482394643127918,0.41911484822630884,0.005691666388884187,0.14550083167850972,3.444068971272455,34.43352427220035,12.655913978494624
132,router_only,-3948.673412322998,0.9366666674613953,0.3667350493371487,0.8611953005194664,0.760254143178463,0.003300369414500892,0.006951043067965628,0.1546436794102192,-0.004003446215290296,0.0,0.0001,0.17922424636781215,0.2507248692214489,0.42010496854782103,0.005423777352552861,0.14452214315533637,3.4855819575795284,33.81732563311734,13.403225806451612
133,router_only,-3806.126170873642,0.9399999976158142,0.36312758177518845,0.8623595356941223,0.7609937220811844,0.0032625006046146155,0.004580280755180844,0.1549530804157257,-0.00371810354780564,0.0,0.0001,0.18089718259871007,0.24999900572001935,0.4188483253121376,0.00511614044662565,0.14513934403657913,3.6311021597156197,33.91890145558503,12.854838709677418
134,router_only,-3831.2938100099564,0.9433333277702332,0.36115616038441656,0.8624840781092644,0.7583232775330544,0.0033300513692665844,0.012451413297094404,0.16709628477692604,-0.0041582043319067456,0.0,0.0001,0.1803483709692955,0.25622471459209917,0.4160087876021862,0.004868457792326808,0.14254967160522938,3.6283583886808755,33.98742954728671,12.82795698924731
135,router_only,-3960.962523818016,0.9466666579246521,0.36129777133464813,0.8618454366922379,0.7486247837543487,0.0035966514376923444,0.011629167897626847,0.16306788865476846,-0.0035331058519659565,0.0,0.0001,0.17477633915841578,0.25722643435001374,0.4171264559030533,0.004625906422734261,0.14624486826360225,3.642702563866033,34.00819844157276,13.408602150537636
136,router_only,-3858.683676123619,0.949999988079071,0.35280066952109335,0.8654482617974282,0.7503722667694092,0.0035416570492088793,0.008836926543153833,0.14778512325137855,-0.0035374878142647504,0.0,0.0001,0.1775093350559473,0.25891189761459826,0.4138053871691227,0.004312254837714136,0.1454611212015152,3.5293026377450394,34.188322795174514,12.983870967741936
137,router_only,-3817.287086188793,0.95333331823349,0.3488156981766224,0.867303055524826,0.7521140605211258,0.0035960679757408797,0.005498451890889549,0.15196894574910402,-0.003460161430120934,0.0,0.0001,0.17687224298715593,0.2616611272096634,0.4133704178035259,0.004016226355452091,0.14407998882234097,3.5943009309085907,33.68523987532066,12.82795698924731
138,router_only,-3772.626897275448,0.9566666483879089,0.3493279993534088,0.8673660561442376,0.7524194866418839,0.003648004011483863,0.003003447857918207,0.15594120491296054,-0.0035799585504719287,0.0,0.0001,0.1760746341198683,0.26131575629115106,0.41328960880637167,0.003738287679152563,0.14558170922100544,3.3634116267798655,33.78455261958338,12.623655913978496
139,router_only,-3682.0645648241043,0.9599999785423279,0.3456421077251434,0.8690663307905198,0.7526966169476509,0.0036435572663322093,0.009218535624677265,0.14455924481153487,-0.0034588774549774827,0.0,0.0001,0.17824801318347455,0.2631122529506683,0.40894903540611266,0.0034695947309955955,0.1462211027741432,3.5990600795818,33.98096241946622,12.333333333333334
140,router_only,-3733.9108065366745,0.9633333086967468,0.343240012973547,0.8695658206939697,0.7507114544510841,0.0036977006297092886,0.009618538181530278,0.16509182415902615,-0.004011532841832377,0.0,0.0001,0.17864637412130832,0.26752316430211065,0.40676654875278473,0.003200396749889478,0.1438635215163231,3.6582120982250594,34.36730603370831,12.618279569892474
141,router_only,-3724.289038360119,0.9666666388511658,0.33887680172920226,0.8715438529849052,0.7521373495459557,0.003726235800422728,0.005634391593048271,0.15549267809838058,-0.003468642052030191,0.0,0.0001,0.17931564822793006,0.26709849908947947,0.4046734213829041,0.0029009919031523167,0.14601144157350063,3.9520120941931953,34.219034436738966,12.456989247311828
142,router_only,-3871.9092803001404,0.9700000286102295,0.3339663244783878,0.8732666805386543,0.7540640771389008,0.0036279598716646433,0.012156997353304177,0.1497323740273714,-0.003376380586269079,0.0,0.0001,0.18013975732028484,0.26131507456302644,0.40779744759202,0.002605916769243777,0.1481418039649725,3.7650969670460395,34.500998045683,13.075268817204302
143,router_only,-3725.228238224983,0.9733333587646484,0.33222215697169305,0.8742956846952439,0.7544682934880257,0.003721018321812153,0.004722426424268627,0.16134185921400784,-0.0033895663887960835,0.0,0.0001,0.17938181944191456,0.26177783459424975,0.4064581789076328,0.0023419062257744373,0.150040253251791,3.849718969888212,34.43991198062152,12.559139784946236
144,router_only,-3762.0241327881813,0.9766666889190674,0.33057197034358976,0.8748020738363266,0.7502851992845535,0.003944316861452535,0.011253383912844573,0.15015632789582015,-0.0035334387765033172,0.0,0.0001,0.17653493136167525,0.2646120458841324,0.4039319008588791,0.0020883855351712553,0.1528327390551567,3.6556782547983535,33.99431807408122,12.693548387096772
145,router_only,-3777.2142835259438,0.9800000190734863,0.33603811711072923,0.8714316636323929,0.7464081704616546,0.004157226521056145,0.0198775126016699,0.16411650106310843,-0.0032612892271572493,0.0,0.0001,0.17789249941706659,0.2709767043590546,0.39425188601016997,0.0018296426685992628,0.15504926741123198,3.6573409671879684,33.95452423120251,12.715053763440858
146,router_only,-3772.332809984684,0.9833333492279053,0.33094635903835296,0.8738260939717293,0.7455475762486458,0.004220604395959527,0.005146305315429406,0.15358600653707982,-0.003325150795717491,0.0,0.0001,0.1756856206804514,0.270865585654974,0.39674671515822413,0.0015744855627417564,0.15512758903205395,3.8570877409273256,33.82266862754439,12.876344086021504
147,router_only,-3664.1346514821053,0.9866666793823242,0.3309363774955273,0.8736751034855843,0.7446766957640648,0.00407110660453327,0.012251502217259213,0.16669605635106563,-0.0032952652298263276,0.0,0.0001,0.1760924242436886,0.265012938529253,0.40188257247209547,0.0013013849616982042,0.1557106826454401,3.88039071072762,34.019392979364085,12.274193548387096
148,router_only,-3694.9262733459473,0.9900000095367432,0.3276514753699303,0.8736835092306137,0.7449101686477662,0.004047602467471734,0.003077550414309377,0.15616282261908054,-0.0031775798220223805,0.0,0.0001,0.17715525887906552,0.26380923986434934,0.4018219031393528,0.00102697803376941,0.15618662349879742,3.853143529156136,34.02255448480315,12.43010752688172
149,router_only,-3743.6974269151688,0.9933333396911621,0.32123182713985443,0.8762110859155655,0.7474219769239425,0.00388212728430517,0.014071181858889753,0.16837662886828184,-0.0036751310995896346,0.0,0.0001,0.17719572111964227,0.2603004053235054,0.4088170312345028,0.0007571898328023963,0.15292965471744538,3.7207869704310794,34.05121940705456,12.63978494623656
150,router_only,-3681.700549542904,0.996666669845581,0.31929618418216704,0.8770260110497474,0.7458494737744331,0.00401961081661284,0.010438838747359147,0.15813764743506908,-0.002763368618889217,0.0,0.0001,0.17397251836955546,0.2585709199309349,0.41121758669614794,0.0004904596462438349,0.15574851967394351,3.695220207397823,33.86426126735152,12.489247311827958
151,router_only,-3744.8968193531036,1.0,0.318035177141428,0.8770995199680328,0.7439880982041359,0.0039545605948660524,0.009599728298780924,0.16301300711929798,-0.0037891152023803443,0.0,0.0001,0.17428896203637123,0.2607945196330547,0.41347740814089773,0.00021207487370702438,0.15122704096138478,3.7056012396348814,33.70330997647154,12.715053763440858
152,router_only,-3677.3840542435646,1.0,0.31838814318180086,0.8762761875987053,0.742776894569397,0.004002844967180863,0.016465298182447474,0.16677700057625772,-0.0035705357026017738,0.0,0.0001,0.17513169385492802,0.26817764416337014,0.40854847356677054,0.00021886505637667142,0.14792332388460636,3.8099729685802686,34.27889212768132,12.4247311827957
153,router_only,-3600.8004335165024,1.0,0.3179739013314247,0.8758676186203956,0.7392316475510597,0.004270275455201045,0.013432625473433263,0.16835019905120135,-0.004160594769928139,0.0,0.0001,0.1716780811548233,0.274893956631422,0.40565441101789473,0.00019350721304363107,0.14758004397153854,3.807921817065902,34.210606640876776,12.03763440860215
154,router_only,-3703.7353135943413,1.0,0.31752145662903786,0.8764156714081764,0.7418306559324265,0.0042064458946697416,0.004599156943368138,0.15850128922611476,-0.003704683227078931,0.0,0.0001,0.1722597699612379,0.27259437963366506,0.4068178445100784,0.00020266729698050767,0.14812534153461457,3.746675294255878,34.0872343115573,12.526881720430108
155,router_only,-3743.641057550907,1.0,0.32407221570611,0.8736681848764419,0.7404430612921715,0.004237543145427481,0.007752828814045609,0.1632689766585827,-0.003043962479569018,0.0,0.0001,0.17143558710813522,0.26954214423894884,0.40762950479984283,0.00022614123772655149,0.1511666178703308,3.781238590280272,34.04546316094198,12.79032258064516
156,router_only,-3593.5466462373734,1.0,0.32031787037849424,0.875516340136528,0.7441483646631241,0.00408784625469707,0.01004723097976245,0.16406277120113372,-0.003225896723142796,0.0,0.0001,0.17234439812600613,0.2675775684416294,0.4117435894906521,0.0002268636817461811,0.14810758084058762,3.5304563913062923,33.736110741601856,12.086021505376344
157,router_only,-3644.2882422804832,1.0,0.323076468706131,0.8743535354733467,0.7411640673875809,0.004043512942735106,0.009426050909678458,0.15536854080855847,-0.00306177668608143,0.0,0.0001,0.17398629672825336,0.26479058265686034,0.40981762781739234,0.00022678107634419576,0.15117870308458806,3.588807360133546,34.255544360711966,12.258064516129032
158,router_only,-3684.7467398643494,1.0,0.32134278044104575,0.8754604309797287,0.7397629961371421,0.004010111698880792,0.005713238229509449,0.1589647399261594,-0.00341419592150487,0.0,0.0001,0.17384179159998894,0.2662649266421795,0.4111999079585075,0.00021600526670226828,0.1484773699194193,3.681077787393338,33.72023101439125,12.483870967741934
159,router_only,-3686.2847571969032,1.0,0.32293781042099,0.8745873987674713,0.7350691139698029,0.004139813355868683,0.005790041849832006,0.15813381783664227,-0.0035022454852878583,0.0,0.0001,0.1717188712209463,0.26565462425351144,0.41104535534977915,0.00020876209455309436,0.15137239322066307,3.8732934862137385,34.238174870230004,12.473118279569892
160,router_only,-3674.145709633827,1.0,0.32191317826509475,0.874373309314251,0.7380110934376717,0.0041163053130730985,0.009935708952616529,0.16336854603141546,-0.0038563545545912347,0.0,0.0001,0.17408664226531984,0.2682508662343025,0.40638994202017786,0.0002126008697814541,0.15105994939804077,3.980706201571688,33.881060040753304,12.39247311827957
161,router_only,-3643.588846921921,1.0,0.31909295842051505,0.8760613486170769,0.7358176916837692,0.004063376365229488,0.008958751392128778,0.16161527410149573,-0.003037671442143619,0.0,0.0001,0.1740343376994133,0.2703855365514755,0.4087346471846104,0.00020198485362925566,0.14664349406957627,3.6982300321415544,34.06079142933625,12.32258064516129
162,router_only,-3654.28456312418,1.0,0.32127404510974883,0.8750107362866402,0.7338108837604522,0.004095143248559907,0.003809383847692571,0.15817355122417212,-0.0033059434208553284,0.0,0.0001,0.17429943196475506,0.2720251329243183,0.407133436948061,0.00019246975352871232,0.1463495261967182,3.7370971956169687,33.973042960916935,12.370967741935484
163,router_only,-3740.7046483159065,1.0,0.3180332168936729,0.8768399015069008,0.7335175320506095,0.004213064117357135,0.007999340137394017,0.16316350270062685,-0.002749721271538874,0.0,0.0001,0.17181501165032387,0.27530485689640044,0.40785338655114173,0.00018722559725574682,0.14483952410519124,3.659614519449695,34.07468555101844,12.688172043010754
164,router_only,-3704.117363214493,1.0,0.32257749810814856,0.8747851803898812,0.7321558997035027,0.0043293849506881085,0.00836300231749188,0.1535810735076666,-0.0036375208001118153,0.0,0.0001,0.17197908088564873,0.27907831892371177,0.4036718845367432,0.0001890120252937777,0.14508170671761036,3.6177463496504103,34.34068467043211,12.586021505376344
165,router_only,-3686.514852106571,1.0,0.3198252871632576,0.8758375599980355,0.7342084676027298,0.004292332462500781,0.003960144980737823,0.17612444795668125,-0.0032800489861983806,0.0,0.0001,0.17166372761130333,0.27743133530020714,0.40565195456147196,0.0001774624193785712,0.14507551826536655,3.5037051485494013,34.290470403554664,12.575268817204302
166,router_only,-3650.574779212475,1.0,0.3214524447917938,0.8755302488803863,0.7342220634222031,0.004293618310475722,0.00660569921528808,0.1627918180078268,-0.003020787233253941,0.0,0.0001,0.1730423726141453,0.27935553789138795,0.40283187106251717,0.00016950079952948727,0.14460071176290512,3.7395835419262813,34.428615455588556,12.333333333333334
167,router_only,-3612.0655217170715,1.0,0.32367476001381873,0.8735946729779244,0.729274919629097,0.004371403355617076,0.00369150954247745,0.16375593300908803,-0.0033355024876073,0.0,0.0001,0.17119738571345805,0.27998158112168314,0.40385199934244154,0.00016873433087312152,0.1448002964258194,3.7345773087547878,33.76523569532571,12.188172043010754
168,router_only,-3714.1129726171494,1.0,0.3228479988873005,0.8739590972661972,0.7295646101236344,0.004441623436287045,0.011766338022425733,0.16348894983530043,-0.003044098943064455,0.0,0.0001,0.1718256689608097,0.2852364704012871,0.401185904443264,0.00015653023328923154,0.14159542992711066,3.6691121494944396,33.97860167210567,12.645161290322582
169,router_only,-3583.6543206572533,1.0,0.32231816053390505,0.8738443434238434,0.729171259701252,0.004371643398189917,0.004529541745978411,0.16321942806243897,-0.002803628185938578,0.0,0.0001,0.17409043833613397,0.2850115098059177,0.39948694258928297,0.0001380043495373684,0.1412731058895588,3.809255522652623,34.04951700527401,12.075268817204302
170,router_only,-3680.3344820141792,1.0,0.31946907714009287,0.876220029592514,0.7303055375814438,0.004476853832602501,0.007222508200356964,0.16046109721064566,-0.003729654600147114,0.0,0.0001,0.17377103939652444,0.2864998713135719,0.39619949385523795,0.0001335977698545321,0.1433959983289242,3.680837294444856,34.24399643190285,12.36021505376344
171,router_only,-3653.159918665886,1.0,0.32134213820099833,0.8752152785658837,0.7263432025909424,0.004434234497603029,0.002754535876374575,0.15718027614057065,-0.003188025574490894,0.0,0.0001,0.17514830864965916,0.2863723926246166,0.3954427197575569,0.00011364476467861096,0.1429229374974966,3.634811737896799,33.94877991546556,12.387096774193548
172,router_only,-3733.4987514019012,1.0,0.32166393622756007,0.8743260607123375,0.7237010389566422,0.004483837902080267,0.01388762588921964,0.17130712624639272,-0.003156920589390211,0.0,0.0001,0.17087905295193195,0.2836978353559971,0.40149561911821363,0.00011922744124603923,0.14380826838314534,3.780746232312044,34.105791741585875,12.661290322580646
173,router_only,-3740.9968520998955,1.0,0.32037223726511,0.8753160089254379,0.7295029670000076,0.00411197884241119,0.01612603739067705,0.16395050063729286,-0.0032849055552333084,0.0,0.0001,0.17617249116301537,0.2756348118185997,0.40313474386930465,0.00012113032116758404,0.14493681639432907,3.7322030267875927,34.133090059676306,12.715053763440858
174,router_only,-3687.523171365261,1.0,0.3183163978159428,0.8759234681725502,0.728377279639244,0.004217076644999906,0.00727471759091714,0.15845310147851704,-0.0031083335947187153,0.0,0.0001,0.17589753977954387,0.2779526710510254,0.39977422580122945,0.00011924519840249559,0.14625632017850876,3.7625010215050834,34.10744335202285,12.403225806451614
175,router_only,-3583.032886981964,1.0,0.3150879696011543,0.8770057961344719,0.7277438983321189,0.004193481965921819,0.009627899644146964,0.16923635248094798,-0.003620951440825593,0.0,0.0001,0.1741131603717804,0.27748166471719743,0.40458817407488823,0.00011111985113529955,0.1437058798968792,3.675250580614246,34.08976271773053,12.102150537634408
176,router_only,-3626.0467422008514,1.0,0.3108363047242165,0.8786324679851532,0.7294693380594254,0.004044920188607648,0.015189185538474714,0.16890833154320717,-0.003889725243061548,0.0,0.0001,0.17769725807011127,0.2719981111586094,0.40247821509838105,0.0001100423247407889,0.1477163776755333,3.6956113873109375,33.86582029937858,12.204301075268816
177,router_only,-3669.846511244774,1.0,0.308999041467905,0.8792650118470192,0.7263398706912995,0.004226127499714493,0.00893176832396419,0.16226710863411425,-0.004415674490155652,0.0,0.0001,0.17514695450663567,0.2725215509533882,0.40056754276156425,0.00010513387132959906,0.1516588218510151,3.7958210827427377,33.91735747526761,12.462365591397848
178,router_only,-3603.488511323929,1.0,0.30708589851856233,0.8808910071849823,0.7309311151504516,0.004166218097088859,0.009086648111588158,0.16048374958336353,-0.003112474692534306,0.0,0.0001,0.17837527990341187,0.2738365463912487,0.39648829847574235,9.929697716870578e-05,0.15120057575404644,3.7082460445974124,34.044625929133176,12.182795698924732
179,router_only,-3682.88938832283,1.0,0.30701950192451477,0.8801413267850876,0.7313696250319481,0.004133075242862105,0.006930381513302569,0.16270465981215237,-0.004388063652731944,0.0,0.0001,0.17730422206223012,0.2738354794681072,0.3999429792165756,0.00010980796487274347,0.14880751073360443,3.8338417122098583,34.104673840362764,12.505376344086022
180,router_only,-3695.147631883621,1.0,0.30502780750393865,0.8805872976779938,0.732167261838913,0.004107341985218227,0.00430699527732939,0.1748925244435668,-0.003901822666375665,0.0,0.0001,0.17890253514051438,0.2737840086221695,0.39784094914793966,0.00011462119364296086,0.14935787878930568,3.807620943958799,34.01965292693012,12.53225806451613
181,router_only,-3638.316981971264,1.0,0.30195423066616056,0.8820143342018127,0.7319081574678421,0.004227648576488718,0.01428811026562471,0.16749891731888056,-0.003333918476710096,0.0,0.0001,0.17798763662576675,0.2809217020869255,0.3960114702582359,0.00012098732186132111,0.14495820552110672,3.7654860867583095,34.10882940824287,12.301075268817204
182,router_only,-3688.5634343624115,1.0,0.3015760160982609,0.8818233072757721,0.7319709062576294,0.004435720364563167,0.010398864154012633,0.15718812067061663,-0.003891025233315304,0.0,0.0001,0.1768970400094986,0.2861152246594429,0.39195099249482157,0.000126899510541989,0.1449098505079746,3.691177376606692,34.209225694050524,12.510752688172044
183,router_only,-3627.438198328018,1.0,0.3043857105076313,0.8802773848176002,0.7305276051163674,0.004289820702979341,0.013286413571586253,0.17167024556547403,-0.003756145732768346,0.0,0.0001,0.1756850328296423,0.2809667266905308,0.39858428463339807,0.00013680686679435895,0.14462714157998563,3.7036940352772585,34.406567792852854,12.236559139784946
184,router_only,-3543.4210491776466,1.0,0.3048394486308098,0.8811143279075623,0.7330952271819114,0.004195413354318589,0.014926380972610814,0.1634941916912794,-0.0034946451953146605,0.0,0.0001,0.18119060508906842,0.28033626079559326,0.39176114797592165,0.0001272221314138733,0.14658476300537587,3.6901001639376965,33.558942759994146,11.870967741935484
185,router_only,-3653.8284116983414,1.0,0.3053646177053452,0.8806781843304634,0.7320337310433388,0.0041390604281332346,0.0035762525862082285,0.16122269220650196,-0.0035610159089628723,0.0,0.0001,0.18188947588205337,0.2785519897937775,0.3921379052102566,0.00012336647923802957,0.1472972609102726,3.9299365724954356,33.89818198965176,12.408602150537634
186,router_only,-3616.5711629986763,1.0,0.30734041780233384,0.879304225742817,0.7304610535502434,0.00416448789765127,0.008292286856158205,0.1648366352543235,-0.0034607241104822606,0.0,0.0001,0.18296008072793485,0.2816245637834072,0.389770033955574,0.00012633070582523942,0.14551898837089539,3.8459432074031215,34.268687827305676,12.17741935483871
187,router_only,-3738.521997690201,1.0,0.30743170380592344,0.8798394978046418,0.7321922317147255,0.004196016158675775,0.006587826790746437,0.1724262660369277,-0.0035848723258823157,0.0,0.0001,0.1846136048436165,0.2828333146870136,0.3864836774766445,0.00011877958477271022,0.14595063254237176,3.7837076089463526,34.24284773155827,12.661290322580646
188,router_only,-3661.059793949127,1.0,0.30188839957118035,0.8817899376153946,0.7335364177823067,0.004029284679563716,0.01585368746164021,0.17640571109950542,-0.0035531738394638523,0.0,0.0001,0.18298850543797016,0.2798548825085163,0.3944105193018913,0.0001019393241222133,0.14264415875077247,3.8924104066360723,34.484831941648316,12.370967741935484
189,router_only,-3617.2671563625336,1.0,0.30462166741490365,0.8803096368908883,0.7300778836011886,0.004018230555811897,0.00014710013074366036,0.1688180984929204,-0.003896691153931897,0.0,0.0001,0.18296311609447002,0.2798434190452099,0.3944786563515663,0.00010734654824773315,0.1426074557006359,3.9028459437711307,33.886968646350965,12.204301075268816
190,router_only,-3553.5778747200966,1.0,0.3122171312570572,0.8773875892162323,0.7240786746144294,0.004174606880405917,0.009118350509561423,0.1666999666020274,-0.004217619579139864,0.0,0.0001,0.18211123235523702,0.280277119576931,0.39078215658664706,9.655968333390774e-05,0.1467329353094101,3.6839247376383444,33.81051078890194,11.935483870967742
191,router_only,-3674.310800552368,1.0,0.31258230209350585,0.8780552387237549,0.7260204091668129,0.004038491944083944,0.007742006132139073,0.17740393318235875,-0.0037820606372406473,0.0,0.0001,0.18318515047430992,0.2764135152101517,0.3930961050093174,8.91562409378821e-05,0.14721606709063054,3.804012024899734,34.56814963412199,12.43010752688172
192,router_only,-3738.302154004574,1.0,0.31408711075782775,0.87695252597332,0.7246483221650124,0.00413835360086523,0.009586003594449688,0.17714728619903325,-0.0038941604158026165,0.0,0.0001,0.181197177618742,0.2807835303246975,0.3935102067887783,9.804607288970147e-05,0.1444110430777073,3.8352196281870996,34.35631102706585,12.704301075268818
193,router_only,-3585.1275438666344,1.0,0.314575070142746,0.8768166169524193,0.723025894165039,0.004139333189232275,0.0034594210173964023,0.1733100287616253,-0.003698220182559453,0.0,0.0001,0.18026681542396544,0.27999271750450133,0.3949890583753586,8.951196068665012e-05,0.14466190338134766,3.682711087842596,34.36022668787367,12.096774193548388
194,router_only,-3689.8894622325897,1.0,0.31553191766142846,0.876806253194809,0.7222392454743385,0.004211234184913338,0.005243733414863505,0.16422790978103877,-0.0032492558726517017,0.0,0.0001,0.17775136157870292,0.2798892632126808,0.3971227064728737,8.654897519591031e-05,0.14515011757612228,3.741744323400294,34.38465275611154,12.526881720430108
195,router_only,-3714.104505598545,1.0,0.3169797882437706,0.8759686857461929,0.7200463339686394,0.004315658728592098,0.006997474772106244,0.1709206262603402,-0.004392390227440046,0.0,0.0001,0.17749109640717506,0.2800473175942898,0.39389351606369016,7.727176816842984e-05,0.1484908051788807,3.7529161819591526,33.93010522501792,12.548387096774194
196,router_only,-3562.809870362282,1.0,0.3137298658490181,0.876526914536953,0.7231477618217468,0.004250449902610853,0.004166748571697204,0.1714121088385582,-0.0036069968205993063,0.0,0.0001,0.17783887200057508,0.2794800721108913,0.3956289678812027,7.741576137050288e-05,0.14697467349469662,3.593910743863221,33.90714067909315,12.026881720430108
197,router_only,-3523.98257291317,1.0,0.31421936452388766,0.8764044240117073,0.7254324227571487,0.004275048436829821,0.00638147668050813,0.16483918204903603,-0.0037199445519945583,0.0,0.0001,0.17939083352684976,0.27993829920887947,0.3924382276833057,8.666678477311506e-05,0.1481459703296423,3.964392316590465,34.14791434246118,11.806451612903226
198,router_only,-3636.4819148778915,1.0,0.3114752933382988,0.8774535119533539,0.7256917104125022,0.004228830797364936,0.0024998893550218504,0.16321100499480962,-0.0031184202744043432,0.0,0.0001,0.17929360903799535,0.2797232545912266,0.39368817433714864,8.399597900279331e-05,0.14721096754074098,3.9583196853401335,34.25231962789644,12.220430107526882
199,router_only,-3691.7623251080513,1.0,0.3117665030062199,0.8780159905552865,0.7249317586421966,0.004150524537544697,0.009512083871413834,0.16413754485547544,-0.0039024840618367305,0.0,0.0001,0.17779713794589042,0.27753433734178545,0.3984404236078262,8.779231629887362e-05,0.14614031761884688,3.81503140270874,33.98606840819662,12.543010752688172
200,router_only,-3577.0227331519127,1.0,0.31791047304868697,0.8751058354973793,0.7225840374827385,0.004209658899344504,0.015096600341166732,0.17776012793183327,-0.0036648901354055853,0.0,0.0001,0.18148684948682786,0.2813929200172424,0.39103158563375473,8.434978808509186e-05,0.14600429199635984,3.8629666197251713,34.16502380693393,12.026881720430108
201,router_only,-3623.0474813580513,1.0,0.31829554438591,0.8747950062155724,0.7242974311113357,0.0041441835928708315,0.0066894025983856185,0.17192797921597958,-0.003581171876430744,0.0,0.0001,0.18349833451211453,0.2797622583806515,0.3893175445497036,8.733462800591951e-05,0.14733452200889588,4.131918398089316,34.24343052976382,12.155913978494622
202,router_only,-3589.9099332094193,1.0,0.3175212062895298,0.8747108057141304,0.7230651050806045,0.004188722395338118,0.008354586011773857,0.17505500912666322,-0.003918642776989145,0.0,0.0001,0.1810553953051567,0.2780279092490673,0.3918762102723122,9.485563805355923e-05,0.14894563294947147,3.826065010053025,34.1546473788631,12.091397849462366
203,router_only,-3660.0667064785957,1.0,0.3180343948304653,0.8754144996404648,0.7214374288916587,0.004323660471709445,0.005557918260819894,0.17632179334759712,-0.004042757715797052,0.0,0.0001,0.1782764382660389,0.28030959889292717,0.3922059513628483,0.00010267212692269823,0.1491053469479084,3.7458170643513955,34.25708502150323,12.387096774193548
204,router_only,-3650.059337258339,1.0,0.3172124564647675,0.875137186050415,0.7242511987686158,0.004227452352643013,0.008889973304394566,0.17369054704904557,-0.004060785585897975,0.0,0.0001,0.1798727937042713,0.27597817629575727,0.3920933708548546,0.00010168254902964691,0.15195397213101386,3.8756333063501955,34.03960703293134,12.35483870967742
205,router_only,-3543.4685606360435,1.0,0.3156419910490513,0.8758494287729264,0.7257609322667122,0.0042064138571731744,0.011558065008284773,0.17460933774709703,-0.003911525550574879,0.0,0.0001,0.18415714018046855,0.2766469828784466,0.38631434068083764,0.00010545124259806471,0.15277608521282673,3.8708942026468898,33.88522067100441,11.951612903225808
206,router_only,-3572.1311386823654,1.0,0.32284360080957414,0.8731115102767945,0.7170934736728668,0.0045581292128190395,0.018447742759235525,0.17439964674413205,-0.004276511466014199,0.0,0.0001,0.18351652659475803,0.28148716166615484,0.37773108184337617,0.00011164356819790556,0.15715358443558217,3.88020746275289,34.01780343623553,12.032258064516128
207,router_only,-3517.787619829178,1.0,0.3211434900760651,0.8739309698343277,0.7217737302184105,0.004425621626432985,0.01043813161468271,0.17161491997539996,-0.003814319417870138,0.0,0.0001,0.18238305002450944,0.27882939726114275,0.38294091299176214,0.00012088049916201272,0.1557257618755102,3.847498485858103,34.324012840172834,11.811827956989248
208,router_only,-3594.891619324684,1.0,0.3214050054550171,0.8736692532896996,0.7243140950798989,0.004265419876901433,0.010252472770662286,0.17283998504281045,-0.004137927248757478,0.0,0.0001,0.18349406719207764,0.2800063230097294,0.38577920719981196,0.00011804703099187464,0.15060235969722272,3.753410821562888,34.323144710620376,12.112903225806452
209,router_only,-3686.7126874923706,1.0,0.32130924612283707,0.8738583937287331,0.7247871190309525,0.004348587425192818,0.009036363246559653,0.1706419985741377,-0.004324896729303873,0.0,0.0001,0.18266245052218438,0.2776985764503479,0.3844050608575344,0.00011337220639688894,0.15512053854763508,3.718472416326943,34.14642287831893,12.446236559139786
210,router_only,-3655.9857761263847,1.0,0.321978922188282,0.873345921933651,0.726088972389698,0.004223548021400347,0.007469299425611048,0.17238823510706425,-0.0033924742936505938,0.0,0.0001,0.1856637794524431,0.2745542377233505,0.38381474912166597,0.00011551312072697329,0.1558517176657915,3.805417704732677,33.82334938180215,12.397849462365592
211,router_only,-3574.025579571724,1.0,0.3218932941555977,0.8727284476161004,0.7255727738142014,0.004226741404272616,0.008127141943805349,0.1727904250845313,-0.004760663825072698,0.0,0.0001,0.18787500634789467,0.2764063499867916,0.38055232018232343,0.00011574652380659245,0.15505057722330093,3.7677744427967217,34.12827681429913,12.010752688172042
212,router_only,-3610.245433986187,1.0,0.32080709636211396,0.8735444277524949,0.7249932825565338,0.004301358724478632,0.0036871940275886974,0.17064321544021369,-0.004483311368676368,0.0,0.0001,0.18679692782461643,0.27652153596282003,0.3797890953719616,0.00011345282473484986,0.15677898824214936,3.8579756128413085,33.94673526066219,12.188172043010754
213,router_only,-3611.952501833439,1.0,0.3201879054307938,0.8731883585453033,0.7301515281200409,0.004180454084416851,0.01832990045186304,0.16885331645607948,-0.004029728565001278,0.0,0.0001,0.1911818016320467,0.26944113746285436,0.37770637944340707,0.00011161556285514962,0.16155906319618224,3.905346673419242,33.78869050658849,12.247311827956988
214,router_only,-3536.2001952528954,1.0,0.31764052510261537,0.8742272943258286,0.7293191909790039,0.0040652770723681895,0.008215297717651915,0.1706946160644293,-0.0034595031993376324,0.0,0.0001,0.19033333249390125,0.26669705733656884,0.3818130254745483,0.00011261613490205491,0.16104396134614946,3.9629907786936034,34.34731922127177,11.833333333333334
215,router_only,-3567.0989322066307,1.0,0.32174955010414125,0.8723378524184227,0.7259785056114196,0.00438952260883525,0.015427080195877324,0.17709292732179166,-0.004422886593965813,0.0,0.0001,0.1890998065471649,0.27142138704657554,0.37533301413059234,0.0001194382855828735,0.16402635239064695,3.7392032755751474,34.11523670179112,11.973118279569892
216,router_only,-3652.0474629998207,1.0,0.32366997599601743,0.8713661670684815,0.7234339043498039,0.004515591158997268,0.005685298636308294,0.17551700621843339,-0.003706865208732779,0.0,0.0001,0.18759713992476462,0.2718116380274296,0.3739972323179245,0.00011523752928042086,0.1664787508547306,3.9045961336429076,33.820949240449,12.274193548387096
217,router_only,-3676.360376238823,1.0,0.3216957747936249,0.8722731187939644,0.7252824783325196,0.004382623301353306,0.011351567509882431,0.1734015755355358,-0.0034607058638357556,0.0,0.0001,0.1860509529709816,0.2682308003306389,0.37967301830649375,0.00011275126744294539,0.16593248024582863,4.125666928267456,33.91335098395313,12.440860215053764
218,router_only,-3667.135617852211,1.0,0.3200328566133976,0.8730746895074845,0.7231911957263947,0.004310775804333389,0.006450624849276221,0.17893513180315496,-0.00387327466505667,0.0,0.0001,0.18787215650081635,0.26963491141796114,0.37869003415107727,0.00010971060019073774,0.1636931948363781,3.9591865881473733,34.05867674716774,12.419354838709678
219,router_only,-3592.952424645424,1.0,0.31946675553917886,0.874067322909832,0.7245263651013374,0.004420272330753506,0.004728712917676553,0.18201683312654496,-0.004253209168382455,0.0,0.0001,0.1855179775506258,0.2703106015920639,0.37899169996380805,9.952897817129269e-05,0.16508019119501113,3.826548092008274,34.57287870915171,12.03763440860215
220,router_only,-3596.3018612861633,1.0,0.31754140332341196,0.8743851706385612,0.7256638497114182,0.004372075549326837,0.008220492485270386,0.16823460273444651,-0.0035983856330858545,0.0,0.0001,0.18838926441967488,0.26823527961969373,0.3769567757844925,9.977428417187184e-05,0.16631890535354615,3.916497667267392,34.11713466187442,12.166666666666668
221,router_only,-3633.8112546801567,1.0,0.3171414233744144,0.8743618339300155,0.723163615167141,0.004505749588133767,0.012916118166685869,0.17527984417974948,-0.004155118936614599,0.0,0.0001,0.18706923201680184,0.26337616220116616,0.3766868971288204,9.07442929019453e-05,0.17277696505188941,4.045722687570514,34.0145193299541,12.25268817204301
222,router_only,-3694.522538483143,1.0,0.3121998429298401,0.8760003119707107,0.7280866742134094,0.00421008396660909,0.013615776720143908,0.17418162971735002,-0.0038378086275770327,0.0,0.0001,0.188742758333683,0.26149695441126825,0.3818212613463402,8.27914214823977e-05,0.16785623952746392,3.8598282100822363,34.08926525127128,12.526881720430108
223,router_only,-3582.2296520471573,1.0,0.31076008453965187,0.8768332034349442,0.7300801679491997,0.004083782189991325,0.010162134203164863,0.17255396582186222,-0.003762893971725134,0.0,0.0001,0.18769497014582157,0.2626986876130104,0.38570059314370153,8.077332458924502e-05,0.16382497660815715,3.840443980879329,34.27587589945168,12.053763440860216
224,router_only,-3725.162321448326,1.0,0.31392917111516,0.8758891209959984,0.7261520639061928,0.004190274304710329,0.010651157745905932,0.18265778794884682,-0.004173465673102328,0.0,0.0001,0.1895546730607748,0.2646359011530876,0.38038545921444894,7.032319072095561e-05,0.16535363383591176,3.813309823776002,34.01662789279375,12.655913978494624
225,router_only,-3554.7103829979897,1.0,0.31223887130618094,0.8763590738177299,0.728647431731224,0.00418301354511641,0.013282054405317479,0.17429605945944787,-0.0033603361225686967,0.0,0.0001,0.18630393110215665,0.266897227615118,0.38475608453154564,7.940407349451561e-05,0.16196335405111312,3.9294734220941976,34.1302897511233,11.903225806451614
226,router_only,-3602.3166169524193,1.0,0.3096917249262333,0.8778060391545296,0.7314842045307159,0.004078888177173212,0.012746881875045801,0.17371301725506783,-0.003455253988795448,0.0,0.0001,0.185943203791976,0.26088451221585274,0.38890391066670416,8.157796182786114e-05,0.1641867931932211,3.9470726773494973,34.13013115133604,12.225806451612902
227,router_only,-3656.8010417222977,1.0,0.3070090629160404,0.8787075847387313,0.733528445661068,0.004060501686763018,0.008061096472374579,0.17182968631386758,-0.0032879586364288117,0.0,0.0001,0.18772398084402084,0.26313428580760956,0.3862100444734097,7.734227910987102e-05,0.16285434924066067,3.868974109297568,33.99109716159202,12.295698924731182
228,router_only,-3631.495332479477,1.0,0.30579539835453035,0.8797144666314125,0.7370525971055031,0.003853244736092165,0.013366163116552332,0.1775738563388586,-0.003890401864919113,0.0,0.0001,0.18835394978523254,0.25790637023746965,0.3922614112496376,7.908866227808175e-05,0.16139918379485607,3.8702564792271277,34.200015716060975,12.27956989247312
229,router_only,-3615.51877117157,1.0,0.3163834743201733,0.8744695097208023,0.7300626456737518,0.004125022108200938,0.013842700812892855,0.17675454132258892,-0.004146647810557624,0.0,0.0001,0.18695192076265812,0.25885297954082487,0.3867480643093586,7.31114154405077e-05,0.16737392209470273,3.9174659268187786,34.11144427838865,12.247311827956988
230,router_only,-3547.550574183464,1.0,0.31028374284505844,0.8772443309426308,0.7314934507012367,0.004036813147831708,0.009036692220070187,0.17850608117878436,-0.003774001682177186,0.0,0.0001,0.18684975504875184,0.2617695309221745,0.3883498586714268,6.960890932532493e-05,0.1629612438380718,4.0470371170951065,34.01088582015635,11.811827956989248
231,router_only,-3656.4843200445175,1.0,0.3102331154048443,0.8766164153814315,0.7313201040029526,0.0042030552518554035,0.007696419142848759,0.17372009828686713,-0.0041288380161859095,0.0,0.0001,0.18589785620570182,0.2629750624299049,0.38545354902744294,6.975301166676218e-05,0.1656037788838148,3.9765889305954967,34.02575046364263,12.365591397849462
232,router_only,-3697.726122915745,1.0,0.3119096256792545,0.8764459565281868,0.7319787427783012,0.004183717264095321,0.004881705053685431,0.17250227518379688,-0.0034523557533248095,0.0,0.0001,0.1850783947855234,0.26456029117107394,0.38630480915307996,7.411466403937084e-05,0.16398238576948643,3.893988926192761,34.10411336417121,12.56989247311828
233,router_only,-3620.142288029194,1.0,0.31590933054685594,0.8742087736725808,0.7306245610117912,0.0042798419483006,0.004776798942293675,0.16889399141073227,-0.0038911152456421404,0.0,0.0001,0.18490575328469278,0.2642992988228798,0.3843500457704067,8.446837191513623e-05,0.1663604337722063,3.8813504644348256,34.11705781015849,12.338709677419354
234,router_only,-3675.8969772458076,1.0,0.3126363418996334,0.8758140876889229,0.7334646955132484,0.004067099950043484,0.01332500312346383,0.176989627443254,-0.0037036707894003485,0.0,0.0001,0.18647673763334752,0.2576482407748699,0.38925535678863527,7.302506373889628e-05,0.16654664017260074,3.9096037057088098,34.28530031539223,12.451612903225806
235,router_only,-3625.0939937233925,1.0,0.31189084723591803,0.8758652344346046,0.7305725634098053,0.004097615607315674,0.007154636787799956,0.18796211145818234,-0.0038848823212902063,0.0,0.0001,0.1854304689913988,0.25512347295880317,0.3909785658121109,6.674426658719313e-05,0.16840075068175792,3.731009818711656,33.72477963930302,12.225806451612902
236,router_only,-3597.0775336027145,1.0,0.3134509466588497,0.8756525903940201,0.7304531589150429,0.004061286797514186,0.020577398475597863,0.18119937367737293,-0.0039264518301934,0.0,0.0001,0.18987434245646,0.26096829771995544,0.3838417574763298,6.32143935035856e-05,0.1652523886412382,3.968164898797314,33.90967687003612,11.983870967741936
237,router_only,-3640.9482527971268,1.0,0.3164699338376522,0.8744395419955253,0.7256367623805999,0.0042136012809351085,0.007079421550952286,0.1738242357969284,-0.004334185068728402,0.0,0.0001,0.18688917607069017,0.2643003396689892,0.38328721299767493,6.68802737891383e-05,0.16545639149844646,3.7686947325979223,33.95050666158257,12.258064516129032
238,router_only,-3732.0814730525017,1.0,0.3144767999649048,0.8750658661127091,0.7300971940159797,0.00416223025531508,0.01025698814073625,0.18743388932198285,-0.004002368950750679,0.0,0.0001,0.18587812185287475,0.26018289625644686,0.387197457998991,7.017003572400427e-05,0.166671347245574,3.942486125685016,34.02228771105077,12.60752688172043
239,router_only,-3673.3528313040733,1.0,0.31313308104872706,0.8758779108524323,0.7314862713217736,0.004053061065496877,0.005731281543285155,0.1749985372647643,-0.0038123643962535425,0.0,0.0001,0.18618974275887012,0.2585883211344481,0.3897514835000038,6.95550851560256e-05,0.1654009021818638,3.807312340460746,33.92967971001124,12.408602150537634
240,router_only,-3571.4853680729866,1.0,0.31315295174717905,0.8752642139792443,0.7303441122174263,0.004146752168890089,0.005999292255910377,0.17574115321040154,-0.004035625525284558,0.0,0.0001,0.18468744903802872,0.2615853168070316,0.3888099603354931,7.220470679385471e-05,0.16484507210552693,3.8460072807630237,34.00953217888034,11.935483870967742
241,router_only,-3504.12194699049,1.0,0.3127623304724693,0.8756911814212799,0.7324577957391739,0.004140206944430247,0.012665078957343211,0.1738073207437992,-0.004228301256807754,0.0,0.0001,0.1877368126064539,0.2648684911429882,0.38369484692811967,6.813205109210685e-05,0.16363171711564065,3.9775489510552124,33.82958997604906,11.758064516129032
242,router_only,-3543.787155508995,1.0,0.3126941904425621,0.8759551867842674,0.7308512926101685,0.004259639629162848,0.013249270041978867,0.1807299740612507,-0.004366463783662766,0.0,0.0001,0.18446232080459596,0.2615183487534523,0.3861405044794083,7.123054410840268e-05,0.16780759692192077,3.9662616151748042,34.17979677420162,11.82258064516129
243,router_only,-3563.6292495131493,1.0,0.311781670153141,0.8765235647559166,0.7321652084589004,0.004123276297468692,0.006974076020742315,0.17101693376898766,-0.0036393333590240217,0.0,0.0001,0.18457279950380326,0.2610625918954611,0.3895080916583538,8.020691720957984e-05,0.16477632001042367,4.059055371333608,34.15259149097231,11.908602150537634
244,router_only,-3521.5490005016327,1.0,0.31507345512509344,0.8752755522727966,0.7322801053524017,0.004236938641406595,0.013183501576804752,0.17728279940783978,-0.004172081431170227,0.0,0.0001,0.1850987058132887,0.2565674066543579,0.38741171956062315,8.001187052286696e-05,0.1708421628922224,3.7965199225377493,34.13931242861239,11.795698924731182
245,router_only,-3560.3487082719803,1.0,0.31200252249836924,0.8766851127147675,0.735197776556015,0.004084092099219561,0.00536459582399409,0.17771370112895965,-0.003879464211058803,0.0,0.0001,0.18765881508588791,0.25658184438943865,0.3875194683670998,7.768532886984759e-05,0.16816218942403793,3.9054423910296605,34.2845008554782,11.935483870967742
246,router_only,-3573.25489962101,1.0,0.3089651808142662,0.8780876651406289,0.7385728165507317,0.0038751356652937828,0.010338943130864253,0.18158052079379558,-0.00429318388341926,0.0,0.0001,0.1885445922613144,0.2554479207843542,0.39180316403508186,7.681504930587835e-05,0.1641275130212307,3.8958567545255356,34.17422214769318,12.005376344086022
247,router_only,-3594.5147104263306,1.0,0.3065190501511097,0.8793556809425354,0.7367835536599159,0.0037676274951081723,0.0072976294338331586,0.17178465016186237,-0.003226844361779513,0.0,0.0001,0.1882915772497654,0.25511462390422823,0.3954519771039486,7.142312078940449e-05,0.16107040047645568,3.8590781215896124,34.580391932863485,12.053763440860216
248,router_only,-3666.1636016368866,1.0,0.30697141289711,0.8787188336253167,0.7358036279678345,0.0038339118007570507,0.015002709195960117,0.17032777164131402,-0.004052281531039625,0.0,0.0001,0.19123871065676212,0.25316931717097757,0.38990209102630613,6.526378447233583e-05,0.16562462411820889,4.021826010775014,34.645792156278,12.483870967741934
249,router_only,-3624.9017553925514,1.0,0.30363203287124635,0.8804882362484932,0.7354333996772766,0.0038586376467719674,0.008401608845815655,0.17235200703144074,-0.0033714398559823167,0.0,0.0001,0.18819380477070807,0.25210779160261154,0.394102893024683,6.400276752174249e-05,0.16553150974214076,3.8884964968084983,34.14637613328315,12.27956989247312
250,router_only,-3545.6243546009064,1.0,0.29508643969893456,0.8844082534313202,0.7414309412240982,0.0036773294385056944,0.008879897643691948,0.16907529011368752,-0.0036799257724851485,0.0,0.0001,0.18962165489792823,0.25203516595065595,0.39711499214172363,6.203814918990247e-05,0.16116615161299705,3.8963828671986964,34.01655275160508,11.951612903225808
251,router_only,-3630.78329795599,1.0,0.29368517771363256,0.8850178703665733,0.7402924969792366,0.003673643380170688,0.0031529157738077298,0.16528189815580846,-0.0032722641684813426,0.0,0.0001,0.1902568969875574,0.25297638326883315,0.39586972519755365,6.0078708065702814e-05,0.16083692163228988,3.83796196057887,34.19985463381638,12.25268817204301
252,router_only,-3502.1593245863914,1.0,0.2866786666214466,0.8879836246371269,0.7443014711141587,0.0034667670668568464,0.011611725549482772,0.1741374384611845,-0.004164479848674319,0.0,0.0001,0.19184584878385066,0.2535108581185341,0.3995444133877754,6.782672635381459e-05,0.15503105893731117,3.8503064081295246,33.91491618472157,11.698924731182796
253,router_only,-3568.4776179790497,1.0,0.2857359915971756,0.8884709537029266,0.7453766331076622,0.003418490698095411,0.005264261413503851,0.1599119957536459,-0.0035233959002653136,0.0,0.0001,0.19330833926796914,0.2508787248283625,0.39963801577687263,6.944466849745368e-05,0.1561054762452841,3.9967211804425586,33.89081537048176,11.956989247311828
254,router_only,-3575.4959782361984,1.0,0.28805089741945267,0.8873349085450173,0.7437588468194007,0.0033999862149357795,0.010139190502104578,0.16124865449965,-0.0036095594172365964,0.0,0.0001,0.1953613579273224,0.25389530323445797,0.39629127234220507,6.161848214105702e-05,0.15439045242965221,3.873751872436764,34.046623161965314,12.102150537634408
255,router_only,-3565.063518643379,1.0,0.2872661091387272,0.8872398629784584,0.7449575260281562,0.003495201701298356,0.005403964932429478,0.1834536537528038,-0.003961821055418114,0.0,0.0001,0.19293215721845627,0.2536245722323656,0.39697928726673126,5.956588129265583e-05,0.15640441812574862,3.850152191797388,34.04567610146003,11.908602150537634
256,router_only,-3568.8124091625214,1.0,0.2815115749835968,0.8900682806968689,0.7495352104306221,0.003414733236422762,0.005144971348909172,0.1604622919112444,-0.002970371181436349,0.0,0.0001,0.19447833448648452,0.25105208717286587,0.39792830795049666,6.134705490694614e-05,0.1564799252897501,3.9044247959696423,34.04212425755432,12.016129032258064
257,router_only,-3451.686649143696,1.0,0.2782029896974564,0.8917624548077583,0.7519714698195458,0.0033172863826621325,0.010246215691859151,0.15674848835915328,-0.0031461472040973603,0.0,0.0001,0.19671912118792534,0.2539314065128565,0.39660713002085685,6.434882498069782e-05,0.15267799533903598,3.962320377120057,33.67024261503288,11.564516129032258
258,router_only,-3586.738622903824,1.0,0.28088266476988794,0.8904566913843155,0.7503400593996048,0.0033353485399857164,0.006626640486229013,0.16484198682010173,-0.0035940042051606723,0.0,0.0001,0.1980298724025488,0.25261836387217046,0.39460685178637506,6.887192594149383e-05,0.1546760406345129,3.857030462609301,33.9375537084366,12.129032258064516
259,router_only,-3646.955548763275,1.0,0.2777103990316391,0.8923456057906151,0.7521407559514046,0.003319162561092526,0.009378384025603741,0.1718368198722601,-0.004016221145502641,0.0,0.0001,0.19612082168459893,0.25453328602015973,0.3973811209201813,6.731403764206333e-05,0.15189745649695396,3.903623313437982,34.18873548825182,12.236559139784946
260,router_only,-3564.6718650460243,1.0,0.2761448986828327,0.8928237557411194,0.750936895608902,0.003516668046358973,0.012901078629056428,0.16713753454387187,-0.004088695202699455,0.0,0.0001,0.1940564725548029,0.25874317809939384,0.39299609139561653,6.615389029320795e-05,0.15413810424506663,3.9104371186244866,33.8404050274025,11.919354838709676
261,router_only,-3499.3531970381737,1.0,0.2777488134801388,0.8918456360697746,0.7542615979909897,0.0034907110093627125,0.003064272274423313,0.16616124361753465,-0.0044199672585818915,0.0,0.0001,0.19388293027877807,0.25798750706017015,0.39452822878956795,6.128633176558652e-05,0.1535400502383709,3.630746009655262,33.786036126221326,11.688172043010752
262,router_only,-3557.8566911816597,1.0,0.2801812767982483,0.8902393817901612,0.7537015676498413,0.003264987631700933,0.011819108924009896,0.1834556233137846,-0.004033025793614797,0.0,0.0001,0.19979248531162738,0.25478305108845234,0.3936265639960766,5.8289732351113344e-05,0.15173961371183395,3.864623532809498,33.66602095922321,11.913978494623656
263,router_only,-3556.4037548303604,1.0,0.27903701439499856,0.8908462196588516,0.7541879251599312,0.0034017716825474054,0.011040902419426835,0.17444912493228912,-0.003919117392069893,0.0,0.0001,0.19427203387022018,0.2555431205779314,0.39732717871665957,5.972611343167955e-05,0.152797944098711,3.832105032828438,33.89782302835256,11.956989247311828
264,router_only,-3586.04518866539,1.0,0.2781571298837662,0.8913227051496506,0.7526273965835572,0.0034362430335022507,0.007857370886085829,0.17225363422185183,-0.0039424849645001816,0.0,0.0001,0.19253633357584476,0.2587082765996456,0.3980900332331657,6.0399410358513705e-05,0.15060495734214782,3.91472454074347,33.88815497213844,12.053763440860216
265,router_only,-3569.3948858380318,1.0,0.27967281714081765,0.8908399343490601,0.7521559149026871,0.0034861851076129825,0.008007396928678684,0.15981503631919622,-0.003261263550302829,0.0,0.0001,0.1913167119026184,0.2559249337762594,0.39915046393871306,5.9669082384061765e-05,0.15354822874069213,3.841202073634414,33.89050591334137,12.06989247311828
266,router_only,-3457.8185326457024,1.0,0.2785217121243477,0.8909021764993668,0.7506586641073227,0.0036291611671913416,0.00627763228540062,0.16590934656560422,-0.0036354664189275354,0.0,0.0001,0.1882354434579611,0.25777764320373536,0.3990929119288921,6.058358576410683e-05,0.1548334166407585,3.9258374259205002,33.79086834484978,11.473118279569892
267,router_only,-3515.434475660324,1.0,0.2840327464044094,0.8890132427215576,0.7475532561540603,0.0036615308956243096,0.00531278065072906,0.17164200581610203,-0.0038151982676936313,0.0,0.0001,0.18875372596085072,0.257168210670352,0.3970459565520287,6.37355412436591e-05,0.15696837492287158,3.9225527975698227,33.91073661356864,11.731182795698924
268,router_only,-3579.110515356064,1.0,0.2845658965408802,0.8886886149644851,0.7450564160943032,0.003754472901346162,0.005173189153811181,0.16890123561024667,-0.003747539981850423,0.0,0.0001,0.18803608156740664,0.2592294212430716,0.39517700523138044,6.748351661371999e-05,0.15749000981450081,3.817941006494411,34.03499215678381,12.026881720430108
269,router_only,-3617.9474710822105,1.0,0.2789893291890621,0.8911151945590973,0.7465970709919929,0.0037449087540153414,0.008332202673500422,0.1670644287019968,-0.003043934480228927,0.0,0.0001,0.18610291928052902,0.25699648037552836,0.3988668344914913,6.849241517556948e-05,0.1579652711749077,3.9024893529775917,33.887409466653956,12.182795698924732
270,router_only,-3652.378911972046,1.0,0.27917294576764107,0.8905190095305443,0.7494638666510582,0.00366148441680707,0.004807631410039892,0.1671174392104149,-0.0031153717034612784,0.0,0.0001,0.18850121982395648,0.2562309537082911,0.3977997928857803,7.400744607366505e-05,0.1573940236121416,3.7675444114108267,33.67183541981946,12.333333333333334
271,router_only,-3616.5093824863434,1.0,0.2795084431767464,0.8904653549194336,0.7465365722775459,0.0038133233261760323,0.010091922007632082,0.1741233231499791,-0.003856839460786432,0.0,0.0001,0.18362011797726155,0.25606609471142294,0.40136924758553505,8.329789552590228e-05,0.15886123962700366,4.170437514999113,33.939595126976165,12.17741935483871
272,router_only,-3554.5274038910866,1.0,0.2795108512043953,0.8904200807213783,0.7444869682192803,0.003982514713425189,0.019046932705714427,0.18001626580953597,-0.0041771070089453135,0.0,0.0001,0.18352954946458339,0.2655895628035069,0.3942542336881161,7.337720062423614e-05,0.15655327811837197,4.107869214703358,34.00099516709233,11.978494623655914
273,router_only,-3523.1865080595016,1.0,0.2791383467614651,0.8902621909976005,0.7462539911270142,0.0039655392174609005,0.0011354523183399411,0.17697063349187375,-0.002820127000450157,0.0,0.0001,0.18389912098646163,0.2653046488761902,0.3939714223146439,7.408485989799374e-05,0.15675072595477105,4.061333864329258,33.5728635777014,11.78494623655914
274,router_only,-3704.76497900486,1.0,0.2767342269420624,0.8925385281443596,0.7465087339282036,0.004073724639602006,0.00782191467505986,0.18379666581749915,-0.0032222134264884516,0.0,0.0001,0.18425517044961454,0.2671807646751404,0.3900604657828808,7.824762069503776e-05,0.15842535607516767,4.041973035258542,34.021886277210605,12.591397849462366
275,router_only,-3669.9042182564735,1.0,0.2761108748614788,0.8926997989416122,0.7454863145947457,0.004095740278717131,0.009157428600519813,0.17115697860717774,-0.0031816959810385013,0.0,0.0001,0.18127862513065338,0.26557859405875206,0.39450643584132195,7.881916280894075e-05,0.1585575271397829,4.148143768448488,33.93347043565233,12.456989247311828
276,router_only,-3621.011112332344,1.0,0.278932785987854,0.8920826956629753,0.7417765513062478,0.004110983619466424,0.009924288236106749,0.16743560452014208,-0.002850714664964471,0.0,0.0001,0.17997878268361092,0.2619162924587727,0.39718094691634176,8.238738791987998e-05,0.16084159202873707,4.204275679168355,33.9703876906856,12.155913978494622
277,router_only,-3607.8717520833015,1.0,0.2783700622618198,0.8920593649148941,0.7421076834201813,0.004129452625056729,0.010895106559746565,0.17885840833187103,-0.0025418875622563062,0.0,0.0001,0.18246564380824565,0.26429250463843346,0.39173339381814004,8.827035717331455e-05,0.16142018921673298,4.220313294660786,33.68366956568353,12.198924731182796
278,router_only,-3499.979503393173,1.0,0.2795635282993317,0.8903802022337913,0.7421423196792603,0.004051108297426253,0.004557751943775656,0.174634338542819,-0.003060062194708735,0.0,0.0001,0.18300836011767388,0.26273931562900543,0.3934673801064491,9.044488870131317e-05,0.16069450341165065,4.123912040484556,34.0431521745391,11.650537634408602
279,router_only,-3685.906783401966,1.0,0.2774402670562267,0.8916381880640983,0.7441034108400345,0.0038709552376531065,0.0123475003454587,0.18525719419121742,-0.0029014660976827145,0.0,0.0001,0.18325029872357845,0.25887670964002607,0.39939918741583824,8.33534793855506e-05,0.15839044637978078,4.105031052425909,34.24582008048803,12.413978494623656
280,router_only,-3574.189346373081,1.0,0.2771796390414238,0.8915208891034127,0.7439290955662727,0.0040112071495968845,0.007742478120326279,0.18328495621681212,-0.0032789569850137923,0.0,0.0001,0.18169348426163195,0.26146524026989937,0.39708784967660904,8.026914465517621e-05,0.1596731573343277,4.137429501271551,34.04520559339581,11.956989247311828
281,router_only,-3549.287340462208,1.0,0.27935786470770835,0.8902525261044503,0.7432036176323891,0.004043536313110963,0.006210112061398859,0.17483194917440414,-0.0030263307082350364,0.0,0.0001,0.18218193277716638,0.2594898913055658,0.3959581457078457,8.410531081608497e-05,0.16228593178093434,3.9857623090023755,33.919856867674405,11.887096774193548
282,router_only,-3506.3816817998886,1.0,0.27697671130299567,0.8920325845479965,0.7427165359258652,0.004044204601086676,0.0056375671132627755,0.1715750189498067,-0.002979121048701927,0.0,0.0001,0.18387193679809571,0.25985054969787597,0.39313935935497285,8.48630303153186e-05,0.16305329240858554,4.312648472834416,34.16231191565723,11.725806451612904
283,router_only,-3530.5334929823875,1.0,0.2791178524494171,0.8905577406287193,0.7425902143120766,0.0041244172607548535,0.013298884115647553,0.1775385096669197,-0.003054868774052011,0.0,0.0001,0.1849393170326948,0.2654326088726521,0.3880128189921379,8.193859594030073e-05,0.16153331249952316,4.133858797287526,33.872610695729435,11.827956989247312
284,router_only,-3675.860206723213,1.0,0.27719428241252897,0.8906152829527855,0.7429918855428695,0.0039242247759830205,0.01783858133649116,0.1765774916857481,-0.002591421398392413,0.0,0.0001,0.1840485230088234,0.2574153743684292,0.39692675694823265,8.729636601856328e-05,0.16152205541729928,3.9942682933608973,34.210484354178355,12.413978494623656
285,router_only,-3529.068808197975,1.0,0.2794930636882782,0.8897756934165955,0.7407695442438126,0.004013031796785071,0.0036718764416036774,0.1799016322940588,-0.0027761113959059005,0.0,0.0001,0.1826539609581232,0.2577560693025589,0.39648646041750907,8.621518627478508e-05,0.1630172971636057,4.177897478314374,33.950187222611895,11.779569892473118
286,router_only,-3468.7262938022614,1.0,0.27974167838692665,0.8893671736121178,0.7417748138308525,0.003929231886286288,0.0048774606790176036,0.18325787410140038,-0.0030361802062543576,0.0,0.0001,0.18288034982979298,0.25729889832437036,0.39869880080223086,7.446159179380629e-05,0.16104749031364918,4.344231756986118,33.69465582991394,11.553763440860216
287,router_only,-3518.4263412356377,1.0,0.27446138486266136,0.8918582320213317,0.7447394296526909,0.003883639519335702,0.009086800242675896,0.17972818948328495,-0.002848665187775623,0.0,0.0001,0.18415023274719716,0.2527599360793829,0.3996415428817272,7.002265983828693e-05,0.16337826438248157,4.285846398927885,34.13161907032312,11.688172043010752
288,router_only,-3517.8259986639023,1.0,0.27408629953861235,0.8920606255531311,0.7443457946181298,0.003836838307324797,0.009042517102625446,0.18153534196317195,-0.0025798744205530965,0.0,0.0001,0.18279118686914445,0.2503572888672352,0.4041628047823906,6.768391576770228e-05,0.16262104101479052,4.130801978944102,33.82584172161902,11.758064516129032
289,router_only,-3533.2980768084526,1.0,0.2698769599199295,0.8937867522239685,0.747825887799263,0.003777153615374118,0.0027467024729958657,0.1791874084621668,-0.0019829163386020808,0.0,0.0001,0.18370135873556137,0.2502110958099365,0.40462598353624346,6.037850662323763e-05,0.1614011876285076,4.333523916342479,34.15974792607415,11.75268817204301
290,router_only,-3544.7964309453964,1.0,0.27307795360684395,0.89212496727705,0.7436474084854126,0.0038452239474281668,0.011656352153022409,0.17519354708492757,-0.0029106371934176424,0.0,0.0001,0.18078598268330098,0.2472982931882143,0.4089851208031178,6.482838634838117e-05,0.16286577396094798,4.167981823551859,34.06691857147647,11.860215053763442
291,router_only,-3578.4325889348984,1.0,0.27258286327123643,0.8924733534455299,0.7430148497223854,0.0037875343230552973,0.00445908510682777,0.1723993506282568,-0.002948293783265399,0.0,0.0001,0.18121960610151291,0.246041838824749,0.4107800595462322,6.580941917491145e-05,0.1618926864117384,4.164457650453275,33.81331769153463,12.016129032258064
292,router_only,-3603.792225778103,1.0,0.27362931668758395,0.8916724503040314,0.7426712706685066,0.0037653268314898013,0.009512881898626768,0.17904810532927512,-0.002806997417064849,0.0,0.0001,0.1830531507730484,0.24223188683390617,0.4098335690796375,6.600831366085914e-05,0.16481538228690623,4.145064419186747,33.7595989621074,12.14516129032258
293,router_only,-3611.14896517992,1.0,0.2720254696905613,0.8932389438152313,0.7448277249932289,0.003842670639278367,0.005696731943498923,0.1842226441949606,-0.0029757662678093766,0.0,0.0001,0.18140660375356674,0.24103562906384468,0.41127089485526086,6.044557248969795e-05,0.1662264209240675,4.0451781698062215,33.90469712429315,12.048387096774194
294,router_only,-3567.621608376503,1.0,0.2752184264361858,0.8911546796560288,0.7437665700912476,0.003999138867948204,0.009922064093461812,0.1752022121101618,-0.0033534659785800615,0.0,0.0001,0.17989240288734437,0.24304649718105792,0.40782406777143476,6.0657166704913835e-05,0.1691763773560524,4.262394200406506,33.96836584622784,11.951612903225808
295,router_only,-3516.7109090685844,1.0,0.2757995843887329,0.8913796454668045,0.7411294728517532,0.004061677266145125,0.013172109553033806,0.17639538794755935,-0.0030633177055278795,0.0,0.0001,0.1812759257853031,0.24739690758287908,0.401238015294075,6.423245577025227e-05,0.1700249258428812,4.111103104038688,33.70762933603628,11.78494623655914
296,router_only,-3655.221151947975,1.0,0.2751459017395973,0.8914975196123123,0.7423009067773819,0.004158643999835477,0.013904679695497208,0.1842604771256447,-0.002902903183712624,0.0,0.0001,0.17872567996382713,0.24299641288816928,0.40562867671251296,6.262672677621594e-05,0.17258659787476063,4.118749248192051,34.049382448270556,12.333333333333334
297,router_only,-3597.014834702015,1.0,0.27879651114344595,0.8895138084888459,0.7440345764160157,0.0040956214535981415,0.002291718204742199,0.17846380397677422,-0.003196639753150521,0.0,0.0001,0.17986475341022015,0.2421914216130972,0.4053633950650692,6.941465762793087e-05,0.17251101396977903,4.133090317166823,33.95066035895813,12.059139784946236
298,router_only,-3612.91848641634,1.0,0.2794655106961727,0.8897179886698723,0.7453421756625176,0.004049936821684241,0.013672562982537773,0.17676440253853798,-0.0039436249295249585,0.0,0.0001,0.182782443985343,0.24610052779316902,0.3997478440403938,7.890065826359205e-05,0.17129028476774694,4.057567077549019,34.221707519709874,12.21505376344086
299,router_only,-3664.196635365486,1.0,0.279226578772068,0.8901514023542404,0.7476136162877083,0.0039622502226848155,0.007686390185062941,0.1855558380484581,-0.0033140704810648456,0.0,0.0001,0.18211226239800454,0.2461868654936552,0.40350380167365074,7.980312593645067e-05,0.1681172739714384,4.190906742787625,34.026263416740534,12.306451612903226
300,router_only,-3568.485744535923,1.0,0.279104183614254,0.8894897401332855,0.7463580265641212,0.00402071691933088,0.008610656882410684,0.17192181535065174,-0.0031829108615056612,0.0,0.0001,0.1811213366687298,0.2504899300634861,0.4014067232608795,8.206365700971218e-05,0.16689994633197786,4.177238151104125,33.97402368416931,11.951612903225808
301,router_only,-3524.9093917012215,1.0,0.2820513993501663,0.888316398859024,0.7422712743282318,0.004160185228101909,0.008514558211390955,0.1765698378905654,-0.0031626568699721245,0.0,0.0001,0.18013919331133366,0.24859143570065498,0.4000300832092762,8.487146833431325e-05,0.17115441896021366,4.172029965822019,33.845060257036955,11.731182795698924
302,router_only,-3515.497826874256,1.0,0.2772081010043621,0.890493980050087,0.7444097533822059,0.003987182438140735,0.012418386460922198,0.17547948732972146,-0.0029565648284915367,0.0,0.0001,0.17987386621534823,0.2468767434358597,0.40623760893940924,8.653716640765197e-05,0.16692524328827857,4.234448561457422,34.03479680153864,11.75268817204301
303,router_only,-3498.6172176599503,1.0,0.28168715462088584,0.8874367892742157,0.7438607901334763,0.003952761006075889,0.010944772035418254,0.17462581768631935,-0.003201162675395608,0.0,0.0001,0.18217762149870395,0.25004508830606936,0.40151277408003805,8.682167481310898e-05,0.16617769077420236,4.05035549750347,34.289604267520154,11.634408602150538
304,router_only,-3469.372983455658,1.0,0.28328523114323617,0.8866998136043549,0.7419834405183792,0.003997846465790644,0.0020401187052811577,0.17684486024081708,-0.0035659759654663504,0.0,0.0001,0.18144569173455238,0.25085098333656786,0.40122562274336815,8.584566758145229e-05,0.1663918573409319,4.150537809544275,33.614782765901055,11.596774193548388
305,router_only,-3522.5106595158577,1.0,0.2840347930788994,0.88692806661129,0.7397214949131012,0.004074739495990798,0.007336866372315803,0.17874210625886916,-0.0034614743424754126,0.0,0.0001,0.18116877935826778,0.24771848507225513,0.40096660107374194,8.704510028110236e-05,0.1700590919703245,4.278933811984543,33.67984908701743,11.779569892473118
306,router_only,-3563.639950454235,1.0,0.28302325308322906,0.8869002774357796,0.7388927966356278,0.004040295782033354,0.010582971268922886,0.1780318420380354,-0.003285958462220151,0.0,0.0001,0.18458205349743367,0.24939328134059907,0.3956841312348843,7.802610389262554e-05,0.17026250399649143,4.010181324455742,34.27296056686081,11.903225806451614
307,router_only,-3465.283287167549,1.0,0.2807961396872997,0.8882018744945526,0.7429058969020843,0.004089769558049738,0.00516868710719795,0.18311822228133678,-0.003714389262313489,0.0,0.0001,0.18319723568856716,0.2481961537152529,0.39686198681592944,7.563006965938257e-05,0.17166899405419828,4.227217647726314,33.7717233616987,11.618279569892472
308,router_only,-3640.2097984552383,1.0,0.27946163415908815,0.8887311935424804,0.7431142777204514,0.004088631935883313,0.008179044834196281,0.1722527364268899,-0.003133327222894877,0.0,0.0001,0.1839305553585291,0.2515522111207247,0.39445426538586614,7.577919195682626e-05,0.16998719684779645,4.108841713273503,33.99319161014002,12.295698924731182
309,router_only,-3560.5993304252625,1.0,0.2799254208803177,0.8894282042980194,0.7411321327090263,0.004197413130896166,0.006936661102190556,0.17338201515376567,-0.003118286730023101,0.0,0.0001,0.18339480310678483,0.2540727749466896,0.39152168333530424,8.204247069443227e-05,0.1709286965429783,4.254124493774584,34.32874065867754,11.919354838709676
310,router_only,-3519.651601731777,1.0,0.2807777740061283,0.8884084686636925,0.741739547252655,0.0040777688147500156,0.008702790847837621,0.16761686261743308,-0.002579772606259212,0.0,0.0001,0.18502969145774842,0.24972137734293937,0.39369392693042754,8.73801773195737e-05,0.17146762013435363,4.042666028140309,34.0816731114373,11.811827956989248
311,router_only,-3596.386855185032,1.0,0.2815617695450783,0.8877361133694649,0.7448594391345977,0.003987900278298184,0.00567631982412421,0.1841569934040308,-0.0033380272496287946,0.0,0.0001,0.18518191389739513,0.2506453089416027,0.3954494513571262,9.386479159729788e-05,0.16862946338951587,4.202407212027788,33.77396090233827,12.10752688172043
312,router_only,-3544.473703444004,1.0,0.28194015473127365,0.8879052251577377,0.7417864024639129,0.004068140318850055,0.008935383783773444,0.18229409940540792,-0.0033134298619188485,0.0,0.0001,0.18417312018573284,0.24719161838293074,0.3967138044536114,8.865638674251385e-05,0.17183280140161514,4.232918644956752,33.645385789457904,11.89247311827957
313,router_only,-3519.3927470445633,1.0,0.2850715644657612,0.8860813274979591,0.7408030316233635,0.004257793514989316,0.009682261156467625,0.1731276135891676,-0.00372294371627504,0.0,0.0001,0.18311419002711773,0.24845595695078374,0.3929335869848728,8.667159436299698e-05,0.17540959157049657,4.045623301025265,33.69907668768366,11.81720430107527
314,router_only,-3573.9444884061813,1.0,0.2906543128192425,0.8834213212132453,0.7370891630649566,0.004255810135509819,0.010452560726844206,0.1935532670468092,-0.0040008398806094195,0.0,0.0001,0.18373988009989262,0.253046977519989,0.3899016261100769,9.624374670238466e-05,0.1732152745127678,4.254074341716321,33.64084196328406,12.0
315,router_only,-3415.3059172034264,1.0,0.28949566185474396,0.8836724638938904,0.7355453282594681,0.004207082377979532,0.006836837562514131,0.1866114605218172,-0.0032483072762261147,0.0,0.0001,0.1828096631914377,0.25433279015123844,0.3920265607535839,0.00010391377927589928,0.17072707116603852,4.004413886858766,34.21796591714863,11.306451612903226
316,router_only,-3630.8912544846535,1.0,0.29322174862027167,0.882349255681038,0.7340675413608551,0.0042393692652694884,0.002236200707375219,0.17678092047572136,-0.0036429342741030268,0.0,0.0001,0.18259952813386918,0.2537422388792038,0.3917091488838196,0.00011623352511378471,0.17183285392820835,3.9094525767987958,34.17412937124399,12.27956989247312
317,router_only,-3517.4320961833,1.0,0.2950378470122814,0.8815020889043808,0.734366574883461,0.0042066872119903564,0.008300213077382036,0.1787318207323551,-0.003858837953885086,0.0,0.0001,0.18448101468384265,0.2560091234743595,0.3889325946569443,0.00011796795442933216,0.17045930065214634,4.092658637676914,34.174776626599126,11.768817204301076
318,router_only,-3526.079658806324,1.0,0.2923631280660629,0.8822641417384147,0.7328489318490028,0.004058910545427352,0.007408295041750501,0.18372540026903153,-0.004048099705687491,0.0,0.0001,0.1847890317440033,0.2557264115661383,0.39232872426509857,0.00011758179934986401,0.16703825034201145,4.002418673099494,34.267857574806314,11.720430107526882
319,router_only,-3505.779824256897,1.0,0.2937727980315685,0.8818691805005073,0.7318716242909431,0.0041025842539966105,0.004757057532515397,0.1753873448818922,-0.0035710795549675823,0.0,0.0001,0.18506363593041897,0.25424257330596445,0.39144031181931493,0.00011130465554742841,0.16914217583835126,4.2562977491193985,34.5481615836365,11.709677419354838
320,router_only,-3543.95413762331,1.0,0.28920713886618615,0.8848212257027626,0.7347609892487525,0.003975831810384989,0.011097627613708038,0.1743675008416176,-0.0035700829335837624,0.0,0.0001,0.18734412342309953,0.2486937616020441,0.3936332270503044,0.00011246519152336986,0.17021642848849297,4.242611140859044,34.265426361599694,11.935483870967742
321,router_only,-3577.7821145653725,1.0,0.28861296102404593,0.8843785539269448,0.7339723527431488,0.0040153251844458285,0.005015071783600472,0.18128883354365827,-0.0037615286651998757,0.0,0.0001,0.18614136576652526,0.2512012951076031,0.39324335753917694,0.00010638223538990132,0.16930760033428668,3.922250781206839,34.20973891138483,11.935483870967742
322,router_only,-3473.4031876325607,1.0,0.2932046137750149,0.8818324610590935,0.7302396789193153,0.0041623954486567525,0.021000772541992785,0.19522095397114753,-0.004860252885191585,0.0,0.0001,0.18950937315821648,0.2574436213821173,0.38275177776813507,9.758029209478991e-05,0.17019765749573706,3.9802082181164793,33.96744954729872,11.623655913978496
323,router_only,-3497.573664188385,1.0,0.2941077761352062,0.8813418462872505,0.7338052034378052,0.004225783940637484,0.008110578608739188,0.18251723982393742,-0.004276463613132364,0.0,0.0001,0.19134463481605052,0.25717989839613437,0.37896110117435455,9.668857956057764e-05,0.17241768315434455,4.156388881597257,34.21148071103728,11.623655913978496
324,router_only,-3515.123166501522,1.0,0.2952181316912174,0.8804426297545433,0.7275441482663154,0.004290299525018781,0.0029133068100236138,0.17773727290332317,-0.004171159914403688,0.0,0.0001,0.18989965952932836,0.2582548540085554,0.37908684760332106,8.501038300892105e-05,0.1726736344397068,4.047670976226676,33.87186572029565,11.779569892473118
325,router_only,-3593.648975610733,1.0,0.2874606251716614,0.8843630954623223,0.7335764333605767,0.004122332559200003,0.011324466211499412,0.18638925850391388,-0.004011896767042345,0.0,0.0001,0.19019143357872964,0.2527289748191833,0.38445730581879617,7.277186768988031e-05,0.1725495181977749,4.068425004923986,34.246972043672194,12.026881720430108
326,router_only,-3542.132434785366,1.0,0.2885506756603718,0.8840691298246384,0.7326481848955154,0.004063599399523809,0.00304961895944868,0.1744242852553725,-0.003500556553626666,0.0,0.0001,0.1908663533627987,0.251337905228138,0.385306116938591,7.384980281130993e-05,0.1724157776683569,4.23604637664701,34.05021137839906,11.89247311827957
327,router_only,-3356.013159751892,1.0,0.2870269067585468,0.8848052516579628,0.7343570098280907,0.004003586783073843,0.009378349045346129,0.17841464150696992,-0.004126039992843289,0.0,0.0001,0.19295012764632702,0.24665453135967255,0.3861191548407078,6.805100656492868e-05,0.1742081418633461,4.225036544871611,34.24635082051916,11.037634408602152
328,router_only,-3576.147912800312,1.0,0.29165331125259397,0.8831621840596199,0.7325478971004487,0.00427573686465621,0.010524126019936398,0.1738401658833027,-0.004154854943772079,0.0,0.0001,0.1898658648133278,0.24660133980214596,0.38399454206228256,7.349055313170539e-05,0.17946476116776466,4.073858823302387,34.120653355851424,12.053763440860216
329,router_only,-3447.2594122886658,1.0,0.2905579261481762,0.8833904385566711,0.7343082085251809,0.004132414748892188,0.01005082880010374,0.18216110356152057,-0.0036098172058700584,0.0,0.0001,0.19282870255410672,0.24866063073277472,0.3825161956250668,7.677593184780562e-05,0.1759176928550005,4.327291818715418,34.31512291170722,11.505376344086022
330,router_only,-3602.1190391778946,1.0,0.2948714911937714,0.8816638842225075,0.7314957603812218,0.004222353582736105,0.008529122497202496,0.1853922825306654,-0.0033163202224386623,0.0,0.0001,0.1932518593966961,0.24587781354784966,0.3810375578701496,7.367057896772167e-05,0.1797590982168913,4.190960562793032,34.26503907461918,12.096774193548388
331,router_only,-3448.0621489286423,1.0,0.2936425969004631,0.8821229010820388,0.7338979974389076,0.004020259983371943,0.009322952251841366,0.18379972092807292,-0.0037665474403183906,0.0,0.0001,0.19533762708306313,0.24445550702512264,0.3836132548749447,7.36800374397717e-05,0.17651992663741112,4.107287028505575,34.330318441466886,11.387096774193548
332,router_only,-3524.3310903310776,1.0,0.2968320854008198,0.880350586771965,0.7283774748444557,0.004215649113757536,0.015043403614708989,0.1889848206192255,-0.0037828880391316488,0.0,0.0001,0.19196499623358249,0.24030643701553345,0.38569886758923533,7.907876206445508e-05,0.18195061795413495,4.108692714831309,34.30850244394018,11.725806451612904
333,router_only,-3534.6767894029617,1.0,0.2951024159789085,0.8809369668364525,0.7277937024831772,0.004277811263455078,0.0038198961353372806,0.1778360690921545,-0.0033301258430583403,0.0,0.0001,0.1912575639784336,0.23910392001271247,0.3859716862440109,8.226001455113874e-05,0.1835845649242401,4.085060924638325,34.31657208749074,11.774193548387096
334,router_only,-3553.2517820596695,1.0,0.2929595001041889,0.8821691557765007,0.7279860496520996,0.004233391437446698,0.01119201290866842,0.18422154150903225,-0.004090233285387513,0.0,0.0001,0.18881281092762947,0.24219210743904113,0.3884795092046261,8.109478585538454e-05,0.18043448068201542,4.118451281938605,34.07435253397421,11.876344086021504
335,router_only,-3530.28467720747,1.0,0.2919232279062271,0.8828302502632142,0.7259396389126778,0.004366049397503957,0.006338280728050444,0.19929933398962021,-0.004142494889674708,0.0,0.0001,0.18660855963826178,0.2412290431559086,0.3890139624476433,7.926984999357955e-05,0.18306916765868664,4.341237584303216,33.89299949507197,11.865591397849462
336,router_only,-3524.4746930003166,1.0,0.29435851871967317,0.8813557833433151,0.7258541479706764,0.0046025102492421865,0.011683950806582317,0.1944474011659622,-0.00432372174327611,0.0,0.0001,0.18657873533666133,0.24274427331984044,0.38320181146264076,8.790381616563536e-05,0.18738727904856206,3.935499059180071,33.78033679059252,11.844086021505376
337,router_only,-3538.199429869652,1.0,0.29093144163489343,0.8831103965640068,0.7270472645759583,0.004665705468505621,0.008634980224815092,0.19830815494060516,-0.004176996973546921,0.0,0.0001,0.18845266476273537,0.24138157665729523,0.38025322183966637,8.169877073669341e-05,0.18983083851635457,4.322774390187835,33.85149102123837,11.89247311827957
338,router_only,-3610.691439270973,1.0,0.2895076386630535,0.8830277651548386,0.7302770376205444,0.004500235337764025,0.006002017279570254,0.19124228730797768,-0.004390574134595227,0.0,0.0001,0.19022130332887172,0.24109808765351773,0.3814843691885471,8.291785470646574e-05,0.1871133152395487,4.115177944580329,33.784775238102036,12.118279569892474
339,router_only,-3583.4688970446587,1.0,0.2919345088303089,0.88269032984972,0.7244867801666259,0.004793127125594765,0.014700351086321423,0.19233317859470844,-0.004242288134628324,0.0,0.0001,0.1883614469319582,0.24527500569820404,0.37599405348300935,9.006537256937009e-05,0.1902794286608696,4.289435905675036,33.5669377618782,12.03763440860215
340,router_only,-3589.160809993744,1.0,0.2895617388188839,0.8833336398005486,0.7304304942488671,0.004630474851001054,0.008619962090779193,0.18775643296539785,-0.003754420010955073,0.0,0.0001,0.19171024560928346,0.24177785515785216,0.3769503399729729,9.496321490587434e-05,0.1894666001200676,4.226707179437313,33.93240322700126,12.06989247311828
341,router_only,-3635.8969334363937,1.0,0.29409514367580414,0.8809923678636551,0.7264291167259216,0.004732771881390363,0.004035317627494805,0.1971187610179186,-0.003915829729521647,0.0,0.0001,0.19055848717689514,0.2413227330893278,0.3765398569405079,9.466769715800183e-05,0.19148425869643687,4.164443648535974,33.96498007266839,12.28494623655914
342,router_only,-3571.876693069935,1.0,0.29272778779268266,0.8819558471441269,0.7271100610494614,0.004541884316131473,0.006444370974350033,0.1835710372775793,-0.004498476423032116,0.0,0.0001,0.19282375760376452,0.241616702452302,0.37719779908657075,9.966689194698119e-05,0.18826206885278224,4.321683641459215,33.96860619425964,12.021505376344086
343,router_only,-3633.502423286438,1.0,0.29627410843968394,0.8792730510234833,0.7215973064303398,0.004758800868876279,0.01199254421044318,0.19714239798486233,-0.0039004135083814616,0.0,0.0001,0.1913332652300596,0.24618299305438995,0.37269202247262,0.00011450909569248325,0.1896772112697363,4.169589071020946,33.80184496900333,12.231182795698924
344,router_only,-3515.570246398449,1.0,0.29605542942881585,0.8795598521828651,0.7206818118691445,0.004908210434950888,0.013800235530470634,0.18351564444601537,-0.004168070189916761,0.0,0.0001,0.18976229652762414,0.24085384495556356,0.37440349236130716,0.00012572116720548364,0.19485464803874492,4.262931813757735,33.5993282774855,11.774193548387096
345,router_only,-3528.640159070492,1.0,0.29535468891263006,0.8803966388106346,0.7224680736660958,0.004890041693579405,0.0105881923936977,0.19254486225545406,-0.004891875557223102,0.0,0.0001,0.19412281922996044,0.2417641568928957,0.36935832276940345,0.00014898170629749075,0.1946057204157114,4.2296786654989225,34.26194000701721,11.806451612903226
346,router_only,-3636.6564474105835,1.0,0.29803754985332487,0.8794972032308579,0.7214473381638526,0.004867908731102944,0.01520449457402715,0.19635712839663028,-0.004687110790109727,0.0,0.0001,0.19204527102410793,0.24935734309256077,0.36846118569374087,0.00015804062222741778,0.18997815623879433,4.438503994705086,33.83113486487184,12.193548387096774
347,router_only,-3578.1193675398827,1.0,0.2921913281083107,0.882260175049305,0.725091926753521,0.004625121568096802,0.009486102528171591,0.19189922250807284,-0.004562641546363011,0.0,0.0001,0.19195303767919542,0.24925569929182528,0.3732042394578457,0.00014813448742643232,0.18543889075517656,4.220387200188521,34.07724503600596,12.021505376344086
348,router_only,-3439.4559977650642,1.0,0.28760832250118257,0.8843643978238106,0.7302196830511093,0.004402823443524539,0.009618090491312598,0.18969804868102075,-0.004075234659831039,0.0,0.0001,0.19225264862179756,0.24755363017320633,0.37771367356181146,0.00012787894083885477,0.18235216997563838,4.206728102349384,33.79398102990685,11.370967741935484
349,router_only,-3449.5509137511253,1.0,0.28618875369429586,0.8854023888707161,0.7284202948212624,0.00433041222859174,0.009584180692036181,0.1812673330307007,-0.004411018575774505,0.0,0.0001,0.18974954783916473,0.24797623455524445,0.38207477852702143,0.00013625978026539088,0.18006318025290965,4.214560125447489,33.50595297584291,11.494623655913978
350,router_only,-3463.6187418699265,1.0,0.2863968014717102,0.8851101458072662,0.7281784445047379,0.004481763945659622,0.010838110019358332,0.17730605155229567,-0.0044103857333539056,0.0,0.0001,0.19003481566905975,0.24435728639364243,0.38027467131614684,0.00014907517088431633,0.18518415167927743,4.290725744655536,34.06860450836199,11.46236559139785
351,router_only,-3541.1071087121964,1.0,0.2838934913277626,0.8864071503281593,0.728421813249588,0.0045236835023388265,0.007799945153055915,0.18038170151412486,-0.003963989432668314,0.0,0.0001,0.18697047382593154,0.2460154801607132,0.38248633667826654,0.00017918607372848782,0.18434851840138436,4.434629540660608,33.900043341146365,11.903225806451614
352,router_only,-3552.2093045711517,1.0,0.2810057282447815,0.8877856895327568,0.7314141273498536,0.004348923818906769,0.008868523465207561,0.19084688350558282,-0.004463384335394949,0.0,0.0001,0.190534570813179,0.24227434881031512,0.38334443867206575,0.00019124796926917043,0.18365538716316224,4.151729563954834,34.0996021722349,11.849462365591398
353,router_only,-3519.6694551706314,1.0,0.28240654468536375,0.8872083678841591,0.7287947416305542,0.004403589828871191,0.009266156424200733,0.189172600582242,-0.004520145426795352,0.0,0.0001,0.19229500107467173,0.23871346823871137,0.3822815254330635,0.00018196594246546737,0.18652803748846053,4.314949562264844,33.86923567386413,11.709677419354838
354,router_only,-3461.8836181759834,1.0,0.2757812015712261,0.8904257744550705,0.7278061032295227,0.004431772016687319,0.013803600455139581,0.18727238718420267,-0.004104207511409186,0.0,0.0001,0.18830013945698737,0.23580652922391893,0.38813297599554064,0.00019968298583989964,0.18756066970527172,4.108829641057512,33.26480693431269,11.559139784946236
355,router_only,-3416.273840844631,1.0,0.2782381437718868,0.8885417520999909,0.7316540479660034,0.004317523719510064,0.006903246166621102,0.1780340436846018,-0.003735676883479755,0.0,0.0001,0.18894662521779537,0.23845121525228025,0.38827639892697335,0.00021670954665751197,0.18410904482007026,4.159877362532114,33.88701718003814,11.241935483870968
356,router_only,-3542.141612648964,1.0,0.27767363265156747,0.8890584394335747,0.7283971577882766,0.004398326063528657,0.006699740299882262,0.18579649105668067,-0.004482958992230124,0.0,0.0001,0.1873849056661129,0.23666723296046258,0.38959508538246157,0.0002125441413227236,0.18614023141562938,4.276616346294625,33.72239864122788,11.860215053763442
357,router_only,-3532.725581943989,1.0,0.2768648028373718,0.8889533400535583,0.7297914400696754,0.00433390811085701,0.010108942383885777,0.19137702323496342,-0.0053292118140234376,0.0,0.0001,0.18675019405782223,0.2417217053472996,0.3890796437859535,0.00020793499425053596,0.18224052377045155,4.270158122379521,34.012420324282324,11.698924731182796
358,router_only,-3462.7537031769753,1.0,0.27908068895339966,0.8875263690948486,0.7301125422120094,0.004144737136084586,0.00919774613503258,0.18033126406371594,-0.004295101598472684,0.0,0.0001,0.19017668887972833,0.23899074457585812,0.390240290760994,0.00021966138083371334,0.1803726065903902,4.242590785109107,34.00432313967979,11.543010752688172
359,router_only,-3479.6468886733055,1.0,0.2822210408747196,0.8862972319126129,0.727789756655693,0.004183726623887196,0.007337226495292287,0.18351180776953696,-0.004036276659462601,0.0,0.0001,0.18705896511673928,0.24006052762269975,0.3928391240537167,0.00021456913236761466,0.1798268124461174,4.308286808999926,34.19654603106609,11.559139784946236
360,router_only,-3389.5100154280663,1.0,0.2821892313659191,0.8868473976850509,0.7267932683229447,0.004127560846973211,0.010490136214866691,0.1844672579318285,-0.004731269815238193,0.0,0.0001,0.18910567536950112,0.24323270432651042,0.3897680066525936,0.00024074972134258132,0.17765286117792128,4.3482853280563525,34.3209757469865,11.209677419354838
361,router_only,-3538.338192462921,1.0,0.2848775491118431,0.885075968503952,0.7258257195353508,0.004189525044057518,0.007770348505437147,0.1898384228348732,-0.003802771923437831,0.0,0.0001,0.18997609987854958,0.24620175622403623,0.38588283136487006,0.0002844955979526276,0.1776548121124506,4.123409873884136,33.66261612221063,11.89247311827957
362,router_only,-3606.88465154171,1.0,0.2836569309234619,0.8856063112616539,0.7274269118905068,0.00419265340315178,0.005196861797958291,0.18214029930531977,-0.004626074029147276,0.0,0.0001,0.1881121076643467,0.24669753164052963,0.3879240728914738,0.0003459087463852484,0.17692037262022495,4.251758759486444,34.3323177803388,12.274193548387096
363,router_only,-3514.974641561508,1.0,0.2829902969300747,0.8859842360019684,0.7274435430765152,0.004325309162959456,0.00599936413782422,0.18117886818945408,-0.0044317270236206244,0.0,0.0001,0.18579404205083846,0.24808176122605802,0.38726657181978225,0.00032180072375922466,0.17853583246469498,4.238199900813175,34.12841897077701,11.860215053763442
364,router_only,-3531.464744389057,1.0,0.27657402455806734,0.8889215975999832,0.7308971837162972,0.0042456035153009,0.010883841773829828,0.19470256492495536,-0.004406455680145882,0.0,0.0001,0.18633332662284374,0.24271356239914893,0.39086972996592523,0.00024807525587675625,0.179835307225585,4.200832990871306,34.214457540685714,11.779569892473118
365,router_only,-3458.852109193802,1.0,0.2771483324468136,0.8878589764237403,0.7322146713733673,0.00410900674178265,0.007790461129479842,0.1937240306288004,-0.00424953088077018,0.0,0.0001,0.1882600136101246,0.24467180632054805,0.39033082202076913,0.00025837712055363225,0.1764789868146181,4.180006517206813,34.07664048583533,11.559139784946236
366,router_only,-3534.4575424194336,1.0,0.2763162039220333,0.8890774294734001,0.7316910043358803,0.004160570621024817,0.007360801457616617,0.18635255321860314,-0.0045049015876429625,0.0,0.0001,0.19001085720956326,0.24536698423326014,0.3866548478603363,0.00025395111879333854,0.17771336659789086,4.173511801619924,34.31169168155478,11.768817204301076
367,router_only,-3484.4556616544724,1.0,0.2724301479756832,0.8908854365348816,0.7297634080052375,0.004182836064137519,0.003160511704481872,0.18705769293010235,-0.004213763232110068,0.0,0.0001,0.18885454200208188,0.2449430376291275,0.3879216395318508,0.00025760004282346924,0.17802317589521408,4.116019362894669,33.94361195805263,11.612903225806452
368,router_only,-3490.156022310257,1.0,0.27885312810540197,0.8880584508180618,0.7272177010774612,0.0043286481522955,0.009571053396575723,0.17729179318994284,-0.00443715644578333,0.0,0.0001,0.18509775400161743,0.24391430355608462,0.390166337788105,0.0002747560585703468,0.18054685294628142,4.0126457412496706,34.00985265084775,11.795698924731182
369,router_only,-3399.051777303219,1.0,0.2751079261302948,0.8903411507606507,0.7317177295684815,0.004118344560265541,0.008571035854038206,0.18443549908697604,-0.0035582418840022,0.0,0.0001,0.18774911649525167,0.24450863115489482,0.3912061624228954,0.00026781465858221053,0.1762682732194662,4.131166999665843,33.940899496482174,11.236559139784946
370,router_only,-3430.9973829984665,1.0,0.27764557003974916,0.8891319170594215,0.7306668743491173,0.004195501655340194,0.010799999975642965,0.17383932024240495,-0.0038008377377991565,0.0,0.0001,0.1869148537516594,0.2498735196888447,0.388054882735014,0.0003029296854947461,0.17485381923615934,4.162960972564592,33.49273361571458,11.46236559139785
371,router_only,-3600.1392931342125,1.0,0.2803339406847954,0.8882174998521805,0.7318436905741692,0.004188631061697379,0.011105613345353104,0.17860169410705568,-0.0036961710080504417,0.0,0.0001,0.18990743309259414,0.24730211421847342,0.38507348150014875,0.00035070795856881885,0.17736626826226712,4.163386539730577,33.92123434279217,12.096774193548388
372,router_only,-3405.783266186714,1.0,0.27969634905457497,0.8886967703700066,0.7307288467884063,0.004185042844619602,0.011329480542190152,0.19393224231898784,-0.004835444330819882,0.0,0.0001,0.18608474545180798,0.2467860858887434,0.3907382197678089,0.0003359424888913054,0.17605500742793084,3.986856134839571,33.98406367777766,11.268817204301076
373,router_only,-3544.304334998131,1.0,0.2819337986409664,0.8877367541193962,0.7240569427609443,0.0045360371703282,0.017869827708273067,0.1916149951517582,-0.00455679259612225,0.0,0.0001,0.1848907720297575,0.25000610761344433,0.3830261051654816,0.0003071160081162816,0.18176989890635015,4.1618218975512535,33.90188227072361,11.89247311827957
374,router_only,-3519.834997653961,1.0,0.28126673921942713,0.8889055132865906,0.7252318531274795,0.004536595928948372,0.006909346786051163,0.1896598119288683,-0.004202789210319224,0.0,0.0001,0.18633278645575047,0.2519986070692539,0.3801641620695591,0.00032727487705415116,0.18117716796696187,4.1740437029299935,34.2826149808773,11.763440860215054
375,router_only,-3451.301178216934,1.0,0.27789208218455314,0.8900034099817276,0.7293160080909729,0.004438217461574823,0.010306766064240913,0.18376116417348384,-0.0040131192959961485,0.0,0.0001,0.18527618199586868,0.24899802207946778,0.3853175438940525,0.0002979436238092603,0.18011030443012715,4.1029212258201735,33.96813260413812,11.516129032258064
376,router_only,-3374.493348956108,1.0,0.2773736909031868,0.8900605618953705,0.728604006767273,0.00463181019295007,0.01098348695377352,0.1924165438860655,-0.0045357677110587245,0.0,0.0001,0.1834030743688345,0.24576686955988408,0.38493006229400634,0.00029967077607579996,0.1856003224849701,4.060294029872901,33.99712074495096,11.172043010752688
377,router_only,-3429.16752409935,1.0,0.27137367650866506,0.8933998107910156,0.7301347643136978,0.004415827058255673,0.00974006096366794,0.18259385265409947,-0.004902468833074635,0.0,0.0001,0.18571150824427604,0.24364865384995937,0.38749166056513784,0.0002805432497552829,0.18286763690412045,4.214082962844654,34.014644935413195,11.43010752688172
378,router_only,-3340.291117846966,1.0,0.27034967541694643,0.8935090377926826,0.7333226501941681,0.004376778809819371,0.0176736164474278,0.19306477382779122,-0.004733443645818625,0.0,0.0001,0.18530926890671254,0.23525684662163257,0.3937147490680218,0.00023778291397320573,0.18548135794699191,4.354170691652979,34.38891208449946,11.032258064516128
379,router_only,-3327.3815017342567,1.0,0.2704856514930725,0.8933801710605621,0.7338597357273102,0.004290266451425851,0.004838237600779394,0.1933022726327181,-0.005021893799857935,0.0,0.0001,0.18732327073812485,0.23566196337342263,0.39242320209741594,0.0002369819147133967,0.18435458689928055,4.067450214920822,34.1367350697269,10.962365591397848
380,router_only,-3406.023263514042,1.0,0.2706272922456264,0.8936120674014092,0.7330356657505035,0.004384460754226893,0.007001168812348602,0.179407936707139,-0.004377411115592622,0.0,0.0001,0.18525473363697528,0.23422991372644902,0.39433515444397926,0.0002509902828023769,0.18592920824885367,4.100331082302555,33.99217690792163,11.344086021505376
381,router_only,-3420.3572165966034,1.0,0.27307995930314066,0.8923189029097557,0.7352574646472931,0.00430091586895287,0.0040258805325720185,0.18886927887797356,-0.0041118904941868095,0.0,0.0001,0.1871302142739296,0.23268421031534672,0.39447261244058607,0.00022804407199146227,0.18548491597175598,4.174697228081578,34.29300515400596,11.408602150537634
382,router_only,-3478.865048825741,1.0,0.277221591770649,0.8898327723145485,0.7314201265573501,0.004447637242265046,0.0077849450779467035,0.19243703596293926,-0.004333661140117328,0.0,0.0001,0.1832767654210329,0.23617572262883185,0.3944335922598839,0.0002574972673755838,0.18585642650723458,4.079925116025267,33.960138097901805,11.60215053763441
383,router_only,-3440.820912361145,1.0,0.2806193731725216,0.888448229432106,0.7295767679810524,0.004436258145142346,0.004470746200968334,0.18653143309056758,-0.004641184354841244,0.0,0.0001,0.18350167572498322,0.23816869407892227,0.3931728065013885,0.00027499046736920716,0.18488184101879596,4.069013199522054,33.939918918757364,11.446236559139784
384,router_only,-3401.7457580566406,1.0,0.28261143565177915,0.8876981660723686,0.7267903923988343,0.004484953999053687,0.010667325259055333,0.19233214035630225,-0.005102785327471793,0.0,0.0001,0.18455887958407402,0.24244514666497707,0.3884024016559124,0.00027328122887411156,0.18432028628885747,4.2031422576452355,33.63085254056585,11.29032258064516
385,router_only,-3530.108045697212,1.0,0.28130306154489515,0.8881864950060845,0.7287085890769959,0.0044047021307051185,0.00892721230629831,0.19960623234510422,-0.004658773093251511,0.0,0.0001,0.18783027082681655,0.24363736473023892,0.38497448042035104,0.00025780113428481856,0.18330008462071418,3.9019336290437217,34.06314639018717,11.876344086021504
386,router_only,-3416.781616091728,1.0,0.27835957109928133,0.8897101372480393,0.7296698346734047,0.00438991270493716,0.004463103174566591,0.1892666507512331,-0.004201545743853785,0.0,0.0001,0.1868914734572172,0.24520299397408962,0.3856316827237606,0.00026651844709704167,0.1820073276758194,4.025875094422769,33.92183898054385,11.387096774193548
387,router_only,-3493.681927204132,1.0,0.2732668869197369,0.892205773293972,0.7314691513776779,0.0043338059855159376,0.00981210864847531,0.17539729457348585,-0.0041105730000708714,0.0,0.0001,0.18611955046653747,0.24107661955058574,0.3902673915028572,0.0002587625440355623,0.18227767422795296,4.164603463310285,34.46920398266371,11.569892473118278
388,router_only,-3353.388003051281,1.0,0.2758966401219368,0.8906816005706787,0.7312781438231468,0.0043146198382601145,0.011121927599015213,0.19799341149628163,-0.00444980081229005,0.0,0.0001,0.19008656665682794,0.2421760443598032,0.38473890274763106,0.00022628879123658406,0.18277219831943511,4.188095472778473,34.118154320901226,11.059139784946236
389,router_only,-3455.165356516838,1.0,0.2716683425009251,0.89288399964571,0.7318029925227165,0.004446017241571098,0.01138642946280019,0.1848458182066679,-0.004516807661275379,0.0,0.0001,0.1844195794314146,0.2436034418642521,0.38889026641845703,0.00020006019549327901,0.1828866507858038,4.259809301709075,34.029787025836214,11.548387096774192
390,router_only,-3350.6644500494003,1.0,0.28041158616542816,0.8889551132917404,0.7271953120827674,0.004428801347967237,0.008624448862246965,0.18344593234360218,-0.00460365138715133,0.0,0.0001,0.18618557676672937,0.2392912156879902,0.3890113398432732,0.0002204463366069831,0.18529141657054424,4.134612826179666,33.83400609323664,11.064516129032258
391,router_only,-3540.673484325409,1.0,0.2796179085969925,0.8892603501677513,0.7274182662367821,0.004500283312518149,0.002773199910734536,0.19013530500233172,-0.004888119736278895,0.0,0.0001,0.18481242060661315,0.2401863496750593,0.3890613026916981,0.0002070059264951851,0.18573292307555675,4.092750343537722,34.44956606392326,11.860215053763442
392,router_only,-3458.1266400814056,1.0,0.28218107149004934,0.8888450548052788,0.7238774642348289,0.0046969162998721,0.013310035814356524,0.18899912405759095,-0.003728112616954604,0.0,0.0001,0.18587774448096753,0.23761223591864108,0.384980396181345,0.0002072742710879538,0.19132234640419482,4.180489222417046,34.17834172422996,11.510752688172044
393,router_only,-3515.1136482954025,1.0,0.27886106446385384,0.8900101691484451,0.7238083779811859,0.004673804785124957,0.004802190958434915,0.19065756872296333,-0.0043546547072764955,0.0,0.0001,0.18534879833459855,0.24000446684658527,0.38467645794153216,0.000216138300311286,0.18975413478910924,4.20483404181654,33.96540477545934,11.74731182795699
394,router_only,-3498.1179190278053,1.0,0.27372909933328626,0.892290411889553,0.7275895982980728,0.004658785415813327,0.007909567199385542,0.18828669376671314,-0.004592435629456304,0.0,0.0001,0.1860707238316536,0.243218607082963,0.38233507722616195,0.00023485742931370624,0.1881407331675291,4.153346147763954,34.157173807175965,11.60752688172043
395,router_only,-3378.04509049654,1.0,0.27260116338729856,0.8928953066468239,0.7285383462905883,0.004620879900176078,0.004931775451041153,0.1903152871876955,-0.004982853659748798,0.0,0.0001,0.18757083490490914,0.24417862370610238,0.3806082755327225,0.0002406196788797388,0.18740164935588838,4.341125464895502,34.29884094716366,11.220430107526882
396,router_only,-3444.736089885235,1.0,0.26749926880002023,0.8955653846263886,0.7314219504594803,0.004532363673206419,0.006847622472196252,0.1859576739370823,-0.0036734544526552783,0.0,0.0001,0.1872911587357521,0.24661268666386604,0.38159802332520487,0.00023909282826934942,0.1842590406537056,4.186891236000675,34.23058769306947,11.5
397,router_only,-3552.89475941658,1.0,0.267902298271656,0.8952513456344604,0.7310573518276214,0.004559109488036483,0.00477717185494837,0.19584640935063363,-0.0046089038945865465,0.0,0.0001,0.18717312328517438,0.24434213675558566,0.38212621212005615,0.0002557605417678133,0.18610277064144612,3.984371887827959,34.43133152958522,11.876344086021504
398,router_only,-3378.8014014959335,1.0,0.26999993845820425,0.8944363951683044,0.7318440839648247,0.00459276121109724,0.003305971645750111,0.18103105053305626,-0.004191220843767951,0.0,0.0001,0.18765933439135551,0.2452139060944319,0.38047322556376456,0.00027640202606562527,0.18637713380157947,4.380834004193989,34.58600985810755,11.225806451612904
399,router_only,-3488.036379635334,1.0,0.26754940673708916,0.8948730751872063,0.7362882182002067,0.004340003593824804,0.013732168269052675,0.17777681015431882,-0.004678683052225097,0.0,0.0001,0.18795844502747058,0.24189345650374888,0.3870401993393898,0.00027409923350205643,0.1828338023275137,4.143191399187051,33.77431686399376,11.655913978494624
400,router_only,-3436.1317530870438,1.0,0.2702487543225288,0.894585807621479,0.7320642337203026,0.004445416812086478,0.008407935292052564,0.18445753455162048,-0.004030650381355372,0.0,0.0001,0.1883468396961689,0.2389872346073389,0.3857454895973206,0.00027106482011731716,0.186649376899004,3.8990874989105992,34.0353989869847,11.456989247311828
401,router_only,-3393.453677892685,1.0,0.2740692444145679,0.8926591768860817,0.728179731965065,0.004512388433795422,0.009615183246933206,0.18729999996721744,-0.004858796739426907,0.0,0.0001,0.18713707402348517,0.24379482306540012,0.3835183039307594,0.00026482421599212104,0.18528497405350208,4.1758150532843565,33.83435340019167,11.274193548387098
402,router_only,-3439.423253059387,1.0,0.2752874918282032,0.8916157007217407,0.7288969442248344,0.004571200907230377,0.007587826192320818,0.17629688680171968,-0.00406656244158512,0.0,0.0001,0.1890056774020195,0.24391368739306926,0.37972439005970954,0.00029262823300086894,0.1870636146515608,4.089889650237906,34.58403677910808,11.440860215053764
403,router_only,-3512.159191966057,1.0,0.271160177141428,0.8934387788176537,0.7317089319229126,0.004352463968098163,0.01584819513300321,0.20158375576138496,-0.004486757111772021,0.0,0.0001,0.1873992994427681,0.2463242169469595,0.3852379582822323,0.00024391340411966667,0.18079461008310319,4.126518350185485,34.424163737288765,11.75268817204301
404,router_only,-3412.458002090454,1.0,0.26860468573868274,0.8948825627565384,0.732819153368473,0.004273969028145075,0.008307651467839582,0.18922769092023373,-0.0044430722584365865,0.0,0.0001,0.18671926334500313,0.2436980612576008,0.3893917866051197,0.00021173952445678877,0.17997915260493755,4.041607812249414,34.29037682060168,11.36021505376344
405,router_only,-3517.4099776148796,1.0,0.2681644134223461,0.8945696905255318,0.7277063846588134,0.004461735126096755,0.008171580660928135,0.1892800737172365,-0.004511203798756469,0.0,0.0001,0.18518269322812558,0.2425505995750427,0.38799002543091776,0.00022151238008518703,0.18405516743659972,4.219302748120768,34.434322070242466,11.736559139784946
406,router_only,-3434.176649928093,1.0,0.269232789427042,0.8935622483491897,0.7307512193918229,0.004418751923367381,0.004146079250858692,0.19342795498669146,-0.004158043744973838,0.0,0.0001,0.18503929898142815,0.24062647186219693,0.39003686234354973,0.0002477167214237852,0.1840496513992548,4.130495838048861,34.15932718348675,11.419354838709678
407,router_only,-3520.0813611745834,1.0,0.2686087630689144,0.8938753202557563,0.731784212589264,0.00446167066693306,0.00893517445983889,0.18544634543359279,-0.004930337457517453,0.0,0.0001,0.18741905689239502,0.24021779894828796,0.38597794994711876,0.00026910968736046923,0.1861160896718502,3.926984227915765,34.34635108290948,11.82258064516129
408,router_only,-3363.724922180176,1.0,0.2715268790721893,0.8927885890007019,0.7284606173634529,0.004656370508018881,0.010592680373520107,0.1828137759119272,-0.00446386640160199,0.0,0.0001,0.18603408038616182,0.23630643486976624,0.38611231818795205,0.0002961153833894059,0.19125105552375316,4.313853911666129,34.23609437779477,11.193548387096774
409,router_only,-3394.727536022663,1.0,0.2709515795111656,0.8928702339529991,0.7317659363150597,0.004615518590435385,0.009099699025318875,0.17719179317355155,-0.004683870974986348,0.0,0.0001,0.18581476137042047,0.23200220577418804,0.38987620994448663,0.0002698082873394014,0.1920370075851679,4.093626377432051,34.28496250002001,11.263440860215054
410,router_only,-3387.9027485251427,1.0,0.26807370558381083,0.8945359259843826,0.7340932682156562,0.004559740191325545,0.008849613698475877,0.19347001500427724,-0.0050324502555668,0.0,0.0001,0.1849797274917364,0.22920467518270016,0.39430102333426476,0.0002507754492398817,0.1912638045847416,4.068504199117453,33.81435694534506,11.311827956989246
411,router_only,-3465.199269235134,1.0,0.2673662729561329,0.8944129213690758,0.7359277382493019,0.004474926128750667,0.008142167985351967,0.18699917532503604,-0.0043566649037529714,0.0,0.0001,0.18872466087341308,0.2271473478525877,0.39228726327419283,0.00025359167921124026,0.19158713556826115,4.056592632737853,34.123359820421115,11.559139784946236
412,router_only,-3466.724201619625,1.0,0.2651418000459671,0.8955715358257293,0.742310793697834,0.004238082660594955,0.02003087144112218,0.1908138319849968,-0.004911691934830742,0.0,0.0001,0.19248982071876525,0.23339141085743903,0.38812465891242026,0.0002598017730633728,0.18573430143296718,4.002696645768196,34.24162828196551,11.639784946236558
413,router_only,-3461.861991226673,1.0,0.2647557359188795,0.8964034616947174,0.7416164457798005,0.004268009314546362,0.0035854712783475575,0.19082345589995384,-0.004729029384907335,0.0,0.0001,0.19233567342162133,0.23518415056169034,0.38656031936407087,0.00023957040102686732,0.18568028807640075,4.11235982650547,33.91521634406419,11.53763440860215
414,router_only,-3610.998201429844,1.0,0.26459636762738226,0.8964157342910767,0.7404658928513527,0.004209833405911923,0.011238578679694888,0.19794321581721305,-0.004774990869509566,0.0,0.0001,0.19413903206586838,0.2390000805258751,0.3835064686834812,0.0002239134057163028,0.1831305056810379,4.176770432291157,34.44335265159503,12.155913978494622
415,router_only,-3511.0591297745705,1.0,0.26518648862838745,0.8961929738521576,0.7367382943630219,0.004253571509616449,0.005331621742152515,0.19390093237161637,-0.004452507609676104,0.0,0.0001,0.19492381885647775,0.2401669654995203,0.3808413878083229,0.00022318357077892869,0.18384464494884015,4.0503289473332025,34.20039406821501,11.763440860215054
416,router_only,-3330.0066986083984,1.0,0.2669131375849247,0.8949622943997383,0.7341476380825043,0.004306315846042708,0.00839930213478512,0.17981280833482743,-0.004784842792287236,0.0,0.0001,0.19256480298936368,0.23832633085548877,0.383723858743906,0.00024131902391673067,0.18514369018375873,4.2755338832694285,34.145874155587734,10.913978494623656
417,router_only,-3534.352822303772,1.0,0.2709942676126957,0.892911858856678,0.7324127733707428,0.004288026480935514,0.011279998996178625,0.19186420403420926,-0.00458381243806798,0.0,0.0001,0.192340999096632,0.24394070953130723,0.3813097342848778,0.00026694184707594105,0.18214162103831769,4.070642875254165,33.97386828629468,11.951612903225808
418,router_only,-3481.385624051094,1.0,0.2733706787228584,0.8921664774417877,0.7319980964064599,0.004458980623167008,0.010043943427444918,0.19369061402976512,-0.00417959939550201,0.0,0.0001,0.19335517100989819,0.24296577423810958,0.3772664301097393,0.00026321009718230923,0.18614942133426665,3.868188379470693,33.61611133044863,11.586021505376344
419,router_only,-3440.3996963500977,1.0,0.27638797983527186,0.8898840993642807,0.7296202778816223,0.004536778433248401,0.00438249060171077,0.19076344147324562,-0.0048387002621893774,0.0,0.0001,0.19117789305746555,0.24399636946618558,0.3780076242983341,0.0002492407686077058,0.18656887523829938,4.173460178912972,34.1091386565296,11.494623655913978
420,router_only,-3432.8864026665688,1.0,0.27555645257234573,0.8911320328712463,0.7294750958681107,0.004408880486153066,0.009782524189358831,0.20320309959352018,-0.0048392475575383285,0.0,0.0001,0.19422260969877242,0.23910510838031768,0.37924209982156754,0.0002582371271273587,0.18717194981873037,4.192743063487035,33.938918401060285,11.35483870967742
421,router_only,-3414.8664499521255,1.0,0.27596758902072904,0.8899066567420959,0.7281392991542817,0.004514929733704776,0.008871011525116029,0.19850611910223961,-0.004634408166748471,0.0,0.0001,0.1912436455488205,0.2435406144708395,0.3787564612925053,0.00022716327403031754,0.18623212091624736,4.054019118000253,33.93200887309093,11.39247311827957
422,router_only,-3500.941139280796,1.0,0.26949453055858613,0.8931153371930123,0.7330029234290123,0.004286433529341593,0.008308788195063222,0.188777968659997,-0.0055377207419951445,0.0,0.0001,0.1934860646724701,0.24323696419596672,0.38065235465765,0.00024324441328644754,0.18238137662410736,3.995434946597054,34.16013285525304,11.709677419354838
423,router_only,-3390.2972172498703,1.0,0.26930227167904375,0.8933254420757294,0.7287916824221611,0.004545919067459181,0.010303355196447256,0.18588390871882438,-0.005202104371892347,0.0,0.0001,0.19114627726376057,0.24230086654424668,0.37879840582609176,0.00022139986795082222,0.18753305338323117,4.2381162656603975,34.21966761891733,11.231182795698924
424,router_only,-3464.7539274692535,1.0,0.27338042184710504,0.8911196619272232,0.7304752424359322,0.004472812637686729,0.005441294185584411,0.1853363376110792,-0.004702261040074518,0.0,0.0001,0.19332652390003205,0.24284126721322535,0.37715551927685736,0.00021172608649067115,0.18646496683359146,4.155432480840883,33.902661862227,11.483870967741936
425,router_only,-3480.9232983589172,1.0,0.2721778627485037,0.8918859362602234,0.7302216440439224,0.004472745343809948,0.0026965062945236928,0.1841875672340393,-0.0037917483634373637,0.0,0.0001,0.19441663175821305,0.24272304810583592,0.3759290210902691,0.00020818968041567132,0.18672311156988144,4.103537797028711,33.88667451375345,11.704301075268818
426,router_only,-3410.29060870409,1.0,0.2667017973959446,0.8947358727455139,0.7350952103734016,0.0044150958769023415,0.005676572220545495,0.19513228461146354,-0.004382515730685555,0.0,0.0001,0.19454179666936397,0.24543029218912124,0.375601202249527,0.0002140672666428145,0.18421264477074145,4.286075120153773,34.100827803192566,11.32258064516129
427,router_only,-3525.650235116482,1.0,0.26893444582819936,0.893612053990364,0.7349698171019554,0.004236966255120933,0.0068410482177568566,0.18808009065687656,-0.004482170039045741,0.0,0.0001,0.19714546538889408,0.244769474491477,0.3764180563390255,0.00020198504062136636,0.18146501928567887,4.2094067425953625,33.98559669530184,11.795698924731182
428,router_only,-3465.6431097388268,1.0,0.26919687166810036,0.8932558238506317,0.7326092794537544,0.004398555553052574,0.009978223750658821,0.1882782619446516,-0.004738825786625966,0.0,0.0001,0.19467184990644454,0.24225397780537605,0.37735218182206154,0.00020618397393263878,0.18551580645143986,4.159776527673329,33.991735296760645,11.60752688172043
429,router_only,-3363.2828100323677,1.0,0.26922601610422137,0.8938231274485589,0.7328817397356033,0.004451258474728092,0.007127426874285398,0.19807580709457398,-0.00384925403050147,0.0,0.0001,0.1920243099331856,0.2447613190859556,0.3784085504710674,0.0001870192809292348,0.18461879417300225,4.173639045869164,33.93099147134902,11.118279569892472
430,router_only,-3443.6308911442757,1.0,0.2675151232630014,0.8947974473237992,0.7346952348947525,0.004359169880626723,0.006135291625105277,0.19483563341200352,-0.004960303434927482,0.0,0.0001,0.1950919609516859,0.24321697056293487,0.3772053360939026,0.00018226988941023593,0.18430346585810184,4.338399198515279,33.99075312153204,11.478494623655914
431,router_only,-3360.4759323596954,1.0,0.26758287772536277,0.8953671485185624,0.7297198280692101,0.0044984737294726075,0.010455485585771385,0.1843244269490242,-0.00460700752773846,0.0,0.0001,0.19150698147714137,0.24157420508563518,0.3796103946864605,0.0001977542109671049,0.18711066357791423,4.261171372129351,34.06603412449325,11.06989247311828
432,router_only,-3502.042553663254,1.0,0.2692522756755352,0.8944459363818169,0.7297601848840714,0.0044767563813366,0.0063519416738927635,0.19416356645524502,-0.004884462438349146,0.0,0.0001,0.19361245147883893,0.23952847383916379,0.3785087913274765,0.00016911917209654347,0.18818116560578346,4.129952297136704,33.36576225626272,11.768817204301076
433,router_only,-3511.4067493081093,1.0,0.27147079110145567,0.8934525907039642,0.7277911901473999,0.004539128189207986,0.008890292875185024,0.19307155348360538,-0.004587133417226141,0.0,0.0001,0.19148863032460212,0.23720769435167313,0.3812244661152363,0.00016857221780810505,0.18991063609719278,4.299380196272589,34.09107113232611,11.78494623655914
434,router_only,-3423.0425844192505,1.0,0.2737118676304817,0.892359483242035,0.7219862431287766,0.004699423629790545,0.01133034726262851,0.19064739868044853,-0.00437955863380921,0.0,0.0001,0.19261617213487625,0.23960879743099212,0.3755699649453163,0.00015790248689881992,0.19204716756939888,4.2198576337596005,34.050958850699,11.376344086021506
435,router_only,-3398.435738682747,1.0,0.27526567950844766,0.8919396281242371,0.7209818452596665,0.004619149724021554,0.003929695054466692,0.18695290051400662,-0.004955224904551869,0.0,0.0001,0.19314360097050667,0.23823725283145905,0.37700738236308096,0.0001568296633195132,0.19145493619143963,4.327313542258321,34.09443371744788,11.231182795698924
436,router_only,-3461.3606417179108,1.0,0.27259631380438804,0.8928575292229652,0.7188427671790123,0.004822857223916799,0.009473458033971816,0.192785507068038,-0.004555931329741724,0.0,0.0001,0.18916003704071044,0.2414938759058714,0.376275846362114,0.00013519903623091523,0.19293504059314728,4.3949799174328446,34.10482714117163,11.483870967741936
437,router_only,-3393.317273437977,1.0,0.27784512341022494,0.8904794901609421,0.7182194232940674,0.004838421940803528,0.011186862364411344,0.19490524828433992,-0.004466028395108878,0.0,0.0001,0.19148784913122655,0.2447594955563545,0.37199256345629694,0.0001326334288023645,0.19162745848298074,4.454272539106834,34.5290391259047,11.279569892473118
438,router_only,-3434.6173661351204,1.0,0.27957514524459837,0.8896856784820557,0.7144867777824402,0.0049166865763254465,0.013495709815833822,0.1945014413446188,-0.003785709037038032,0.0,0.0001,0.19482028260827064,0.24196633324027061,0.36803787127137183,0.0001363800220133271,0.1950391337275505,4.153735898412965,34.5937057422175,11.413978494623656
439,router_only,-3489.971564054489,1.0,0.2760316029191017,0.8913706883788108,0.7167149499058724,0.004906951694283635,0.011386932732420973,0.2002445112913847,-0.004882741960682324,0.0,0.0001,0.19056692719459534,0.24081575870513916,0.3737313374876976,0.0001359926645818632,0.19474998451769351,4.287776358083135,34.283892079615555,11.71505376344086
440,router_only,-3468.6530512571335,1.0,0.279883947968483,0.8894902482628823,0.714208896458149,0.004832593025639653,0.0030805068927293234,0.19048486836254597,-0.004088273515299079,0.0,0.0001,0.19210718162357807,0.24068246968090534,0.3732306309044361,0.00012709230359178036,0.19385262802243233,4.207853979148172,33.86428563666425,11.596774193548388
441,router_only,-3477.019577860832,1.0,0.2793473593890667,0.8897643059492111,0.714164586365223,0.004913234896957874,0.009905816079299228,0.1957237422466278,-0.004778421472292393,0.0,0.0001,0.19420937038958072,0.24289787113666533,0.36828558072447776,0.00011923471156478626,0.1944879461079836,4.151229384526226,34.185140687509964,11.60215053763441
442,router_only,-3482.25339114666,1.0,0.2778362646698952,0.8906617507338523,0.7126597329974175,0.005141237715724856,0.0076734241771191595,0.1903933871537447,-0.004341645573731512,0.0,0.0001,0.19037265740334988,0.24328769072890283,0.36860382109880446,0.00012882032333436655,0.19760701172053813,4.220913877738304,34.42689019324566,11.634408602150538
443,router_only,-3533.254085600376,1.0,0.2763835497200489,0.8912399962544442,0.7128722712397575,0.005111950892023742,0.009018171755633426,0.20118687115609646,-0.004733585631765891,0.0,0.0001,0.1875565007328987,0.24175864607095718,0.3731129065155983,0.00011864228072226979,0.19745330475270748,4.202000794327072,34.07370383878845,11.833333333333334
444,router_only,-3443.329761147499,1.0,0.2750192627310753,0.8919583693146705,0.7169605389237403,0.0049775764462538065,0.00547955525780709,0.19451649226248263,-0.004698754139099037,0.0,0.0001,0.18833651654422284,0.24296083711087704,0.37387047708034515,0.0001095573619750212,0.1947226118296385,4.50911679251832,33.80911869665915,11.419354838709678
445,router_only,-3425.905832529068,1.0,0.27980225905776024,0.8897899061441421,0.7132482677698135,0.005038822430651635,0.006012358782572852,0.20448981001973152,-0.0049977914248302115,0.0,0.0001,0.18645938225090503,0.24596701748669147,0.3735433116555214,0.00010409917304059491,0.19392619132995606,4.140875318842586,33.985658734936194,11.39247311827957
446,router_only,-3407.2026977539062,1.0,0.27895300909876825,0.8905259221792221,0.7148395895957946,0.004870685376226902,0.008420419328103867,0.19398110844194888,-0.004823961898568996,0.0,0.0001,0.18650704436004162,0.24819410368800163,0.37547876983880996,9.839947124419268e-05,0.1897216781973839,4.057814725985851,33.92763488922514,11.29032258064516
447,router_only,-3481.7182050943375,1.0,0.27707118093967437,0.891556479036808,0.7108730688691139,0.005209669063333422,0.012281120488569313,0.19431930631399155,-0.004098040687676985,0.0,0.0001,0.18513489477336406,0.2490892492234707,0.3707272283732891,8.153255430443096e-05,0.19496709518134595,4.193194018433819,34.15738722937867,11.60215053763441
448,router_only,-3534.2213096618652,1.0,0.28208317905664443,0.8892348289489747,0.7131936848163605,0.005105165881104767,0.009087715917576155,0.19418755285441874,-0.004392497047047072,0.0,0.0001,0.1896767359226942,0.24750048406422137,0.36788454204797744,8.354520323337056e-05,0.19485468454658986,4.182749949745793,33.797328229872306,11.85483870967742
449,router_only,-3447.943203866482,1.0,0.27884123399853705,0.8907737776637077,0.7118879511952401,0.005175572843290866,0.012157411746829948,0.20324292294681073,-0.005352832311837119,0.0,0.0001,0.18603401407599449,0.2527337774634361,0.3687299616634846,8.343394356415956e-05,0.19241881892085075,4.342084308969835,34.169636235445914,11.489247311827958
450,router_only,-3395.00705742836,1.0,0.2830017924308777,0.888961523771286,0.7118895083665848,0.005099427816458046,0.006371538443181585,0.17805907428264617,-0.004953910180529419,0.0,0.0001,0.18698594085872172,0.24954800345003605,0.37013332098722457,9.427911081729689e-05,0.19323845207691193,4.170891426142701,34.28158732647331,11.268817204301076
451,router_only,-3483.8060269355774,1.0,0.2852378025650978,0.887696573138237,0.7122759819030762,0.0050277513568289574,0.008916165211121558,0.20482020042836666,-0.00490658217240707,0.0,0.0001,0.18584029451012612,0.25240991786122324,0.3717271380126476,9.663079054007539e-05,0.18992601633071898,4.350225637714972,34.6070214919816,11.623655913978496
452,router_only,-3398.3853820562363,1.0,0.2840420126914978,0.8887243077158928,0.7122621729969978,0.005012841755524277,0.00824076109147424,0.18877087123692035,-0.004481451439096418,0.0,0.0001,0.18748205937445164,0.2548846766352654,0.36900172755122185,0.00010049377269751857,0.1885310523211956,4.420910056803608,34.27779861718011,11.231182795698924
453,router_only,-3397.5618637800217,1.0,0.28877182602882384,0.8859616905450821,0.711186395585537,0.004961245856247842,0.009939426398159434,0.203785627707839,-0.005016817903378978,0.0,0.0001,0.18800726607441903,0.24991495721042156,0.37127675116062164,0.00011082421715400415,0.19069019854068756,4.170257233856091,34.41909608636779,11.21505376344086
454,router_only,-3385.3844309449196,1.0,0.28398952186107634,0.8885234028100968,0.7129185125231743,0.004902852384839207,0.008929938508845204,0.2009888920933008,-0.004987478156544966,0.0,0.0001,0.19025749005377293,0.2521297033876181,0.3689524956047535,0.00011080366966780275,0.1885495062917471,4.15436933214289,33.72638949778907,11.236559139784946
455,router_only,-3433.487471997738,1.0,0.2844078853726387,0.8882360354065895,0.7156520754098892,0.004797196725849062,0.008164774992292189,0.20448375381529332,-0.004320646713313181,0.0,0.0001,0.19209930226206778,0.2480476126074791,0.3704488083720207,0.00011050677076127614,0.18929376862943173,4.068447027346108,33.85405406804076,11.43010752688172
456,router_only,-3399.9159178733826,1.0,0.2872189059853554,0.8868359699845314,0.714179202914238,0.004974008025601506,0.016086093397279937,0.20273424126207829,-0.004900363742126501,0.0,0.0001,0.18947358950972557,0.256090659275651,0.36688253208994864,0.00010982386411342304,0.18744339384138584,4.079900508456022,34.41360927515717,11.268817204301076
457,router_only,-3516.279597878456,1.0,0.28849215507507325,0.8859893277287483,0.7155246049165725,0.005013557896018028,0.007406121540952909,0.19098120629787446,-0.004478973088589555,0.0,0.0001,0.19124201200902463,0.254572194814682,0.3646979369223118,0.00011484597653179662,0.18937301114201546,4.1636093387203195,34.2147800598569,11.801075268817204
458,router_only,-3511.8836609125137,1.0,0.287094471603632,0.8868470281362534,0.7166864201426506,0.0049851320683956145,0.00200172252370972,0.1921004004776478,-0.004719578578078654,0.0,0.0001,0.1914271842688322,0.25517513826489446,0.3649106837809086,0.00010253389791614609,0.1883844632655382,4.09528407216306,34.53869283880876,11.709677419354838
459,router_only,-3532.234374523163,1.0,0.28821136727929114,0.8857420593500137,0.7146193817257881,0.005172649945598096,0.009421662246131746,0.20330036692321302,-0.005044980477396166,0.0,0.0001,0.19059022068977355,0.2526206888258457,0.36359706446528434,9.673287095210981e-05,0.19309529215097426,4.032974737896306,33.799748326240156,11.82258064516129
460,router_only,-3412.8831645846367,1.0,0.28434326201677323,0.8873837888240814,0.716766631603241,0.004992546897847205,0.009603264897305064,0.19296258836984634,-0.004825325230194721,0.0,0.0001,0.190222392603755,0.24936389103531836,0.368396220356226,9.921053097059485e-05,0.19191828668117522,4.284463368702446,34.29144078333646,11.349462365591398
461,router_only,-3510.346852004528,1.0,0.28514132723212243,0.886976569890976,0.7136821523308754,0.005168821837287396,0.011878040055671562,0.20482550747692585,-0.0046874756113538755,0.0,0.0001,0.18687292858958243,0.24677433520555497,0.37039835229516027,0.00010693342555896379,0.19584745205938817,4.317194767480795,34.24779720279934,11.71505376344086
462,router_only,-3323.215035378933,1.0,0.28008931800723075,0.88964384496212,0.7173929035663604,0.005021179257892072,0.005975630310240332,0.190064287930727,-0.004425715039178613,0.0,0.0001,0.18907045163214206,0.24756462462246417,0.37001323848962786,0.00010458706183271715,0.19324709437787532,4.28862886852971,34.27378662066498,10.876344086021506
463,router_only,-3401.963814496994,1.0,0.2766473822295666,0.8912422895431519,0.7174624890089035,0.005116074520628899,0.00766505964475071,0.20154309086501598,-0.004914434213424102,0.0,0.0001,0.18524601832032203,0.24851370081305504,0.3725918225944042,9.648984159866813e-05,0.19355196319520473,4.187386850699286,34.493681605342914,11.28494623655914
464,router_only,-3431.9967044591904,1.0,0.27743188440799715,0.8904707610607148,0.7218518987298012,0.004907743411604315,0.013801774166313419,0.20142312422394754,-0.005215258467069361,0.0,0.0001,0.18450406081974507,0.2437318790704012,0.3794869348406792,0.00010226717804471264,0.19217485785484315,4.155725413048599,33.86694935913942,11.35483870967742
465,router_only,-3448.0468158125877,1.0,0.2773021288216114,0.8907602339982986,0.7240342065691948,0.004733053280506283,0.011653061528159047,0.18987147472798824,-0.004902951607073191,0.0,0.0001,0.19033059626817703,0.24141512028872966,0.3766237497329712,0.00010087658265547361,0.19152966625988482,4.267242413393895,33.968836050543594,11.559139784946236
466,router_only,-3531.7575632333755,1.0,0.2765142470598221,0.8908158287405967,0.7200023025274277,0.005052608461119235,0.010523123795064749,0.19678676165640355,-0.005314119503600523,0.0,0.0001,0.18761506043374537,0.24111882895231246,0.3743740111589432,0.00010878363973461091,0.19678331725299358,4.032884163036625,34.40685375706915,11.81720430107527
467,router_only,-3494.986498594284,1.0,0.27726187855005263,0.8907986298203469,0.7181620463728905,0.005040497868321836,0.010050828288694918,0.18972077332437037,-0.005237415657711608,0.0,0.0001,0.19200789071619512,0.24079792909324169,0.3696694977581501,0.00011018388267984847,0.19741450175642966,4.146107865742082,34.41163501136537,11.688172043010752
468,router_only,-3492.036398589611,1.0,0.27849444597959516,0.8900808066129684,0.7174386993050575,0.005138643505051732,0.007097069520750665,0.20212846845388413,-0.005094479367835447,0.0,0.0001,0.18845935277640818,0.24195662848651409,0.37150435373187063,0.00012313706374698086,0.19795652478933334,4.232398807500451,34.236503506686304,11.655913978494624
469,router_only,-3539.8342164754868,1.0,0.27775160819292066,0.890714330971241,0.716388389468193,0.005288145586382598,0.0101147120003588,0.19536525718867778,-0.004940482835081639,0.0,0.0001,0.18990012034773826,0.2397857416421175,0.36861815452575686,0.0001228698556587915,0.20157311595976352,4.009844562733955,34.128525502769854,11.913978494623656
470,router_only,-3391.0791487693787,1.0,0.27770787104964256,0.8898301541805267,0.7170003116130829,0.0052915159845724705,0.019775097228193782,0.20988463051617146,-0.00440095903686597,0.0,0.0001,0.19243230745196344,0.2471410997211933,0.3620631471276283,0.0001201576882522204,0.19824328348040582,4.252233654797687,34.376717030181794,11.29032258064516
471,router_only,-3393.1622807979584,1.0,0.2814185589551926,0.8882187455892563,0.7145724296569824,0.005256288184318692,0.007359105293289714,0.19324410632252692,-0.004217773246273282,0.0,0.0001,0.19337414912879466,0.24346328154206276,0.3633758947253227,0.00011842324838653439,0.19966824688017368,4.152150695912741,34.018622966772945,11.29032258064516
472,router_only,-3343.8686014413834,1.0,0.2761389262974262,0.8905571877956391,0.7139020636677742,0.005290812067687512,0.014072918284909974,0.20263450182974338,-0.005375447082769824,0.0,0.0001,0.18902489356696606,0.24871250689029695,0.36516055166721345,0.00012100389503757469,0.19698104709386827,4.162202478633061,34.337444411963084,11.053763440860214
473,router_only,-3492.734727561474,1.0,0.2757177151739597,0.8909717574715614,0.7151308819651604,0.005294612364377826,0.014631250491220249,0.20468026474118234,-0.004753965672716731,0.0,0.0001,0.18510461635887623,0.24532631002366542,0.3711074471473694,0.00011185161129105836,0.19834977574646473,4.20793890245237,34.53750379645296,11.71505376344086
474,router_only,-3531.321401655674,1.0,0.274024710804224,0.8916974633932113,0.7170410335063935,0.005263446888420731,0.010145974326042018,0.20430135019123555,-0.005103189689179999,0.0,0.0001,0.18702783174812793,0.24847608134150506,0.3677038334310055,0.00010735762680269545,0.1966848958283663,4.053950843458541,34.22399084562651,11.870967741935484
475,router_only,-3464.3428993225098,1.0,0.27418846935033797,0.8915910750627518,0.7167717963457108,0.005203387071378529,0.005608115752693227,0.20451655946671962,-0.004726067551189317,0.0,0.0001,0.18875107690691947,0.24567202292382717,0.3681571692228317,0.00010904447317443555,0.19731068536639212,4.106570335721184,34.18978440335908,11.489247311827958
476,router_only,-3529.0725378394127,1.0,0.2735488511621952,0.8923959448933602,0.7181052327156067,0.00504570275079459,0.006815684777757259,0.21502824276685714,-0.004967976020998322,0.0,0.0001,0.1881315391510725,0.24586795829236507,0.37136907428503035,0.00010164362047362374,0.1945297796279192,4.174745670458506,34.30915191788781,11.833333333333334
477,router_only,-3338.383943796158,1.0,0.2760302409529686,0.891057139635086,0.7187271595001221,0.005051368055865169,0.009683065182252915,0.19393988884985447,-0.004436943410837557,0.0,0.0001,0.19254143238067628,0.24579683355987073,0.36659866869449614,0.00010395262124802684,0.19495911225676538,4.3274882825147785,33.99902460140554,11.096774193548386
478,router_only,-3614.8021601438522,1.0,0.27979492470622064,0.8891563206911087,0.7166281446814537,0.005181177973281592,0.011357882533593489,0.20519860535860063,-0.004669578414177522,0.0,0.0001,0.19082001820206643,0.25146929211914537,0.3636411428451538,0.00011043938393413555,0.19395911507308483,4.1950008715478795,34.096286022953784,12.236559139784946
479,router_only,-3390.087746858597,1.0,0.2793268196284771,0.8895686715841293,0.7166030913591385,0.005203867400996387,0.005611180072446553,0.20474109835922719,-0.004969439927663188,0.0,0.0001,0.19168912395834922,0.24878873415291308,0.363516104221344,0.00011767680880439002,0.19588835537433624,4.234409506253899,34.32346425429998,11.209677419354838
480,router_only,-3405.0629221200943,1.0,0.2804334685206413,0.888725945353508,0.7172060459852219,0.005083098716568202,0.012098597271688077,0.20565530918538572,-0.0056406826974125576,0.0,0.0001,0.19374602362513543,0.25278113670647145,0.36152916103601457,0.00011741426678781863,0.19182626605033876,4.281549304787129,33.7348542474457,11.344086021505376
481,router_only,-3426.872972548008,1.0,0.2813977710902691,0.8884345248341561,0.7120741501450538,0.005230989377014339,0.007809354799610419,0.2077734462916851,-0.004367659814670332,0.0,0.0001,0.18985237553715706,0.25505908094346524,0.3624090053141117,0.00010638473759172484,0.1925731547176838,4.320622589629921,33.83287824433776,11.440860215053764
482,router_only,-3449.5129395723343,1.0,0.28124947026371955,0.8884902104735375,0.7149741008877755,0.005120992381125689,0.012015767081538764,0.20013534538447858,-0.004358524375857087,0.0,0.0001,0.1948065459728241,0.2509396281093359,0.36052057668566706,0.00011807661976490636,0.19361517801880837,4.311919655702148,34.62875127136037,11.419354838709678
483,router_only,-3502.7856350541115,1.0,0.28020565286278726,0.8883028998970985,0.7120513707399369,0.005480143905151636,0.013279779189542724,0.20456417575478553,-0.005282854397228221,0.0,0.0001,0.18816916234791278,0.2515028495341539,0.3615613587200642,0.00011556546742212959,0.19865105897188187,4.278397728757915,33.77945859029419,11.758064516129032
484,router_only,-3447.042754948139,1.0,0.2820224747061729,0.8878962457180023,0.7122891008853912,0.005446455965284258,0.0066283433796343215,0.2120269149541855,-0.005723969245445914,0.0,0.0001,0.19148333333432674,0.25101877748966217,0.3589477904140949,0.00011334788541716989,0.19843674451112747,4.126926644432407,34.08805356520457,11.516129032258064
485,router_only,-3492.172608613968,1.0,0.2834144875407219,0.8874224320054054,0.7093759566545487,0.00537711939541623,0.00751845252907517,0.20494571700692177,-0.004992375684378203,0.0,0.0001,0.1928479265421629,0.2534088332206011,0.3577842928469181,0.00011792937057180098,0.19584101997315884,4.337065044320445,34.184111295713166,11.64516129032258
486,router_only,-3394.569689512253,1.0,0.27918157204985616,0.8896721169352532,0.7124595031142235,0.005238138255663216,0.01122150058654368,0.2043108019977808,-0.005393783603358316,0.0,0.0001,0.19017464183270932,0.2517032314091921,0.36339504197239875,0.00011603533257584787,0.19461104907095433,4.411991596188785,34.11516618824919,11.274193548387098
487,router_only,-3386.9666607379913,1.0,0.2799558974802494,0.8889945715665817,0.7099438011646271,0.005309800407849253,0.009735431613444262,0.20556436330080033,-0.004956463238340802,0.0,0.0001,0.18874846547842025,0.24826542623341083,0.36522097513079643,0.00011230063773837173,0.1976528313010931,4.346204840725919,34.17510564577557,11.193548387096774
488,router_only,-3540.89122235775,1.0,0.2758791007101536,0.8910864412784576,0.7132884696125984,0.005243701185099781,0.006783970014839724,0.2068839631974697,-0.004648897984588984,0.0,0.0001,0.1879140805453062,0.2457078229635954,0.3683715954422951,0.00011393076674721669,0.19789256267249583,4.432362645548078,34.11825534557121,11.790322580645162
489,router_only,-3563.816348195076,1.0,0.278143172711134,0.89019196331501,0.7147853255271912,0.0049479147652164105,0.015641181790306297,0.20459950156509876,-0.005813251037034206,0.0,0.0001,0.1924832087010145,0.23917645812034607,0.3716119691729546,0.00012502343797677896,0.19660334028303622,4.504822471940726,34.09245700445662,11.989247311827956
490,router_only,-3537.2406772971153,1.0,0.27998580411076546,0.8894697532057763,0.7150436773896217,0.004945299704559147,0.0055843949978225,0.19707288704812526,-0.004797292516741436,0.0,0.0001,0.19125807359814645,0.24196833483874797,0.37143677175045015,0.0001253461141459411,0.19521147720515727,4.337424412168516,34.565276865471844,11.81720430107527
491,router_only,-3442.006616592407,1.0,0.2796347662806511,0.889980798959732,0.7154158487915993,0.004977020330261439,0.009409174277971093,0.19964408241212367,-0.00412848002906685,0.0,0.0001,0.18979822620749473,0.24667291939258576,0.37022849842905997,0.0001227872573508648,0.19317756704986094,4.378228357506272,34.12385990533638,11.446236559139784
492,router_only,-3467.1297364234924,1.0,0.27884682938456534,0.8903223156929017,0.7169927462935448,0.0049941597506403925,0.003444738334292202,0.20787805914878846,-0.005509308153705206,0.0,0.0001,0.1908742617815733,0.24595326147973537,0.36922578886151314,0.0001326157114817761,0.19381407387554644,4.424812470685748,34.309525960352346,11.494623655913978
493,router_only,-3342.837021768093,1.0,0.2796146355569363,0.8900414183735847,0.7149245128035545,0.0051026296219788495,0.008122642682610625,0.20476201102137565,-0.005020022265671287,0.0,0.0001,0.1922127652913332,0.2473703734576702,0.365164465457201,0.00014959518393879988,0.19510279819369317,4.336458353592685,33.99248490893758,11.037634408602152
494,router_only,-3404.3971676826477,1.0,0.2815509788691998,0.8891645222902298,0.7128994628787041,0.00516960317036137,0.003381746676859587,0.20162335745990276,-0.004683309329266194,0.0,0.0001,0.19124672897160053,0.24664554074406625,0.36543442532420156,0.00016407840957981533,0.19650923274457455,4.364896859036912,34.427773465029766,11.28494623655914
495,router_only,-3486.256909132004,1.0,0.28239215165376663,0.8891431510448455,0.7128880143165588,0.0052166629116982225,0.003101401951607846,0.19860431551933289,-0.005007413656130666,0.0,0.0001,0.19128982126712799,0.2453417956829071,0.365187469124794,0.00017031695624609712,0.19801060259342193,4.366452960228146,34.48583676963334,11.650537634408602
496,router_only,-3496.9471107125282,1.0,0.280333636701107,0.8896248787641525,0.7160810649394989,0.005065810412634164,0.01241549882179246,0.19728389494121074,-0.004997910940437578,0.0,0.0001,0.19466546028852463,0.24817390330135822,0.36273124665021894,0.00016815633371152215,0.19426123350858687,4.3464137698940455,34.10701153335236,11.655913978494624
497,router_only,-3423.9846791625023,1.0,0.2784861259162426,0.8905517593026161,0.7180583119392395,0.004981589561793953,0.004597998429562683,0.2105593156069517,-0.004775829225326334,0.0,0.0001,0.194295671582222,0.24721349850296975,0.3650206685066223,0.00017773407416825647,0.19329242818057538,4.310250801914869,33.85764413677274,11.311827956989246
498,router_only,-3359.5610127449036,1.0,0.27846707925200465,0.8899719044566154,0.7201357752084732,0.004670429253019392,0.012083656526010622,0.21284385100007058,-0.004836184465239058,0.0,0.0001,0.19799770154058932,0.24491532184183598,0.3673604652285576,0.00016466780580230987,0.1895618412643671,4.46946584939932,34.098073933500984,11.059139784946236
499,router_only,-3489.5366446971893,1.0,0.2783322364091873,0.8896605432033539,0.714862608909607,0.004943453788291663,0.012220929410250363,0.20148613750934602,-0.004668656460489728,0.0,0.0001,0.19346307441592217,0.24901875406503676,0.3657846309244633,0.00016667483942001127,0.19156686998903752,4.309568558673032,33.83934378643559,11.618279569892472
500,router_only,-3401.9953785538673,1.0,0.27542753964662553,0.89099041223526,0.7189195200800895,0.004992048558779061,0.00428654854695198,0.20461349226534367,-0.00507426374242641,0.0,0.0001,0.19461301751434804,0.24907736368477346,0.3636413551867008,0.0001759929597028531,0.19249227195978164,4.130063791042814,34.06192101949418,11.204301075268818
501,dynamic_actor_adapt,-3336.439102590084,1.0,0.27433198839426043,0.8915189906954766,0.7195189878344536,0.0,0.002273313201658261,3.5204819440841675,-0.004334261356416391,1e-05,0.0,0.19530530348420144,0.2495063666254282,0.3631224721670151,0.0001913607728056377,0.19187449850142002,4.473726299079455,33.97408991483994,10.983870967741934
502,dynamic_actor_adapt,-3313.4126186966896,1.0,0.2739358812570572,0.8919981569051743,0.7179184079170227,0.0,0.0021660655742380295,3.556162601709366,-0.0036079943121876566,1e-05,0.0,0.19423504844307898,0.2495843216776848,0.3635239414870739,0.00017858451665233587,0.19247810840606688,4.1160427523719445,34.23812243054394,10.881720430107526
503,dynamic_actor_adapt,-3429.83447933197,1.0,0.27290324717760084,0.8926103666424752,0.7192490920424461,0.0,0.004116231059742875,3.623541700839996,-0.0035755737029830926,1e-05,0.0,0.19481567181646825,0.24921251647174358,0.36499380245804786,0.00018621414037625072,0.19079179652035236,4.070372048118854,34.014463047021145,11.397849462365592
504,dynamic_actor_adapt,-3271.824178159237,1.0,0.27599535807967185,0.8904326826333999,0.7178680419921875,0.0,0.002689825745801544,3.4987377882003785,-0.0022655035896605113,1e-05,0.0,0.19373409748077391,0.24895342737436293,0.3657163046300411,0.00018196618948422837,0.19141420871019363,4.057514083428,34.12373176968005,10.779569892473118
505,dynamic_actor_adapt,-3272.0142387747765,1.0,0.2759551577270031,0.89083012342453,0.7180552095174789,0.0,0.002622233355214121,3.5498333394527437,-0.003341769930557348,1e-05,0.0,0.19342928156256675,0.24991241917014123,0.36605964228510857,0.00019075193813478108,0.19040790647268296,3.910579227765349,34.07571730187275,10.806451612903226
506,dynamic_actor_adapt,-3352.444691479206,1.0,0.2754833199083805,0.8907391488552093,0.719498735666275,0.0,0.001900010971075955,3.4638917684555053,-0.003099598505650647,1e-05,0.0,0.1937373522669077,0.2504936970770359,0.36512086912989616,0.00017951977279153652,0.19046856351196767,3.8652368943766655,34.10059192874781,11.048387096774194
507,dynamic_actor_adapt,-3274.3171758055687,1.0,0.27427397593855857,0.8914227709174156,0.7180502101778984,0.0,0.0025242094112400025,3.486154079437256,-0.0028413330242983647,1e-05,0.0,0.1936540775001049,0.24966166578233243,0.3647758387029171,0.00017775061623979128,0.1917306672781706,3.8177197145147974,34.034271349251505,10.801075268817204
508,dynamic_actor_adapt,-3377.829480409622,1.0,0.2757531270384789,0.8910368859767914,0.7168016031384468,0.0,0.004672116210895233,3.368269234895706,-0.0026175649458309636,1e-05,0.0,0.19310067147016524,0.2478790156543255,0.36676075831055643,0.00018821959674824028,0.19207133874297141,3.6171542158179166,33.88514028056865,11.29032258064516
509,dynamic_actor_adapt,-3253.437374353409,1.0,0.2754100404679775,0.8914106637239456,0.7192506447434426,0.0,0.00465246251624199,3.453685599565506,-0.0033266897051362323,1e-05,0.0,0.19422557763755322,0.24908033907413482,0.36551972329616544,0.00017855992991826496,0.1909958004951477,3.7455452518140393,34.09455749059626,10.63978494623656
510,dynamic_actor_adapt,-3197.922170817852,1.0,0.27609429880976677,0.8912121996283531,0.7174596667289734,0.0,0.006276445407274895,3.354420953989029,-0.003433814259187784,1e-05,0.0,0.19270770028233528,0.24845988117158413,0.3686477318406105,0.0001887753649498336,0.18999591432511806,3.941055966171883,34.228165577188825,10.4247311827957
511,dynamic_actor_adapt,-3228.120921254158,1.0,0.27433857694268227,0.8916581615805625,0.7177418902516365,0.0,0.007174955345908568,3.5177302420139314,-0.002988286661093298,1e-05,0.0,0.19411279521882535,0.24943466186523439,0.3650623559951782,0.00018667165604711045,0.1912035144865513,3.795350898297417,33.8868539249455,10.56989247311828
512,dynamic_actor_adapt,-3220.3743195533752,1.0,0.27709450051188467,0.8901663318276405,0.717814315855503,0.0,0.0026080097728481575,3.4254979729652404,-0.0031776394840562715,1e-05,0.0,0.19525821320712566,0.2488951414823532,0.3652209401130676,0.0001852899733421509,0.19044040888547897,3.7622692794310577,33.92245787355624,10.510752688172042
513,dynamic_actor_adapt,-3273.6332318782806,1.0,0.2762603409588337,0.890512028336525,0.7190196812152863,0.0,0.005168431843230787,3.377016466856003,-0.002829693837338709,1e-05,0.0,0.19644168987870217,0.2502957917749882,0.36361264511942865,0.00018537922624091153,0.1894644882529974,3.8223264711574076,34.1574999900061,10.747311827956988
514,dynamic_actor_adapt,-3260.5462196469307,1.0,0.27696912959218023,0.8904201984405518,0.7171247184276581,0.0,0.003964180505317966,3.409798741340637,-0.0036033253447385503,1e-05,0.0,0.19498073123395443,0.249782669916749,0.36486375480890276,0.0001773739439158817,0.1901954732835293,3.8110184032592054,33.75979546377243,10.790322580645162
515,dynamic_actor_adapt,-3340.2010385394096,1.0,0.2761265426874161,0.8909061267971993,0.7184379532933235,0.0,0.0019171262983945613,3.442912572622299,-0.002850189706077799,1e-05,0.0,0.19465198554098606,0.24976396635174752,0.36582006216049195,0.00017963136597245465,0.18958436101675033,3.8318525558856114,34.0155512124871,11.016129032258066
516,dynamic_actor_adapt,-3217.2760097384453,1.0,0.2758807107806206,0.8907097518444062,0.7179355472326279,0.0,0.0036312068417828137,3.4830225348472594,-0.003070476325956406,1e-05,0.0,0.19367597252130508,0.2503715354949236,0.3649804972112179,0.00017960467648663324,0.19079239405691623,3.746023063452469,34.32955073659194,10.494623655913978
517,dynamic_actor_adapt,-3253.5704535245895,1.0,0.27450556829571726,0.8914107114076615,0.718669892847538,0.0,0.00414964682477148,3.3485106825828552,-0.003319299634677009,1e-05,0.0,0.191993236169219,0.24997944831848146,0.3664537087082863,0.00018106066017935517,0.19139254987239837,3.666350247725368,34.29347686428946,10.650537634408602
518,dynamic_actor_adapt,-3210.438579618931,1.0,0.27357339709997175,0.8921763822436333,0.7195958197116852,0.0,0.006816967807935714,3.538205677270889,-0.0038958325279509153,1e-05,0.0,0.19479443766176702,0.24773925431072713,0.36705652326345445,0.00018552565179561498,0.1902242571115494,3.5030522149226395,33.55685745171457,10.456989247311828
519,dynamic_actor_adapt,-3240.158100068569,1.0,0.27734295576810836,0.8902949839830399,0.7162038534879684,0.0,0.006843940683938887,3.7080252707004546,-0.004123763139068615,1e-05,0.0,0.1919210832566023,0.24931403808295727,0.3665142677724361,0.0001791656934074126,0.19207144416868688,3.7843238581485266,33.75937452533185,10.580645161290322
520,dynamic_actor_adapt,-3234.1246509552,1.0,0.2741881385445595,0.8918075606226921,0.7199604406952858,0.0,0.005314636898765418,3.567298001050949,-0.0034437190068274505,1e-05,0.0,0.19457261227071285,0.24823362603783608,0.3660927198827267,0.0001849554628279293,0.19091608598828316,3.6905949767705337,34.38728724580396,10.543010752688172
521,dynamic_actor_adapt,-3183.246638417244,1.0,0.27600106671452523,0.8903800383210182,0.7166379913687706,0.0,0.003449363990875964,3.5067998707294463,-0.0035521811099897605,1e-05,0.0,0.19285332709550856,0.24905752688646315,0.36651243194937705,0.00017955976800294594,0.19139715619385242,3.6953020118809845,33.99167418577297,10.360215053763442
522,dynamic_actor_adapt,-3218.6209594011307,1.0,0.27526909559965135,0.8909139156341552,0.7175992459058762,0.0,0.0029734691905105026,3.3649339735507966,-0.0026739300967165034,1e-05,0.0,0.19411352053284645,0.2476345431059599,0.36644868105649947,0.0001879109675428481,0.1916153460741043,3.989018385772099,34.08089350851034,10.553763440860216
523,dynamic_actor_adapt,-3193.65529024601,1.0,0.2745535060763359,0.892051012814045,0.7181624382734298,0.0,0.007275765340636997,3.639010602235794,-0.0030755935727938776,1e-05,0.0,0.19497894011437894,0.25040700398385524,0.3637027181684971,0.0001734639678034,0.19073787108063697,3.6661351765192594,33.56576360365447,10.435483870967742
524,dynamic_actor_adapt,-3171.5477395653725,1.0,0.27576192542910577,0.8909323737025261,0.7185558021068573,0.0,0.003791051892767394,3.5234804809093476,-0.002926358118565986,1e-05,0.0,0.19491895847022533,0.24857146330177785,0.36420863345265386,0.00017897681464091876,0.19212197251617907,3.7435631032996954,33.83532482386324,10.301075268817204
525,dynamic_actor_adapt,-3074.726007938385,1.0,0.27567714005708693,0.8908712908625602,0.7196959435939789,0.0,0.005401169665492478,3.478552407026291,-0.00313024422248418,1e-05,0.0,0.195100275054574,0.24831344224512578,0.3667278982698917,0.00017184980497404468,0.18968653231859206,3.861100671200899,33.92089010101044,9.946236559139784
526,dynamic_actor_adapt,-3179.1926718354225,1.0,0.2757093273103237,0.8911433726549148,0.7185479894280433,0.0,0.0027104545506517197,3.5530761778354645,-0.003330082883621799,1e-05,0.0,0.19459321163594723,0.24966415911912918,0.36614827811717987,0.0001763615162417409,0.18941798992455006,3.6195208080717514,33.87523125178164,10.365591397849462
527,dynamic_actor_adapt,-3152.3671622276306,1.0,0.27590838968753817,0.8907693296670913,0.7187670707702637,0.0,0.0019351601633389281,3.6121392250061035,-0.003143128313968191,1e-05,0.0,0.1936845887452364,0.24997443407773973,0.36608932390809057,0.00018134670299332356,0.1900703128427267,3.6147935633292785,33.37090724553543,10.241935483870968
528,dynamic_actor_adapt,-3274.1570989489555,1.0,0.2745853841304779,0.8911579981446266,0.7184493929147721,0.0,0.00382374811797489,3.570679861307144,-0.003108946931024548,1e-05,0.0,0.1942047007381916,0.24944351390004157,0.36471613124012947,0.00017358033073833212,0.19146206974983215,3.7711104048385846,33.64029348594736,10.790322580645162
529,dynamic_actor_adapt,-3192.736232161522,1.0,0.2734805054962635,0.8923160597681999,0.7208878576755524,0.0,0.003869089823638194,3.5740921676158903,-0.003369569211645285,1e-05,0.0,0.19491277933120726,0.24917467534542084,0.36594259813427926,0.00016726934954931495,0.18980267494916916,3.5480936077094745,34.02220054715369,10.451612903225808
530,dynamic_actor_adapt,-3144.536275744438,1.0,0.2747186586260796,0.8911767944693565,0.7200988888740539,0.0,0.0030500296979880104,3.5231794893741606,-0.0032040227075412985,1e-05,0.0,0.1944290928542614,0.24951404184103013,0.367114695161581,0.00018081865055137315,0.1887613445520401,3.780295261996173,34.10810457529,10.25268817204301
531,dynamic_actor_adapt,-3107.3312171697617,1.0,0.2739355757832527,0.891591839492321,0.718493027985096,0.0,0.0007487384884370507,3.5131876289844515,-0.0033297316120297184,1e-05,0.0,0.19451274909079075,0.24934319891035556,0.36691117063164713,0.0001843858304710011,0.18904849216341973,3.9299094345611825,33.94385375814861,9.989247311827958
532,dynamic_actor_adapt,-3199.142404615879,1.0,0.2744550034403801,0.8916703850030899,0.717130160331726,0.0,0.002717722088709712,3.521404892206192,-0.003995904861949384,1e-05,0.0,0.1936795450747013,0.24892084188759328,0.3668184272944927,0.0001738362994728959,0.1904073603451252,3.7890937221035363,33.93069516317333,10.387096774193548
533,dynamic_actor_adapt,-3124.092631995678,1.0,0.276902099698782,0.8897453114390373,0.7168645858764648,0.0,0.001566377681956499,3.5134521424770355,-0.0037270816919772187,1e-05,0.0,0.19296549260616302,0.24885169863700868,0.3672976478934288,0.00018722129480011062,0.19069793671369553,3.5379619042556745,33.86465797385869,10.188172043010752
534,dynamic_actor_adapt,-3239.5771678090096,1.0,0.27601912096142767,0.8907874137163162,0.7166825354099273,0.0,0.0022164201400300732,3.542218977212906,-0.0030117792812234256,1e-05,0.0,0.19294290840625763,0.24936523325741292,0.3662120200693607,0.00018835434548236663,0.19129147715866565,3.569326321051066,33.939456799909266,10.612903225806452
535,dynamic_actor_adapt,-3090.225573837757,1.0,0.27377888932824135,0.8921462148427963,0.7183579102158546,0.0,0.0023952547335284124,3.5679336905479433,-0.003374393186822999,1e-05,0.0,0.19379196614027022,0.2496184937655926,0.3650143951177597,0.0001902315067127347,0.1913849115371704,3.7864791433051934,33.62616268016585,9.994623655913978
536,dynamic_actor_adapt,-3108.5417749881744,1.0,0.27484421208500864,0.8912209466099739,0.7193787261843682,0.0,0.005899989125464339,3.4715881288051604,-0.0029794896734529177,1e-05,0.0,0.19356862492859364,0.2481157172471285,0.36796407029032707,0.00019054953954764642,0.19016103334724904,3.6274479067831495,34.40478172344147,10.064516129032258
537,dynamic_actor_adapt,-3048.020097196102,1.0,0.2759318709373474,0.8907620534300804,0.7175822615623474,0.0,0.0028380425312207304,3.421903187036514,-0.0036279744730563835,1e-05,0.0,0.1923349417746067,0.24793569073081018,0.3684470772743225,0.00018523973049013875,0.19109704941511155,3.4099174562992043,33.414991953666835,9.838709677419356
538,dynamic_actor_adapt,-3147.1749881505966,1.0,0.2740766555070877,0.8911872610449791,0.7192707970738411,0.0,0.004774664733122352,3.36615914106369,-0.0029648088002431905,1e-05,0.0,0.1930208683013916,0.24963709488511085,0.3670807726681232,0.00017862173408502712,0.19008263796567917,3.770710864724406,33.93647134590771,10.225806451612904
539,dynamic_actor_adapt,-3110.4675337076187,1.0,0.27564859837293626,0.8908620238304138,0.7172857135534286,0.0,0.0016603531308646724,3.4686392843723297,-0.003868287160730688,1e-05,0.0,0.1921906925737858,0.2502254318445921,0.36722001284360883,0.00018964952396345326,0.19017421044409274,3.7793683015044985,34.454384982729934,10.086021505376344
540,dynamic_actor_adapt,-3120.0718680024147,1.0,0.2751432828605175,0.8914360836148262,0.7171238228678704,0.0,0.006011196770486965,3.487883985042572,-0.003200872779416386,1e-05,0.0,0.19443389549851417,0.2489811223000288,0.3654813446104527,0.0001670331144850934,0.1909366101026535,3.7736878027198153,34.38424692254489,10.053763440860216
541,dynamic_actor_adapt,-3091.2878510951996,1.0,0.27355624064803125,0.8918879956007004,0.7190552189946174,0.0,0.004765317725832574,3.4495426535606386,-0.002669075839366997,1e-05,0.0,0.1930834423750639,0.24794891253113746,0.3670478887856007,0.00018377358828729483,0.19173598028719424,3.7741490889592346,34.09509521348293,9.940860215053764
542,dynamic_actor_adapt,-3033.5499207377434,1.0,0.2754616357386112,0.8911368429660798,0.7176124811172485,0.0,0.005300823163997897,3.4486837923526763,-0.0030760188896238106,1e-05,0.0,0.19413943849503995,0.24954332672059537,0.3657346025109291,0.00018015266869042534,0.19040247462689877,3.9195287883956023,34.27696589268452,9.693548387096774
543,dynamic_actor_adapt,-2984.2199219465256,1.0,0.2759479761123657,0.8904532670974732,0.7176699042320251,0.0,0.003462928154840489,3.484002560377121,-0.0028108848848205524,1e-05,0.0,0.1941808547824621,0.24841176122426986,0.367424651235342,0.00017654063340160063,0.1898061890155077,4.01540512097553,34.34570644195334,9.489247311827958
544,dynamic_actor_adapt,-3076.0688411593437,1.0,0.2762776747345924,0.8905554458498954,0.7187117442488671,0.0,0.0051921863047027506,3.6502206802368162,-0.003598458610940725,1e-05,0.0,0.19362088702619076,0.251004296541214,0.3656730607151985,0.00018009939703915733,0.18952165506780147,3.906416994358867,34.56253486641493,9.897849462365592
545,dynamic_actor_adapt,-3086.996200978756,1.0,0.2756886094808578,0.8907100647687912,0.7172969803214073,0.0,0.006479356941417785,3.3591500341892244,-0.003058243839768693,1e-05,0.0,0.19285193867981434,0.24854012168943881,0.3677568018436432,0.00017354387273371685,0.19067759215831756,3.510927229385848,34.10790871087056,10.048387096774194
546,dynamic_actor_adapt,-3004.576809823513,1.0,0.2743396103382111,0.891556616127491,0.7174245893955231,0.0,0.0010515402660530083,3.518198531866074,-0.003516974028934783,1e-05,0.0,0.19331368952989578,0.2482129532843828,0.3675582014024258,0.0001784370073437458,0.1907367195934057,3.7471579080849944,33.8651127159819,9.56989247311828
547,dynamic_actor_adapt,-3161.205913543701,1.0,0.2766368180513382,0.8903409853577614,0.7168395921587944,0.0,0.0014649746950454235,3.4735824286937715,-0.0031045571246067992,1e-05,0.0,0.19267348758876324,0.2483782634139061,0.3674659162759781,0.00018144685673178175,0.19130088724195957,3.6960313902848347,34.21297721075518,10.274193548387096
548,dynamic_actor_adapt,-3204.9723455905914,1.0,0.2745854891836643,0.8913010880351067,0.7190292775630951,0.0,0.0070106075309013085,3.4518593728542326,-0.003034235764789628,1e-05,0.0,0.1953866057097912,0.24917045161128043,0.3650229051709175,0.00018021218602370936,0.1902398318052292,3.812248576168309,33.917574091671966,10.543010752688172
549,dynamic_actor_adapt,-3041.462974727154,1.0,0.27390709295868876,0.8916306808590889,0.7180335104465485,0.0,0.003742590342153562,3.4745886445045473,-0.002449642770807259,1e-05,0.0,0.1935153104364872,0.24960132241249083,0.36635327711701393,0.00018330397251702378,0.19034679234027863,3.858940498570519,33.56035191805445,9.78494623655914
550,dynamic_actor_adapt,-3091.454464673996,1.0,0.27525086998939513,0.8909655243158341,0.7187949374318123,0.0,0.0017555132413689888,3.4760737895965574,-0.002577591657609446,1e-05,0.0,0.1930088832974434,0.24922998882830144,0.3671760246157646,0.00018688582968025004,0.19039821550250052,3.522403576597726,33.65609640529548,10.026881720430108
551,dynamic_actor_adapt,-3004.522980630398,1.0,0.27468340173363687,0.8916429087519646,0.7174210742115974,0.0,0.0033212525506314816,3.4885603487491608,-0.0036477108471444806,1e-05,0.0,0.19321337342262268,0.24789048135280609,0.3668718546628952,0.00016993857916531853,0.19185435324907302,3.9384186618257933,33.87871540473755,9.586021505376344
552,dynamic_actor_adapt,-3074.3608828783035,1.0,0.2742055140435696,0.8911261081695556,0.7181065872311592,0.0,0.005195781938709831,3.4666993737220766,-0.00337522864310813,1e-05,0.0,0.19293728545308114,0.24991640597581863,0.36744381859898567,0.00016588995604251977,0.18953659646213056,3.809424322007419,34.451681349821335,9.849462365591398
553,dynamic_actor_adapt,-3019.353160738945,1.0,0.27440013736486435,0.8911307334899903,0.7170884355902671,0.0,0.0046452253185634285,3.4865169525146484,-0.002604434105887776,1e-05,0.0,0.19259873777627945,0.2488659292459488,0.36651023253798487,0.00019850590306305093,0.19182659536600113,3.9190781041136664,34.028903659806176,9.666666666666666
554,dynamic_actor_adapt,-3070.792238533497,1.0,0.2773117609322071,0.8896691024303436,0.7148992910981178,0.0,0.0031440074466445533,3.4101466298103333,-0.0027124507847474887,1e-05,0.0,0.19137338511645793,0.24917425736784934,0.3661708079278469,0.00019127782434225082,0.19309026934206486,3.827092785519732,34.56772006720354,9.86021505376344
555,dynamic_actor_adapt,-3012.3173773288727,1.0,0.2726092576980591,0.8925627857446671,0.7177399381995201,0.0,0.0064729099321993834,3.6359038293361663,-0.003625510941492394,1e-05,0.0,0.19371924176812172,0.2482535805553198,0.3670614086091518,0.00018291145825060083,0.19078285992145538,3.97007613549695,33.87466243559325,9.548387096774194
556,dynamic_actor_adapt,-3103.4080951809883,1.0,0.27714206725358964,0.8901629269123077,0.7162266790866851,0.0,0.0038220442962483116,3.63848557472229,-0.003604540653543609,1e-05,0.0,0.1922640334814787,0.2501640796661377,0.36686635091900827,0.00018343263946007937,0.19052210189402102,3.9428483546225155,34.30936176727026,10.010752688172044
557,dynamic_actor_adapt,-3135.482285141945,1.0,0.2762965440750122,0.8903082504868507,0.7155204474925995,0.0,0.0019077868466410685,3.4896232306957247,-0.0032179836300201712,1e-05,0.0,0.1917188785970211,0.2497649759054184,0.36767421662807465,0.0001737981740006944,0.19066812992095947,3.7605964036899877,34.29194705778513,10.150537634408602
558,dynamic_actor_adapt,-3040.916240811348,1.0,0.27627028003334997,0.8908087536692619,0.7179657712578773,0.0,0.004704749524717072,3.6139149367809296,-0.0037148914503632112,1e-05,0.0,0.19364275857806207,0.24803166911005975,0.3670551501214504,0.00017632237122597872,0.1910941019654274,3.735758650793955,34.091336821227564,9.833333333333332
559,dynamic_actor_adapt,-3036.523849070072,1.0,0.27582972049713134,0.8905925691127777,0.717618665099144,0.0,0.0030664746618640102,3.5999385833740236,-0.0031491454468778103,1e-05,0.0,0.19408326745033264,0.24893925674259662,0.3655219107866287,0.0001865286390966503,0.1912690345197916,3.5778944038571994,34.28034896987346,9.774193548387098
560,dynamic_actor_adapt,-2999.704035818577,1.0,0.2754842057824135,0.8910483092069625,0.7185408622026443,0.0,0.0030122742442472705,3.4667123913764955,-0.003028683982120128,1e-05,0.0,0.1935307312756777,0.24939546771347523,0.36657183691859246,0.0001851815355621511,0.19031678065657615,3.5599640962268504,34.62976754885613,9.586021505376344
561,dynamic_actor_adapt,-3091.6823271512985,1.0,0.2773513913154602,0.8899655386805534,0.716511818766594,0.0,0.005813519224466285,3.5635644674301146,-0.003120871878491016,1e-05,0.0,0.19211564101278783,0.24916127063333987,0.3694646403193474,0.00019913939358957579,0.18905931003391743,3.4993002777775013,34.20686778827903,10.026881720430108
562,dynamic_actor_adapt,-3070.2728248238564,1.0,0.2740102715790272,0.8916796416044235,0.7196563735604287,0.0,0.006169790574858775,3.419754284620285,-0.0029239624345791526,1e-05,0.0,0.19403364174067975,0.2493876602500677,0.366385792195797,0.0001930927021021489,0.18999981544911862,3.640149785869863,33.998964245571784,9.940860215053764
563,dynamic_actor_adapt,-3059.3693128824234,1.0,0.27354931011795997,0.8918948516249656,0.7170731529593468,0.0,0.0022142952830108476,3.51483701467514,-0.003192770975147141,1e-05,0.0,0.1931016992777586,0.24922950491309165,0.3665528751909733,0.00017604106487851824,0.19093987829983233,3.4933473224402225,33.729915864146705,9.903225806451612
564,dynamic_actor_adapt,-3046.827634394169,1.0,0.27648960053920746,0.8904532387852668,0.7184321209788322,0.0,0.003493584429634189,3.5668869256973266,-0.0031200827044813194,1e-05,0.0,0.1939628690481186,0.250103173032403,0.3664312705397606,0.00018799488607328384,0.18931469023227693,3.3610047579224465,34.310582392012215,9.86021505376344
565,dynamic_actor_adapt,-3068.2625293135643,1.0,0.2751061893999577,0.8910660952329635,0.7172491014003753,0.0,0.004770456771075271,3.57990106344223,-0.0034179987458628604,1e-05,0.0,0.1924789771437645,0.24920183904469012,0.3669681116938591,0.0001977292136871256,0.19115334562957287,3.43809969819199,34.19021398808929,9.870967741935484
566,dynamic_actor_adapt,-3056.0500692129135,1.0,0.27296151369810107,0.8922561436891556,0.7198324933648109,0.0,0.005243211300330552,3.4104845583438874,-0.0028702389503450832,1e-05,0.0,0.1942414455115795,0.2496150404214859,0.3674140483140945,0.00018702304114412983,0.18854244686663152,3.3601751817701997,33.62084016353899,9.93010752688172
567,dynamic_actor_adapt,-3019.7587943673134,1.0,0.2759564369916916,0.8906000152230262,0.7170471295714378,0.0,0.003383212886546938,3.4860401511192323,-0.0034330146096181124,1e-05,0.0,0.19352953508496284,0.25021880194544793,0.36643540784716605,0.00018596731642901433,0.18963029161095618,3.592521287459645,33.62722436861989,9.672043010752688
568,dynamic_actor_adapt,-2996.933618605137,1.0,0.2765400059521198,0.8905310556292534,0.7190318062901497,0.0,0.0035551308264984817,3.514986974000931,-0.0030022885752259755,1e-05,0.0,0.19439015500247478,0.2493516977876425,0.36735235080122947,0.00017096197916544043,0.18873483315110207,3.7990373337502605,33.964796639691855,9.56989247311828
569,dynamic_actor_adapt,-3007.314088523388,1.0,0.27478489354252816,0.8911750733852386,0.7181174173951149,0.0,0.0033732872345353495,3.4451208055019378,-0.0032163754411158154,1e-05,0.0,0.19496937431395053,0.24989795982837676,0.3656657077372074,0.00017801021731429502,0.18928894773125648,3.8636599039787494,33.954580505888835,9.688172043010752
570,dynamic_actor_adapt,-3152.9781568050385,1.0,0.27675639688968656,0.890087828040123,0.7168239831924439,0.0,0.005739486743004768,3.5466165363788607,-0.0028870136593468487,1e-05,0.0,0.1929325506091118,0.24906504154205322,0.36780840456485747,0.00019035449222428724,0.19000365138053893,3.8798050076004524,34.10127225403821,10.225806451612904
571,dynamic_actor_adapt,-3085.107794046402,1.0,0.27579858973622323,0.891010670363903,0.7179043263196945,0.0,0.001420861993210587,3.5464887619018555,-0.0025026012721355074,1e-05,0.0,0.19348719492554664,0.24895845651626586,0.3672045603394508,0.00019750085466512245,0.19015229344367982,3.657484144442212,33.604708879351065,9.924731182795698
572,dynamic_actor_adapt,-2947.6350235939026,1.0,0.2741766318678856,0.8917476907372475,0.7184415236115456,0.0,0.0002591447373560485,3.4833994805812836,-0.0029615053252200598,1e-05,0.0,0.19360193088650704,0.24887593649327755,0.36718026697635653,0.00017474031537858536,0.19016712829470633,3.853400549770859,33.89036264226207,9.39247311827957
573,dynamic_actor_adapt,-3135.6898975372314,1.0,0.27473602518439294,0.8916403725743294,0.715948823094368,0.0,0.0033296132811302115,3.4995558619499207,-0.0024987000804685524,1e-05,0.0,0.1925685703754425,0.24931372776627542,0.36654881983995435,0.00018568767482065595,0.1913831952959299,3.790560107042544,34.01765621944098,10.204301075268816
574,dynamic_actor_adapt,-3138.769225716591,1.0,0.27710346058011054,0.8900875017046929,0.7155924752354622,0.0,0.0018130651980755364,3.5862574756145476,-0.0034236138853884768,1e-05,0.0,0.19166203774511814,0.24949085414409639,0.36706193909049034,0.0001918332236527931,0.19159333668649198,3.6251398301302094,34.0146267555613,10.17741935483871
575,dynamic_actor_adapt,-3005.694671392441,1.0,0.2748139925301075,0.8914077118039131,0.7170780032873154,0.0,0.006303569851297697,3.4407365560531615,-0.003307873055746313,1e-05,0.0,0.1948138192296028,0.24865127950906754,0.36505248248577116,0.00016986948030535133,0.19131254330277442,3.52830139577223,33.49719309027383,9.666666666666666
576,dynamic_actor_adapt,-2963.5721626877785,1.0,0.2748262219130993,0.8913790360093117,0.7188203200697899,0.0,0.002822426371858444,3.503534746170044,-0.003130772314943897,1e-05,0.0,0.1952326413244009,0.2496255062520504,0.36462806463241576,0.0001880340336356312,0.19032574817538261,3.807979352466446,34.24009160127973,9.451612903225806
577,dynamic_actor_adapt,-3002.529166519642,1.0,0.2736110188066959,0.8920748338103295,0.7176724210381508,0.0,0.002863546206572204,3.6383360505104063,-0.003444791287620319,1e-05,0.0,0.19491955116391183,0.24852356798946856,0.3651381678879261,0.00017129283332906198,0.191247421503067,3.844859506496169,34.12658477924176,9.63978494623656
578,dynamic_actor_adapt,-3040.4034254550934,1.0,0.27665538489818575,0.8901458263397217,0.7162303984165191,0.0,0.002331177467931417,3.423612767457962,-0.003203109445166774,1e-05,0.0,0.19404777958989144,0.24834189973771573,0.36629453375935556,0.00018051324950647541,0.1911352701485157,3.923235376256441,33.427114961556114,9.752688172043012
579,dynamic_actor_adapt,-3002.61430811882,1.0,0.2762665398418903,0.8908797144889832,0.7178991585969925,0.0,0.005340068917394064,3.5064677238464355,-0.0025873868369671984,1e-05,0.0,0.1946367435157299,0.24980090074241162,0.3669132851064205,0.00018383373080723686,0.1884652379900217,3.9446911741048627,33.834189751813824,9.580645161290322
580,dynamic_actor_adapt,-3002.6074073910713,1.0,0.27458465471863747,0.8915501609444618,0.7168440237641335,0.0,0.008867889821885893,3.5635514557361603,-0.0028276967290366884,1e-05,0.0,0.19265534542500973,0.2473613850772381,0.3678141042590141,0.0001708013685856713,0.19199836254119873,3.860775265257723,33.59887759224968,9.602150537634408
581,dynamic_actor_adapt,-2904.267847418785,1.0,0.27527806907892227,0.8909974277019501,0.7187084704637527,0.0,0.0034676133778703323,3.363628715276718,-0.0029318001008505233,1e-05,0.0,0.1931185893714428,0.2481354519724846,0.3683017872273922,0.00017961606972676235,0.19026455767452716,4.077817491886056,33.98267008638196,9.134408602150538
582,dynamic_actor_adapt,-3050.401121377945,1.0,0.27607533484697344,0.89039176851511,0.7170273795723915,0.0,0.003291904809884727,3.485589933395386,-0.0026264540418196704,1e-05,0.0,0.1935729455202818,0.24930865801870822,0.3666648603975773,0.00017058794510376173,0.19028294533491136,3.9379302358087918,33.537690221736696,9.82258064516129
583,dynamic_actor_adapt,-3044.392570734024,1.0,0.27423350289464,0.8912485763430595,0.7170222118496895,0.0,0.0011952687902521298,3.551953661441803,-0.003452405238567735,1e-05,0.0,0.1930212963372469,0.24969153590500354,0.36661887541413307,0.00017618341589695775,0.19049210660159588,3.77531032673585,33.73325703805601,9.795698924731184
584,dynamic_actor_adapt,-3004.8505462408066,1.0,0.27509384155273436,0.891604545712471,0.717784371972084,0.0,0.002903203719142766,3.5185953974723816,-0.0027692020201357083,1e-05,0.0,0.19355783611536026,0.2500246960669756,0.36720077842473986,0.0001748914322888595,0.1890417978167534,3.8166616607352974,33.607913752180515,9.629032258064516
585,dynamic_actor_adapt,-3045.0115401744843,1.0,0.2743858054280281,0.8916192680597306,0.7169908538460732,0.0,0.005454519436898337,3.4033519864082336,-0.0031319349007389976,1e-05,0.0,0.1919550523161888,0.24890021793544292,0.3681372612714767,0.00018133138746634359,0.19082613252103328,3.5877060928106608,33.86604711582409,9.806451612903226
586,dynamic_actor_adapt,-2945.5128512382507,1.0,0.2750181183218956,0.8914421528577805,0.7184087067842484,0.0,0.004526495013305936,3.4686893224716187,-0.003295576971254377,1e-05,0.0,0.19420875385403633,0.24865189380943775,0.36773933097720146,0.00019087913133262192,0.18920914120972157,3.7620144617425333,33.82867673018588,9.413978494623656
587,dynamic_actor_adapt,-2959.160915195942,1.0,0.27582757249474527,0.8908180370926857,0.7187016159296036,0.0,0.003716467078265889,3.6106578707695007,-0.0030724814292625523,1e-05,0.0,0.19495742842555047,0.24976145140826703,0.3659832127392292,0.0001775636963429861,0.18912033997476102,4.0430314256243065,33.54768693539208,9.370967741935484
588,dynamic_actor_adapt,-2868.8392887711525,1.0,0.2753326751291752,0.8906239330768585,0.7170573636889458,0.0,0.006785199602018144,3.581229567527771,-0.00290508665057132,1e-05,0.0,0.19156483188271523,0.25009599402546884,0.3680152267217636,0.0001777054407284595,0.1901462446898222,3.785225986420056,34.17483484263799,9.091397849462366
589,dynamic_actor_adapt,-2906.1094645261765,1.0,0.27375538274645805,0.8918132349848747,0.7210248306393623,0.0,0.007109736771599246,3.4476906776428224,-0.0031641989854051646,1e-05,0.0,0.19507791437208652,0.24827265217900277,0.3680570088326931,0.0001718309100397164,0.18842058889567853,3.7243862983757823,33.425508636299675,9.20967741935484
590,dynamic_actor_adapt,-2915.586183786392,1.0,0.2759535081684589,0.8907575845718384,0.7171813085675239,0.0,0.003603457519238801,3.626396173238754,-0.0026242788155741437,1e-05,0.0,0.19358132854104043,0.24854216277599334,0.3677518680691719,0.0001801497155611287,0.1899444904178381,3.703802287071331,33.633252120176124,9.172043010752688
591,dynamic_actor_adapt,-2960.0076323747635,1.0,0.2760746285319328,0.8904310554265976,0.7174149245023728,0.0,0.0032127316178958143,3.450067126750946,-0.0025153465479888838,1e-05,0.0,0.19245962984859943,0.24993627928197384,0.36727162078022957,0.00017573048990016105,0.19015674032270907,3.6368408202509097,33.8503726678538,9.483870967741934
592,dynamic_actor_adapt,-2982.109097838402,1.0,0.27641851976513865,0.8903654262423515,0.7185682192444801,0.0,0.006035968024480076,3.3950576186180115,-0.0022673643208690917,1e-05,0.0,0.19547187723219395,0.24830692298710347,0.3665938563644886,0.00018146642760257236,0.18944587633013726,3.7886072146955647,33.65002910903301,9.564516129032258
593,dynamic_actor_adapt,-2948.6980358958244,1.0,0.2737560823559761,0.891634714603424,0.7178552746772766,0.0,0.004414039476250742,3.4376925468444823,-0.002590344332566019,1e-05,0.0,0.19327381066977978,0.24981759749352933,0.36721441373229025,0.00017251232129638082,0.18952166326344014,3.6974921839884813,33.81775431777004,9.397849462365592
594,dynamic_actor_adapt,-3026.5188970565796,1.0,0.2757920578122139,0.890446825325489,0.7169867098331452,0.0,0.0030950621505326514,3.505751895904541,-0.0029452330980348053,1e-05,0.0,0.19340466521680355,0.24827007129788398,0.3676633909344673,0.00018910372018581255,0.19047277607023716,3.6771277600158534,33.759169509262385,9.693548387096774
595,dynamic_actor_adapt,-2935.4843851327896,1.0,0.27592961937189103,0.8904000952839851,0.7176534339785576,0.0,0.003791349922175907,3.4771261751651763,-0.0026506208785576748,1e-05,0.0,0.19230826757848263,0.24941121861338617,0.36841791570186616,0.00017855911755759735,0.18968404047191142,3.868545936520027,33.45651731451469,9.274193548387096
596,dynamic_actor_adapt,-3063.6013969779015,1.0,0.27521101757884026,0.8910485208034515,0.7170465916395188,0.0,0.0017847131090093116,3.599301689863205,-0.0031460268539376555,1e-05,0.0,0.19195093922317027,0.25013691261410714,0.3678890593349934,0.00017238304353668356,0.18985069878399372,3.785492283359118,33.71392627865232,9.897849462365592
597,dynamic_actor_adapt,-3003.3580519557,1.0,0.2753343254327774,0.890886801481247,0.7174882188439369,0.0,0.004420357516937684,3.608707010746002,-0.0024884339563868707,1e-05,0.0,0.1928042121231556,0.2488362319767475,0.3669795669615269,0.00018870609492296352,0.19119128733873367,3.858438338961386,33.7370536800752,9.56989247311828
598,dynamic_actor_adapt,-3000.0532071590424,1.0,0.2744153909385204,0.8916008993983269,0.7180074214935303,0.0,0.004047557415833592,3.459463381767273,-0.0027384933819121215,1e-05,0.0,0.19434273093938828,0.24932149201631545,0.3668932765722275,0.00018277461094839964,0.18925973065197468,4.253336080180021,33.731970962408205,9.56989247311828
599,dynamic_actor_adapt,-2969.3904501199722,1.0,0.27609997391700747,0.8903127282857894,0.7176137998700142,0.0,0.0044265795906540065,3.4505216479301453,-0.002261889934015926,1e-05,0.0,0.19378687925636767,0.24766473844647408,0.36801397055387497,0.00018208799920103048,0.19035232439637184,4.094424094838576,33.617665566158514,9.440860215053764
600,dynamic_actor_adapt,-2985.3123428225517,1.0,0.27255638465285303,0.8923879072070122,0.7180530816316605,0.0,0.004821815742616292,3.4710057258605955,-0.0028779580654372692,1e-05,0.0,0.19266936965286732,0.25006770677864554,0.3677920147776604,0.00019002699373231734,0.18928088136017324,4.244081078572401,33.733348001218836,9.467741935483872
601,dynamic_actor_adapt,-2956.5669503211975,1.0,0.27598116025328634,0.8906822457909584,0.7184462115168572,0.0,0.001675356358100577,3.609754902124405,-0.0028211340002599174,1e-05,0.0,0.1932035680860281,0.2494617860764265,0.3680954955518246,0.00017274370329687372,0.18906640820205212,4.247898359582515,34.2858135357638,9.290322580645162
602,dynamic_actor_adapt,-2851.8102936148643,1.0,0.2748937427997589,0.8916405439376831,0.7180299699306488,0.0,0.004727639970587954,3.552612841129303,-0.002446228417375096,1e-05,0.0,0.19390731826424598,0.24985332153737544,0.36573167741298673,0.00018220963356725407,0.190325478464365,4.009807695497054,33.922572921535696,8.870967741935484
603,dynamic_actor_adapt,-2925.2451884150505,1.0,0.2750469885766506,0.8913441434502601,0.7157351389527321,0.0,0.004559684823288968,3.4437609195709227,-0.0025878219516016544,1e-05,0.0,0.19283020831644535,0.24919767156243325,0.36518886908888815,0.00017792750641092424,0.19260531291365623,4.126594561314274,33.87594346809187,9.204301075268816
604,dynamic_actor_adapt,-2962.2156704068184,1.0,0.2765265375375748,0.8904162913560867,0.7156876876950264,0.0,0.00659370940247756,3.5384928822517394,-0.002421892994971131,1e-05,0.0,0.1925327241420746,0.24921435452997684,0.3684554144740105,0.00019155867958033923,0.18960594721138477,4.213105173366641,34.296910879630815,9.36021505376344
605,dynamic_actor_adapt,-2918.0810403823853,1.0,0.2732696183025837,0.8918853610754013,0.7194319173693657,0.0,0.004244712563558972,3.6565453886985777,-0.002483436568581965,1e-05,0.0,0.19406541921198367,0.24920399934053422,0.3663692452013493,0.00016572583062952618,0.19019560739398003,4.341852769927838,34.15477408972545,9.247311827956988
606,dynamic_actor_adapt,-2960.5193479061127,1.0,0.27865901663899423,0.8891303464770317,0.7171764358878135,0.0,0.004321009184241126,3.518832764029503,-0.0031330852187238635,1e-05,0.0,0.19604804925620556,0.24935485385358333,0.3645574986934662,0.00019275084014225286,0.1898468542844057,4.273694416362041,33.60450408365653,9.36021505376344
607,dynamic_actor_adapt,-2994.195158481598,1.0,0.27746228128671646,0.8903275176882743,0.717581470310688,0.0,0.0027550244558369797,3.4146653056144713,-0.0028207671959535217,1e-05,0.0,0.19504470527172088,0.24932550601661205,0.36593501046299937,0.00017716740658215712,0.18951761685311794,4.325304487949669,33.73053533686634,9.532258064516128
608,dynamic_actor_adapt,-2921.8765731453896,1.0,0.2766412071883678,0.8901216939091683,0.7163394793868065,0.0,0.0059828056137121,3.3935559511184694,-0.002753276976000052,1e-05,0.0,0.19205329939723015,0.2503032017499208,0.3672072932124138,0.00019334803018864478,0.1902428574860096,4.131744864895504,33.48374018618898,9.258064516129032
609,dynamic_actor_adapt,-2959.2129059433937,1.0,0.27450589165091516,0.8918725118041039,0.716742068529129,0.0,0.004356913970877901,3.4865710854530336,-0.0028171036130515857,1e-05,0.0,0.19248105101287366,0.2481347244232893,0.3683719664812088,0.00018336839275434613,0.19082888960838318,4.341437818814741,33.7092330555491,9.365591397849462
610,dynamic_actor_adapt,-2804.977334558964,1.0,0.2757542461156845,0.8905835419893264,0.7196449354290962,0.0,0.0044892305282701,3.3630022048950194,-0.0023126919375499712,1e-05,0.0,0.1940179906785488,0.24884217716753482,0.3670519098639488,0.00018359058376518078,0.18990433029830456,4.22396872592299,33.40394728092151,8.704301075268816
611,dynamic_actor_adapt,-2878.622707605362,1.0,0.27588953599333765,0.8903915494680404,0.7166038483381272,0.0,0.005228553171582407,3.5483575046062468,-0.001803953114176693,1e-05,0.0,0.19389633648097515,0.25046674646437167,0.36455929055809977,0.0001956067118953797,0.19088202454149722,4.399927425305934,33.576774597364896,9.043010752688172
612,dynamic_actor_adapt,-3019.709065079689,1.0,0.27486826330423353,0.8914329022169113,0.7173247128725052,0.0,0.005530527957125697,3.554879242181778,-0.003156366356415674,1e-05,0.0,0.1942112620919943,0.24895180016756058,0.3670096233487129,0.0001834432885516435,0.18964386470615863,4.358405287902496,33.66306567008494,9.623655913978494
613,dynamic_actor_adapt,-2949.9238579273224,1.0,0.27815005034208296,0.8895178139209747,0.7174741789698601,0.0,0.004605156877187278,3.5672495007514953,-0.0030537887887476245,1e-05,0.0,0.19347598291933538,0.2505706425756216,0.36544232740998267,0.00019429873336775926,0.1903167486190796,4.340405233346795,33.782630179388434,9.333333333333334
614,dynamic_actor_adapt,-2957.9100063443184,1.0,0.2734732270240784,0.8918847039341926,0.716950298845768,0.0,0.006119334225877548,3.541871726512909,-0.0027795451303973097,1e-05,0.0,0.1920093387365341,0.2489875689148903,0.3676110565662384,0.00018434820976835907,0.19120768532156945,4.417070040656032,33.859308173348595,9.376344086021506
615,dynamic_actor_adapt,-2919.2477501034737,1.0,0.27414735928177836,0.8914977893233299,0.7194217130541801,0.0,0.006208414576940385,3.4451791644096375,-0.002212791814872617,1e-05,0.0,0.19438226111233234,0.2497188553214073,0.3659800060093403,0.00017303227541560774,0.18974584601819516,4.383062798500666,33.53008488390927,9.20967741935484
616,dynamic_actor_adapt,-2958.9689240455627,1.0,0.27368984222412107,0.8918457373976707,0.7182527333498001,0.0,0.0032528437019209377,3.6775205016136168,-0.0029694429627852514,1e-05,0.0,0.19378785528242587,0.2500532831996679,0.367257135361433,0.0001878964907518821,0.1887138295918703,4.425287851460567,33.43674030048368,9.35483870967742
617,dynamic_actor_adapt,-2903.459506750107,1.0,0.27474936842918396,0.8911931648850441,0.7168608754873276,0.0,0.004071768793437497,3.6125917017459868,-0.0026363954464613927,1e-05,0.0,0.19208837859332561,0.24971687756478786,0.36781794503331183,0.0001916326320497319,0.19018517024815082,4.527661225022886,34.05274653711904,9.155913978494624
618,dynamic_actor_adapt,-2962.0624340176582,1.0,0.2738491237163544,0.8913956359028816,0.7186049699783326,0.0,0.0026666440593544226,3.4872856199741364,-0.0027786566817667334,1e-05,0.0,0.19312641359865665,0.25001216419041156,0.3667589709162712,0.00017854526231531054,0.1899239093065262,4.493316089302759,33.817397436335526,9.344086021505376
619,dynamic_actor_adapt,-3018.444019496441,1.0,0.27450820952653887,0.8914572075009346,0.7199121490120888,0.0,0.005112285011273326,3.6070826172828676,-0.0026088704747962766,1e-05,0.0,0.19557382240891458,0.2501112300902605,0.3651377782225609,0.00018821372505044564,0.18898896016180516,4.56077900580767,33.93352646984138,9.629032258064516
620,dynamic_actor_adapt,-2935.185027718544,1.0,0.2775885783135891,0.8899497658014297,0.7153765767812729,0.0,0.008378062113115425,3.6222145736217497,-0.0026408041658214643,1e-05,0.0,0.19177793227136136,0.24971808679401875,0.36668911278247834,0.00018971622303070034,0.19162515178322792,4.635638362679803,33.54439423160696,9.268817204301074
621,dynamic_actor_adapt,-2895.3711833953857,1.0,0.27591379508376124,0.890397734940052,0.7171204090118408,0.0,0.004593662786646802,3.5594244837760924,-0.0035841386415995657,1e-05,0.0,0.19130109399557113,0.25019760951399805,0.3685064181685448,0.0001774117201421177,0.1898174598813057,4.458683236536067,33.89992575287996,9.112903225806452
622,dynamic_actor_adapt,-2903.76993060112,1.0,0.2751926824450493,0.8907947614789009,0.7174532741308213,0.0,0.005810756599748867,3.3763807356357574,-0.002231240835135395,1e-05,0.0,0.19159314967691898,0.2480900876224041,0.37111974507570267,0.0001683950365986675,0.18902862444519997,4.30205342609729,34.21019705803532,9.102150537634408
623,dynamic_actor_adapt,-2980.2747917175293,1.0,0.2761946454644203,0.8907295569777489,0.7157870262861252,0.0,0.00983808190067067,3.6116129040718077,-0.0032070753808511655,1e-05,0.0,0.19177070073783398,0.25105388052761557,0.3662007011473179,0.00017481110844528303,0.19079990237951278,4.406893417707154,34.17663774079971,9.478494623655914
624,dynamic_actor_adapt,-2950.3980123996735,1.0,0.27522415220737456,0.8908883169293403,0.7168137401342392,0.0,0.006224570068297857,3.493422818183899,-0.0024925163048919786,1e-05,0.0,0.192764375731349,0.25008000768721106,0.3683112733066082,0.00018285291007487104,0.18866149410605432,4.508381559232132,33.80410565463082,9.333333333333334
625,dynamic_actor_adapt,-3037.5158096551895,1.0,0.2752537541091442,0.8911637485027313,0.7170007437467575,0.0,0.0019530742520146248,3.4175979793071747,-0.0025291050755186007,1e-05,0.0,0.1921416748315096,0.2510508194565773,0.36800788938999174,0.0001885748719359981,0.1886110384017229,4.108325788536689,33.90498758743637,9.736559139784946
626,dynamic_actor_adapt,-2916.6026815772057,1.0,0.27550976499915125,0.8907726317644119,0.7183685079216957,0.0,0.004496340465084392,3.5597174048423765,-0.0027891664969502015,1e-05,0.0,0.1941269751638174,0.2494048908352852,0.3682707615196705,0.00018385081984888528,0.1880135230720043,4.2221328413882615,33.598219270312654,9.188172043010754
627,dynamic_actor_adapt,-2971.247545361519,1.0,0.2759999349713326,0.89063740670681,0.71756302267313,0.0,0.007609844340731764,3.612680971622467,-0.003429935452004429,1e-05,0.0,0.19471560902893542,0.24987763054668904,0.3644774451851845,0.00017224417242687196,0.1907570708543062,4.355809350654391,33.97003144355028,9.467741935483872
628,dynamic_actor_adapt,-2924.9939801692963,1.0,0.2763651430606842,0.8905992239713669,0.7168222784996032,0.0,0.005534567758149899,3.6260133147239686,-0.0023452154186088593,1e-05,0.0,0.19279934093356133,0.24989093877375126,0.36721426248550415,0.00018940218869829551,0.1899060547351837,4.138970296400444,34.26911292183903,9.225806451612902
629,dynamic_actor_adapt,-2865.3318108320236,1.0,0.274477045238018,0.8912531763315201,0.7186283633112908,0.0,0.0038832720942081787,3.4800806760787966,-0.002552801147157879,1e-05,0.0,0.19366141855716706,0.2509704980999231,0.3668163284659386,0.00016866642054083058,0.18838308937847614,4.166257919214942,33.763936195824016,8.973118279569894
630,dynamic_actor_adapt,-2866.8811294436455,1.0,0.2746361084282398,0.8912597805261612,0.7195730179548263,0.0,0.004252592785451264,3.292762368917465,-0.003042554955027299,1e-05,0.0,0.1935977853834629,0.2489078376442194,0.36759443655610086,0.0001877092981885653,0.18971223756670952,4.298079053379348,33.90293859312567,8.989247311827956
631,dynamic_actor_adapt,-2938.954435825348,1.0,0.2741102144122124,0.891909858584404,0.7178388208150863,0.0,0.0026531482926657303,3.586666375398636,-0.00293710150726838,1e-05,0.0,0.19376930296421052,0.2500628922134638,0.3670066796243191,0.00018423966794216539,0.18897688798606396,4.1094637057638135,33.867001795702144,9.274193548387096
632,dynamic_actor_adapt,-2996.832025706768,1.0,0.2757590629160404,0.8907196566462516,0.7188235864043235,0.0,0.0018430566959068307,3.3773076832294464,-0.0024518901889678093,1e-05,0.0,0.19374477453529834,0.24930359236896038,0.36792820915579794,0.00018287373586645117,0.18884055502712727,4.315942176533565,33.729142910206825,9.521505376344086
633,dynamic_actor_adapt,-2907.243683755398,1.0,0.27522788047790525,0.8915444850921631,0.7157128542661667,0.0,0.005770897370348321,3.5308569848537443,-0.00277258977926067,1e-05,0.0,0.19102599732577802,0.25006763488054273,0.3677651025354862,0.00017930577523657122,0.19096195809543132,4.172996947616866,33.846126821252774,9.172043010752688
634,dynamic_actor_adapt,-2921.2332421541214,1.0,0.2767158679664135,0.890009292960167,0.7181132972240448,0.0,0.006138465873300442,3.4483253836631773,-0.0031570611594361254,1e-05,0.0,0.1938950192183256,0.24856159649789333,0.36620681285858153,0.00017440334595448804,0.191162171587348,4.404841242353161,33.776254432932646,9.193548387096774
635,dynamic_actor_adapt,-2894.7104882001877,1.0,0.2765139453113079,0.889987900853157,0.7171549141407013,0.0,0.003008620549735508,3.503392916917801,-0.0030602648039348423,1e-05,0.0,0.1928407471626997,0.2495829313993454,0.3666847005486488,0.00017948735840036533,0.19071212969720364,4.260238726342932,33.569325220314695,9.086021505376344
636,dynamic_actor_adapt,-2910.8515707850456,1.0,0.2748413920402527,0.8912154540419579,0.7184599623084068,0.0,0.004650158444565,3.494230729341507,-0.0035147342743584884,1e-05,0.0,0.19296690821647644,0.2487425696104765,0.36887250691652296,0.00019060102640651168,0.18922741413116456,4.071253207296017,33.91320349671178,9.150537634408602
637,dynamic_actor_adapt,-2907.070661008358,1.0,0.2760685086250305,0.890436728298664,0.7159435734152794,0.0,0.004031559238319387,3.5057844698429106,-0.0036283150271628982,1e-05,0.0,0.19226706810295582,0.25051567815244197,0.36755945309996607,0.00018771302293316695,0.18947008289396763,3.732300148948109,33.455944620066305,9.225806451612902
638,dynamic_actor_adapt,-2952.587431073189,1.0,0.27555994912981985,0.8906886130571365,0.7184741377830506,0.0,0.006055510651458473,3.4544301867485045,-0.0027303995746478906,1e-05,0.0,0.19461457580327987,0.24810067005455494,0.3669572204351425,0.00017720188152452464,0.19015033394098282,3.9525755259169864,33.64616420640625,9.39247311827957
639,dynamic_actor_adapt,-2945.0328323841095,1.0,0.27607227936387063,0.8903562098741531,0.7189541831612587,0.0,0.005114260822301764,3.4693672716617585,-0.0028871213748061565,1e-05,0.0,0.19414613731205463,0.2506440855562687,0.36602438166737555,0.00019091778922302182,0.18899448178708553,4.055715195505178,33.54793592861054,9.274193548387096
640,dynamic_actor_adapt,-2907.5647527575493,1.0,0.2753815494477749,0.891270549595356,0.7177901551127434,0.0,0.006909877658108593,3.57162823677063,-0.003096236352575943,1e-05,0.0,0.1917167514562607,0.2511616449803114,0.3689617559313774,0.0001834792783483863,0.18797636218369007,4.0038618583054815,33.329042058277956,9.096774193548388
641,dynamic_actor_adapt,-2807.0029003620148,1.0,0.27570542618632315,0.8907969951629638,0.7165549859404564,0.0,0.006960113637433085,3.483424949645996,-0.0027097150014014915,1e-05,0.0,0.19286841638386248,0.24788938611745834,0.36876642033457757,0.00017101826397265542,0.1903047554194927,4.202072584444321,33.810436476108244,8.725806451612904
642,dynamic_actor_adapt,-2926.9724007844925,1.0,0.2762635052204132,0.8905995130538941,0.7172628208994866,0.0,0.004548072604484333,3.4571235954761503,-0.0027746774336264934,1e-05,0.0,0.19435946196317672,0.2486671432852745,0.366868906468153,0.00017625581167521887,0.1899282369762659,4.0111820370914595,33.411595998863646,9.252688172043012
643,dynamic_actor_adapt,-2845.7508957982063,1.0,0.27325851172208787,0.8920344427227974,0.7174680262804032,0.0,0.0032202847865846875,3.5104326128959658,-0.0028320699580945074,1e-05,0.0,0.19274948574602604,0.24868330210447312,0.36804296970367434,0.00017608327434572856,0.19034815095365049,3.9121078718902775,33.11542308601004,8.935483870967742
644,dynamic_actor_adapt,-2860.93785995245,1.0,0.27557714059948923,0.8908771634101867,0.7173738032579422,0.0,0.004907208614531544,3.6588390588760378,-0.0033380008826497942,1e-05,0.0,0.19431238770484924,0.24956071339547634,0.3664718881249428,0.00018938249413622544,0.18946563638746738,3.9741009510618293,33.73251163887997,8.951612903225808
645,dynamic_actor_adapt,-2861.6807131171227,1.0,0.27625940665602683,0.8909080356359482,0.7183877855539322,0.0,0.0006360073513860864,3.6391822040081023,-0.0029818469490237474,1e-05,0.0,0.19460138492286205,0.24948412105441092,0.3665008895099163,0.00017728042894304963,0.18923632204532623,4.435442114821003,33.325850488245536,8.973118279569894
646,dynamic_actor_adapt,-2889.2266751527786,1.0,0.27489782571792604,0.891203211247921,0.7179152175784111,0.0,0.0024799267454000073,3.62656027674675,-0.0030876208380504976,1e-05,0.0,0.19380206912755965,0.2498610492795706,0.3673599064350128,0.00018130101088900119,0.18879567682743073,4.069196242822742,33.28587854310122,9.118279569892474
647,dynamic_actor_adapt,-2897.36654907465,1.0,0.27682007029652594,0.8904000774025917,0.7190067797899247,0.0,0.001633917254184819,3.6542843163013456,-0.002446472621522844,1e-05,0.0,0.19460851177573205,0.24957998804748058,0.36688266023993493,0.00019182168962288414,0.1887370303273201,4.355362240180372,33.47895968884231,9.091397849462366
648,dynamic_actor_adapt,-2842.8952100276947,1.0,0.2778050608932972,0.8897925436496734,0.7170996069908142,0.0,0.004904309825360581,3.6755844712257386,-0.0032098045630846173,1e-05,0.0,0.19404533952474595,0.24930474162101746,0.3652836628258228,0.0001770771979863639,0.1911891795694828,4.556926544931401,33.09930087926632,8.881720430107528
649,dynamic_actor_adapt,-2869.477168262005,1.0,0.27386757284402846,0.8913902342319489,0.7200289830565453,0.0,0.008983216358137758,3.5491082966327667,-0.002699186416430166,1e-05,0.0,0.19231664538383483,0.24836728908121586,0.36976936683058736,0.0001829805889428826,0.18936371728777884,4.363554284013673,33.577663892128626,9.048387096774194
650,dynamic_actor_adapt,-2851.615455031395,1.0,0.2761834479868412,0.8906354576349258,0.7186522081494331,0.0,0.004055611989679131,3.4541464149951935,-0.002018291335843969,1e-05,0.0,0.19220917336642743,0.2503476295620203,0.3678502291440964,0.00018178792306571266,0.189411186426878,4.034057333996923,33.71210705309954,8.876344086021506
651,dynamic_actor_adapt,-2857.1889392733574,1.0,0.2777770899236202,0.8895808830857277,0.7181403353810311,0.0,0.0024160589782695973,3.6371191322803496,-0.002425027181743644,1e-05,0.0,0.19293807223439216,0.2508022144436836,0.3678747728466988,0.00018017303373198956,0.1882047697901726,4.206918228797563,33.79699507281202,8.973118279569894
652,dynamic_actor_adapt,-2950.1777161955833,1.0,0.27438775822520256,0.8917404666543007,0.7186582043766976,0.0,0.004539362870673291,3.5854627668857573,-0.0022168941650306806,1e-05,0.0,0.19377464205026626,0.24854731597006322,0.3681756094098091,0.00016539055231987732,0.18933704532682896,4.255540264127572,33.24424694869045,9.381720430107526
653,dynamic_actor_adapt,-2877.9828637242317,1.0,0.2745270445942879,0.891802679002285,0.7167689129710197,0.0,0.004601247461141611,3.6036206007003786,-0.002453658863669261,1e-05,0.0,0.19179687686264515,0.24822445772588253,0.3700764276087284,0.0001691697118076263,0.18973307199776174,4.273135572102009,33.10472931163117,9.043010752688172
654,dynamic_actor_adapt,-2876.1719802618027,1.0,0.2746388614177704,0.8917227849364281,0.7206179812550545,0.0,0.005510638745545244,3.4086568653583527,-0.0027153027505846692,1e-05,0.0,0.19426688142120838,0.24850977435708047,0.36872793883085253,0.00016888761601876467,0.18832652531564237,4.379320997183486,33.68163340257369,8.96236559139785
655,dynamic_actor_adapt,-2910.6189007759094,1.0,0.27587369084358215,0.8907515659928322,0.7195100978016853,0.0,0.0028788480749426136,3.4465709567070006,-0.002761975292378338,1e-05,0.0,0.19348650686442853,0.24904626607894897,0.3696240000426769,0.00017575554538780126,0.18766747266054154,4.217184401606628,33.67076508280498,9.150537634408602
656,dynamic_actor_adapt,-2905.0451641082764,1.0,0.27381612583994863,0.8920405372977257,0.7171829134225846,0.0,0.005763958589705032,3.3928424298763273,-0.002082432850511395,1e-05,0.0,0.19307847656309604,0.24883096143603325,0.3673653550446033,0.00018553909794718492,0.19053966775536538,4.523293589042453,33.46144651263843,9.161290322580646
657,dynamic_actor_adapt,-2902.580957174301,1.0,0.27577994763851166,0.8908836856484413,0.718317086994648,0.0,0.0017897193689349832,3.606011372804642,-0.0023073090909747408,1e-05,0.0,0.19305622428655625,0.24972582012414932,0.36692859679460527,0.00018364055995334638,0.19010571613907815,4.256901658868518,33.408060188357815,9.166666666666666
658,dynamic_actor_adapt,-2851.5349254608154,1.0,0.27595443055033686,0.8906836479902267,0.7195982694625854,0.0,0.005548210056986119,3.4689893245697023,-0.0020977040268917333,1e-05,0.0,0.19583032988011836,0.24820319712162017,0.3659115329384804,0.0001779181540769059,0.1898770209401846,4.3340159642761895,33.56413004122948,8.913978494623656
659,dynamic_actor_adapt,-2945.5894042253494,1.0,0.27454941645264624,0.8913669690489769,0.7173919573426246,0.0,0.004854911327129207,3.4681979179382325,-0.002489136661461089,1e-05,0.0,0.19340537302196026,0.2505021747201681,0.36592038795351983,0.0001754176053509582,0.18999664224684237,4.569425071157489,33.50384549011929,9.344086021505376
660,dynamic_actor_adapt,-2937.5538516640663,1.0,0.2771334819495678,0.8903911173343658,0.7164117768406868,0.0,0.0036845777662165013,3.517796963453293,-0.002598641056829365,1e-05,0.0,0.1933760054409504,0.2495397713035345,0.3677584007382393,0.0001796976392142824,0.18914612829685212,4.032640461425951,32.96875918034804,9.28494623655914
661,dynamic_actor_adapt,-2913.127667248249,1.0,0.27724898010492327,0.890715180337429,0.7182201698422432,0.0,0.0018965786735862188,3.5161114156246187,-0.002689299431222025,1e-05,0.0,0.19269771240651606,0.24930814877152443,0.36870200634002687,0.00018438018414599356,0.1891077533364296,4.190809462808811,33.485710191934395,9.193548387096774
662,dynamic_actor_adapt,-2836.173919379711,1.0,0.27545612379908563,0.891024999320507,0.7181606605648995,0.0,0.0032619109268125666,3.3520644664764405,-0.0017418181934772293,1e-05,0.0,0.19392651170492173,0.2497103050351143,0.36730549558997155,0.0001805973490263568,0.1888770915567875,4.195206043231819,33.35778219822728,8.903225806451614
663,dynamic_actor_adapt,-2872.8517706394196,1.0,0.2740221105515957,0.8918854504823684,0.7171737894415855,0.0,0.003317104119923897,3.422206664085388,-0.0027263957566219686,1e-05,0.0,0.19293135404586792,0.25032998621463776,0.3666421018540859,0.00018265317667101044,0.18991390727460383,4.063697825358604,33.14772712008624,9.075268817204302
664,dynamic_actor_adapt,-2910.8418838977814,1.0,0.277205753326416,0.8900335460901261,0.716913366317749,0.0,0.003235542994480073,3.5167373359203338,-0.002789736434351653,1e-05,0.0,0.19315550699830056,0.24980966225266457,0.3680343344807625,0.00018403585218038643,0.18881645649671555,4.069268428048302,33.75783706243884,9.150537634408602
665,dynamic_actor_adapt,-2851.77938079834,1.0,0.27581315115094185,0.8907909706234932,0.7176528707146644,0.0,0.002824823346963956,3.4122680723667145,-0.002954410009260755,1e-05,0.0,0.19257452413439752,0.25053372159600257,0.3687168523669243,0.00018987503335665679,0.1879850324243307,4.0671225112589475,33.418482770838416,8.946236559139784
666,dynamic_actor_adapt,-2788.934661388397,1.0,0.27601235210895536,0.8911342725157738,0.7180744379758834,0.0,0.0027589545319642917,3.5826961934566497,-0.003370005011674948,1e-05,0.0,0.19265702590346337,0.2505663655698299,0.3673413902521133,0.0001858546334915445,0.1892493586987257,3.97800193434521,32.95113785769194,8.731182795698924
667,dynamic_actor_adapt,-2740.3088598251343,1.0,0.2742939040064812,0.8918266445398331,0.7180242016911507,0.0,0.0033662941128568048,3.5047619223594664,-0.0022039128249161876,1e-05,0.0,0.19302501305937766,0.24889219030737877,0.368580250442028,0.00017688787756924284,0.18932566344738005,4.038263881701683,33.22675666582949,8.473118279569892
668,dynamic_actor_adapt,-2897.3767344355583,1.0,0.2778907991945744,0.8896200686693192,0.7192773580551147,0.0,0.004938368452531006,3.57367622256279,-0.0025195253954734655,1e-05,0.0,0.1951090719550848,0.24857780560851098,0.36642545014619826,0.00019683862301462797,0.18969083726406097,3.8942498463042465,33.22353448121816,9.198924731182796
669,dynamic_actor_adapt,-2879.7713888287544,1.0,0.2751154936850071,0.891340185701847,0.7206841066479683,0.0,0.0018100115830747554,3.5249886512756348,-0.002486937640060205,1e-05,0.0,0.19587425999343394,0.24871762096881866,0.3656284213066101,0.00018941119633382187,0.189590285345912,4.246344351606245,33.158240559777454,9.048387096774194
670,dynamic_actor_adapt,-2765.3959594368935,1.0,0.27531391233205793,0.8912565886974335,0.7181261837482452,0.0,0.0056725614693277915,3.4553876876831056,-0.0031395359415910206,1e-05,0.0,0.19335274770855904,0.2486003503203392,0.3684631548821926,0.00019095840143563693,0.1893927875906229,3.808099346321299,33.278598745930275,8.580645161290322
671,dynamic_actor_adapt,-2752.057042837143,1.0,0.27711325585842134,0.8900293409824371,0.7167587980628014,0.0,0.0037212245424598557,3.5917794346809386,-0.0029469919250914244,1e-05,0.0,0.1931981962174177,0.25006663203239443,0.36676903888583184,0.00017901323226396926,0.18978711776435375,4.088897938918596,33.58554822677432,8.5
672,dynamic_actor_adapt,-2855.700501859188,1.0,0.27464752942323684,0.8914100497961044,0.7178600609302521,0.0,0.0047162173364995895,3.4449923992156983,-0.003114780945543316,1e-05,0.0,0.19331461414694787,0.2494768902659416,0.3690098121762276,0.00017993170749832643,0.18801875188946723,4.101472616801478,33.62341098312059,8.983870967741936
673,dynamic_actor_adapt,-2866.2128494381905,1.0,0.27424449697136877,0.8914744943380356,0.7186810120940208,0.0,0.0041607099166867225,3.603376942873001,-0.002693808975163847,1e-05,0.0,0.1931288454681635,0.24852426946163178,0.36806954592466357,0.00017823236503318186,0.1900991067290306,3.9802333627239306,33.70176243246411,9.043010752688172
674,dynamic_actor_adapt,-2809.919435441494,1.0,0.27423444017767906,0.8912598341703415,0.718750087916851,0.0,0.0030905678146154634,3.654450935125351,-0.0030611228896304963,1e-05,0.0,0.19350222274661064,0.2477582160383463,0.36924095898866655,0.0001787281289580278,0.18931987844407558,3.97173046078294,33.66072959470325,8.763440860215054
675,dynamic_actor_adapt,-2805.7940387129784,1.0,0.27558244168758395,0.8907186925411225,0.7196221798658371,0.0,0.006051905854837958,3.7395464181900024,-0.0027853487997163027,1e-05,0.0,0.19559948593378068,0.24868690334260463,0.36821383237838745,0.00017833768943091853,0.1873214401304722,3.811076596546255,33.35873511192048,8.720430107526882
676,dynamic_actor_adapt,-2858.5275508761406,1.0,0.2735395208001137,0.8919124379754066,0.7173564061522484,0.0,0.005572450411636986,3.66123708486557,-0.0023873685422586277,1e-05,0.0,0.19413697347044945,0.24933081604540347,0.3669044695794582,0.00016398650295741392,0.18946375139057636,4.098458656077496,34.190430911372445,8.989247311827956
677,dynamic_actor_adapt,-2845.3899515867233,1.0,0.2754258498549461,0.8907040119171142,0.717100490629673,0.0,0.002738964010677586,3.5865228295326235,-0.00223017654971045,1e-05,0.0,0.193198174610734,0.24984528832137584,0.36647378876805303,0.0001795420232156175,0.19030320793390273,4.095964602013975,33.56352247753512,8.881720430107528
678,dynamic_actor_adapt,-2735.6917256712914,1.0,0.274571081250906,0.8914676070213318,0.7193509235978126,0.0,0.004874779210877034,3.6463218450546266,-0.002504603563284036,1e-05,0.0,0.19460678696632386,0.249095493927598,0.3675023399293423,0.00017976882027141982,0.18861561343073846,4.248348808128639,33.69940387312734,8.451612903225806
679,dynamic_actor_adapt,-2785.995722055435,1.0,0.2754035346210003,0.8910815209150315,0.7187596186995506,0.0,0.0038170552799783874,3.5168664872646334,-0.0028052377761923707,1e-05,0.0,0.19491755478084088,0.24982663206756114,0.36836895868182185,0.0001758432037604507,0.18671100847423078,3.9793560627675757,33.32653068028603,8.67741935483871
680,dynamic_actor_adapt,-2802.0464754104614,1.0,0.27511089071631434,0.8910217404365539,0.7175438731908799,0.0,0.003459467137872707,3.455189746618271,-0.0027741132837149963,1e-05,0.0,0.19318782538175583,0.25001462288200854,0.36879010275006296,0.00017649750880082137,0.18783095702528954,4.174917942171926,33.92549891223563,8.720430107526882
681,dynamic_actor_adapt,-2873.8316088318825,1.0,0.27646838277578356,0.8904617458581925,0.7177546992897987,0.0,0.003496118797556835,3.5497413992881777,-0.003145957748347428,1e-05,0.0,0.1932783842086792,0.24827014915645124,0.36908687800168993,0.00017291026415477972,0.18919168077409268,4.094704578520899,33.86302825653438,9.032258064516128
682,dynamic_actor_adapt,-2860.362640917301,1.0,0.2790787346661091,0.8888624861836434,0.7174538359045982,0.0,0.002016892227402439,3.7102516531944274,-0.0027870071404322515,1e-05,0.0,0.1940691638737917,0.24847689755260943,0.3685230679810047,0.0001838275431509828,0.18874704390764235,4.082350417960802,33.92097110968648,9.026881720430108
683,dynamic_actor_adapt,-2789.6790856719017,1.0,0.2770163618028164,0.8901232466101646,0.7168244734406471,0.0,0.0052466110215391715,3.705425053834915,-0.0029282277519087074,1e-05,0.0,0.1939419500529766,0.2500634990632534,0.3660269767045975,0.00018554237631178693,0.18978203348815442,4.071476942867605,33.564590117822206,8.661290322580644
684,dynamic_actor_adapt,-2804.789025723934,1.0,0.2757999010384083,0.8907509505748749,0.7198007196187973,0.0,0.004174952649918839,3.6563488483428954,-0.002661200901638949,1e-05,0.0,0.19433382265269755,0.24942875951528548,0.36772116497159,0.00018695805501920404,0.18832929693162442,4.162573325158836,33.631509802480984,8.74731182795699
685,dynamic_actor_adapt,-2861.25256472826,1.0,0.27733543142676353,0.8898415848612785,0.7175331339240074,0.0,0.002823353769417741,3.4951671063899994,-0.002098487297007523,1e-05,0.0,0.19302532598376274,0.2500427424907684,0.36851885765790937,0.00018291366923222084,0.18823015987873076,3.9960078052004446,33.38547620891263,8.96236559139785
686,dynamic_actor_adapt,-2787.8536497950554,1.0,0.2761414088308811,0.8904787093400955,0.7173785507678986,0.0,0.004771654209434905,3.477867931127548,-0.002833690942497924,1e-05,0.0,0.19457578510046006,0.24948381632566452,0.36669195517897607,0.00018713655990723054,0.18906130343675615,4.000176758637792,33.67931779956621,8.634408602150538
687,dynamic_actor_adapt,-2842.7435224056244,1.0,0.27439912036061287,0.8912741333246231,0.7165975123643875,0.0,0.004762893208135205,3.6777109026908876,-0.0028416669527359774,1e-05,0.0,0.19301886521279812,0.24865929037332535,0.3684092663228512,0.0001875817701147753,0.18972499445080757,4.080890358461855,33.41414126020165,8.876344086021506
688,dynamic_actor_adapt,-2787.3470960855484,1.0,0.27533648535609245,0.891018794476986,0.7195436149835587,0.0,0.0029581072671135077,3.476250582933426,-0.002571264622383751,1e-05,0.0,0.19449791982769965,0.24835568852722645,0.36806947737932205,0.0001784508111086325,0.18889846354722978,4.066273852544756,33.74555187238312,8.698924731182796
689,dynamic_actor_adapt,-2867.2433928251266,1.0,0.2734740786254406,0.8920386373996735,0.7187348157167435,0.0,0.0024655863917360022,3.3570185601711273,-0.002708503740723245,1e-05,0.0,0.19374130591750144,0.24955676160752774,0.3675961047410965,0.00017564303234394175,0.18893018253147603,4.098729302385648,33.68722597147142,9.043010752688172
690,dynamic_actor_adapt,-2833.444628238678,1.0,0.2770649343729019,0.8904370859265327,0.7173405453562737,0.0,0.0011536435580637994,3.6260567784309385,-0.0028586295924469597,1e-05,0.0,0.1938648335635662,0.2494411900639534,0.3680462047457695,0.00017883722503029276,0.18846893236041068,4.082371545470448,33.73136802525824,8.89784946236559
691,dynamic_actor_adapt,-2834.410520553589,1.0,0.2764934413135052,0.8903919786214829,0.714922770857811,0.0,0.005827776713704269,3.5248151659965514,-0.0023041838030621875,1e-05,0.0,0.19233870543539525,0.24812169857323169,0.3679779380559921,0.00017960128061531578,0.19138205870985986,4.296573527121121,33.55321139423344,8.908602150537634
692,dynamic_actor_adapt,-2886.606191456318,1.0,0.27482581213116647,0.891569422185421,0.7168080121278763,0.0,0.004573894995155548,3.7429221153259276,-0.0032026812989826682,1e-05,0.0,0.19247254729270935,0.25027480348944664,0.36784890443086626,0.0001742592563459766,0.18922948613762855,4.182298825905219,33.73669516608811,9.118279569892474
693,dynamic_actor_adapt,-2785.3784848451614,1.0,0.27650711946189405,0.8900891914963722,0.7169994190335274,0.0,0.006158278757538993,3.5457484483718873,-0.002693945699138567,1e-05,0.0,0.1934993803501129,0.24897869117558002,0.36606587693095205,0.00019315715653647202,0.19126289412379266,4.258291928461165,33.533210590866304,8.704301075268816
694,dynamic_actor_adapt,-2793.1264792084694,1.0,0.27889085114002227,0.8897302120923996,0.718326459825039,0.0,0.006151903306090428,3.5259748578071592,-0.0026657198286557104,1e-05,0.0,0.19419258534908296,0.2491940762847662,0.36823324039578437,0.0001758559053996578,0.18820424564182758,4.323696643602103,33.41585972813006,8.704301075268816
695,dynamic_actor_adapt,-2751.990655004978,1.0,0.2753048062324524,0.8911923006176948,0.7173702597618103,0.0,0.005592005072321621,3.58433683514595,-0.0022748578907339835,1e-05,0.0,0.19164453856647015,0.2489461161196232,0.3696719519793987,0.00017801669127948117,0.1895593713968992,4.337602855758719,33.36547018555605,8.53225806451613
696,dynamic_actor_adapt,-2766.1510049700737,1.0,0.2721119441092014,0.8926003828644753,0.7179310649633408,0.0,0.0011771395809774265,3.702211672067642,-0.0029237320783977337,1e-05,0.0,0.19157315269112588,0.24879318810999393,0.36931429654359815,0.00017141845637524966,0.1901479434221983,4.351629258957253,33.362240554460584,8.596774193548388
697,dynamic_actor_adapt,-2767.954567849636,1.0,0.27648990973830223,0.8901562795042992,0.7165689930319786,0.0,0.003948328042315541,3.5103056967258452,-0.002445507223455934,1e-05,0.0,0.19214719869196414,0.250186749920249,0.36857829093933103,0.00017797473810787778,0.1889097850769758,4.26012636825966,33.60817558642016,8.586021505376344
698,dynamic_actor_adapt,-2851.6541459560394,1.0,0.27538806200027466,0.8910712614655495,0.7172367349267006,0.0,0.0026093110700457665,3.515183573961258,-0.002824294352467405,1e-05,0.0,0.1925387132912874,0.2490079753100872,0.3684524118900299,0.0001796820644813124,0.189821220561862,4.342548351158403,33.83522330883604,8.903225806451614
699,dynamic_actor_adapt,-2844.994379937649,1.0,0.2755612529814243,0.8907162472605705,0.7160122886300087,0.0,0.003391161821309635,3.4025619864463805,-0.0022431469260482118,1e-05,0.0,0.1918776247650385,0.24797399193048478,0.3700214006006718,0.00017917218447109916,0.1899478118866682,4.193208787294197,33.59293495773701,8.983870967741936
700,dynamic_actor_adapt,-2871.3541775345802,1.0,0.27529817074537277,0.8906773224472999,0.7183899238705636,0.0,0.0045095706296706065,3.612043505907059,-0.002875442832009867,1e-05,0.0,0.19343229345977306,0.24867410995066166,0.36886597573757174,0.00017448521666665328,0.18885313980281354,4.378776331972451,33.643842701164104,9.016129032258064
701,dynamic_actor_adapt,-2883.087540090084,1.0,0.27441335991024973,0.8917455077171326,0.716557502746582,0.0,0.003783630179350428,3.466169571876526,-0.0023761511969496497,1e-05,0.0,0.19216974787414073,0.24994501620531082,0.36947675943374636,0.00018460568498994688,0.1882238656282425,4.376482962756115,33.641817781066344,9.096774193548388
702,dynamic_actor_adapt,-2861.330315053463,1.0,0.2741846300661564,0.8915488868951797,0.7190833479166031,0.0,0.0031686146659922363,3.6301237285137176,-0.002175961370812729,1e-05,0.0,0.19368970468640329,0.24966413751244546,0.3681784704327583,0.00017947028754861094,0.18828822039067744,4.422885369252561,33.96044093309606,8.940860215053762
703,dynamic_actor_adapt,-2839.7079662680626,1.0,0.27562346383929254,0.8909573599696159,0.7171123221516609,0.0,0.0030998407157312113,3.7225705444812776,-0.0029038738954113795,1e-05,0.0,0.1930032916367054,0.2502362750470638,0.367314962297678,0.00018258483905810862,0.18926288783550263,4.218549824577024,33.87099257929953,8.951612903225808
704,dynamic_actor_adapt,-2913.985928595066,1.0,0.27574710324406626,0.8911251574754715,0.7152224540710449,0.0,0.006531912580612659,3.5342017650604247,-0.002995426845154725,1e-05,0.0,0.19177031926810742,0.2482032898813486,0.36869935020804406,0.0001943572486197809,0.19113268256187438,4.0620096756083734,33.46363119010974,9.17741935483871
705,dynamic_actor_adapt,-2761.6485646367073,1.0,0.27526109367609025,0.8911615908145905,0.7163819462060929,0.0,0.0059535259144468,3.5299196362495424,-0.0026801589570823125,1e-05,0.0,0.19242293387651443,0.2505274411290884,0.36684593334794047,0.00019116861003567464,0.19001252800226212,4.341405791681973,33.92789427864136,8.521505376344086
706,dynamic_actor_adapt,-2839.900390267372,1.0,0.27455385625362394,0.8909415990114212,0.7183598279953003,0.0,0.005755458643034256,3.588268405199051,-0.003052009106613696,1e-05,0.0,0.19223040379583836,0.24930364973843097,0.3697236604988575,0.00017815630017139483,0.18856413029134272,4.364156232650097,33.96288104962346,8.89784946236559
707,dynamic_actor_adapt,-2855.2833595871925,1.0,0.27572278752923013,0.8908519312739372,0.7189525485038757,0.0,0.002354089448999669,3.468191683292389,-0.002679662096488755,1e-05,0.0,0.19236842282116412,0.2499526511877775,0.3701095230877399,0.00018231623762403614,0.1873870838433504,4.141455372829864,33.755961979924614,8.93010752688172
708,dynamic_actor_adapt,-2777.1281166672707,1.0,0.27390206754207613,0.8918349534273148,0.7176581367850303,0.0,0.0037733031482275583,3.7282385647296907,-0.00249952525482513,1e-05,0.0,0.1928820762783289,0.24943963661789895,0.3687464527785778,0.0001717492608804605,0.18876008167862893,4.407930800058987,33.59899813154378,8.623655913978496
709,dynamic_actor_adapt,-2766.2001561522484,1.0,0.2760773152112961,0.8907048866152764,0.715631702542305,0.0,0.0023479423809476376,3.4710804224014282,-0.0022453870919889596,1e-05,0.0,0.1926569502800703,0.2495718516409397,0.36779761016368867,0.00017819991280703106,0.1897953897714615,4.523202056993936,34.021996288249916,8.559139784946236
710,dynamic_actor_adapt,-2897.5784200429916,1.0,0.2778160713613033,0.8896799191832543,0.7166711181402207,0.0,0.0029827482918335646,3.5343543171882628,-0.0030567484151106327,1e-05,0.0,0.19301130771636962,0.24880207143723965,0.368934628367424,0.00017337268964183749,0.18907862454652785,4.433914657445244,34.04085602975865,9.064516129032258
711,dynamic_actor_adapt,-2792.5730686187744,1.0,0.2782158121466637,0.8899874880909919,0.7148027881979943,0.0,0.002116335025311883,3.685961890220642,-0.00299485082305182,1e-05,0.0,0.19277891814708709,0.2494746759533882,0.3681088462471962,0.0001814709401514847,0.18945608511567116,4.369790122043182,34.01238546368327,8.655913978494624
712,dynamic_actor_adapt,-2758.884757041931,1.0,0.2759342536330223,0.8908507183194161,0.7175633862614632,0.0,0.002788999436961642,3.4981779754161835,-0.0025596865416446235,1e-05,0.0,0.19257637150585652,0.24963933676481248,0.36933868154883387,0.00017356536882289219,0.18827203400433062,4.6296379882168806,34.03231253230716,8.505376344086022
713,dynamic_actor_adapt,-2717.607669055462,1.0,0.277286184579134,0.890341117978096,0.7179596215486527,0.0,0.0035467447767587477,3.4098455011844635,-0.0031286337311030366,1e-05,0.0,0.19326945208013058,0.2486913412809372,0.36851331144571303,0.00017632935341680423,0.18934956863522528,4.866894535417043,33.82162027990922,8.274193548387098
714,dynamic_actor_adapt,-2860.722317278385,1.0,0.2739486202597618,0.8917063400149345,0.7174246296286583,0.0,0.0042083677759365,3.483290636539459,-0.0028442428054404447,1e-05,0.0,0.19203939102590084,0.24981972612440587,0.3694891110062599,0.00017541284651088063,0.18847636282444,4.5368392072557855,34.32362506001711,8.96774193548387
715,dynamic_actor_adapt,-2855.5589972138405,1.0,0.27683912590146065,0.8907844573259354,0.7165036752820015,0.0,0.004277413954878279,3.5990827679634094,-0.0032347156474315853,1e-05,0.0,0.19345619045197965,0.248977954313159,0.36819217130541804,0.0001833203916248749,0.18919035829603673,4.2791989557295524,33.85648017126221,8.951612903225808
716,dynamic_actor_adapt,-2798.552136361599,1.0,0.2749281294643879,0.8911522924900055,0.7154954552650452,0.0,0.0018422563460262832,3.6020346522331237,-0.0030178648070432247,1e-05,0.0,0.1926420383155346,0.2493653602898121,0.368725897371769,0.0001688997097517131,0.1890978068113327,4.3921038510722195,34.07549206424317,8.68279569892473
717,dynamic_actor_adapt,-2837.729324877262,1.0,0.27532151713967323,0.8911757111549378,0.7160816743969918,0.0,0.004706107795391251,3.5506017029285433,-0.0030770110523008045,1e-05,0.0,0.19164680764079095,0.2480075366795063,0.3707630306482315,0.0001758805015924736,0.18940674625337123,4.3952959594484104,33.98757349514121,8.838709677419356
718,dynamic_actor_adapt,-2730.002008795738,1.0,0.27497947588562965,0.8915055572986603,0.7176992923021317,0.0,0.006054280313946936,3.556102752685547,-0.002916663866926683,1e-05,0.0,0.19308709874749183,0.24959138445556164,0.36866464763879775,0.00017888381880766248,0.18847799114882946,4.3719686192234954,33.999238204343655,8.43010752688172
719,dynamic_actor_adapt,-2728.2383267879486,1.0,0.2775482341647148,0.8897928461432457,0.7174072533845901,0.0,0.0028118731028371593,3.650976288318634,-0.0026999584515579045,1e-05,0.0,0.19274745620787143,0.24852508753538133,0.3693141832947731,0.0001864977108198218,0.18922677524387838,4.274137550360339,33.7299047160561,8.403225806451612
720,dynamic_actor_adapt,-2848.3493795394897,1.0,0.2766439661383629,0.8905859366059303,0.7166760832071304,0.0,0.0017592450276424476,3.35995609164238,-0.0028349722506391117,1e-05,0.0,0.1925339139997959,0.24913256764411926,0.3695847921073437,0.00018803268394549378,0.1885606963187456,4.218341708807061,33.98237164472449,8.9247311827957
721,dynamic_actor_adapt,-2889.081622004509,1.0,0.2753843396902084,0.8912339985370636,0.7165377199649811,0.0,0.002207886136238796,3.520036107301712,-0.0033860730700325803,1e-05,0.0,0.1921269189566374,0.2502365104854107,0.3692978970706463,0.00017349391237075906,0.18816518187522888,4.180743198965031,33.84908819358902,9.096774193548388
722,dynamic_actor_adapt,-2754.707704782486,1.0,0.2771007835865021,0.8900228559970855,0.7177262604236603,0.0,0.004598791540411179,3.4504404306411742,-0.002826533799088793,1e-05,0.0,0.19333202987909318,0.24793711230158805,0.3700082615017891,0.0001837619456637185,0.18853883184492587,4.446591745577265,33.94801691261045,8.521505376344086
723,dynamic_actor_adapt,-2697.643530547619,1.0,0.27338837906718255,0.8919843450188637,0.7184595450758934,0.0,0.006086595390661376,3.685393238067627,-0.0025079793524128034,1e-05,0.0,0.1913177501410246,0.24968960247933863,0.3712990701198578,0.00017574247904121875,0.18751783445477485,4.305693759893609,34.07742523545877,8.274193548387098
724,dynamic_actor_adapt,-2874.942550420761,1.0,0.27738717943429947,0.8902062356472016,0.7188838347792625,0.0,0.004928602029212937,3.550491911172867,-0.0026818724174518136,1e-05,0.0,0.19339913129806519,0.2492791622877121,0.369245208799839,0.00018725672980508535,0.187889239564538,4.251665960760962,33.817702504897476,9.064516129032258
725,dynamic_actor_adapt,-2906.0065601468086,1.0,0.2747872106730938,0.8919166192412377,0.7170430198311806,0.0,0.002948063292933528,3.5519867479801177,-0.002892693157627946,1e-05,0.0,0.19278559274971485,0.2489206798374653,0.368744345754385,0.00018611152208904968,0.18936327360570432,4.288678530147185,33.921010300955146,9.123655913978494
726,dynamic_actor_adapt,-2750.9038207530975,1.0,0.2755394957959652,0.8910266011953354,0.718701857328415,0.0,0.0034258464946105684,3.46004895567894,-0.002685024499078281,1e-05,0.0,0.19432092867791653,0.24909826330840587,0.36814545169472696,0.00018074648578476628,0.1882546056061983,4.110689355266812,34.00290865725923,8.494623655913978
727,dynamic_actor_adapt,-2690.814747273922,1.0,0.2758933983743191,0.8907218903303147,0.7153063505887985,0.0,0.003980393223901058,3.63684042096138,-0.0027508276212756754,1e-05,0.0,0.19234257377684116,0.24932825565338135,0.36813361272215844,0.00018956413659907412,0.1900059949606657,4.47472211861182,33.79033803410394,8.166666666666666
728,dynamic_actor_adapt,-2892.873915076256,1.0,0.27545214369893073,0.8906232357025147,0.7159128233790397,0.0,0.004596764831148898,3.6033286452293396,-0.0025165831330809852,1e-05,0.0,0.19109617844223975,0.2496333785355091,0.370126873254776,0.00017292600823566319,0.18897064700722693,4.258509942454631,33.50659818808924,9.026881720430108
729,dynamic_actor_adapt,-2801.3758496642113,1.0,0.27744792923331263,0.8901583880186081,0.7155256316065788,0.0,0.0029334082972127472,3.4942096292972566,-0.0025855087591480697,1e-05,0.0,0.1912408921867609,0.2486473485827446,0.36964619979262353,0.0001739135599564179,0.1902916505932808,4.401828127726327,33.685110007308346,8.71505376344086
730,dynamic_actor_adapt,-2775.8408908247948,1.0,0.2786429338157177,0.8896911039948463,0.7175243347883224,0.0,0.00490718563651169,3.7224969923496247,-0.002897318487521261,1e-05,0.0,0.19193089716136455,0.24843809939920902,0.3713948503136635,0.00018884643832279836,0.18804730251431465,4.27888188705782,34.02781610173147,8.591397849462364
731,dynamic_actor_adapt,-2863.8781864643097,1.0,0.275920444726944,0.8908545807003975,0.7173423945903779,0.0,0.0031131399313380883,3.469765156507492,-0.0028795005855499767,1e-05,0.0,0.19208118729293347,0.2492835484445095,0.3698382832109928,0.0001929034175191191,0.18860407918691635,4.315653437754576,34.17928059562229,8.978494623655914
732,dynamic_actor_adapt,-2759.4127417206764,1.0,0.27619850262999535,0.8905132651329041,0.7164616718888283,0.0,0.002330844988318864,3.572519135475159,-0.002757137978915125,1e-05,0.0,0.1932466108351946,0.24905263409018516,0.36895227432250977,0.00017786130138119916,0.18857062309980394,4.394623733875122,33.93797529623957,8.526881720430108
733,dynamic_actor_adapt,-2847.1828383803368,1.0,0.2747280076146126,0.8910864129662514,0.7166226401925087,0.0,0.004143632199520642,3.5310697495937347,-0.002646114547314937,1e-05,0.0,0.19195959903299809,0.24976944290101527,0.36816918551921846,0.00017614208372833672,0.1899256266653538,4.27294325620755,33.90364002586399,8.908602150537634
734,dynamic_actor_adapt,-2788.640229165554,1.0,0.2757625162601471,0.8906788840889931,0.7157377868890762,0.0,0.0033451276969571897,3.4324724853038786,-0.002539431141053683,1e-05,0.0,0.19218984581530094,0.24837172850966455,0.3696039766073227,0.0001836696985265007,0.18965077884495257,4.191058736453489,34.054660760591496,8.650537634408602
735,dynamic_actor_adapt,-2811.5910343527794,1.0,0.2750865325331688,0.8914474442601203,0.7183073610067368,0.0,0.004210054554278003,3.49919673204422,-0.0025823438350926152,1e-05,0.0,0.1934226043522358,0.24923282153904439,0.3685391627252102,0.00019484524927975143,0.188610565289855,4.329365750025527,33.8555242432078,8.758064516129032
736,dynamic_actor_adapt,-2708.7667978405952,1.0,0.27720570638775827,0.8905790284276008,0.7165302932262421,0.0,0.0045457665655703585,3.5176039755344393,-0.0027048539035604336,1e-05,0.0,0.19265052452683448,0.2477503575384617,0.3691887892782688,0.00017650854751991574,0.19023382477462292,4.038872143280798,33.71402240231631,8.301075268817204
737,dynamic_actor_adapt,-2819.41419172287,1.0,0.2759524486958981,0.8910093411803246,0.7176785707473755,0.0,0.00438577850472936,3.5056270718574525,-0.002381022546614986,1e-05,0.0,0.19255544655025006,0.24965411350131034,0.3694734089076519,0.00018101969835697672,0.18813601098954677,4.295132805949269,33.56872446627457,8.833333333333334
738,dynamic_actor_adapt,-2840.1497304439545,1.0,0.2750847913324833,0.8912908762693406,0.7184119895100594,0.0,0.0022813668208982616,3.652800107002258,-0.0029042139268767642,1e-05,0.0,0.1917400699108839,0.2500587470829487,0.37020945698022845,0.00016711452008166816,0.18782460764050485,4.321527882262615,33.220659729591056,8.849462365591398
739,dynamic_actor_adapt,-2767.3643176555634,1.0,0.2761963471770287,0.8907023563981056,0.71607506275177,0.0,0.0048706523764849245,3.438581997156143,-0.002931658384113689,1e-05,0.0,0.19105791859328747,0.24869393445551397,0.372634743899107,0.00017715265639708377,0.18743624426424504,4.302357127561075,33.561795234008635,8.564516129032258
740,dynamic_actor_adapt,-2758.80758869648,1.0,0.2746201418340206,0.8913713693618774,0.7170074194669723,0.0,0.005429080454996465,3.660568642616272,-0.002747880484821508,1e-05,0.0,0.19147608503699304,0.248994792252779,0.36992566883563993,0.00017169254460895899,0.1894317653030157,4.709749561900781,33.810078166863576,8.586021505376344
741,dynamic_actor_adapt,-2762.4884760975838,1.0,0.2767603971064091,0.8900572612881661,0.7171104654669762,0.0,0.0029090843243466226,3.486909979581833,-0.0032803231784782837,1e-05,0.0,0.1918453998863697,0.2485476817935705,0.37099614366889,0.000186442373887985,0.18842433094978334,4.440789367600346,33.66200582935751,8.510752688172044
742,dynamic_actor_adapt,-2737.023957192898,1.0,0.2771516598761082,0.890430037677288,0.717372539639473,0.0,0.003872190674155762,3.4253354132175446,-0.0027992340255877934,1e-05,0.0,0.1931384615600109,0.2491907149553299,0.3692438744008541,0.00018152510492654982,0.18824542164802552,4.3933938951085505,33.3108461840415,8.489247311827958
743,dynamic_actor_adapt,-2825.3874394893646,1.0,0.27591978162527087,0.8910434260964394,0.7185435920953751,0.0,0.003925222948964829,3.58244047164917,-0.003328019100399615,1e-05,0.0,0.19398759976029395,0.24842108339071273,0.37035734876990317,0.00017384164821123704,0.1870601262897253,4.218072018997531,33.451341760892674,8.774193548387096
744,dynamic_actor_adapt,-2793.2126156687737,1.0,0.27532744854688646,0.8907225579023361,0.7151623427867889,0.0,0.005939894732728113,3.5919552862644197,-0.002634468316682614,1e-05,0.0,0.19171316921710968,0.24882606230676174,0.3696618311107159,0.00017876369238365442,0.1896201718598604,4.468333946833259,33.4740008473706,8.704301075268816
745,dynamic_actor_adapt,-2794.6655002832413,1.0,0.27592783868312837,0.8907049790024757,0.716193774342537,0.0,0.0014948008340070317,3.5034725427627564,-0.003109654597938061,1e-05,0.0,0.1922809887677431,0.2485918115824461,0.369830546528101,0.00018963276143040274,0.18910702578723432,4.259925293925796,33.507618766206285,8.725806451612904
746,dynamic_actor_adapt,-2683.3726010918617,1.0,0.27483840435743334,0.8911364451050758,0.7184195414185524,0.0,0.0032712033465941482,3.486408680677414,-0.002785264559497591,1e-05,0.0,0.19202780164778233,0.24996287673711776,0.368461325019598,0.00017644165000092472,0.18937156423926355,4.226564903781769,33.377733831625875,8.258064516129032
747,dynamic_actor_adapt,-2681.9791984558105,1.0,0.27576015666127207,0.8905453816056251,0.7168305516242981,0.0,0.002823608608741801,3.620618450641632,-0.0028894426832266618,1e-05,0.0,0.19252513013780118,0.2486425820738077,0.36936990916728973,0.0001823285938371555,0.1892800498753786,4.4400760371170165,33.35353185328604,8.182795698924732
748,dynamic_actor_adapt,-2876.870751976967,1.0,0.27710570469498635,0.8902152180671692,0.7186254560947418,0.0,0.004891232328918671,3.5769841969013214,-0.002933005838713143,1e-05,0.0,0.193250035867095,0.25036321990191934,0.3684192463755608,0.00018240414501633496,0.18778509944677352,4.688854095756824,33.03550939595207,9.059139784946236
749,dynamic_actor_adapt,-2807.0490834116936,1.0,0.2765685491263866,0.8907882899045945,0.7173817306756973,0.0,0.002157253933910347,3.4900650560855864,-0.0029506906758797412,1e-05,0.0,0.19259911812841893,0.24993550963699818,0.36890564784407615,0.0001842401299654739,0.18837548792362213,4.491802763947923,33.64094130368308,8.774193548387096
750,dynamic_actor_adapt,-2771.0993163585663,1.0,0.27716110050678255,0.8899557501077652,0.7167523071169853,0.0,0.002173212108209588,3.3918355464935304,-0.0020877568946161772,1e-05,0.0,0.19226835668087006,0.2504557386040688,0.3694720230996609,0.0001817867161662434,0.18762209489941598,4.416341116504349,33.41745616128261,8.553763440860216
751,dynamic_actor_adapt,-2871.5217861533165,1.0,0.2761659361422062,0.8908523738384246,0.7175754681229591,0.0,0.0019511864162268856,3.600028473138809,-0.0025696349103782267,1e-05,0.0,0.19236274287104607,0.24948014542460442,0.37011619806289675,0.0001909934559080284,0.18784992024302483,4.567320864931711,33.27079131205766,9.026881720430108
752,dynamic_actor_adapt,-2825.0993551015854,1.0,0.2755239963531494,0.8913008868694305,0.71843601167202,0.0,0.0017277844483032322,3.431103354692459,-0.0028761891247995664,1e-05,0.0,0.1929748959839344,0.24957100823521614,0.3702770762145519,0.00018948282740893774,0.1869875404983759,4.693331625891253,33.67770552835211,8.779569892473118
753,dynamic_actor_adapt,-2754.3723568320274,1.0,0.27731278389692304,0.8902923107147217,0.7167023405432701,0.0,0.004261141126517032,3.676906579732895,-0.0025654113152995704,1e-05,0.0,0.1937934599816799,0.250883013010025,0.368222127109766,0.00017555448339408032,0.18692584559321404,4.438151877843534,33.392233718627814,8.505376344086022
754,dynamic_actor_adapt,-2757.860897541046,1.0,0.27656908333301544,0.8902768209576607,0.7170972362160682,0.0,0.007524655604538549,3.648507612943649,-0.0027681395168656308,1e-05,0.0,0.1924737524241209,0.2484403897076845,0.3708024680614471,0.00018331485334783794,0.18810006901621817,4.569871213266354,33.608425457097,8.510752688172044
755,dynamic_actor_adapt,-2765.0424780249596,1.0,0.2771780237555504,0.8901692762970924,0.7162649735808373,0.0,0.0030841898756989563,3.738602566719055,-0.0028632710706006036,1e-05,0.0,0.19165842048823833,0.24926313608884812,0.37007570937275885,0.0001913227957629715,0.18881141394376755,4.835099369224782,33.719252847992955,8.53225806451613
756,dynamic_actor_adapt,-2801.116853952408,1.0,0.27653521820902827,0.8902745902538299,0.7175418332219123,0.0,0.0028698594223897033,3.5313521206378935,-0.0029161414378904736,1e-05,0.0,0.1914360359311104,0.24931212812662124,0.3714616447687149,0.00018072761304210871,0.18760946169495582,4.653898465921876,33.17048463657073,8.71505376344086
757,dynamic_actor_adapt,-2884.4937457442284,1.0,0.27327400222420695,0.8925621017813683,0.7179697841405869,0.0,0.005200780770610436,3.8265431582927705,-0.002980222700352897,1e-05,0.0,0.19267351552844048,0.2492989145219326,0.36887729093432425,0.00017790586316550615,0.18897237367928027,4.5486679622357,33.33147293224817,9.080645161290322
758,dynamic_actor_adapt,-2771.752978146076,1.0,0.27512211427092553,0.8912746503949165,0.7184628173708916,0.0,0.005802928769117005,3.3807997167110444,-0.0022337242872708884,1e-05,0.0,0.1928933560848236,0.24918928295373916,0.3715357080101967,0.0002011145345022669,0.18618054278194904,4.410704206927484,32.965007646282004,8.591397849462364
759,dynamic_actor_adapt,-2810.8838008642197,1.0,0.27511081174016,0.8913360670208931,0.7174983754754066,0.0,0.0041533258236086555,3.331525433063507,-0.0023938516198541036,1e-05,0.0,0.19120787270367146,0.24920822344720364,0.3711635284125805,0.00018211327642347896,0.18823826387524606,4.49963337825638,33.40620252224884,8.779569892473118
760,dynamic_actor_adapt,-2799.1175259947777,1.0,0.2746330343186855,0.8917828887701035,0.716811491549015,0.0,0.002400098749785656,3.6722333133220673,-0.0026809269591467457,1e-05,0.0,0.19147058241069317,0.24801176078617573,0.37137660309672355,0.0001785273032510304,0.18896252959966658,4.5149963824460615,33.395315100889,8.67741935483871
761,dynamic_actor_adapt,-2750.517114639282,1.0,0.27373447716236116,0.8920706957578659,0.7168859109282494,0.0,0.000859432881952632,3.6521729052066805,-0.0026068533377838323,1e-05,0.0,0.1917082726955414,0.24820378459990025,0.37131607234478,0.0001785237360309111,0.18859334513545037,4.564272058734967,33.206195133360865,8.5
762,dynamic_actor_adapt,-2688.974072098732,1.0,0.27557477429509164,0.8915217489004135,0.718887309730053,0.0,0.0041383935014892015,3.5888704895973205,-0.0024212256248574704,1e-05,0.0,0.19377746917307376,0.24745020531117917,0.3702161192893982,0.0001713587113044923,0.18838484548032283,4.649386730872744,33.45386009992916,8.220430107526882
763,dynamic_actor_adapt,-2721.852693080902,1.0,0.2758143223822117,0.8912900477647782,0.7172069400548935,0.0,0.004454872992027931,3.487274819612503,-0.0020070820886758157,1e-05,0.0,0.19336447045207023,0.24966859854757786,0.36840168461203576,0.00017708397226670058,0.1883881665766239,4.619450901980109,33.37068125865414,8.301075268817204
764,dynamic_actor_adapt,-2796.420375287533,1.0,0.2778096474707127,0.8901021391153335,0.7180056795477867,0.0,0.003931943100360463,3.695401203632355,-0.002621844752866309,1e-05,0.0,0.19286010302603246,0.24952656738460063,0.3703665941953659,0.0001781413553544553,0.18706858903169632,4.3846320723280225,33.13417496367564,8.731182795698924
765,dynamic_actor_adapt,-2762.227160036564,1.0,0.27436663061380384,0.8917827099561692,0.7174659624695778,0.0,0.004240399992340826,3.6047463059425353,-0.0021054467812064103,1e-05,0.0,0.1927971951663494,0.2483632445335388,0.36948128417134285,0.00016948674019658938,0.18918879367411137,4.501363138869734,33.627089057717434,8.548387096774194
766,dynamic_actor_adapt,-2745.4402326345444,1.0,0.27508421540260314,0.891264232993126,0.7193722113966942,0.0,0.003985174116314744,3.6194754600524903,-0.0027698209567461165,1e-05,0.0,0.19312908127903938,0.24806711003184317,0.3711223267018795,0.00018914297797891776,0.1874923389405012,4.462736334810617,33.456125213188024,8.53225806451613
767,dynamic_actor_adapt,-2775.0717884898186,1.0,0.27554044127464294,0.8909711614251137,0.7164088934659958,0.0,0.003503956426902738,3.458535385131836,-0.0023117295117117465,1e-05,0.0,0.1920242678374052,0.2498190864920616,0.37061834409832956,0.00017619185255171032,0.18736210614442825,4.567895339253843,33.14295482406174,8.596774193548388
768,dynamic_actor_adapt,-2764.277970790863,1.0,0.27580196112394334,0.8910630121827126,0.7149510607123375,0.0,0.006358778685535038,3.4681744039058686,-0.0027241891926678362,1e-05,0.0,0.19023417495191097,0.24842979311943053,0.37105263620615003,0.00018532721824158216,0.19009807109832763,4.508551606008944,33.794837783122425,8.580645161290322
769,dynamic_actor_adapt,-2756.6961680054665,1.0,0.27686588987708094,0.8910770148038865,0.7178577080368995,0.0,0.0064673168622903345,3.6467190742492677,-0.002267208638659213,1e-05,0.0,0.19301835708320142,0.24887652397155763,0.3687659054994583,0.00018807033957273233,0.1891511410474777,4.489859695604924,33.65433006759411,8.473118279569892
770,dynamic_actor_adapt,-2741.1367753744125,1.0,0.27627711892127993,0.8905576959252357,0.7172223150730133,0.0,0.0025120455315118307,3.3724138379096984,-0.002135325863491744,1e-05,0.0,0.19284854717552663,0.2500641975551844,0.3688342534005642,0.0001794813559172326,0.1880735158920288,4.49581597716942,33.69686118218457,8.39247311827957
771,dynamic_actor_adapt,-2742.7832596302032,1.0,0.2779288113117218,0.8897928282618522,0.7162189245223999,0.0,0.004757378950671476,3.4630373060703277,-0.003057194809662178,1e-05,0.0,0.19254304766654967,0.24829548895359038,0.3685297742486,0.00019027533980988664,0.19044141359627248,4.52676704769723,33.52114928544556,8.510752688172044
772,dynamic_actor_adapt,-2762.4494534134865,1.0,0.2778861030936241,0.8899411052465439,0.7159382224082946,0.0,0.0037634859063473357,3.514912098646164,-0.002404138210840756,1e-05,0.0,0.1923648275434971,0.24921987019479275,0.36948713585734366,0.00017223131726495922,0.18875593468546867,4.598216277684043,33.186326424585346,8.575268817204302
773,dynamic_actor_adapt,-2794.113725721836,1.0,0.2779008775949478,0.8898490324616433,0.7152433097362518,0.0,0.0027946005020567212,3.317074805498123,-0.0019926810648030367,1e-05,0.0,0.19096752777695655,0.24991911537945272,0.3695197872817516,0.00019021575262740954,0.18940335437655448,4.5179091554312665,33.42967807692322,8.693548387096774
774,dynamic_actor_adapt,-2769.5417120456696,1.0,0.27639646679162977,0.8902483195066452,0.7179161906242371,0.0,0.00342150224678337,3.4481095016002654,-0.002177214994389942,1e-05,0.0,0.19267827905714513,0.24893242716789246,0.36943543553352354,0.00017262263772863662,0.18878123648464679,4.596790576451188,33.416887456329505,8.575268817204302
775,dynamic_actor_adapt,-2774.8416028618813,1.0,0.27605768442153933,0.8908202335238457,0.7168350115418434,0.0,0.005604831447089981,3.5886534094810485,-0.00261615317867836,1e-05,0.0,0.19183496572077274,0.24859314560890197,0.3722275152802467,0.00018295914596819785,0.18716141618788243,4.457070275504042,33.69464917369251,8.634408602150538
776,dynamic_actor_adapt,-2748.915901660919,1.0,0.2758126623928547,0.8907310500741005,0.7167585626244545,0.0,0.004852202191977994,3.4916511297225954,-0.0031018870780826547,1e-05,0.0,0.19288847744464874,0.24922941699624063,0.3698014132678509,0.00018434349367453252,0.1878963489085436,4.385259252472873,33.61425490731226,8.46774193548387
777,dynamic_actor_adapt,-2788.9515452980995,1.0,0.27616105154156684,0.8913193330168724,0.7174437701702118,0.0,0.0016864220104253313,3.8266563951969146,-0.0031776611383975252,1e-05,0.0,0.19263360761106013,0.24892916865646839,0.37064462527632713,0.00017193097028211923,0.18762066960334778,4.417398617254841,33.339931584696814,8.720430107526882
778,dynamic_actor_adapt,-2719.713342189789,1.0,0.27635647654533385,0.8905718594789505,0.7155364692211151,0.0,0.0026276275137206316,3.4863522946834564,-0.0029146406559448224,1e-05,0.0,0.19252975881099701,0.2487640783190727,0.36960388720035553,0.00016779295565356734,0.18893448188900946,4.413041809914236,33.485207979664786,8.397849462365592
779,dynamic_actor_adapt,-2709.845635652542,1.0,0.27636446729302405,0.8907423228025436,0.7154566928744316,0.0,0.0004272599258911214,3.718144053220749,-0.003065731548849726,1e-05,0.0,0.19264446683228015,0.24869283251464366,0.369461502879858,0.0001794837102352176,0.18902171291410924,4.593390558362511,33.67679961713385,8.39247311827957
780,dynamic_actor_adapt,-2698.1119144558907,1.0,0.2759445674717426,0.8908782184123993,0.7139133617281914,0.0,0.005244480211331354,3.406867092847824,-0.002363468622934306,1e-05,0.0,0.19002223052084447,0.24931980296969414,0.37068044692277907,0.00019009384741366375,0.18978743217885494,4.578461252693286,33.62180563386614,8.28494623655914
781,dynamic_actor_adapt,-2755.8384645581245,1.0,0.2779035195708275,0.8897126466035843,0.7164500117301941,0.0,0.004807874640755433,3.7047367453575135,-0.0026947595144520163,1e-05,0.0,0.19242616668343543,0.24784547947347163,0.3705588847398758,0.0001723662280710414,0.18899710699915886,4.466863687805085,33.68424353699096,8.435483870967742
782,dynamic_actor_adapt,-2748.3496530056,1.0,0.2764403700828552,0.8906646355986595,0.7178487047553063,0.0,0.0036257165418647095,3.5543306529521943,-0.003059431751108832,1e-05,0.0,0.19273103028535843,0.24935050681233406,0.37026235088706017,0.0001753325770550873,0.18748078159987927,4.4312851473489285,33.903635516884805,8.505376344086022
783,dynamic_actor_adapt,-2775.9482212662697,1.0,0.27511244639754295,0.8911038145422936,0.7141290441155433,0.0,0.0037804893370775748,3.606192481517792,-0.0026799511319950398,1e-05,0.0,0.19118159711360933,0.24993064552545546,0.3699246495962143,0.00017222091992152855,0.1887908861041069,4.2280840664146275,33.64120945406037,8.645161290322582
784,dynamic_actor_adapt,-2759.163394212723,1.0,0.2780239455401897,0.8898788779973984,0.7185811221599578,0.0,0.006140095645059768,3.628809767961502,-0.003111979654931929,1e-05,0.0,0.19413533248007298,0.24798164144158363,0.3688052885234356,0.00017053904684871668,0.18890719935297967,4.465914900053596,33.71658168437911,8.586021505376344
785,dynamic_actor_adapt,-2768.240474462509,1.0,0.27562114745378496,0.8911135748028756,0.7177569851279259,0.0,0.004799757676119015,3.5723119258880613,-0.003363044157595141,1e-05,0.0,0.1922573085874319,0.24874423630535603,0.3682834327220917,0.00018078225584758912,0.19053423926234245,4.218157885470433,33.949144436385325,8.596774193548388
786,dynamic_actor_adapt,-2747.3000781536102,1.0,0.27686561942100524,0.8904268324375153,0.718182735145092,0.0,0.008745698765233095,3.539757859706879,-0.0021453544934047384,1e-05,0.0,0.1927893951535225,0.2487068973481655,0.3721241936087608,0.00017498296201665653,0.18620452620089054,4.228459303077966,33.73162466143787,8.521505376344086
787,dynamic_actor_adapt,-2716.1356055140495,1.0,0.2748457081615925,0.8918051496148109,0.7167592495679855,0.0,0.005724081092012068,3.4546027362346647,-0.002904797331939335,1e-05,0.0,0.19192302003502845,0.24994919896125795,0.3701302856206894,0.00017322977291769348,0.18782426938414573,4.273351603268709,33.752370138067725,8.381720430107526
788,dynamic_actor_adapt,-2787.022296965122,1.0,0.27758568450808524,0.8901829481124878,0.7157893076539039,0.0,0.002622615744803619,3.551228004693985,-0.003329676456269226,1e-05,0.0,0.19323140531778335,0.24986578114330768,0.3693435125052929,0.00017615469714655775,0.18738315477967263,4.151599480756123,33.67876916523606,8.731182795698924
789,dynamic_actor_adapt,-2818.8278726935387,1.0,0.27619514092803,0.8911503717303276,0.715293237566948,0.0,0.004816740861679098,3.6298890352249145,-0.002984061026654672,1e-05,0.0,0.19095339439809322,0.2504162885248661,0.36921314597129823,0.00018290577863808722,0.189234259724617,4.466781043054388,34.01238857187908,8.82258064516129
790,dynamic_actor_adapt,-2851.311797916889,1.0,0.2774552799761295,0.8901155948638916,0.7152389258146286,0.0,0.003709051727855672,3.5215683400630953,-0.002953047184564639,1e-05,0.0,0.19125919863581659,0.24863269403576851,0.3707467183470726,0.00019805985684797633,0.18916333317756653,4.300901160380656,33.385011855636094,8.994623655913978
791,dynamic_actor_adapt,-2763.409548521042,1.0,0.27619235813617704,0.8904863357543945,0.7168827190995216,0.0,0.00427994747024057,3.5608199656009676,-0.0033255843773076776,1e-05,0.0,0.19289423078298568,0.2491376306861639,0.3696780100464821,0.00017680539622233482,0.1881133172661066,4.313365468338367,33.39974113054257,8.629032258064516
792,dynamic_actor_adapt,-2718.738066315651,1.0,0.2766195684671402,0.8903984308242798,0.7155709236860275,0.0,0.004590761518193154,3.744854635000229,-0.002852121990872547,1e-05,0.0,0.1905988570302725,0.24977334290742875,0.36991291791200637,0.0001792978446246707,0.18953559249639512,4.370454273931387,33.77687670890524,8.344086021505376
793,dynamic_actor_adapt,-2770.531826555729,1.0,0.2767097815871239,0.8904010206460953,0.7171757102012635,0.0,0.006320188028621482,3.62564035654068,-0.0029763619750156067,1e-05,0.0,0.1920358959585428,0.25012714266777036,0.3712820716202259,0.0001793952813386568,0.1863754943013191,4.19810050876405,33.677950279863246,8.543010752688172
794,dynamic_actor_adapt,-2825.8898983597755,1.0,0.27729217410087587,0.8899452060461044,0.7172231182456017,0.0,0.005673283991018291,3.4025975346565245,-0.0028549586430926866,1e-05,0.0,0.1935995426028967,0.24964146539568902,0.3689319476485252,0.00017855383084679487,0.1876484889537096,4.199647261049429,33.59017373005223,8.827956989247312
795,dynamic_actor_adapt,-2697.1686506271362,1.0,0.2750742219388485,0.8915745615959167,0.7168849721550942,0.0,0.003698333626016398,3.5358703434467316,-0.0027515266535374392,1e-05,0.0,0.19273865185678005,0.2486534293740988,0.3702758327126503,0.0001783143939974252,0.1881537713110447,4.445076567044142,33.2187295211336,8.225806451612904
796,dynamic_actor_adapt,-2676.4315697550774,1.0,0.27719017416238784,0.8901441007852554,0.7187436237931252,0.0,0.003905935469629196,3.5204362869262695,-0.0023777144830091856,1e-05,0.0,0.19467130675911903,0.24788861125707626,0.369087690114975,0.00018387948930467246,0.18816852606832982,4.564453048875179,33.508770958735354,8.220430107526882
797,dynamic_actor_adapt,-2694.8896203041077,1.0,0.2766313999891281,0.8903830975294114,0.717753329873085,0.0,0.006093556141422624,3.540346586704254,-0.003088938662403962,1e-05,0.0,0.19496510848402976,0.25064157992601394,0.36637419313192365,0.00017665607138042105,0.1878424607217312,4.674986786372307,33.28711074405123,8.220430107526882
798,dynamic_actor_adapt,-2886.015535056591,1.0,0.2778226166963577,0.8899322420358657,0.7172874972224236,0.0,0.005620462895240086,3.575668227672577,-0.003536604674991395,1e-05,0.0,0.19291736520826816,0.2498790930956602,0.36852236166596414,0.0001786525297575281,0.18850252851843835,4.486021013044299,33.10141749572239,9.053763440860214
799,dynamic_actor_adapt,-2703.8279982209206,1.0,0.27599671185016633,0.8907635852694511,0.719034394621849,0.0,0.006348968856218556,3.4998669028282166,-0.002778277161996812,1e-05,0.0,0.19209463261067866,0.24889011383056642,0.37169684618711474,0.0001779672624252271,0.18714044131338597,4.8726095149963164,33.55147159152349,8.258064516129032
800,dynamic_actor_adapt,-2706.118459582329,1.0,0.2769832029938698,0.8903646141290664,0.7156279563903809,0.0,0.006959905211078876,3.6527921676635744,-0.002586022800824139,1e-05,0.0,0.19267874173820018,0.2496683955192566,0.36823053658008575,0.00016432588618044974,0.1892580047249794,4.648797303561149,33.48010104967342,8.333333333333332
801,dynamic_actor_adapt,-2688.6297213435173,1.0,0.27607629895210267,0.8906463176012039,0.7185201972723008,0.0,0.006836239396579869,3.6898763298988344,-0.003452160896267742,1e-05,0.0,0.19372044317424297,0.2520413167774677,0.368173872679472,0.00016781961148808476,0.18589654564857483,4.742783306259029,33.4591375621921,8.17741935483871
802,dynamic_actor_adapt,-2827.410626888275,1.0,0.27454372867941856,0.891313336789608,0.7177248105406762,0.0,0.004661333187686972,3.682380473613739,-0.003218981345708016,1e-05,0.0,0.1935265723615885,0.24997334443032743,0.368105049431324,0.00017869634084490826,0.1882163356989622,4.523407804402027,32.937068387324956,8.817204301075268
803,dynamic_actor_adapt,-2703.47499281168,1.0,0.27369522452354433,0.8919264048337936,0.717837518453598,0.0,0.0026594700937494498,3.6556967973709105,-0.0032396711921137467,1e-05,0.0,0.1934459585696459,0.2487242240458727,0.36868723928928376,0.0001882769207441015,0.18895430117845535,4.774051886114082,33.7162054282389,8.279569892473118
804,dynamic_actor_adapt,-2769.4906888604164,1.0,0.2789499878883362,0.8892246469855308,0.7171355873346329,0.0,0.0007286299194674883,3.678709423542023,-0.0035851289951096986,1e-05,0.0,0.19377732425928115,0.2487497881054878,0.3686145469546318,0.000195661208636011,0.18866267763078212,4.955990326305456,33.422445951242366,8.516129032258064
805,dynamic_actor_adapt,-2747.7090552449226,1.0,0.2767990410327911,0.8906599387526513,0.7187244191765785,0.0,0.004890142807198572,3.5144977986812593,-0.0028614961787980066,1e-05,0.0,0.19281189441680907,0.2495071828365326,0.3703022226691246,0.00017777901666704565,0.18720091730356217,4.634543306366233,33.32140190817828,8.483870967741936
806,dynamic_actor_adapt,-2775.0516949295998,1.0,0.275261165946722,0.8912844672799111,0.7143136501312256,0.0,0.006250111573353917,3.6300571739673613,-0.003279377458966337,1e-05,0.0,0.18978972397744656,0.24974168986082076,0.370201651006937,0.00017546616927575088,0.19009146690368653,4.765496662902408,33.60246969686091,8.564516129032258
807,dynamic_actor_adapt,-2766.156601667404,1.0,0.2773681379854679,0.8901354655623436,0.7164442241191864,0.0,0.0065479897673867745,3.577087640762329,-0.0031348210970463695,1e-05,0.0,0.19209423810243606,0.25070941522717477,0.3683249972760677,0.00017722345983202105,0.18869412764906884,4.697904159457386,33.29596345821895,8.548387096774194
808,dynamic_actor_adapt,-2684.190871179104,1.0,0.2756147265434265,0.8910525470972062,0.7162793636322021,0.0,0.004947978812197146,3.561044639348984,-0.0020902726231724956,1e-05,0.0,0.19169847071170806,0.24863119125366212,0.369999123364687,0.00018950853118440136,0.18948170393705369,4.3710525496362544,33.30891897286294,8.209677419354838
809,dynamic_actor_adapt,-2695.7057164907455,1.0,0.2737342335283756,0.8917954206466675,0.7190872952342033,0.0,0.004405672685788936,3.656744307279587,-0.003125730770989321,1e-05,0.0,0.1930047683417797,0.24952773079276086,0.3698519982397556,0.00017353502134938027,0.18744196705520152,4.521579120686281,33.09473240304745,8.231182795698924
810,dynamic_actor_adapt,-2747.0148218274117,1.0,0.2743377074599266,0.8918022811412811,0.7198117077350616,0.0,0.0036035207824170468,3.4390673518180845,-0.002860679512377828,1e-05,0.0,0.19419678300619125,0.25013407766819,0.36851577684283254,0.0001769345142747625,0.18697642870247363,4.48851362237017,32.987417140752584,8.521505376344086
811,dynamic_actor_adapt,-2797.7826796770096,1.0,0.278850781917572,0.88919857442379,0.717938332259655,0.0,0.004397986902768064,3.6926957070827484,-0.0029825467594491784,1e-05,0.0,0.19344249442219735,0.24868936836719513,0.36972424760460854,0.00018913640360551653,0.18795474506914617,4.5285455574347395,33.37520442731802,8.67741935483871
812,dynamic_actor_adapt,-2742.8065360188484,1.0,0.2763363115489483,0.8907256573438644,0.7179860785603523,0.0,0.003677875211178655,3.6361335098743437,-0.003086035475280369,1e-05,0.0,0.19385955072939395,0.25011125542223456,0.36829914823174476,0.0001806654308893485,0.1875493835657835,4.5318994615264065,33.06936275231839,8.435483870967742
813,dynamic_actor_adapt,-2735.8481667637825,1.0,0.2765951707959175,0.8903969958424568,0.7171881482005119,0.0,0.006354441242729114,3.650108349323273,-0.0036869877597382585,1e-05,0.0,0.19232607148587705,0.24846751280128956,0.37060796841979027,0.0001868111638032133,0.18841163702309133,4.815364001313804,33.297549094250456,8.408602150537634
814,dynamic_actor_adapt,-2729.201608657837,1.0,0.2764354296028614,0.8904922038316727,0.7171979591250419,0.0,0.0012876768822024987,3.5523772120475767,-0.003474383305365336,1e-05,0.0,0.1925615780055523,0.24818735867738723,0.37025095894932747,0.00018013272019743454,0.18881996534764767,4.871501640041335,33.184381329924676,8.311827956989246
815,dynamic_actor_adapt,-2766.543396949768,1.0,0.2766584612429142,0.8905742421746254,0.7157034069299698,0.0,0.00336737674533652,3.3826181411743166,-0.0031792280053196008,1e-05,0.0,0.19301394745707512,0.24941867999732495,0.3689127042889595,0.00017714983496261994,0.18847751691937448,4.870727251993212,33.214603327200734,8.53763440860215
816,dynamic_actor_adapt,-2684.9151827692986,1.0,0.2791895903646946,0.8893933728337288,0.7149579077959061,0.0,0.0023704915214693644,3.660305845737457,-0.0026228761053062044,1e-05,0.0,0.1929881002753973,0.24825928285717963,0.3691827721893787,0.000180423145138775,0.18938942290842534,4.8364048132342115,33.9259211120469,8.17741935483871
817,dynamic_actor_adapt,-2764.8192515969276,1.0,0.2763491526246071,0.8902584210038185,0.7156787574291229,0.0,0.003511079436248149,3.7031300246715544,-0.003558555492054438,1e-05,0.0,0.19169107861816884,0.24848517179489135,0.3707124225795269,0.00017480909718869952,0.18893651850521564,4.587301810296447,33.24272510131914,8.596774193548388
818,dynamic_actor_adapt,-2691.3942534923553,1.0,0.27620146721601485,0.8910548120737076,0.716731370985508,0.0,0.0016945512130405681,3.708418071269989,-0.003155231915297918,1e-05,0.0,0.1909964930266142,0.24867317117750645,0.3713622033596039,0.00018430533746141008,0.18878382928669452,4.7458199111384225,33.28430626653894,8.209677419354838
819,dynamic_actor_adapt,-2775.858275771141,1.0,0.2760699525475502,0.8907326519489288,0.7179029539227486,0.0,0.004132728065269475,3.6717939615249633,-0.0033968174531764815,1e-05,0.0,0.19302893057465553,0.24870627671480178,0.36931091398000715,0.00018512580554670422,0.18876875415444375,4.7352168053656625,32.81100910868567,8.586021505376344
820,dynamic_actor_adapt,-2714.0036230683327,1.0,0.27615236267447474,0.8906198248267174,0.7173546850681305,0.0,0.0017983487048696067,3.563732069730759,-0.0035823063255520536,1e-05,0.0,0.19233438670635222,0.24850953742861748,0.3700042486190796,0.0001772361822077073,0.1889745954424143,5.063923390033792,33.11870673386209,8.32258064516129
821,dynamic_actor_adapt,-2704.776012122631,1.0,0.27760469987988473,0.8903817638754845,0.7138451963663102,0.0,0.0013683225301065415,3.5394164264202117,-0.003306905285353423,1e-05,0.0,0.19214641079306602,0.24901614747941495,0.369516933709383,0.00016836446920933667,0.18915214538574218,5.008266748267048,33.060960650708424,8.258064516129032
822,dynamic_actor_adapt,-2731.7806683778763,1.0,0.27433824837207793,0.8920855432748794,0.7152621760964394,0.0,0.00419056455593822,3.5228263676166534,-0.003014318351779366,1e-05,0.0,0.19068267308175563,0.24875167049467564,0.37159787192940713,0.0001827083548050723,0.18878507763147354,4.9216485627810265,33.202011376743656,8.376344086021506
823,dynamic_actor_adapt,-2720.966567993164,1.0,0.27722399681806564,0.8901917457580566,0.7146493628621101,0.0,0.003613813294759888,3.5474743247032166,-0.0033280732393905057,1e-05,0.0,0.19137519598007202,0.2498660519719124,0.3699325524270535,0.0001789971473044716,0.18864719942212105,4.736652538643912,33.31856610208169,8.36021505376344
824,dynamic_actor_adapt,-2747.4116117358208,1.0,0.27609303668141366,0.8906395226716995,0.7158366531133652,0.0,0.002788884229448696,3.6024494111537932,-0.0028880515372293305,1e-05,0.0,0.1908275827765465,0.24971165917813778,0.3713269978761673,0.00017778750880097504,0.1879559762775898,4.84238584512938,33.52016255088214,8.510752688172044
825,dynamic_actor_adapt,-2738.4913552999496,1.0,0.27968394160270693,0.8889385133981704,0.7147059798240661,0.0,0.003475875402364187,3.6478726983070375,-0.002791558905300917,1e-05,0.0,0.19010860659182072,0.2486926954239607,0.3718297228217125,0.00018457535516063216,0.18918439894914627,5.177138265947432,33.481792156115844,8.413978494623656
826,dynamic_actor_adapt,-2726.383697450161,1.0,0.2784553438425064,0.8896744981408119,0.7146337032318115,0.0,0.005387950115073176,3.6414588570594786,-0.0031529519651030567,1e-05,0.0,0.19207215644419193,0.2487792495638132,0.36913574784994124,0.00018592743454064474,0.18982691802084445,4.703289866176248,33.731432996206905,8.365591397849462
827,dynamic_actor_adapt,-2776.3350385427475,1.0,0.2770228907465935,0.8902650862932205,0.7153994098305703,0.0,0.0027045907716455875,3.6016948878765107,-0.003259546618210152,1e-05,0.0,0.19110167175531387,0.24841336384415627,0.3701380968093872,0.0001700008608167991,0.19017686285078525,4.879782197663571,33.74342312215743,8.60215053763441
828,dynamic_actor_adapt,-2805.61945694685,1.0,0.2783452831208706,0.8895730093121529,0.7156901523470879,0.0,0.0044531740240927155,3.6747159361839294,-0.003033571579726413,1e-05,0.0,0.19220996983349323,0.24851648695766926,0.37114506810903547,0.0001781968712748494,0.1879502773284912,4.837288096574023,33.539738888171854,8.645161290322582
829,dynamic_actor_adapt,-2715.6135326623917,1.0,0.27592200636863706,0.8908881396055222,0.7168569177389145,0.0,0.008386776035513322,3.6542226910591125,-0.0032524481546715835,1e-05,0.0,0.19336542636156082,0.25153537169098855,0.36703689247369764,0.00019724446483451174,0.18786506578326226,4.814767164102579,33.433236712494484,8.28494623655914
830,dynamic_actor_adapt,-2749.9915913939476,1.0,0.27492582723498343,0.8910288646817207,0.7186799436807633,0.0,0.006221460966844472,3.695130628347397,-0.002841176667425316,1e-05,0.0,0.19234180115163327,0.24945930279791356,0.368726671487093,0.0001862063863882213,0.18928601555526256,4.84499145940758,33.74044559874022,8.478494623655914
831,dynamic_actor_adapt,-2658.095707654953,1.0,0.27614007145166397,0.8909148201346397,0.715567372739315,0.0,0.004548942353176261,3.527807205915451,-0.0026655823530745693,1e-05,0.0,0.19263641871511936,0.2476109966635704,0.3707065261900425,0.00018572912122181152,0.1888603288680315,4.843190331376625,33.73609926676428,8.091397849462366
832,dynamic_actor_adapt,-2823.7567681074142,1.0,0.27887026146054267,0.8888913467526436,0.7158449545502663,0.0,0.0030077335992245826,3.673708641529083,-0.0032373189955251292,1e-05,0.0,0.19117444418370724,0.24858153983950615,0.3712266877293587,0.0001988907217310043,0.18881843611598015,4.759617710520671,33.56423902510443,8.833333333333334
833,dynamic_actor_adapt,-2761.8591318130493,1.0,0.2748252473771572,0.8913321897387505,0.7181342825293541,0.0,0.00446659683730104,3.5590096056461333,-0.0032631170786771692,1e-05,0.0,0.19264681003987788,0.24934247322380543,0.3691041171550751,0.00018132054356101435,0.18872527927160263,5.019028943741751,33.39494230554832,8.580645161290322
834,dynamic_actor_adapt,-2695.1916882395744,1.0,0.2770050086081028,0.8902494847774506,0.7152900695800781,0.0,0.004510545100129054,3.5151479125022886,-0.0029051956254988907,1e-05,0.0,0.19122213274240493,0.24977759048342704,0.37091736793518065,0.00018822324855136686,0.18789468221366407,4.744019857046754,33.42361344211891,8.24731182795699
835,dynamic_actor_adapt,-2699.809488117695,1.0,0.2771386459469795,0.8904744669795036,0.7146642699837684,0.0,0.005017698733718124,3.5091131269931792,-0.002658771289861761,1e-05,0.0,0.19128658212721347,0.24815618954598903,0.3700399316847324,0.00017821172586991453,0.19033908285200596,4.653248504647155,33.24307479604561,8.241935483870968
836,dynamic_actor_adapt,-2703.0633252859116,1.0,0.2758223094046116,0.8907605797052384,0.7166081801056862,0.0,0.005208501754714251,3.7818126916885375,-0.0033052642560505775,1e-05,0.0,0.19308240339159966,0.24895857125520707,0.3697978213429451,0.00018426436745357932,0.18797694705426693,4.5019394196190285,33.68312313394472,8.306451612903226
837,dynamic_actor_adapt,-2811.8449776768684,1.0,0.2781226299703121,0.88950564712286,0.7133938699960709,0.0,0.004991784215417289,3.779239571094513,-0.0033399753854610028,1e-05,0.0,0.19089217036962508,0.2498274128884077,0.369492157548666,0.00019254856415500398,0.18959570862352848,4.505360384057652,33.23644469544037,8.811827956989248
838,dynamic_actor_adapt,-2686.4248062372208,1.0,0.27531653046607973,0.8912828356027603,0.7161643385887146,0.0,0.0034547092391221832,3.411856108903885,-0.0034220435918541625,1e-05,0.0,0.19198800511658193,0.24866429381072522,0.3701236791908741,0.00016902838524401886,0.1890549950301647,4.552107607906765,33.64387565267869,8.274193548387098
839,dynamic_actor_adapt,-2703.7689742445946,1.0,0.2752543412148952,0.8911909654736518,0.7178526297211647,0.0,0.004823096688596679,3.5819743514060973,-0.0027914530413909234,1e-05,0.0,0.19260876663029194,0.24942971691489219,0.37113151177763937,0.00018655646817933302,0.18664344362914562,4.42266222394402,33.48001020249104,8.263440860215054
840,dynamic_actor_adapt,-2710.653661906719,1.0,0.2773801632225513,0.8899110093712806,0.7158561050891876,0.0,0.00495557487847687,3.627852165699005,-0.00281805064450964,1e-05,0.0,0.19158368818461896,0.24927348494529725,0.36983832642436026,0.00018326814606552943,0.18912123441696166,4.715251251725431,33.333692961719045,8.295698924731184
841,dynamic_actor_adapt,-2746.564007282257,1.0,0.2794737532734871,0.8893988355994225,0.7163080126047134,0.0,0.005506722642348916,3.7592614233493804,-0.004017720986303175,1e-05,0.0,0.19432848170399666,0.24833283722400665,0.3685934454202652,0.0001918340918564354,0.18855339996516704,4.661876282865371,33.524622648392075,8.5
842,dynamic_actor_adapt,-2676.285158574581,1.0,0.27656807079911233,0.890591599047184,0.7158366873860359,0.0,0.006856061700455063,3.53538556098938,-0.0027614470513071866,1e-05,0.0,0.1916482128202915,0.24927070327103137,0.37108361050486566,0.00017674313112365781,0.18782072924077511,4.889484131174432,33.431167922404136,8.139784946236558
843,dynamic_actor_adapt,-2684.199613749981,1.0,0.27908883392810824,0.8889967545866966,0.7171824902296067,0.0,0.004160569371197164,3.729655754566193,-0.002821625885553658,1e-05,0.0,0.19239356331527233,0.25002486295998094,0.36900332719087603,0.0001860076910816133,0.18839224055409431,4.49589340109053,33.412245823397676,8.236559139784946
844,dynamic_actor_adapt,-2760.0656054615974,1.0,0.27737158834934234,0.8902176126837731,0.7176720708608627,0.0,0.0057868303887516235,3.7099087476730346,-0.0030607055261498315,1e-05,0.0,0.19274125024676322,0.24755536057054997,0.37154905423521994,0.00018010215899266768,0.18797423206269742,4.665206038367585,33.32771051703662,8.564516129032258
845,dynamic_actor_adapt,-2706.6177931427956,1.0,0.2774547390639782,0.8903620839118958,0.7171100959181785,0.0,0.002196323282259921,3.7283914983272552,-0.0031423268421349347,1e-05,0.0,0.1919867057353258,0.24853825941681862,0.37120543569326403,0.00019370372210687493,0.18807589188218116,4.88092044702532,33.343736862389726,8.31720430107527
846,dynamic_actor_adapt,-2744.944024145603,1.0,0.27656101286411283,0.8905291244387626,0.7179112553596496,0.0,0.003191421815790835,3.5296797156333923,-0.0036919972495525143,1e-05,0.0,0.1923025783151388,0.24981809668242932,0.3699231892824173,0.0001923217496369034,0.18776380829513073,4.7058781740941615,33.522803837637774,8.478494623655914
847,dynamic_actor_adapt,-2763.6276658177376,1.0,0.27775051072239876,0.8897262454032898,0.7148809894919396,0.0,0.0007493418988815282,3.5351037859916685,-0.0022597273622523063,1e-05,0.0,0.19264161139726638,0.24950580894947053,0.3699588321149349,0.0001794745856386726,0.18771427720785142,4.783187051058432,33.42826287996227,8.575268817204302
848,dynamic_actor_adapt,-2791.227522313595,1.0,0.27632727697491644,0.8911804527044296,0.7168143942952157,0.0,0.0017674356311545181,3.4917504489421844,-0.0032765631021902664,1e-05,0.0,0.1925031241029501,0.25005122758448123,0.37029128670692446,0.0001853169196692761,0.18696904443204404,4.659768187301685,33.54563448023154,8.650537634408602
849,dynamic_actor_adapt,-2710.2895190119743,1.0,0.27514287903904916,0.8914339274168015,0.7165985062718392,0.0,0.0051193150555263415,3.6439159512519836,-0.0034774587103129305,1e-05,0.0,0.1906006459146738,0.24939918294548988,0.37103597074747086,0.00018018357641267358,0.18878401927649974,4.512556551593021,33.57354701109074,8.38709677419355
850,dynamic_actor_adapt,-2760.7272714972496,1.0,0.2742365442216396,0.8915086999535561,0.7155481025576591,0.0,0.0022362557105225665,3.498485404253006,-0.0024645020937896335,1e-05,0.0,0.1911525707691908,0.24958092123270034,0.36991784200072286,0.00018510141180740902,0.18916356526315212,4.5115089572277345,33.386015321965786,8.526881720430108
851,dynamic_actor_adapt,-2724.3300681114197,1.0,0.2787949234247208,0.889414495229721,0.718418899178505,0.0,0.004424765963085525,3.5248134613037108,-0.003036918555153534,1e-05,0.0,0.19309262037277222,0.24895235411822797,0.37019017040729524,0.00018258509371662512,0.18758226074278356,4.354676729997616,33.73471434962888,8.403225806451612
852,dynamic_actor_adapt,-2717.5497395396233,1.0,0.27734998762607577,0.8903549328446388,0.7174635991454125,0.0,0.0024175421753170833,3.5603995084762574,-0.0034506838528614026,1e-05,0.0,0.1936400592327118,0.24961369000375272,0.36912902891635896,0.00017893529184220824,0.1874382846057415,4.236333832743598,33.28025264345917,8.397849462365592
853,dynamic_actor_adapt,-2667.4644765257835,1.0,0.2756923004984856,0.8906990259885788,0.7174140393733979,0.0,0.0031126180398132254,3.5342670142650605,-0.0033394944123756433,1e-05,0.0,0.19285578280687332,0.24884166046977044,0.36925848498940467,0.00018254823808092624,0.18886152766644954,4.408048956737411,33.69985990895793,8.204301075268818
854,dynamic_actor_adapt,-2770.6485793590546,1.0,0.27681600525975225,0.8905169829726219,0.7161670893430709,0.0,0.008452551687514659,3.5907446682453155,-0.0029323978764296045,1e-05,0.0,0.18999544121325015,0.2474757269024849,0.3732916735112667,0.0001902885218441952,0.1890468753874302,4.340099177958567,33.538480713274815,8.591397849462364
855,dynamic_actor_adapt,-2733.7875482439995,1.0,0.2763980731368065,0.8906551629304886,0.7153991788625718,0.0,0.004561719361663557,3.5760496854782104,-0.002787751225332613,1e-05,0.0,0.19049246050417423,0.247946522757411,0.37101264894008634,0.00018844891019398347,0.19035991542041303,4.170674536259127,33.50796328328992,8.46774193548387
856,dynamic_actor_adapt,-2725.6784633994102,1.0,0.27673718333244324,0.890396298468113,0.7164655521512031,0.0,0.0036952782225853076,3.6132075667381285,-0.0033369485186995006,1e-05,0.0,0.19230012334883212,0.2479864988476038,0.3706987053155899,0.00018059564536088146,0.18883407302200794,4.217116890786681,33.63814602128945,8.451612903225806
857,dynamic_actor_adapt,-2719.753244936466,1.0,0.2739087395370007,0.8919546395540238,0.7170306906104088,0.0,0.0026437450182129397,3.532535195350647,-0.0031836579139053354,1e-05,0.0,0.19140952490270138,0.2487771652638912,0.3702822171151638,0.00016581406780460383,0.18936528339982034,4.182046263497141,33.6442822905855,8.39247311827957
858,dynamic_actor_adapt,-2794.669167101383,1.0,0.27503363192081454,0.8915202230215072,0.7174753531813621,0.0,0.0017671053898084433,3.594244599342346,-0.0030868068322888577,1e-05,0.0,0.19125951789319515,0.2496436398476362,0.37020705118775366,0.00018289206927875058,0.18870690353214742,4.154707479871196,33.81474019457077,8.758064516129032
859,dynamic_actor_adapt,-2791.2151553034782,1.0,0.27618446201086044,0.8903806999325752,0.7155010387301445,0.0,0.0008838631321851087,3.585232788324356,-0.0030736549713765273,1e-05,0.0,0.19131006635725498,0.24937743544578553,0.3705927334725857,0.0001885899117041845,0.1885311733931303,4.178047032926862,33.808004692324666,8.709677419354838
860,dynamic_actor_adapt,-2734.992774605751,1.0,0.2763223547488451,0.8906540527939797,0.7167907625436782,0.0,0.0014810139566179936,3.7755863070487976,-0.003696829114232969,1e-05,0.0,0.191489727050066,0.24899290539324284,0.3702415615320206,0.00018378705590293976,0.18909202180802823,4.309177501799574,33.80650127450824,8.494623655913978
861,dynamic_actor_adapt,-2737.294940471649,1.0,0.2737782560288906,0.8917971253395081,0.7163803681731225,0.0,0.001889306761768278,3.4316136240959167,-0.003086478814657312,1e-05,0.0,0.19243437871336938,0.24844352565705777,0.37020988017320633,0.00017397753908880985,0.1887382373213768,4.405048608883902,33.559040053517215,8.505376344086022
862,dynamic_actor_adapt,-2654.5618903040886,1.0,0.2761409625411034,0.8906413495540619,0.7174651816487312,0.0,0.0016316959099640204,3.752185308933258,-0.0028346255528958865,1e-05,0.0,0.19252575524151325,0.2491653084754944,0.3698588088154793,0.00017666658641246613,0.18827346116304397,4.495424452725434,33.92387169076921,8.026881720430106
863,dynamic_actor_adapt,-2666.2140843868256,1.0,0.27836511805653574,0.8897311344742775,0.7162067160010338,0.0,0.0032948824096820373,3.704310917854309,-0.0029375620739301666,1e-05,0.0,0.19246443584561349,0.2488034512847662,0.36863454803824425,0.00018529123735788744,0.1899122815579176,4.477772404447014,33.775008602853156,8.198924731182796
864,dynamic_actor_adapt,-2619.8778985738754,1.0,0.2754418089985847,0.8910494744777679,0.7171910017728805,0.0,0.005717330597326514,3.679171842336655,-0.0030651212873635814,1e-05,0.0,0.19235647581517695,0.24804294742643834,0.37149194329977037,0.00018656024258234538,0.18792207911610603,4.4704157618146825,33.909635520646034,7.919354838709677
865,dynamic_actor_adapt,-2689.443918466568,1.0,0.2761746019124985,0.8909810662269593,0.7183671534061432,0.0,0.0017400796503352577,3.5341558873653414,-0.0033815321257861797,1e-05,0.0,0.19313247576355935,0.24803794100880622,0.37157831639051436,0.00019422455952735617,0.1870570432394743,4.540396958282559,34.18684541124325,8.231182795698924
866,dynamic_actor_adapt,-2785.190497815609,1.0,0.2775375671684742,0.8899711549282074,0.7164227023720742,0.0,0.003688731811053003,3.6495332181453706,-0.002456668641389115,1e-05,0.0,0.19230399541556836,0.24965491481125354,0.37057998329401015,0.00017667506799625698,0.18728443831205369,4.556282030565324,33.6741170819133,8.623655913978496
867,dynamic_actor_adapt,-2686.044302344322,1.0,0.2775449983775616,0.8899758785963059,0.7136350810527802,0.0,0.005110610641713698,3.618307590484619,-0.003680016465659719,1e-05,0.0,0.19190787374973298,0.2494699325412512,0.36860578060150145,0.00018493402931198943,0.1898314833641052,4.663032105229365,33.80910083273852,8.139784946236558
868,dynamic_actor_adapt,-2704.7409210801125,1.0,0.27564769685268403,0.8912725046277046,0.7166555270552635,0.0,0.0039067894344043674,3.591618025302887,-0.0034590738010592758,1e-05,0.0,0.1918789491057396,0.24885572791099547,0.3705591753125191,0.00017344931948173325,0.18853270262479782,4.456241062997145,33.793520630870454,8.268817204301076
869,dynamic_actor_adapt,-2721.8431235551834,1.0,0.2757993400096893,0.8911656036972999,0.717013718187809,0.0,0.0034268204837644535,3.796602803468704,-0.0031407668413521604,1e-05,0.0,0.19083619117736816,0.24818507097661496,0.37212561517953874,0.00018275963648193284,0.18867035806179047,4.544210521297366,33.73415445054168,8.36021505376344
870,dynamic_actor_adapt,-2719.3231285214424,1.0,0.2764156751334667,0.8905510559678078,0.7173644468188286,0.0,0.0056009303385508805,3.586529278755188,-0.003303357938420959,1e-05,0.0,0.19144145920872688,0.2503802698105574,0.37038190886378286,0.00017620204725972145,0.18762015849351882,4.3880660255230985,33.782033917490295,8.354838709677418
871,dynamic_actor_adapt,-2688.679038107395,1.0,0.27619218081235886,0.8906638592481613,0.716305086016655,0.0,0.0029234750612886495,3.6259908974170685,-0.0032615639704090425,1e-05,0.0,0.1923181749880314,0.2496419098228216,0.36965853050351144,0.00019267699899501168,0.18818870447576047,4.0605076623307665,33.93647386829207,8.209677419354838
872,dynamic_actor_adapt,-2693.1772379279137,1.0,0.2746760480105877,0.891344676911831,0.7193265378475189,0.0,0.00339241515430328,3.535177356004715,-0.0033713798482494896,1e-05,0.0,0.19394210651516913,0.2491051722317934,0.36973081082105635,0.00018524501174397301,0.1870366707444191,4.162420364621433,33.234970694244176,8.258064516129032
873,dynamic_actor_adapt,-2641.748148858547,1.0,0.2753199487924576,0.8915823325514793,0.717395706474781,0.0,0.0009802383716305096,3.76956325173378,-0.0029751099578788852,1e-05,0.0,0.19383312091231347,0.2489612314850092,0.37022083923220633,0.00018533417387516237,0.18679947629570962,4.214771572554434,33.95786807695153,8.086021505376344
874,dynamic_actor_adapt,-2687.7948942780495,1.0,0.27658810988068583,0.8905343174934387,0.7160540804266929,0.0,0.0054367797700251245,3.6386267066001894,-0.003311560823203763,1e-05,0.0,0.19179090484976768,0.2498661871999502,0.3695446640253067,0.00018744550725386945,0.18861079774796963,4.587324001177189,33.67726486958853,8.204301075268818
875,dynamic_actor_adapt,-2678.9594581723213,1.0,0.2767519287765026,0.890206877887249,0.7163743287324905,0.0,0.001439818907601853,3.6325429379940033,-0.0033133971701317932,1e-05,0.0,0.19162342473864555,0.2499724879860878,0.3701582707464695,0.00017631864247960038,0.18806949332356454,4.898914514279651,33.32296100896754,8.134408602150538
876,dynamic_actor_adapt,-2661.907020866871,1.0,0.2757865659892559,0.8906538009643554,0.7175922900438308,0.0,0.004067379439584323,3.5545685827732085,-0.002909185865428299,1e-05,0.0,0.19365421086549758,0.2490588802844286,0.3690709114074707,0.00017922419974638614,0.188036772608757,4.533282970329906,33.727476111975896,8.091397849462366
877,dynamic_actor_adapt,-2661.1606073975563,1.0,0.27548833116889,0.890314768254757,0.7168476089835167,0.0,0.0019495753611408373,3.5195304811000825,-0.0030919095617718993,1e-05,0.0,0.19340059384703637,0.248337709158659,0.36916197314858434,0.00018254921160405503,0.18891717307269573,4.528007036918317,33.67408026181289,8.102150537634408
878,dynamic_actor_adapt,-2718.507983326912,1.0,0.2779455192387104,0.8897972017526626,0.7169320449233055,0.0,0.001277051827128145,3.518278431892395,-0.0032794734921480994,1e-05,0.0,0.19363624043762684,0.24873635396361352,0.368695130944252,0.00018678594533412253,0.188745491579175,4.491920136925478,33.35396870078774,8.365591397849462
879,dynamic_actor_adapt,-2672.014859199524,1.0,0.27500132098793983,0.891381710767746,0.7182929992675782,0.0,0.0008832187175357775,3.4961070656776427,-0.0029824549361364915,1e-05,0.0,0.19361589215695857,0.24842552319169045,0.3685875296592712,0.0001839553982790676,0.18918709941208361,4.63808282218153,33.76072968556246,8.188172043010752
880,dynamic_actor_adapt,-2594.7971897125244,1.0,0.2764017790555954,0.8905962586402894,0.7173467189073562,0.0,0.00461485739160708,3.702559918165207,-0.002831810158386361,1e-05,0.0,0.1927508905529976,0.2490712258964777,0.37024925723671914,0.0001754161079588812,0.18775321319699287,4.923270386018434,33.81140275883336,7.763440860215054
881,dynamic_actor_adapt,-2823.832409977913,1.0,0.2774314247071743,0.89005958288908,0.7188276946544647,0.0,0.0008227469432313339,3.4944218039512633,-0.003320456294750329,1e-05,0.0,0.1925703015178442,0.24947201870381833,0.37018539756536484,0.00018599686700326856,0.18758628852665424,5.174648553639253,34.15603740199708,8.774193548387096
882,dynamic_actor_adapt,-2700.8461236953735,1.0,0.2771158076822758,0.8905697152018547,0.7170026674866676,0.0,0.0034246286499182653,3.605748337507248,-0.0035930654151343335,1e-05,0.0,0.1936002179980278,0.2501096673309803,0.36848512217402457,0.0001739513149004779,0.18763103112578391,4.859857102811223,33.93439690790361,8.274193548387098
883,dynamic_actor_adapt,-2689.6569495797157,1.0,0.27624734193086625,0.8906142234802246,0.7182194128632545,0.0,0.003297681207732239,3.7879678606987,-0.0026749775370262796,1e-05,0.0,0.19361289255321026,0.24981675297021866,0.3701157420873642,0.00017950221626961138,0.18627510964870453,4.563627985855477,33.90984928179398,8.258064516129032
884,dynamic_actor_adapt,-2646.4969376921654,1.0,0.2733847267925739,0.8917283743619919,0.7185400247573852,0.0,0.0037367690392784312,3.5761168241500854,-0.0036998221825342626,1e-05,0.0,0.19249410443007947,0.249337487667799,0.3698498338460922,0.00017508029286545935,0.18814349509775638,4.824747697204315,33.97935651660329,7.978494623655914
885,dynamic_actor_adapt,-2597.929365813732,1.0,0.2742993786931038,0.8914217755198479,0.7175538703799248,0.0,0.0037591542872178418,3.759891664981842,-0.0034199518428067676,1e-05,0.0,0.1924687996506691,0.24925150349736214,0.36808154359459877,0.00019124058453598992,0.190006909891963,4.70081399156293,33.80773867242729,7.795698924731183
886,dynamic_actor_adapt,-2716.2259497642517,1.0,0.27742969393730166,0.8900398522615433,0.7162526711821556,0.0,0.003009272398412566,3.5849184095859528,-0.002785688839503564,1e-05,0.0,0.19317155852913856,0.24848779626190662,0.36888342201709745,0.00018810162328009028,0.18926912099123,4.545372304160476,34.18742932408356,8.365591397849462
887,dynamic_actor_adapt,-2673.671138584614,1.0,0.27816245034337045,0.8893634900450706,0.7163599103689193,0.0,0.00326761683627409,3.4384826183319093,-0.0031858786040174893,1e-05,0.0,0.19190079309046268,0.24979732222855092,0.368527402728796,0.00018108162857970455,0.1895934071391821,4.644288951154716,33.59666083340693,8.161290322580646
888,dynamic_actor_adapt,-2697.9697549939156,1.0,0.2784308813512325,0.8896108254790306,0.7148667216300965,0.0,0.004901471483935877,3.6409913837909698,-0.003339124078047462,1e-05,0.0,0.19096365422010422,0.24937412440776824,0.3709771059453487,0.00018211179376521615,0.18850300572812556,4.541543437101278,33.42731876903156,8.327956989247312
889,dynamic_actor_adapt,-2692.4980570077896,1.0,0.27468603700399397,0.8915538877248764,0.7152137368917465,0.0,0.005528047565712768,3.592299747467041,-0.0030402994685573503,1e-05,0.0,0.19253184124827386,0.2489384051412344,0.3686488039791584,0.00018500436653994256,0.1896959524601698,4.62634303157974,34.039168598616826,8.188172043010752
890,dynamic_actor_adapt,-2647.6474503278732,1.0,0.2744932986795902,0.8913130968809128,0.7176194220781327,0.0,0.0025424198749533222,3.5679317831993105,-0.0026280992595275167,1e-05,0.0,0.19239137694239616,0.24951212406158446,0.3693456746637821,0.00018562253553682239,0.18856520466506482,4.575000121259211,34.05795620187476,8.086021505376344
891,dynamic_actor_adapt,-2661.1684837937355,1.0,0.27525649443268774,0.89129988104105,0.7186237305402756,0.0,0.004575276782270527,3.587477630376816,-0.00294710659654811,1e-05,0.0,0.19198961444199086,0.24936053827404975,0.37163331285119056,0.00016597382946201834,0.18685056306421757,4.342383236248095,33.79305187983937,8.155913978494624
892,dynamic_actor_adapt,-2744.7589475512505,1.0,0.27541093751788137,0.8910392835736275,0.7178496673703194,0.0,0.006367604224578838,3.738279813528061,-0.002752290129137691,1e-05,0.0,0.19348047114908695,0.24936134964227677,0.3684495121240616,0.00017990471515076932,0.18852876760065557,4.440467905557612,34.12657305542097,8.489247311827958
893,dynamic_actor_adapt,-2535.1738383173943,1.0,0.2773540154099464,0.8903686165809631,0.717714150249958,0.0,0.005093166544611472,3.5536533653736115,-0.0029319766254047863,1e-05,0.0,0.1928709987550974,0.24742423482239245,0.37011263221502305,0.0001940648560776026,0.18939806669950485,4.390363060852462,33.602827628341274,7.56989247311828
894,dynamic_actor_adapt,-2639.814960896969,1.0,0.2751757077872753,0.8912258639931678,0.717591492831707,0.0,0.00413533510090931,3.6036500453948976,-0.0023734952192171477,1e-05,0.0,0.1929842982441187,0.2493762295693159,0.368681225925684,0.0001964403378224233,0.1887618076056242,4.571860953332227,33.9383347683408,7.978494623655914
895,dynamic_actor_adapt,-2664.875863611698,1.0,0.27445203140378,0.8915945559740066,0.7197937116026878,0.0,0.004245713679119934,3.5518251419067384,-0.0032844161785760663,1e-05,0.0,0.19501040056347846,0.24859404936432838,0.36735792458057404,0.0001790626502042869,0.18885855972766877,4.502746330336606,33.74325987584204,8.172043010752688
896,dynamic_actor_adapt,-2637.371600627899,1.0,0.27560301646590235,0.8914178654551506,0.7160159856081009,0.0,0.00848205153233717,3.6091365575790406,-0.0031933619252413337,1e-05,0.0,0.19076937660574914,0.2489871621131897,0.37049348279833794,0.00019584534711611923,0.18955413363873957,4.177413337208152,33.74900788554376,8.037634408602152
897,dynamic_actor_adapt,-2659.4152942299843,1.0,0.2769415631890297,0.8903486490249634,0.7179363995790482,0.0,0.00650096837525777,3.548666328191757,-0.002895799476391403,1e-05,0.0,0.19335494376718998,0.24792304411530494,0.3711583986878395,0.00018247933985549025,0.1873811323195696,4.270681541227566,33.741664967169136,8.161290322580646
898,dynamic_actor_adapt,-2620.3809943199158,1.0,0.2779634058475494,0.8897866144776344,0.7159144788980484,0.0,0.0066977665213926564,3.622267520427704,-0.002976312773535028,1e-05,0.0,0.1918673872947693,0.24957528598606588,0.36930047199130056,0.000179078483779449,0.18907777294516565,4.239265330076202,33.598328940004066,7.978494623655914
899,dynamic_actor_adapt,-2774.5124014019966,1.0,0.27671945467591286,0.8907103210687637,0.7162174686789513,0.0,0.0031137575779211614,3.50113685131073,-0.0026416900553158486,1e-05,0.0,0.19267235919833184,0.24892126880586146,0.3683993570506573,0.0001773360339939245,0.18982968404889106,4.293727136148175,33.792670902565206,8.672043010752688
900,dynamic_actor_adapt,-2649.3582330346107,1.0,0.27645629048347475,0.8902873829007149,0.7178542271256447,0.0,0.004807150481974482,3.7667694628238677,-0.0030661763208627234,1e-05,0.0,0.19176284968852997,0.24773302786052226,0.37079773396253585,0.00018253293201269115,0.18952385783195497,4.486249146162301,33.72648223557991,8.06989247311828
901,dynamic_actor_adapt,-2749.1979891061783,1.0,0.27359637096524236,0.8920138388872146,0.7174535483121872,0.0,0.0039944482592545625,3.611219811439514,-0.003203790373299853,1e-05,0.0,0.19212786927819253,0.2492476750165224,0.3688016042113304,0.00018143903798772953,0.18964141570031642,4.239567543679996,33.57413609885069,8.516129032258064
902,dynamic_actor_adapt,-2669.464838385582,1.0,0.2779564157128334,0.8895547077059746,0.7152561545372009,0.0,0.0016424349903900847,3.6905365109443666,-0.00328700817481149,1e-05,0.0,0.1920401267707348,0.24938426166772842,0.36948623657226565,0.00017903702446346869,0.18891034424304962,4.204738053940335,34.001524416428595,8.182795698924732
903,dynamic_actor_adapt,-2646.875490307808,1.0,0.27577485144138336,0.8912146672606468,0.7162932962179184,0.0,0.0038697547368428398,3.598356032371521,-0.002849021996189549,1e-05,0.0,0.19292398020625115,0.2484634019434452,0.3705372579395771,0.0001683619168034056,0.18790699914097786,4.213491020055027,33.51332793566756,8.102150537634408
904,dynamic_actor_adapt,-2677.3734251260757,1.0,0.2770138092339039,0.8898953527212143,0.7184264898300171,0.0,0.0024256147318737985,3.5157422065734862,-0.002379676652890339,1e-05,0.0,0.19250295646488666,0.24858869165182113,0.37160670310258864,0.00018643291496118765,0.1871152140200138,3.8110738041480934,33.38409361170688,8.274193548387098
905,dynamic_actor_adapt,-2610.641027867794,1.0,0.27947179824113844,0.8885163187980651,0.7154193803668022,0.0,0.006546016200991306,3.630038297176361,-0.003278578860772541,1e-05,0.0,0.19288665428757668,0.24769974127411842,0.3692226432263851,0.00019041355117224156,0.19000054150819778,3.9510353756932544,33.64689230611427,8.016129032258064
906,dynamic_actor_adapt,-2700.0391047000885,1.0,0.2769897721707821,0.8904695823788643,0.7173626467585563,0.0,0.005776546350898537,3.5754476130008697,-0.00313215946443961,1e-05,0.0,0.19374254532158375,0.24973212853074073,0.3689292699098587,0.00017865111913124566,0.18741740919649602,4.08287052440615,33.52873129521854,8.370967741935484
907,dynamic_actor_adapt,-2612.8240016698837,1.0,0.27672927007079123,0.8900742530822754,0.7152452915906906,0.0,0.005547859016951378,3.806421363353729,-0.0031785538190888473,1e-05,0.0,0.1923824157565832,0.2483203150331974,0.3698930539190769,0.00017666157182247844,0.18922755159437657,4.175024646200481,33.69131894371486,7.903225806451612
908,dynamic_actor_adapt,-2640.590450644493,1.0,0.27674794048070905,0.8908687800168991,0.7170987039804458,0.0,0.0014690912206787976,3.916607415676117,-0.003077534166368423,1e-05,0.0,0.19295615777373315,0.24847597293555737,0.36968793496489527,0.0001818064649341977,0.18869812414050102,4.2088067384341485,33.25562470627242,8.080645161290324
909,dynamic_actor_adapt,-2642.6157652139664,1.0,0.27792219892144204,0.8900145664811134,0.7157947853207588,0.0,0.002095947889210936,3.7444758653640746,-0.002766048400371801,1e-05,0.0,0.19191529154777526,0.24878327697515487,0.37021166160702706,0.0001746988815284567,0.18891506753861903,4.049128411490964,33.552869945805995,8.086021505376344
910,dynamic_actor_adapt,-2624.0473693609238,1.0,0.27553831562399866,0.8910046115517616,0.7177914589643478,0.0,0.004499650981051673,3.737877357006073,-0.003074543399270624,1e-05,0.0,0.19330759197473527,0.24964080117642878,0.3699663318693638,0.00016906116525206016,0.18691620863974096,4.043702555327762,33.62355155533174,8.0
911,dynamic_actor_adapt,-2642.3873955607414,1.0,0.2761739008128643,0.8908538177609444,0.7169103682041168,0.0,0.0019998848658360604,3.5995876610279085,-0.0024187199967855124,1e-05,0.0,0.1923076517879963,0.24970394037663937,0.3699893280863762,0.00017184807693411132,0.187827230989933,4.14664971236495,33.395089765781094,8.059139784946238
912,dynamic_actor_adapt,-2652.322644650936,1.0,0.2753512620925903,0.8909679889678955,0.7165213614702225,0.0,0.003132362327414706,3.7781879365444184,-0.003359022598306183,1e-05,0.0,0.19309063851833344,0.24829188399016858,0.36983520314097407,0.00017548474152135897,0.1886067885905504,4.08957719486952,33.55084379212248,8.096774193548386
913,dynamic_actor_adapt,-2639.60591173172,1.0,0.27451875656843183,0.8920101776719094,0.7191563814878463,0.0,0.0029643570624102666,3.7563482522964478,-0.002629412840906298,1e-05,0.0,0.19456319324672222,0.24801035560667514,0.3694006249308586,0.00018510768713895232,0.1878407157957554,3.752136188447677,33.582253768946,8.129032258064516
914,dynamic_actor_adapt,-2619.819193303585,1.0,0.2743694521486759,0.891497015953064,0.716930091381073,0.0,0.005350401291070705,3.65472275018692,-0.0030366481917553758,1e-05,0.0,0.19190488904714584,0.24960295893251896,0.36953709870576856,0.00016821345707285218,0.18878684155642986,3.8322561666909283,33.47950092676899,8.032258064516128
915,dynamic_actor_adapt,-2656.1035327911377,1.0,0.27559960037469866,0.891469894349575,0.7165028691291809,0.0,0.0025562691002051496,3.7025920271873476,-0.0030010834394488483,1e-05,0.0,0.19134004972875118,0.24888966232538223,0.37031315416097643,0.00018440491567162098,0.18927272781729698,4.1217776670730055,33.39395469341641,8.118279569892472
916,dynamic_actor_adapt,-2623.7654399871826,1.0,0.2755705565214157,0.890810438990593,0.7156038224697113,0.0,0.0017842753934019019,3.624718427658081,-0.002944331892285845,1e-05,0.0,0.1914293121546507,0.24941563606262207,0.3705900564789772,0.0001804673625883879,0.18838452845811843,4.049302029863731,33.52009373387691,8.037634408602152
917,dynamic_actor_adapt,-2610.174303293228,1.0,0.2751373380422592,0.8913107991218567,0.7167472928762436,0.0,0.004946643386574606,3.596923494338989,-0.0030946392955229383,1e-05,0.0,0.19259810857474804,0.24694231525063515,0.3712610274553299,0.00018405099181109107,0.18901450000703335,4.564617565227371,33.653494303214615,7.908602150537634
918,dynamic_actor_adapt,-2598.795218169689,1.0,0.2755187012255192,0.8910765647888184,0.7158789351582527,0.0,0.004298010503043764,3.5372801244258882,-0.0027557788213016464,1e-05,0.0,0.1919977605342865,0.2490913227200508,0.36984716504812243,0.0001801096001145197,0.18888364881277084,4.354714494871934,33.62247628550805,7.870967741935483
919,dynamic_actor_adapt,-2644.255071103573,1.0,0.2777241326868534,0.8896536663174629,0.7155681267380715,0.0,0.0019969022019722784,3.6172897577285767,-0.00277257498310064,1e-05,0.0,0.1909993078559637,0.24956619404256344,0.3703508682549,0.00018579459119791864,0.18889783881604671,4.154419972037009,33.74689292608496,8.016129032258064
920,dynamic_actor_adapt,-2625.0124173164368,1.0,0.27666026130318644,0.8905828624963761,0.7163838684558869,0.0,0.005580346543320075,3.448880833387375,-0.0029802621400449427,1e-05,0.0,0.19262218102812767,0.2483604360371828,0.3687695600092411,0.00018268259918841068,0.19006513394415378,4.473316651431876,33.35986565608705,7.989247311827957
921,dynamic_actor_adapt,-2631.8451504707336,1.0,0.2754638597369194,0.8909816533327103,0.7155008628964424,0.0,0.005406506768304115,3.6303521513938906,-0.0028507603252364787,1e-05,0.0,0.19179852455854415,0.24827629290521144,0.37147281765937806,0.00017524576596770203,0.1882771212607622,4.2995649421637925,33.75604392687765,8.048387096774194
922,dynamic_actor_adapt,-2566.7924066781998,1.0,0.27664437517523766,0.890845999121666,0.7165515303611756,0.0,0.000834379285697634,3.62310996055603,-0.002465430129086599,1e-05,0.0,0.1917907077819109,0.2478669211268425,0.37174226343631744,0.00018497541968827137,0.1884151365607977,4.455644381014765,33.17409669015532,7.693548387096774
923,dynamic_actor_adapt,-2698.5554279088974,1.0,0.2772208608686924,0.8901166155934334,0.71825413107872,0.0,0.007352429755701445,3.792749983072281,-0.0029372550401603804,1e-05,0.0,0.19505600407719612,0.24779186695814132,0.36815212592482566,0.0001739488056045957,0.18882605172693728,4.467117368617445,33.68434706169049,8.24731182795699
924,dynamic_actor_adapt,-2621.388882637024,1.0,0.27738649770617485,0.8904254838824273,0.7157838448882103,0.0,0.003415130662688137,3.7926163017749785,-0.003486694012826774,1e-05,0.0,0.19351222813129426,0.2486213207244873,0.3690209150314331,0.00018327230100112502,0.18866226337850095,4.512036222259977,33.65718616737861,7.935483870967743
925,dynamic_actor_adapt,-2658.1295228004456,1.0,0.27597764506936073,0.8908956751227379,0.7170445784926415,0.0,0.00473561034923482,3.5700499057769775,-0.0022582001765840687,1e-05,0.0,0.19221320897340774,0.2487952969968319,0.3712047375738621,0.00019328000853420236,0.1875934787094593,4.496570090794173,33.80227661465068,8.091397849462366
926,dynamic_actor_adapt,-2628.1343482136726,1.0,0.27719049602746965,0.8905326440930367,0.7163051754236222,0.0,0.006126041756215306,3.8784541487693787,-0.003143340603855904,1e-05,0.0,0.1936216030269861,0.24991500265896321,0.3681598179042339,0.000175176169432234,0.18812839724123478,4.410775170041139,33.86941503136294,7.962365591397849
927,dynamic_actor_adapt,-2675.4697881937027,1.0,0.27832027673721316,0.8896658942103386,0.7167118400335312,0.0,0.004948252217036491,3.584300231933594,-0.0029598381457617506,1e-05,0.0,0.19269191287457943,0.2483705695718527,0.36949178874492644,0.0001852919727753033,0.18926043957471847,4.634927128746117,33.44396342138112,8.161290322580646
928,dynamic_actor_adapt,-2559.018621325493,1.0,0.27523519918322564,0.8910551115870475,0.7154305890202522,0.0,0.0016402997254772067,3.4813061714172364,-0.003118731152062537,1e-05,0.0,0.19291733168065547,0.2489652991294861,0.3690640293061733,0.0001827472091463278,0.1888705924153328,4.274859430760826,33.494195885051234,7.682795698924731
929,dynamic_actor_adapt,-2676.699535191059,1.0,0.27857883274555206,0.889509205520153,0.7161276742815972,0.0,0.0026174097012699295,3.582487291097641,-0.002654559013899416,1e-05,0.0,0.1924061294645071,0.24816779904067515,0.37034313678741454,0.0001933872592417174,0.18888955228030682,4.52328484798051,34.297947413785764,8.188172043010752
930,dynamic_actor_adapt,-2768.7259568572044,1.0,0.2774196095764637,0.8899690195918083,0.7172055080533027,0.0,0.004339453024840623,3.621290236711502,-0.002795675975721679,1e-05,0.0,0.1936086617410183,0.2487793143838644,0.36818062514066696,0.0001861711800302146,0.18924522995948792,4.762080488632756,33.809829458309906,8.526881720430108
931,dynamic_actor_adapt,-2599.217443406582,1.0,0.27543131560087203,0.8913269191980362,0.7165821328759193,0.0,0.0007713371531281154,3.6926417887210845,-0.002543285950378049,1e-05,0.0,0.19344128146767617,0.2485843926668167,0.36856629252433776,0.00017554016849317123,0.18923249319195748,4.413638558940491,33.34236983679275,7.822580645161291
932,dynamic_actor_adapt,-2673.5566361546516,1.0,0.27592065259814264,0.8907542422413826,0.716297461092472,0.0,0.002430176536836387,3.5469432950019835,-0.0029659482795977967,1e-05,0.0,0.1938024301081896,0.24942581579089165,0.3676887072622776,0.00018805806339514675,0.1888949915766716,4.392434960486951,33.38251020537779,8.193548387096774
933,dynamic_actor_adapt,-2701.4134510159492,1.0,0.2755375951528549,0.891150276362896,0.7156400501728057,0.0,0.004452236370161705,3.6734780371189117,-0.0029571475912234745,1e-05,0.0,0.1921598684042692,0.24946078471839428,0.36987985521554945,0.00018734839468379506,0.18831214345991612,4.484178440871769,33.37399455303485,8.344086021505376
934,dynamic_actor_adapt,-2619.3022060990334,1.0,0.2744604699313641,0.8915978863835334,0.7175202131271362,0.0,0.0035973158461274357,3.636027854681015,-0.0032969306979794056,1e-05,0.0,0.19395358599722384,0.24900470301508904,0.3685488447546959,0.0001922882023791317,0.18830057717859744,4.735566715074987,33.41134205773544,7.919354838709677
935,dynamic_actor_adapt,-2621.1121497154236,1.0,0.2755024880170822,0.8910504013299942,0.7175785467028618,0.0,0.0030770509869397942,3.4720363199710844,-0.003057889204319508,1e-05,0.0,0.1932249054312706,0.24996507689356803,0.3691269963979721,0.00018881479827541624,0.18749420568346978,4.670669497305679,33.474936899438035,7.93010752688172
936,dynamic_actor_adapt,-2596.408151447773,1.0,0.2766353219747543,0.8904258966445923,0.7166900336742401,0.0,0.006399146739931893,3.588037145137787,-0.0033851744825369678,1e-05,0.0,0.1929086208343506,0.24708580672740937,0.3709430880844593,0.0001847956826168229,0.18887768685817719,4.792039745795985,33.25523062298817,7.849462365591398
937,dynamic_actor_adapt,-2682.2335663437843,1.0,0.27716737389564516,0.8898563608527184,0.7176182582974434,0.0,0.003452996349551546,3.761799418926239,-0.0032340696416213177,1e-05,0.0,0.1914159469306469,0.2487380299717188,0.37101513892412186,0.00018701800327107775,0.18864386081695556,4.506413185405681,32.902224872350565,8.182795698924732
938,dynamic_actor_adapt,-2683.46395111084,1.0,0.27422885671257974,0.8915372803807259,0.717592929303646,0.0,0.0022066372786866684,3.662348008155823,-0.00285443785978714,1e-05,0.0,0.19251325652003287,0.24874403923749924,0.3709713488817215,0.00017602286807232302,0.18759532757103442,4.422716721997917,33.51598053329902,8.204301075268818
939,dynamic_actor_adapt,-2675.6191447377205,1.0,0.2751374959945679,0.8908379808068275,0.7181458577513695,0.0,0.0010878931885599796,3.7329869389534,-0.002359338234509778,1e-05,0.0,0.1925895519554615,0.2485896296799183,0.3714386411011219,0.000176386099337833,0.18720579482614993,4.630751723067309,33.15609523838521,8.139784946236558
940,dynamic_actor_adapt,-2689.5915858745575,1.0,0.2750142373144627,0.8913613498210907,0.7153313413262368,0.0,0.0056498129830288065,3.4874631643295286,-0.0031479661782213954,1e-05,0.0,0.19117911197245122,0.24929033033549786,0.37002417221665385,0.0001992479243199341,0.18930713646113873,4.591117564632475,33.283170297933474,8.236559139784946
941,dynamic_actor_adapt,-2640.179627776146,1.0,0.2747217819094658,0.8908990040421486,0.7163516864180565,0.0,0.0025001968393553674,3.606718325614929,-0.002615276540018385,1e-05,0.0,0.19240190051496028,0.2493176396936178,0.3694117985665798,0.0001722955285003991,0.18869636356830596,4.601873549856118,33.685313238082124,8.080645161290324
942,dynamic_actor_adapt,-2659.4671161174774,1.0,0.2761004127562046,0.8908237025141716,0.7159558162093163,0.0,0.0036399513439391517,3.4955846071243286,-0.003203032307101239,1e-05,0.0,0.19207421280443668,0.2488107569515705,0.37122259885072706,0.00018147054161090636,0.18771095797419549,4.724905228309259,33.61341094466948,8.064516129032258
943,dynamic_actor_adapt,-2518.9840427041054,1.0,0.27593112289905547,0.8909186527132988,0.716036656498909,0.0,0.00257317044324733,3.696086746454239,-0.003929213757146499,1e-05,0.0,0.1923695657402277,0.2481512051075697,0.370599889010191,0.0001771500195900444,0.18870219327509402,4.794816446779993,33.228581199843575,7.516129032258065
944,dynamic_actor_adapt,-2596.6000242233276,1.0,0.27534371241927147,0.8912568479776383,0.7164424255490303,0.0,0.005803927143824716,3.44169362783432,-0.003173270061961375,1e-05,0.0,0.190391381457448,0.25030661188066006,0.36967611089348795,0.0001835349043176393,0.18944236636161804,4.586773589338241,33.203214295154034,7.85483870967742
945,dynamic_actor_adapt,-2572.040282011032,1.0,0.2761704668402672,0.8907946392893791,0.7173892065882683,0.0,0.006625273293138884,3.5117985367774964,-0.0023469725292670773,1e-05,0.0,0.19345535188913346,0.2479129411280155,0.36992477253079414,0.00017789162011467853,0.18852903917431832,4.5607847712737595,33.19350591401468,7.790322580645161
946,dynamic_actor_adapt,-2632.9364272356033,1.0,0.27626305893063546,0.8907312735915184,0.7182084783911705,0.0,0.0036937411581675185,3.595190054178238,-0.0024388009449467065,1e-05,0.0,0.19364949241280555,0.24955767020583153,0.3693442985415459,0.00018588978909974684,0.18726263977587224,4.688832017574242,32.989811769289325,7.994623655913978
947,dynamic_actor_adapt,-2664.1876723766327,1.0,0.27497422248125075,0.8913626804947853,0.7183763399720192,0.0,0.0006604040465390704,3.8124498188495637,-0.003012908692471683,1e-05,0.0,0.19397969506680965,0.249505278095603,0.36909064650535583,0.000179950330129941,0.18724442198872565,4.774982181169197,33.37845825575269,8.0752688172043
948,dynamic_actor_adapt,-2720.254436790943,1.0,0.2779529668390751,0.8897588521242141,0.715455700457096,0.0,0.005198404706607091,3.675147867202759,-0.0029267923957377205,1e-05,0.0,0.1932320088148117,0.24783477745950222,0.3689096324145794,0.00018338667905481998,0.18984018936753272,4.421461286068669,33.141191096474564,8.39247311827957
949,dynamic_actor_adapt,-2636.0280992388725,1.0,0.2762446917593479,0.8907714769244194,0.7152007415890693,0.0,0.005840546134095315,3.703288286924362,-0.0031876849565378508,1e-05,0.0,0.1910295933485031,0.24945987574756145,0.3702048145234585,0.00017792441703932128,0.1891278013586998,4.668271927913438,33.01546443473469,8.048387096774194
950,dynamic_actor_adapt,-2553.1499240994453,1.0,0.2767094075679779,0.8906422615051269,0.7175335541367531,0.0,0.0036247552137865734,3.542926126718521,-0.002802719933970366,1e-05,0.0,0.19149482101202012,0.24781291149556636,0.3715466931462288,0.00018319204718864057,0.18896238431334494,4.799546708288744,33.2472573409137,7.677419354838709
951,dynamic_actor_adapt,-2635.1364807486534,1.0,0.27481349781155584,0.8911313354969025,0.7165314584970475,0.0,0.002422082194789249,3.6726613700389863,-0.0030199422893929296,1e-05,0.0,0.19261048175394535,0.2470049351453781,0.3711436286568642,0.00018472067695256554,0.18905623629689217,4.911083111390314,33.19084071602034,8.016129032258064
952,dynamic_actor_adapt,-2697.217329084873,1.0,0.2758376680314541,0.8904816076159477,0.7166595071554184,0.0,0.006158670137847377,3.5947384178638457,-0.0028314760576904517,1e-05,0.0,0.19129810258746147,0.24880387410521507,0.3724240228533745,0.00017356258758809416,0.18730043657124043,4.702976416381034,32.88261965964641,8.236559139784946
953,dynamic_actor_adapt,-2683.501682460308,1.0,0.2765702731907368,0.8901064023375511,0.7183651506900788,0.0,0.0034168373969805654,3.6035907328128816,-0.0030063817409427427,1e-05,0.0,0.19249109774827958,0.24709545597434043,0.3726083017885685,0.00018399379059701458,0.18762115053832532,4.529955285008943,33.11326449262814,8.172043010752688
954,dynamic_actor_adapt,-2613.7497975826263,1.0,0.2747177630662918,0.8911029130220414,0.7169877350330353,0.0,0.008462465561569826,3.5587637603282927,-0.003199119169585174,1e-05,0.0,0.19287828654050826,0.24980012327432632,0.3683813787996769,0.00017968325009860565,0.18876052647829056,4.668303548300361,33.30762354976219,7.962365591397849
955,dynamic_actor_adapt,-2612.320224940777,1.0,0.2754270523786545,0.8916964888572693,0.7165839597582817,0.0,0.00647386836753866,3.7464215755462646,-0.0028923243557073875,1e-05,0.0,0.19157957956194877,0.24858499132096767,0.3716155491769314,0.00018244930543005468,0.18803743347525598,4.8111222169518175,33.274689069587524,7.876344086021506
956,dynamic_actor_adapt,-2673.8552929759026,1.0,0.27566504031419753,0.8910238221287727,0.7154146179556846,0.0,0.00143464019711248,3.7791748642921448,-0.003029640659224242,1e-05,0.0,0.19179842844605446,0.24884808883070947,0.37090186551213267,0.00017881194871733898,0.1882728062570095,4.823278841740473,33.420801158331706,8.172043010752688
957,dynamic_actor_adapt,-2620.319017827511,1.0,0.275582517683506,0.8913523927330971,0.7166464626789093,0.0,0.003319864383774984,3.7569043934345245,-0.0033862484820360804,1e-05,0.0,0.19260883927345276,0.24969761036336421,0.3697773411870003,0.00017342216251563513,0.18774278834462166,4.656478270963444,33.68219630257279,7.919354838709677
958,dynamic_actor_adapt,-2606.225898683071,1.0,0.2751954153180122,0.891009396314621,0.7193870261311531,0.0,0.005635330822587964,3.691558575630188,-0.0030203404545318334,1e-05,0.0,0.19425155222415924,0.24688293263316155,0.37053227722644805,0.00017043522821040823,0.1881628055125475,4.8473056177438325,33.32086709723945,7.892473118279569
959,dynamic_actor_adapt,-2671.6083072423935,1.0,0.27529513239860537,0.8911095902323722,0.7160234481096268,0.0,0.006836820603348298,3.6238722026348116,-0.00314173048682278,1e-05,0.0,0.19167668372392654,0.24846456423401833,0.3696891665458679,0.00017000363004626706,0.18999958373606204,4.598110347085535,33.228519290531786,8.112903225806452
960,dynamic_actor_adapt,-2632.908434689045,1.0,0.27447582930326464,0.8917991012334824,0.7168644219636917,0.0,0.005156373643330869,3.567238140106201,-0.002922001100705529,1e-05,0.0,0.19401377961039543,0.24870565459132193,0.36767626479268073,0.00016699094958312345,0.189437310770154,4.932983321797305,33.393505936595425,7.983870967741935
961,dynamic_actor_adapt,-2696.882258117199,1.0,0.2753158688545227,0.8914564341306687,0.7145186424255371,0.0,0.006678811392703238,3.6002884984016417,-0.00302627002747613,1e-05,0.0,0.19067437388002872,0.24877315424382687,0.37031845301389693,0.00017523047863505782,0.19005878902971746,4.774293469272515,33.75011082943051,8.193548387096774
962,dynamic_actor_adapt,-2603.586301982403,1.0,0.27633493691682814,0.8903590723872185,0.7181480422616004,0.0,0.006687242046973569,3.595914214849472,-0.003464517926386179,1e-05,0.0,0.19400004670023918,0.24768886901438236,0.3702566511929035,0.00019317918158776593,0.18786125555634497,5.048888875107577,33.768860377694345,7.774193548387097
963,dynamic_actor_adapt,-2614.2269015312195,1.0,0.2727231323719025,0.8925432592630387,0.7163401797413826,0.0,0.004883699516722129,3.754479306936264,-0.002957042502657714,1e-05,0.0,0.19157263673841954,0.24908464252948762,0.3707394152879715,0.00017873657852760517,0.18842456489801407,4.758302442113284,33.64282674156551,7.908602150537634
964,dynamic_actor_adapt,-2658.5800745487213,1.0,0.2762808322906494,0.8908820599317551,0.7139819875359535,0.0,0.0051199907786213085,3.680323004722595,-0.0034710109699517488,1e-05,0.0,0.1904158007353544,0.24833538495004176,0.3700855128467083,0.0001905202654597815,0.19097277596592904,4.809255025448519,33.52334924770561,8.043010752688172
965,dynamic_actor_adapt,-2637.3150756955147,1.0,0.2785700440406799,0.8895856201648712,0.7167175143957139,0.0,0.007786277531340624,3.6043909013271334,-0.0034551308606751265,1e-05,0.0,0.1943066492676735,0.2483125202357769,0.3689950667321682,0.00019281526656413916,0.18819295279681683,4.706835791889698,33.75519347297137,7.962365591397849
966,dynamic_actor_adapt,-2655.027045726776,1.0,0.27578997015953066,0.8910467505455018,0.7164847657084465,0.0,0.004905588372639635,3.6335498452186585,-0.0033447203975811137,1e-05,0.0,0.19193629547953606,0.24883500300347805,0.37092537581920626,0.00017824397327785845,0.18812508136034012,4.652310880292744,33.66586840857452,8.064516129032258
967,dynamic_actor_adapt,-2635.499599456787,1.0,0.2761081472039223,0.8908065170049667,0.715688906610012,0.0,0.004583833782635371,3.6863330245018004,-0.003208641608216567,1e-05,0.0,0.19294787384569645,0.25011057034134865,0.36884843558073044,0.0001830120158047066,0.1879101015627384,4.8565707949761165,33.886860142928974,7.940860215053763
968,dynamic_actor_adapt,-2639.382695913315,1.0,0.27565012201666833,0.8910980626940728,0.7173349559307098,0.0,0.003909728204780527,3.5835584342479705,-0.003031987402937375,1e-05,0.0,0.19259401075541974,0.24850957356393338,0.3701325826346874,0.00018695550934353378,0.18857687935233117,4.99766072268567,33.6647416344127,8.00537634408602
969,dynamic_actor_adapt,-2611.127830028534,1.0,0.27713649719953537,0.8902490317821503,0.7162370443344116,0.0,0.0019833370815831473,3.6600957334041597,-0.003252176442038035,1e-05,0.0,0.1924878515303135,0.2492967788130045,0.36925112679600713,0.00018290353382326429,0.18878134414553643,4.709479012295104,33.12184296715626,7.849462365591398
970,dynamic_actor_adapt,-2591.2952211499214,1.0,0.27676848843693735,0.8905056238174438,0.7153592735528946,0.0,0.0046866559241606764,3.579584854841232,-0.002505675756401615,1e-05,0.0,0.19400143288075924,0.24820019565522672,0.36800568625330926,0.0001815973721022601,0.18961108885705472,4.793525442577027,33.39666848712494,7.817204301075269
971,dynamic_actor_adapt,-2659.8986911177635,1.0,0.27459547072649004,0.8915711656212807,0.7155546918511391,0.0,0.008287357527842671,3.7024317562580107,-0.0029146762786695034,1e-05,0.0,0.19022994823753833,0.2498479399830103,0.370501621812582,0.00018066084521706216,0.18923983238637448,4.727968612927088,33.562835543902004,8.064516129032258
972,dynamic_actor_adapt,-2648.3766635656357,1.0,0.27866232991218565,0.889453786611557,0.7167754858732224,0.0,0.00885176681240411,3.7206456422805787,-0.003122767704917351,1e-05,0.0,0.19465121924877166,0.24976095594465733,0.3683244541287422,0.0001852700004747021,0.1870780974626541,4.868154345009089,33.63277002795761,8.032258064516128
973,dynamic_actor_adapt,-2649.301417052746,1.0,0.27703836783766744,0.8901711434125901,0.715520741045475,0.0,0.005641619428570288,3.615309143066406,-0.0032285924724419603,1e-05,0.0,0.1927335973829031,0.24970535933971405,0.3711452648043633,0.00018263143738295184,0.18623314574360847,4.909104939354961,33.758683034538336,8.016129032258064
974,dynamic_actor_adapt,-2653.702640712261,1.0,0.2758381560444832,0.8906898751854897,0.7175342172384263,0.0,0.005183421953006423,3.624486726522446,-0.002992769978823162,1e-05,0.0,0.19233698286116124,0.24751026183366776,0.3717802599072456,0.00018559913623903413,0.1881868928670883,4.926290525695485,33.43615987056808,8.053763440860214
975,dynamic_actor_adapt,-2585.8759931325912,1.0,0.275573855638504,0.8912539198994637,0.7172639384865761,0.0,0.005028473735001216,3.7365806877613066,-0.003397780636441894,1e-05,0.0,0.19212160296738148,0.2498866207897663,0.3719181425869465,0.0001700336066278396,0.1859036061912775,5.085785605738683,33.9707755423528,7.725806451612903
976,dynamic_actor_adapt,-2599.2088399529457,1.0,0.27730125561356544,0.8897491857409477,0.7188055276870727,0.0,0.0070581737836619305,3.587879550457001,-0.0027062787499744444,1e-05,0.0,0.19320634864270686,0.24871261715888976,0.369563053548336,0.00017799752531573177,0.18833997771143912,5.32739780544568,33.66326542795966,7.725806451612903
977,dynamic_actor_adapt,-2597.301541686058,1.0,0.27653465420007706,0.891012616455555,0.7185307621955872,0.0,0.0026084697361512255,3.698418474197388,-0.003483074514224427,1e-05,0.0,0.1933521915227175,0.2487141977995634,0.3707169383764267,0.00018092621103278362,0.18703574500977993,5.06362455883432,33.927142811401595,7.817204301075269
978,dynamic_actor_adapt,-2662.6074201464653,1.0,0.27494375333189963,0.8909752294421196,0.7157387048006058,0.0,0.004090198418634816,3.6714647829532625,-0.0034074092924129217,1e-05,0.0,0.19141037091612817,0.24861724860966206,0.37140287160873414,0.00017459888877056074,0.18839491307735443,5.372679910666723,33.64476315587086,8.053763440860214
979,dynamic_actor_adapt,-2662.7457639575005,1.0,0.2776292309165001,0.8899440720677376,0.717631357908249,0.0,0.0071581098363822145,3.4865455746650698,-0.003082544744529514,1e-05,0.0,0.19401431009173392,0.249586346372962,0.3684522271156311,0.00018061664086417296,0.1877665024250746,5.059201533983445,33.91762951615608,8.10752688172043
980,dynamic_actor_adapt,-2545.1052738428116,1.0,0.2761884890496731,0.8910085007548332,0.7175329118967056,0.0,0.005988603044534113,3.6809042096138,-0.0033388202315109083,1e-05,0.0,0.1921289622783661,0.24847739152610301,0.36996840983629226,0.0001865200676547829,0.1892387166619301,5.297141997366905,33.461495466610515,7.473118279569893
981,dynamic_actor_adapt,-2662.059123814106,1.0,0.27430916056036947,0.8916357636451722,0.7179512411355973,0.0,0.0067818502973751305,3.6704595029354095,-0.00332939148938749,1e-05,0.0,0.19268869683146478,0.24924131333827973,0.37203503921628,0.00018715998721745563,0.1858477920293808,5.118892704860076,34.04442694597364,8.048387096774194
982,dynamic_actor_adapt,-2581.874547660351,1.0,0.2782242275774479,0.8892366155982018,0.7166238963603974,0.0,0.0035967436755527217,3.52110213637352,-0.0028672704713244455,1e-05,0.0,0.19146821647882462,0.2508386790752411,0.37223604768514634,0.0001851504588557873,0.1852719124406576,5.130672051957368,33.71768979724167,7.725806451612903
983,dynamic_actor_adapt,-2639.9296750426292,1.0,0.27692932039499285,0.8907425478100777,0.7154633596539497,0.0,0.011755543159233644,3.6724098920822144,-0.0035187069122912364,1e-05,0.0,0.19285397566854953,0.2478207889944315,0.3693761616945267,0.00018721795204328372,0.18976185284554958,5.124372868309444,34.0534722350985,7.978494623655914
984,dynamic_actor_adapt,-2641.9881398677826,1.0,0.27691190242767333,0.8903444319963455,0.715884667634964,0.0,0.005016196796714162,3.6818317651748655,-0.0031739038837258703,1e-05,0.0,0.19156597256660463,0.2490110132843256,0.3706937499344349,0.0001875028417998692,0.1885417565703392,5.009300881265886,33.94267274177606,8.0
985,dynamic_actor_adapt,-2645.9063745737076,1.0,0.2748785220086575,0.8908962726593017,0.7158640831708908,0.0,0.001998523136717295,3.820874547958374,-0.0030946850136388095,1e-05,0.0,0.1908453281968832,0.24875869266688824,0.37081281244754793,0.00016120799373311456,0.18942195735871792,5.0930073081948235,34.14858990906019,8.010752688172044
986,dynamic_actor_adapt,-2612.0639939904213,1.0,0.276150107383728,0.8904978066682816,0.7174319788813591,0.0,0.0066264175093238235,3.524416846036911,-0.0034126690348784904,1e-05,0.0,0.19390341825783253,0.24726260006427764,0.3689956933259964,0.0001870317275461275,0.18965124934911728,4.966041638395975,33.58857102553417,7.795698924731183
987,dynamic_actor_adapt,-2582.250318109989,1.0,0.27360589876770974,0.8918730020523071,0.717697124183178,0.0,0.002991238940740082,3.7410762429237367,-0.0030506021153996698,1e-05,0.0,0.1938730340451002,0.24875822328031064,0.367904844135046,0.00018065146359731444,0.18928324729204177,4.876266255255058,33.86594214719437,7.720430107526882
988,dynamic_actor_adapt,-2665.1146737337112,1.0,0.2758640818297863,0.8910312041640281,0.717671312391758,0.0,0.006864704116560483,3.6990317165851594,-0.003077360112979477,1e-05,0.0,0.19243906401097774,0.24960043095052242,0.37049498930573466,0.00017541527067805874,0.18729010224342346,5.181661576232644,33.5212977745796,8.080645161290324
989,dynamic_actor_adapt,-2640.8647751808167,1.0,0.2771869160234928,0.8901356294751167,0.7158448815345764,0.0,0.0035921056742154235,3.543615090847015,-0.003481570400617784,1e-05,0.0,0.192679138854146,0.24928321056067942,0.36901615709066393,0.0001819100336433621,0.1888395857065916,5.314929882731846,33.94278630136184,7.956989247311828
990,dynamic_actor_adapt,-2741.59395557642,1.0,0.2763784632086754,0.8905927449464798,0.7177300199866294,0.0,0.005405886674088795,3.5153241991996764,-0.003869589885653113,1e-05,0.0,0.1932806894183159,0.24738730825483798,0.37111754789948465,0.00017816479648899986,0.1880362879484892,5.330997929587979,33.744590953682206,8.365591397849462
991,dynamic_actor_adapt,-2565.0059445500374,1.0,0.2755319558084011,0.8910309210419655,0.717303965985775,0.0,0.003919032387602833,3.5460987389087677,-0.0033372390491422264,1e-05,0.0,0.19256294146180153,0.24933783896267414,0.37022428810596464,0.00018714962316153106,0.18768777884542942,5.125164657321269,33.66439964134021,7.672043010752688
992,dynamic_actor_adapt,-2576.6849111914635,1.0,0.2763883382081985,0.890712109208107,0.7163217380642891,0.0,0.004337338632103666,3.8215204775333405,-0.003406085786809854,1e-05,0.0,0.19222413785755635,0.24750871770083904,0.3708998054265976,0.00018640652633621356,0.1891809321939945,5.038222990023409,33.7903257673465,7.704301075268817
993,dynamic_actor_adapt,-2598.5130118131638,1.0,0.2749799698591232,0.8915888607501984,0.7172853574156761,0.0,0.0017676039318757996,3.5179195046424865,-0.002439008405781351,1e-05,0.0,0.19244916252791883,0.24673632010817528,0.37078839987516404,0.00019486206911096816,0.18983125276863574,5.02327823995958,33.82426849695824,7.811827956989248
994,dynamic_actor_adapt,-2549.9020725488663,1.0,0.27956598103046415,0.8891499072313309,0.7159771502017975,0.0,0.006288743876939412,3.68702318072319,-0.0025448906249948776,1e-05,0.0,0.1934132855385542,0.2489165686070919,0.36834606528282166,0.00018621667513798456,0.1891378603875637,4.906779860667916,33.8155253554802,7.591397849462365
995,dynamic_actor_adapt,-2642.5520699620247,1.0,0.27767088934779166,0.8899397000670433,0.7169161170721055,0.0,0.0037087236752995356,3.5140736281871794,-0.0031628284850739874,1e-05,0.0,0.1926879771053791,0.24927415885031223,0.36984283924102784,0.00018237317781313322,0.1880126528441906,4.938602036881777,34.28080098764207,7.994623655913978
996,dynamic_actor_adapt,-2571.6352632641792,1.0,0.2750362455844879,0.891343466937542,0.7172971591353416,0.0,0.0020426615797987215,3.551748126745224,-0.004240462399320677,1e-05,0.0,0.1919571615755558,0.24985451027750968,0.36955593153834343,0.00017876339898066363,0.1884536299854517,4.694347299755311,33.73363685427576,7.639784946236559
997,dynamic_actor_adapt,-2670.6660793423653,1.0,0.2769989915192127,0.8902150765061378,0.7151442676782608,0.0,0.002063281299160724,3.8538644909858704,-0.002948179502709536,1e-05,0.0,0.1918142016977072,0.24928657710552216,0.36923518776893616,0.00018703747882682366,0.18947700038552284,4.750155512727218,33.32853509907808,8.080645161290324
998,dynamic_actor_adapt,-2600.993076622486,1.0,0.27516195699572565,0.8914020612835885,0.7184877321124077,0.0,0.005674275853561994,3.7256108939647676,-0.0032078358563921937,1e-05,0.0,0.19254908449947833,0.24963164553046227,0.3709923714399338,0.00017867484948510536,0.18664822205901146,4.654380016339454,33.67038854314647,7.833333333333334
999,dynamic_actor_adapt,-2568.058504462242,1.0,0.2762041173875332,0.8905700728297233,0.7176434159278869,0.0,0.004204156815103571,3.6726370453834534,-0.002729591662449593,1e-05,0.0,0.19371355175971985,0.24769488647580146,0.37082710340619085,0.00017862362019513967,0.18758583329617978,5.050565626352976,33.67356746373255,7.661290322580645
1000,dynamic_actor_adapt,-2598.1442222595215,1.0,0.275954532623291,0.890514712035656,0.7169239684939385,0.0,0.002311395837205049,3.5260663986206056,-0.0032111728024574403,1e-05,0.0,0.19329158440232277,0.2477207262068987,0.37009337171912193,0.0001833238024119055,0.18871099017560483,4.94268417698506,33.43028915088127,7.774193548387097
