episode,phase,episode_reward_sum,router_alpha,gate_entropy,gate_max,gate_static_weight,gate_balance_loss,expert_usage_l1_delta,actor_grad_norm,policy_loss,lr_experts,lr_router,expert_0_mean,expert_1_mean,expert_2_mean,expert_3_mean,expert_4_mean,primary/load_tracking/nmbe_pct,primary/load_tracking/cv_rmse_pct,primary/thermal_comfort/portfolio_exceedance_pct
1,router_only,-28493.58291631937,0.5,1.224378165602684,0.6015240967273712,0.6015240967273712,0.0033181891834829003,0.0,0.08303774548694491,-0.0004407389758853242,0.0,0.0001,0.21911867149174213,0.20186842679977418,0.30316953286528586,0.13337560705840587,0.14246776588261129,-0.5834803561269655,35.50292658200742,23.112903225806452
2,router_only,-27859.876167953014,0.503333330154419,1.217185440659523,0.6035791963338852,0.6035791963338852,0.0029257944552227855,0.03986430503427983,0.08635906334966421,-0.0002395888019236736,0.0,0.0001,0.2139378122985363,0.20728556327521802,0.31209625080227854,0.11862431354820728,0.1480560638010502,0.007904414418099637,35.28049386986349,22.704301075268816
3,router_only,-26287.30211853981,0.5066666603088379,1.1974040001630784,0.6094463303685188,0.6094463303685188,0.002326377830468118,0.051093652844428974,0.09393671974539756,-0.0008045832342759241,0.0,0.0001,0.20403681211173536,0.21520157232880593,0.3297270677983761,0.10405528508126735,0.14697926566004754,0.15696474425437534,35.188842298831204,21.483870967741936
4,router_only,-25563.62072455883,0.5099999904632568,1.1655136674642563,0.617194989323616,0.617194989323616,0.001686274612438865,0.07146051283925778,0.10540159419178963,-0.0015089076565345748,0.0,0.0001,0.1927918653935194,0.22675682790577412,0.3539020657539368,0.09076945539563894,0.13577978275716304,0.16436928866179204,34.447225751346124,20.768817204301076
5,router_only,-25027.77285718918,0.5133333206176758,1.12592611014843,0.6265495538711547,0.6265495538711547,0.0013175714673707261,0.06024395339190956,0.1168564347550273,-0.0016129425261169673,0.0,0.0001,0.1826485749334097,0.22540898732841014,0.3840240493416786,0.08116578944027424,0.12675260994583368,0.5873420322072354,34.24511187919307,20.56989247311828
6,router_only,-23541.455719947815,0.5166666507720947,1.092063418030739,0.6343722745776177,0.6343722745776177,0.0013103590375976638,0.047319554537534725,0.10354358367621899,-0.0012469463094021195,0.0,0.0001,0.17706409022212027,0.2165085978806019,0.40768382474780085,0.07261849120259285,0.12612500321120024,1.1457937894174814,34.500551324370235,19.63440860215054
7,router_only,-23553.563882648945,0.5199999809265137,1.0291667520999908,0.6480946198105813,0.6480946198105813,0.0018603199103381484,0.08152159648016095,0.11423743646591902,-0.0017045450811565388,0.0,0.0001,0.1684641234576702,0.20290053226053714,0.4484446205198765,0.06456999992951751,0.1156207261607051,1.3365929898223252,33.82987006723345,19.537634408602152
8,router_only,-22139.259218931198,0.5233333110809326,0.9788022294640542,0.6562252819538117,0.6562252819538117,0.002794231430743821,0.06583430562168355,0.11706801652908325,-0.0017546495189890265,0.0,0.0001,0.1632370635867119,0.1896260656416416,0.48136177510023115,0.06019230438396335,0.1055827971547842,1.4305309521827956,33.63329468925707,18.413978494623656
9,router_only,-22548.379095435143,0.5266666412353516,0.9162923336029053,0.6641744241118431,0.6641744241118431,0.004539150139316916,0.07373675620183348,0.09605756420642138,-0.0016084794900962152,0.0,0.0001,0.15599911026656627,0.1737795054912567,0.5182301521301269,0.05610651578754187,0.09588472004979849,1.4253927218333562,33.10676840432084,18.564516129032256
10,router_only,-21385.29939496517,0.5299999713897705,0.8734505772590637,0.6676344335079193,0.6676344335079193,0.006042637303471566,0.0472292364574969,0.09389921631664037,-0.001300013247600873,0.0,0.0001,0.15114955976605415,0.1628838524222374,0.5418447703123093,0.05403935955837369,0.09008246157318353,1.4658132022634418,33.08605312793183,17.973118279569892
11,router_only,-21440.732413709164,0.5333333611488342,0.8264385893940925,0.6733180165290833,0.6733180165290833,0.007763713470194489,0.04451550608500836,0.10116915293037891,-0.0016136212492710912,0.0,0.0001,0.14642657600343228,0.15306015610694884,0.5641025215387344,0.05211985502392054,0.08429089132696391,1.9975502538082626,33.495624052158924,17.903225806451616
12,router_only,-21689.36301702261,0.5366666913032532,0.8073738530278206,0.6748086169362069,0.6748086035251617,0.008503723633475601,0.01660178545862437,0.09440034795552492,-0.0016159956834599144,0.0,0.0001,0.14284327812492847,0.15012051165103912,0.5724034145474434,0.05091382078826427,0.08371897544711829,1.8174428396854188,33.17664355109985,18.182795698924732
13,router_only,-21580.90957927704,0.5400000214576721,0.7921150356531144,0.6752078458666801,0.6752066344022751,0.009036547201685608,0.012189291696995543,0.09428603984415532,-0.001330855127889663,0.0,0.0001,0.13995532505214214,0.15045586414635181,0.5781627088785172,0.049214130360633136,0.08221197407692671,1.6941789004973598,33.37090633339888,18.026881720430108
14,router_only,-20502.860039711,0.5433333516120911,0.7558348566293717,0.6751094698905945,0.6750594958662987,0.010753630916588009,0.03722782572731371,0.09581994265317917,-0.001818326702050399,0.0,0.0001,0.13603673614561557,0.14510054253041743,0.5967766240239143,0.04709606245160103,0.07499004192650319,1.7516547128395892,32.70803858772527,17.155913978494624
15,router_only,-20985.010185539722,0.54666668176651,0.7363617688417434,0.6757200360298157,0.6755072221159935,0.011739639844745398,0.020178376603871596,0.08114400152117014,-0.00163849488235428,0.0,0.0001,0.13497162014245986,0.13937297984957694,0.606865806877613,0.04627820299938321,0.07251138631254435,2.010939537695622,32.822896969465226,17.559139784946236
16,router_only,-20657.683242619038,0.550000011920929,0.725676229596138,0.675214996933937,0.674619023501873,0.012356626335531473,0.01212759306654336,0.08704652041196823,-0.0017439651310269255,0.0,0.0001,0.13286631219089032,0.1360438633710146,0.6120631784200669,0.045648836158216,0.07337781656533479,1.9934555425228733,33.13926464255268,17.231182795698924
17,router_only,-20905.72257322073,0.5533333420753479,0.7161139607429504,0.6727702409029007,0.6709571853280067,0.013168224482797086,0.016735956352204116,0.08663613628596067,-0.0013935627895989456,0.0,0.0001,0.12967095375061036,0.13198695853352546,0.6185252025723458,0.04453311627730727,0.07528376560658216,1.9916945350274564,32.64316652866305,17.532258064516128
18,router_only,-20236.76738035679,0.5566666722297668,0.7196770921349526,0.6717185735702514,0.6695628255605698,0.013083490682765842,0.004752130247652607,0.08302436964586377,-0.0016510003933944972,0.0,0.0001,0.12907911725342275,0.13291880898177624,0.6174577534198761,0.04381634471938014,0.07672798819839954,2.162879486516804,32.281218978915874,17.026881720430108
19,router_only,-21155.21749818325,0.5600000023841858,0.6989843741059303,0.6727893695235252,0.6680394768714905,0.014403958222828805,0.022985995281487766,0.08878403175622225,-0.0016664085327647627,0.0,0.0001,0.1261305794119835,0.12823041640222071,0.628950746357441,0.04245070554316044,0.07423755545169115,1.8811821529344166,33.16355824927478,17.682795698924732
20,router_only,-20776.62871646881,0.5633333325386047,0.7001350045204162,0.672063173353672,0.6664897382259369,0.01455327628646046,0.0031600297428667767,0.08437609355896711,-0.0013580028833530377,0.0,0.0001,0.12587961927056313,0.12832442633807659,0.6304367497563362,0.04187805792316794,0.07348114680498838,2.168303776972684,32.53309039880739,17.526881720430108
21,router_only,-21037.7824665308,0.5666666626930237,0.7043833181262016,0.669575372338295,0.6626295909285546,0.014566839393228292,0.008326095528900582,0.08034554105252027,-0.0013938503274403048,0.0,0.0001,0.12429102454334498,0.13215386793017386,0.630770355463028,0.04121207306161523,0.07157267816364765,1.884569833509888,32.75730264206252,17.618279569892472
22,router_only,-21354.70343065262,0.5699999928474426,0.6993118360638618,0.6699902832508087,0.6607795104384422,0.014981498871929944,0.009212567470967811,0.08185402061790228,-0.0013839330844348297,0.0,0.0001,0.12264153845608235,0.13307529427111148,0.6344552144408226,0.04067016737535596,0.06915778778493405,1.76645462918758,33.23676492694737,17.86021505376344
23,router_only,-20564.16414731741,0.5733333230018616,0.6916123047471047,0.6718807056546211,0.6592693001031875,0.015468438202515245,0.009062107373028983,0.08167631402611733,-0.0019436408721958287,0.0,0.0001,0.12272595483809709,0.13090647719800472,0.6389018476009369,0.04043148085474968,0.06703423354774714,1.9535752989210997,32.807234445280656,17.258064516129032
24,router_only,-21857.223256349564,0.5766666531562805,0.6945058852434158,0.6724567532539367,0.6593527242541313,0.01505046570673585,0.010024182870984132,0.08519561402499676,-0.0018039609232801013,0.0,0.0001,0.1230356052517891,0.13543135076761245,0.6358198150992393,0.040609048772603275,0.06510417507961393,2.0317849154207392,32.38259292470258,18.456989247311828
25,router_only,-20542.99975067377,0.5799999833106995,0.6895817577838897,0.6739812403917312,0.6590984165668488,0.015078874910250306,0.013037971407175102,0.0867688700556755,-0.0015204133131192065,0.0,0.0001,0.1216868894174695,0.14122173376381397,0.6365484237670899,0.04018010441213846,0.060362855531275274,2.157287694791485,32.38579572508073,17.349462365591396
26,router_only,-21379.82187050581,0.5833333134651184,0.6897377833724022,0.674013864994049,0.6568851992487907,0.01509685181081295,0.009670247416943362,0.08568232525140047,-0.001430683460785076,0.0,0.0001,0.11962534133344889,0.14605685286223888,0.6365471825003624,0.03944048490375281,0.058330136071890595,1.8506223029291287,32.6304922179451,18.043010752688172
27,router_only,-21028.014479398727,0.5866666436195374,0.687038779258728,0.6758649706840515,0.658352954685688,0.01496199199464172,0.00852460032328961,0.08740604417398572,-0.0012068694577465067,0.0,0.0001,0.11835132911801338,0.1503191564232111,0.6352073758840561,0.03878655955195427,0.05733558349311352,1.7575832916797942,32.50644420168643,17.623655913978496
28,router_only,-20973.284652531147,0.5899999737739563,0.6983837813138962,0.6756510034203529,0.659990879893303,0.013957639620639384,0.01755373617634176,0.08793931640684605,-0.0016518873009772506,0.0,0.0001,0.1199981788173318,0.1559177614748478,0.6264305040240288,0.038960271049290895,0.05869328156113625,2.2171320837838815,32.43006700097086,17.537634408602152
29,router_only,-20433.01976364851,0.5933333039283752,0.6967297345399857,0.6777851685881615,0.6602926939725876,0.014053110219538211,0.004753449745476188,0.08217163998633623,-0.0012065919368978938,0.0,0.0001,0.12050575986504555,0.15382884852588177,0.6274063259363174,0.03867246881127358,0.059586613159626725,2.0549859241020174,32.40541585358624,17.17741935483871
30,router_only,-20170.72950333357,0.596666693687439,0.7021709516644478,0.6791473671793937,0.6602268859744072,0.013770325598306954,0.0076109404675662184,0.08996772412210703,-0.0017852514254627749,0.0,0.0001,0.11997044775635005,0.15589481368660926,0.6244899839162826,0.03831864343956113,0.06132610896602273,2.1096357367502443,32.126232547052034,17.091397849462368
31,router_only,-20909.973860383034,0.6000000238418579,0.7044186621904374,0.6797430038452148,0.6615837499499321,0.013541195052675902,0.005792535003274625,0.09132875632494689,-0.0010112475745700066,0.0,0.0001,0.11995479874312878,0.15730102844536303,0.6222207263112068,0.03770728586241603,0.06281616501510143,2.410735988800037,33.09994380796065,17.607526881720432
32,router_only,-20502.7405154109,0.6033333539962769,0.7055488988757134,0.6815305858850479,0.6621541008353233,0.01326714172028005,0.0102646124549211,0.09224267024546862,-0.0013001169201743324,0.0,0.0001,0.11835515461862087,0.16188412345945835,0.6190466105937957,0.03734873495995998,0.06336537171155214,2.107341296901081,32.542407136707524,17.193548387096776
33,router_only,-20589.51368510723,0.6066666841506958,0.7030452996492386,0.6861431449651718,0.6643863677978515,0.012864447734318673,0.014016656298190273,0.09530289229005576,-0.0016696812555892393,0.0,0.0001,0.1165188292041421,0.1687540628015995,0.6144326493144036,0.03748712791129947,0.06280733440071344,2.2527784311837116,32.394281144753165,17.290322580645164
34,router_only,-20149.770678818226,0.6100000143051147,0.6961357712745666,0.6915395960211754,0.6686819478869438,0.012594586773775517,0.01584517620503905,0.09526805691421032,-0.0023052565105899704,0.0,0.0001,0.11534334756433964,0.17667665295302867,0.6111801490187645,0.03674209890887141,0.060057759284973145,2.4756157001639334,33.068499096397225,16.85483870967742
35,router_only,-20271.718724489212,0.6133333444595337,0.6951007515192031,0.6951310887932778,0.6714587479829788,0.012262129271402956,0.007114361319690954,0.09018788374960422,-0.001600981494266307,0.0,0.0001,0.11546952240169048,0.1791272908449173,0.6076537877321243,0.03671127520501614,0.06103812288492918,1.9751717362474164,32.58308570676482,17.06989247311828
36,router_only,-20108.84585148096,0.6166666746139526,0.6973972529172897,0.697434738278389,0.6732642710208893,0.011847482295706868,0.009253143984824366,0.09005346978083253,-0.0012901604859507643,0.0,0.0001,0.11615822929888964,0.1810612015426159,0.6033335134387017,0.03640498174354434,0.06304208151996135,2.1839702181741565,32.590101742924574,16.741935483870968
37,router_only,-20097.270873129368,0.6200000047683716,0.6961345359683037,0.6988116547465324,0.6752240508794785,0.011731773591600358,0.0076512632891535814,0.09578332230448723,-0.0017227581825864035,0.0,0.0001,0.11800749618560076,0.178288134559989,0.6027901947498322,0.03589573008939624,0.06501844059675932,2.298328249850998,32.670053452222106,16.623655913978492
38,router_only,-20044.68371629715,0.6233333349227905,0.691411766409874,0.7000216245651245,0.6759448200464249,0.011965486709959805,0.011353822145611016,0.09740114845335483,-0.0020092650625883834,0.0,0.0001,0.11984599195420742,0.1728229895234108,0.6060740575194359,0.035683967545628546,0.0655729966238141,2.367667496914118,33.40661138803382,16.67741935483871
39,router_only,-19698.75813871622,0.6266666650772095,0.6750683099031448,0.7041732683777809,0.6752954050898552,0.012947832746431232,0.01919094156473878,0.09406857546418905,-0.001928708991908934,0.0,0.0001,0.11815134901553392,0.16743295602500438,0.6156695276498795,0.03541879216209054,0.06332737701013684,2.4292932084807775,33.20014083673547,16.532258064516128
40,router_only,-20410.899281978607,0.6299999952316284,0.6607199132442474,0.7089636906981468,0.675452409684658,0.013454518816433846,0.01814426034688952,0.09540674909949302,-0.0018320806169867866,0.0,0.0001,0.11429195683449507,0.17262006178498268,0.619554552435875,0.034689366724342106,0.05884406482800841,1.8119115920986382,32.52975831746488,16.897849462365592
41,router_only,-20945.795319914818,0.6333333253860474,0.6479721769690514,0.7133863642811775,0.6750369623303414,0.014080249750986696,0.013422281201928829,0.09588034432381391,-0.0019184860517270862,0.0,0.0001,0.11021134164184332,0.1747272364795208,0.6241585180163384,0.03402062049135566,0.05688228532671928,2.2731310511426797,33.09930689974511,17.586021505376344
42,router_only,-19851.58031409979,0.6366666555404663,0.6389309599995613,0.717505992949009,0.6774158492684365,0.014186944905668497,0.004151104576885702,0.09474443271756172,-0.0026062745300350796,0.0,0.0001,0.1087125863879919,0.17619174271821975,0.6245730832219124,0.03344382336363196,0.05707876607775688,2.137848537000727,33.12711097744547,16.596774193548384
43,router_only,-20441.888887822628,0.6399999856948853,0.64105833619833,0.7210082352161408,0.6801392287015915,0.01354909602086991,0.014222066942602446,0.09261709321290254,-0.0020948166275047697,0.0,0.0001,0.10844365637749434,0.1808845791965723,0.6178028717637062,0.033371932618319985,0.05949696432799101,2.0998056608048747,32.92715192631979,17.096774193548388
44,router_only,-19998.462177157402,0.6433333158493042,0.644844526052475,0.7223771557211875,0.6824261099100113,0.012864722218364478,0.013105288241058596,0.09045720733702182,-0.0021665270057383166,0.0,0.0001,0.10991801973432302,0.18323697447776793,0.6112502261996269,0.033795148320496085,0.061799632664769885,2.589924032832892,32.720561961934955,16.623655913978492
45,router_only,-20913.122910022736,0.6466666460037231,0.634424576163292,0.7279087096452713,0.6881954535841942,0.01238589440472424,0.012193545605987212,0.09204252678900957,-0.0021069874260092546,0.0,0.0001,0.11008818335831165,0.18907103985548018,0.6059747144579888,0.03388768937438726,0.06097836885601282,2.0544544028182927,32.99352048708796,17.360215053763444
46,router_only,-19386.781872212887,0.6499999761581421,0.6233179658651352,0.7335488811135292,0.6928670704364777,0.01210157189052552,0.01680602421984078,0.0944271668791771,-0.0019342019486430218,0.0,0.0001,0.10943313427269459,0.19747405759990216,0.6019453063607216,0.03360906550660729,0.057538443431258204,2.5587378547950297,32.51057639071545,16.295698924731184
47,router_only,-20739.313637912273,0.653333306312561,0.6194467291235923,0.7357109606266021,0.6946092888712883,0.011724998080171644,0.0228058715350926,0.09310272261500359,-0.002119274695724016,0.0,0.0001,0.10802992153912783,0.2088769894093275,0.5955639943480492,0.0328032935038209,0.054725800454616544,2.285551253789002,32.562253617757506,17.43010752688172
48,router_only,-19782.844920873642,0.6566666960716248,0.6110757976770401,0.7380123525857926,0.6964304760098458,0.01163267227821052,0.015921376738697347,0.098082884401083,-0.00222635694372002,0.0,0.0001,0.10673668198287486,0.21683767810463905,0.5923816919326782,0.03222203589975834,0.051821911986917255,2.6558557211566165,32.775907009415086,16.489247311827956
49,router_only,-19720.266417324543,0.6600000262260437,0.5947356268763542,0.7435971274971962,0.699769139289856,0.011806292738765479,0.008990258350968366,0.09955211877822875,-0.0021475577417731984,0.0,0.0001,0.10467200465500355,0.22131217569112777,0.5924023240804672,0.03194637950509786,0.049667117092758416,1.99006780080456,32.85794944851249,16.392473118279568
50,router_only,-19860.969139397144,0.6633333563804626,0.5890691593289376,0.7459056332707406,0.7021527990698815,0.011666221008636058,0.010724760219454788,0.09753248430788516,-0.0024756812112173066,0.0,0.0001,0.10387273374944925,0.22667455598711966,0.5890888184309006,0.03168073501437903,0.04868315821513534,2.372642739827033,32.686951472936684,16.655913978494624
51,router_only,-18983.5962703228,0.6666666865348816,0.5826575979590416,0.747598746418953,0.7050081834197044,0.011317651416175068,0.018963710125535688,0.09677914995700121,-0.002506259514575504,0.0,0.0001,0.10312642436474562,0.2361564114689827,0.5819413751363754,0.031442641839385034,0.04733314942568541,2.630573142355396,33.185077802547646,15.784946236559138
52,router_only,-19189.40037983656,0.6700000166893005,0.5747693061828614,0.7510666698217392,0.7065727144479752,0.01135966763831675,0.005678395228460403,0.0976267771795392,-0.0019365626125363634,0.0,0.0001,0.10174629259854555,0.23843891285359858,0.5809962704777718,0.030928682954981922,0.0478898479603231,2.540022899242899,32.34733067484755,15.817204301075268
53,router_only,-19652.05263632536,0.6733333468437195,0.5792003497481346,0.7493686199188232,0.7070029973983765,0.010837298282422126,0.018486992875114145,0.10294597074389458,-0.0019038825164898298,0.0,0.0001,0.1023862823843956,0.24570605978369714,0.5723742246627808,0.030307228583842515,0.04922620393335819,2.4828631533715213,33.29423651219326,16.478494623655916
54,router_only,-19269.146756887436,0.6766666769981384,0.5774891257286072,0.7503730297088623,0.7094419434666633,0.010564275761134922,0.007512818509712832,0.11067849192768335,-0.002321518697135616,0.0,0.0001,0.10398328769952059,0.2474454328417778,0.5691410362720489,0.0297840082552284,0.049646235350519416,2.5711729818796156,33.152195141953825,16.091397849462368
55,router_only,-19859.945932388306,0.6800000071525574,0.5729838460683823,0.7536478698253631,0.711336700618267,0.010548522626049817,0.011364334216341431,0.10723912455141545,-0.0024787687852949603,0.0,0.0001,0.10480530057102441,0.24227648377418518,0.5712239384651184,0.02927079498767853,0.052423492167145015,2.7864860979611032,32.94975945452115,16.365591397849464
56,router_only,-18643.275406956673,0.6833333373069763,0.5641784027218819,0.7571098029613494,0.7133010506629944,0.010634176013991237,0.002613838296383654,0.10136595685034991,-0.002305935490585398,0.0,0.0001,0.10426977183669806,0.243144878000021,0.5716624587774277,0.02866861429065466,0.05225427784025669,2.8743895347045845,33.12270453346922,15.645161290322582
57,router_only,-18639.232355177402,0.6866666674613953,0.5551747351884841,0.7611709356307983,0.7187908232212067,0.01038734840694815,0.005613374104723373,0.10630203746259212,-0.0023985886495211163,0.0,0.0001,0.10692027918994426,0.24196481592953206,0.5703510120511055,0.02835343829356134,0.05241045979782939,2.577736738696403,33.096297400273336,15.70967741935484
58,router_only,-18589.28103429079,0.6899999976158142,0.5589093163609504,0.7598115548491478,0.7185242578387261,0.01002879769075662,0.01132207531481982,0.10632865112274885,-0.0023623664372280475,0.0,0.0001,0.10797322075814009,0.2450258206576109,0.5651297107338905,0.027913697855547072,0.053957547061145306,2.7009666618886947,33.23416394302561,15.795698924731184
59,router_only,-19238.872937738895,0.6933333277702332,0.5582495734095574,0.7612782090902328,0.7212440237402916,0.009734943392686546,0.007681714976206434,0.11330299116671086,-0.002245699744526064,0.0,0.0001,0.11106074973940849,0.24269991405308247,0.5638167530298233,0.02771170400083065,0.054710874892771245,2.86088067736057,33.90546636362606,16.005376344086024
60,router_only,-18800.813711047173,0.6966666579246521,0.5602191120386124,0.7606667399406433,0.7208209410309792,0.009535540826618671,0.008839475642889748,0.10617223735898733,-0.002062199175270507,0.0,0.0001,0.11122558936476708,0.2466980915516615,0.5597069010138511,0.027401819825172424,0.05496759722009301,2.3682166076620526,33.406961128786655,15.682795698924732
61,router_only,-19863.991925001144,0.699999988079071,0.5645550161600112,0.7586769133806228,0.717288026213646,0.009654479287564754,0.006761383824050355,0.10447830688208341,-0.002201245901233051,0.0,0.0001,0.10961787905544043,0.2500787854194641,0.5590044930577278,0.027114757616072894,0.05418408773839474,2.346088349924538,33.12640788196385,16.419354838709676
62,router_only,-18748.889191806316,0.70333331823349,0.5653582081198693,0.7580592334270477,0.7182526305317879,0.009527735458686949,0.0045003463979810185,0.11753363274037838,-0.0026965011507854796,0.0,0.0001,0.11050256583839654,0.2514442715793848,0.5571846321225167,0.02693976922892034,0.05392876360565424,2.7675556078851344,33.408424655245035,15.666666666666668
63,router_only,-18922.632478058338,0.7066666483879089,0.560647064447403,0.7594259634613991,0.7185135990381241,0.009497975138947368,0.0028138224966823763,0.11244545597583055,-0.0027007709752069784,0.0,0.0001,0.11096719093620777,0.25238655917346475,0.5566253319382668,0.02672389387153089,0.053297029342502356,3.003578072507916,33.04977453074841,15.725806451612904
64,router_only,-19033.794664740562,0.7099999785423279,0.5610308572649956,0.7599524289369584,0.7182906106114387,0.009359388099983334,0.007370922714471897,0.11594295520335436,-0.0029234410452772864,0.0,0.0001,0.11067162100225687,0.25517578125,0.5532752051949501,0.026684129750356077,0.05419326918199659,2.9684749005999986,33.24042220369379,15.865591397849462
65,router_only,-19432.7324603796,0.7133333086967468,0.561724665760994,0.7595164731144906,0.7146500647068024,0.009610559046268462,0.011541632656008011,0.11807784754782916,-0.003361658957146574,0.0,0.0001,0.10630703736096621,0.2593788616359234,0.5521884024143219,0.026364697190001608,0.05576100246980786,2.4089828184403137,33.48771470112087,15.795698924731184
66,router_only,-19567.76537656784,0.7166666388511658,0.563820718228817,0.7583628669381142,0.7122807547450065,0.009644473739899694,0.009235155116766688,0.11593052893877029,-0.002283145816909382,0.0,0.0001,0.10430542137473822,0.26169356554746626,0.5501954823732376,0.0257416567299515,0.058063877187669276,2.6299647986726216,33.364258780138265,16.537634408602152
67,router_only,-19663.494273543358,0.7200000286102295,0.5644808083772659,0.759188836812973,0.7105132326483726,0.009796945238485932,0.012132585514336797,0.1210017891600728,-0.002730037384935713,0.0,0.0001,0.10288708675652743,0.25764639377593995,0.5531850054860115,0.02514087171293795,0.06114064818248153,2.414357542142665,32.79453586111006,16.22043010752688
68,router_only,-19213.480853140354,0.7233333587646484,0.5619042053818702,0.761178757250309,0.7118468835949898,0.009632147033698857,0.013926655845716673,0.12327568884938955,-0.0028621821085835107,0.0,0.0001,0.10490586515516043,0.25117258056998254,0.554812777042389,0.02465135818347335,0.06445742733776569,2.7935619268171377,32.86642285966671,15.946236559139784
69,router_only,-18640.497750222683,0.7266666889190674,0.5563435882329941,0.764705240726471,0.7157633543014527,0.009299789532087743,0.006854890752583852,0.1214075043797493,-0.0025328069263196086,0.0,0.0001,0.10760348252952098,0.2511200953274965,0.5517266511917114,0.02436252236366272,0.06518725380301475,2.8626010380203,33.25936018955749,15.629032258064516
70,router_only,-18308.807462632656,0.7300000190734863,0.5502148866653442,0.7667257517576218,0.7187732473015785,0.00905407292302698,0.005233255773782666,0.11866848617792129,-0.002919420614489354,0.0,0.0001,0.10954612363129854,0.25090203508734704,0.5494399964809418,0.02425060886889696,0.06586124002933502,2.6311678704823045,33.226497176459965,15.440860215053764
71,router_only,-18584.781236231327,0.7333333492279053,0.5423835128545761,0.7705953180789947,0.7229644313454628,0.008914474654011429,0.007869011675938929,0.1234485786408186,-0.0028896342279040254,0.0,0.0001,0.11144027262926101,0.2472749501466751,0.5499116897583007,0.02394318808801472,0.06742990370839834,2.45931241630391,33.07444665644185,15.586021505376344
72,router_only,-18575.788729667664,0.7366666793823242,0.5362784937024117,0.7745453834533691,0.7248826935887337,0.008893953613005578,0.014706711377948548,0.12352021746337413,-0.0032325638952897862,0.0,0.0001,0.11297499593347311,0.2402204666286707,0.553013427555561,0.023644317267462613,0.07014679964631795,2.5604333439072877,33.26028402337266,15.763440860215052
73,router_only,-18339.632510900497,0.7400000095367432,0.5270058810710907,0.7793252691626549,0.7273370653390885,0.008897651010192931,0.005405782628804423,0.1271008225157857,-0.0028511650969619494,0.0,0.0001,0.11428014058619737,0.23850153237581254,0.5544111713767051,0.023204045230522753,0.06960311178117991,2.6080929232819576,33.08676884270261,15.306451612903228
74,router_only,-17849.20276749134,0.7433333396911621,0.527175423502922,0.7807644918560982,0.731533408164978,0.008338523504789919,0.01639239634387192,0.123601926676929,-0.0028839325281296625,0.0,0.0001,0.11668444760143756,0.24125762321054936,0.546406127512455,0.02301289150491357,0.07263891268521547,3.0874467401996517,33.35175113132767,14.9247311827957
75,router_only,-18950.370094299316,0.746666669845581,0.5228680595755577,0.7828007385134697,0.734416663646698,0.007992837054189295,0.009475539205595806,0.13299316298216582,-0.002882687104283832,0.0,0.0001,0.12012076247483491,0.24255907945334912,0.5428415566682816,0.02286246600560844,0.07161614093929529,3.0401847701429925,33.76242257985788,15.8494623655914
76,router_only,-18342.191021740437,0.75,0.52123391777277,0.7838445484638215,0.735630713403225,0.007870708242990077,0.004578869231045255,0.11842352561652661,-0.003059285294170877,0.0,0.0001,0.1224101996049285,0.24211090207099914,0.5425699383020401,0.02253708182834089,0.0703718887642026,3.113121663552455,33.26203762405917,15.333333333333332
77,router_only,-18511.824251413345,0.753333330154419,0.5213000640273094,0.7837084218859672,0.7335632830858231,0.008119394665118306,0.0072764030657708235,0.11308105606585742,-0.002509405554155819,0.0,0.0001,0.11920512169599533,0.24344314262270927,0.5437457337975502,0.022103951359167696,0.07150204740464687,2.825656716650746,33.222945787427804,15.413978494623656
78,router_only,-17663.340578615665,0.7566666603088379,0.5246818870306015,0.7819787293672562,0.7326435029506684,0.007897902640979736,0.009490896994248044,0.1209568390622735,-0.002857957698506652,0.0,0.0001,0.11941456180065871,0.2459207721054554,0.5392619296908379,0.021842311881482602,0.07356043122708797,2.873438736066744,33.56739012829925,14.897849462365592
79,router_only,-17838.31240671873,0.7599999904632568,0.5244676291942596,0.783344654738903,0.7334094330668449,0.007505679584573955,0.010694177867844695,0.12302370667457581,-0.002563365002970386,0.0,0.0001,0.12333892565220594,0.24435816295444965,0.5358734741806984,0.021446281438693406,0.07498315013945103,2.632331286891374,33.134305247885415,15.048387096774194
80,router_only,-18332.903915941715,0.7633333206176758,0.5204141646623611,0.7838970869779587,0.7326113939285278,0.007615504169370979,0.0093885009177029,0.12612798009067774,-0.0031469641529838555,0.0,0.0001,0.12161007951945066,0.24905241802334785,0.53454599827528,0.020972808124497533,0.07381869964301586,2.6637429692494,33.57207293433457,15.284946236559142
81,router_only,-17654.21878170967,0.7666666507720947,0.5174972727894783,0.7850534453988075,0.7337372824549675,0.007248622528277337,0.011212135478854277,0.12103244252502918,-0.0025880338602291887,0.0,0.0001,0.12397495377808809,0.2497987911105156,0.5293454721570015,0.02056726668961346,0.0763135202229023,2.9009078578904086,33.48423465206969,14.741935483870968
82,router_only,-18046.969560861588,0.7699999809265137,0.5152334123849869,0.7873268082737923,0.7359104752540588,0.006948738545179367,0.009573517413809844,0.1328003542497754,-0.0035127954615745693,0.0,0.0001,0.12727155517786742,0.2480047855526209,0.5268463641405106,0.020073621347546578,0.07780367732048035,2.7120599884418657,33.467928275291285,15.193548387096776
83,router_only,-18114.660102128983,0.7733333110809326,0.5192669630050659,0.7864896416664123,0.7390950486063957,0.006165289890486747,0.028724386170506475,0.13970949985086917,-0.003321226580010261,0.0,0.0001,0.13223565854132174,0.2525842998176813,0.5128312543034553,0.01972653791308403,0.0826222525909543,2.938993728322755,33.360168160264934,15.327956989247312
84,router_only,-17664.68313509226,0.7766666412353516,0.5078461490571499,0.7930212467908859,0.7451263219118118,0.005664274643640966,0.01301653408445419,0.12360669318586588,-0.002598112692066934,0.0,0.0001,0.13785554096102715,0.25259350165724753,0.50671226978302,0.019337256019935013,0.08350143600255251,3.0316724799341617,33.44364419092364,14.82258064516129
85,router_only,-17424.239883184433,0.7799999713897705,0.5078501105308533,0.7939605385065078,0.7440162837505341,0.0055399694596417245,0.006019638059660756,0.12787216566503048,-0.0031019604997709394,0.0,0.0001,0.13853551112115384,0.2528891209512949,0.5040162317454815,0.019023468531668187,0.0855356590822339,2.7865320522764985,33.56401520746288,14.623655913978496
86,router_only,-17935.75938385725,0.7833333611488342,0.5005593821406364,0.7992660075426101,0.7485239982604981,0.005243860988412052,0.016088568465784197,0.1456078989431262,-0.003491996020602528,0.0,0.0001,0.14119733721017838,0.2578631483018398,0.496285892277956,0.018709526723250748,0.0859440928325057,2.7152760304156986,33.42551703003643,15.037634408602152
87,router_only,-17165.90194094181,0.7866666913032532,0.5020446166396141,0.7989886105060577,0.7459596455097198,0.0053000274347141385,0.009431357961147996,0.13657631631940603,-0.002747400529915467,0.0,0.0001,0.13876574374735356,0.25879816263914107,0.4942035421729088,0.018507790612056853,0.08972475677728653,2.799571588583409,34.109080337014994,14.4247311827957
88,router_only,-17772.81878823042,0.7900000214576721,0.4946058467030525,0.8021104380488395,0.7470844238996506,0.005490282899700105,0.011160755669698125,0.136772439815104,-0.0027670793046127074,0.0,0.0001,0.13751227036118507,0.25493320636451244,0.4997839190065861,0.01823913948610425,0.08953145872801542,2.843792991842102,33.68426055978759,14.82258064516129
89,router_only,-16984.973280131817,0.7933333516120911,0.49202248454093933,0.8044929072260857,0.7477267622947693,0.00543898296309635,0.01044838093221187,0.1317193556576967,-0.003341166046084254,0.0,0.0001,0.13640773594379424,0.2566459275782108,0.4958972081542015,0.018006195407360794,0.09304292909801007,3.068669911597634,33.49424831361782,14.24731182795699
90,router_only,-17021.02537292242,0.79666668176651,0.49256143197417257,0.8040326416492463,0.7449469625949859,0.005579936935100704,0.01391617027111345,0.14134174957871437,-0.0030840230647299904,0.0,0.0001,0.13310604356229305,0.25321139469742776,0.4967393346130848,0.017784338677302003,0.09915889091789723,2.8265207649059056,33.48757273933714,14.344086021505376
91,router_only,-17751.341591596603,0.800000011920929,0.48130957037210464,0.8093140557408333,0.7492409229278565,0.005607364501338452,0.0069730908609926395,0.1430336132645607,-0.003726137635385385,0.0,0.0001,0.13369463495910167,0.25013161040842535,0.49932489097118377,0.017377574695274234,0.0994712857529521,2.402876550569434,33.64510144785536,14.806451612903226
92,router_only,-17096.56335633993,0.8033333420753479,0.4814299985766411,0.8092932313680649,0.7505185440182686,0.0053842143039219085,0.010955451009795076,0.13182017859071493,-0.0027501142001710834,0.0,0.0001,0.13550086803734301,0.25219157673418524,0.4940879486501217,0.017136798426508903,0.10108281876891852,2.7020528184808312,33.73712896762612,14.32258064516129
93,router_only,-17131.691987991333,0.8066666722297668,0.47363620325922967,0.8126480653882027,0.7521247744560242,0.005417916330043226,0.00476492568850519,0.13698019068688155,-0.003500005203386536,0.0,0.0001,0.1358927570283413,0.250277316942811,0.49607851952314375,0.01678884830325842,0.10096256285905839,3.0306377241933937,34.03747748594034,14.53225806451613
94,router_only,-17057.435368418694,0.8100000023841858,0.47781836092472074,0.8117782101035118,0.7527485087513923,0.005197160493116826,0.013905209023505345,0.13188005983829498,-0.0035043901687458858,0.0,0.0001,0.13780200034379958,0.2545113045722246,0.4894766822457314,0.01643807953223586,0.10177193488925695,2.797096827441892,33.582126657661256,14.505376344086022
95,router_only,-16966.88767671585,0.8133333325386047,0.47014000415802004,0.8156303197145462,0.7532650992274285,0.005305146425962448,0.005011021113023088,0.1293745417147875,-0.0027610336741417997,0.0,0.0001,0.13689151108264924,0.2533181685954332,0.4919821940362453,0.016234969114884736,0.10157316122204066,2.6569577093150247,33.84643561388707,14.25268817204301
96,router_only,-17069.846002221107,0.8166666626930237,0.472868849337101,0.8150857612490654,0.7499089032411576,0.005225871689617634,0.015243425732478534,0.14206727147102355,-0.0032911101505305853,0.0,0.0001,0.13621981516480447,0.25700331181287767,0.48537580892443655,0.01589133497327566,0.10550972856581212,2.987718577407281,33.695656515949466,14.435483870967742
97,router_only,-17115.27967387438,0.8199999928474426,0.4668335445225239,0.8183021172881126,0.7543704718351364,0.005078834318555892,0.014575478108599726,0.13837155271321536,-0.00263885259100789,0.0,0.0001,0.13716056682169436,0.25286475010216236,0.4824862822890282,0.01563168647699058,0.1118567181751132,2.803203100767124,34.17409123937209,14.60215053763441
98,router_only,-16466.016460955143,0.8233333230018616,0.4683664597570896,0.8183971986174583,0.7522512763738632,0.004979929479304701,0.011095526861026942,0.14255944583564997,-0.0032608707108011,0.0,0.0001,0.13746503181755543,0.2533158004283905,0.4772189624607563,0.015351239126175642,0.11664896253496408,2.865916791072346,33.97855144093355,13.919354838709678
99,router_only,-16774.182187378407,0.8266666531562805,0.4706364907324314,0.8175480350852012,0.7489074632525444,0.004967119905631989,0.008402581047266756,0.14901576843112707,-0.0037515117153816393,0.0,0.0001,0.13738558664917946,0.2500085201114416,0.47666170075535774,0.015093935839831828,0.12085025310516358,2.8208013066996447,34.09130197946728,14.349462365591398
100,router_only,-16730.756364762783,0.8299999833106995,0.46973562464118,0.8172661542892456,0.7504725769162178,0.004829715623054653,0.011143443663604577,0.1375137222930789,-0.0030341637386300134,0.0,0.0001,0.1400166768580675,0.25294915251433847,0.47513572722673414,0.014736215653829276,0.11716222576797009,2.705860914965964,33.92588179116061,14.193548387096774
101,router_only,-16580.466926932335,0.8333333134651184,0.46965972036123277,0.8167073577642441,0.74953673183918,0.004892726882826537,0.011066736094653617,0.1450636325404048,-0.0030494329213979652,0.0,0.0001,0.1400245636701584,0.2477708637714386,0.4797145649790764,0.014381137187592685,0.1181088700890541,2.9545651295892332,33.45716214208389,14.010752688172042
102,router_only,-16855.889450609684,0.8366666436195374,0.4693847969174385,0.8169127553701401,0.7500105559825897,0.004859204951208085,0.003215247741900351,0.13761249277740717,-0.002874687961593736,0.0,0.0001,0.14087861888110637,0.2465745210647583,0.48046813532710075,0.014169583190232515,0.11790914461016655,2.7648086118354525,33.885468237472146,14.370967741935484
103,router_only,-16662.385467469692,0.8399999737739563,0.47467434480786325,0.8134760931134224,0.7467046529054642,0.0050276911002583805,0.008066852879710484,0.14215354435145855,-0.0036786471766390603,0.0,0.0001,0.13830406218767166,0.25060794316232204,0.48029258474707603,0.013978683366440236,0.11681672092527151,3.052650205657211,33.084337344674246,14.166666666666666
104,router_only,-16422.200194060802,0.8433333039283752,0.4716104559600353,0.815854711830616,0.7471987083554268,0.004864706064108759,0.006085850787349056,0.1419183399528265,-0.0031446183580555952,0.0,0.0001,0.1409057669341564,0.24917168132960796,0.47900703474879264,0.013657574774697423,0.11725794654339552,2.932273358743534,33.72473181290318,13.962365591397848
105,router_only,-16239.131540298462,0.846666693687439,0.4717309817671776,0.8155394211411476,0.744473785161972,0.005021739832591266,0.006709201983176174,0.14377516228705645,-0.0028598755052371416,0.0,0.0001,0.13898016177117825,0.25058504305779933,0.4809482738375664,0.013401123392395676,0.11608540192246437,2.718973071328376,34.09525250121478,13.806451612903226
106,router_only,-16777.63871228695,0.8500000238418579,0.466424610465765,0.8179040014743805,0.7470480918884277,0.004858205607160926,0.010630133235827083,0.14127160422503948,-0.0035723268883884884,0.0,0.0001,0.14087330177426338,0.24994498454034328,0.47660747170448303,0.013066921033896506,0.11950733214616775,2.7557468106794705,34.58385141001247,14.241935483870968
107,router_only,-16693.842699110508,0.8533333539962769,0.462468097358942,0.8201513960957527,0.7432981714606285,0.005254949873778969,0.012214490538463,0.14301931727677583,-0.003492713435480255,0.0,0.0001,0.1356941804289818,0.2505708049982786,0.4820888914167881,0.012802605959586799,0.11884351819753647,3.1732717343788073,34.074920131640624,14.28494623655914
108,router_only,-15935.741328418255,0.8566666841506958,0.456726036965847,0.8231559783220291,0.7444892197847366,0.005086862412281334,0.007887861970812107,0.14148899745196103,-0.0033373221347574146,0.0,0.0001,0.13787667974829673,0.2499737624078989,0.47901166081428526,0.012532950355671346,0.1206049520522356,3.071990225522442,33.678456999410805,13.672043010752688
109,router_only,-16270.134893774986,0.8600000143051147,0.4464757159352303,0.8274964481592179,0.7455223888158798,0.005208868195768446,0.008181033306755122,0.13788141440600157,-0.0028169644443551078,0.0,0.0001,0.1367725983262062,0.2472949892282486,0.48238021805882453,0.012225284380838275,0.12132690753787756,2.872727886188419,33.897663610944164,13.75268817204301
110,router_only,-16457.978234887123,0.8633333444595337,0.4493752792477608,0.8255959793925285,0.744137455523014,0.005158781167119741,0.010729827056638885,0.14638655502349138,-0.004025554592953995,0.0,0.0001,0.13679567463696002,0.24592208079993724,0.478555266559124,0.012058234098367393,0.12666874807327985,2.892558256866936,34.41815746964803,13.973118279569894
111,router_only,-16192.459340631962,0.8666666746139526,0.4419152595102787,0.8295138135552407,0.7478366404771805,0.0049922735895961525,0.007643549353815615,0.14584740959107875,-0.0031485993960814083,0.0,0.0001,0.1393584839999676,0.24718104638159274,0.47619361951947214,0.01170317609794438,0.12556367870420218,3.0887329005496658,34.17002337319185,13.811827956989248
112,router_only,-15932.630218684673,0.8700000047683716,0.44443861991167066,0.8283223778009414,0.7470111906528473,0.004858019447419792,0.008665582234971254,0.14565381780266762,-0.0033422362237615745,0.0,0.0001,0.141230408847332,0.24830994755029678,0.4721842102706432,0.011379792890511452,0.12689564246684312,2.886197204401181,33.87912998584498,13.451612903225808
113,router_only,-16859.008467018604,0.8733333349227905,0.4365740180015564,0.8316830173134804,0.749368992447853,0.004915788874495774,0.011436225031502505,0.14634518455713988,-0.003478062029171269,0.0,0.0001,0.14152987636625766,0.2468356404453516,0.477602856606245,0.011076483549550176,0.12295514773577451,2.9535804863981086,33.67959750358047,14.311827956989248
114,router_only,-15769.777882635593,0.8766666650772095,0.43029348999261857,0.8350074350833893,0.7473289236426354,0.005274266400374472,0.014372151228599259,0.150036490149796,-0.0035003993529244327,0.0,0.0001,0.13743992187082768,0.24540639705955983,0.484788928180933,0.010810302919708192,0.12155444659292698,3.062372610577301,33.5327205499345,13.53763440860215
115,router_only,-16275.94871968031,0.8799999952316284,0.4318333126604557,0.8346308693289757,0.7474611461162567,0.005018064880277962,0.011203723936341711,0.15059324018657208,-0.0034761335482471623,0.0,0.0001,0.14062204845249654,0.24767368510365487,0.47942820116877555,0.01056917104870081,0.12170689702033996,2.970553563792057,33.456643428861845,13.908602150537636
116,router_only,-16866.009496569633,0.8833333253860474,0.4347019463777542,0.8327578365802765,0.7434357315301895,0.005343829281628132,0.012371197389438777,0.1510605949908495,-0.003524921109783463,0.0,0.0001,0.1360869910567999,0.25047904886305333,0.4828084334731102,0.010377717157825827,0.12024780698120593,3.1232595446142972,33.931801854608,14.365591397849462
117,router_only,-16122.888440012932,0.8866666555404663,0.43051812797784805,0.8339189723134041,0.7435330882668495,0.005431451473850757,0.0069559511030092835,0.15434671081602575,-0.0030198345768440047,0.0,0.0001,0.13580113984644412,0.24831629134714603,0.48628640472888945,0.010149909486062824,0.11944624353200198,2.992339904778075,33.86200708355024,13.85483870967742
118,router_only,-16019.382154464722,0.8899999856948853,0.4304557844996452,0.8348624274134636,0.7397190213203431,0.0056100903078913685,0.006849150429479785,0.13587340973317624,-0.0033433750773838255,0.0,0.0001,0.13327274434268474,0.2510911524295807,0.4869361251592636,0.009836749779060483,0.11886322982609272,3.198346911843561,34.022031218776995,13.74731182795699
119,router_only,-16829.572018384933,0.8933333158493042,0.4279344528913498,0.8357192024588584,0.7388318613171577,0.005560361663810909,0.008747778204269722,0.14198803063482046,-0.0034077522926963867,0.0,0.0001,0.13397403340786695,0.25476375594735146,0.48419241458177564,0.009483279031701385,0.11758652552962304,3.194783319949586,33.7647322008845,14.311827956989248
120,router_only,-16504.792453706264,0.8966666460037231,0.4239245690405369,0.8371934249997139,0.7423137351870537,0.005424897046759724,0.010977690527215549,0.15705110039561987,-0.004174828507530037,0.0,0.0001,0.1358337040990591,0.25839293114840983,0.48056689724326135,0.009257378312759102,0.11594909895211458,3.114688310753752,33.93394443508195,14.166666666666666
121,router_only,-16044.255112946033,0.8999999761581421,0.4214139930903912,0.8376311585307121,0.741285614669323,0.005413386621512473,0.013082393468357623,0.13952940758317708,-0.0034325572814850602,0.0,0.0001,0.13532017692923545,0.2629735291004181,0.47484430819749834,0.008952290983870625,0.11790969092398881,2.961399289003574,34.011268977925155,13.736559139784946
122,router_only,-15765.59913122654,0.903333306312561,0.41282062754035,0.8417027160525322,0.7394984781742096,0.005651290889363736,0.010944168712012436,0.15687392521649599,-0.003517615990131162,0.0,0.0001,0.13281291928142308,0.26174629628658297,0.4803163930773735,0.008657838380895556,0.11646655015647411,3.0046121299575783,33.82114156151443,13.483870967741934
123,router_only,-15447.315108776093,0.9066666960716248,0.4130276948213577,0.8412996873259544,0.7377978265285492,0.0054347502416931094,0.012579952506348496,0.15328567735850812,-0.003156248709638021,0.0,0.0001,0.13562821522355079,0.2643984563648701,0.47432352155447005,0.008360737399198116,0.1172890741378069,3.317734596412524,34.17307690984891,13.20967741935484
124,router_only,-15583.162280976772,0.9100000262260437,0.411030587553978,0.8412191331386566,0.7371292740106583,0.005360316904261708,0.0036583557492122065,0.14481539260596038,-0.003947581521606481,0.0,0.0001,0.13695633336901664,0.26301306039094924,0.474240717291832,0.00799975716508925,0.11779013127088547,3.2251330495970656,34.07811881008346,13.543010752688172
125,router_only,-15918.028766870499,0.9133333563804626,0.4122732639312744,0.8413703665137291,0.7362968057394028,0.0052493049297481775,0.009384936036076352,0.1572229776531458,-0.0034716115587798413,0.0,0.0001,0.13861223347485066,0.2586229655891657,0.47460241839289663,0.007697384164202958,0.12046499829739332,3.1703687211072564,33.91297632732538,13.5752688172043
126,router_only,-15270.392697274685,0.9166666865348816,0.411139265447855,0.8419911831617355,0.734973794221878,0.00535230643581599,0.00984760981518773,0.15605947766453027,-0.003412243068078169,0.0,0.0001,0.13754977248609065,0.2635467700660229,0.4736125260591507,0.007323860365431756,0.11796707008033991,3.481053474323455,34.29517953643354,13.021505376344086
127,router_only,-15516.859565794468,0.9200000166893005,0.4051178365945816,0.8451588943600654,0.7353124275803566,0.0054330373532138765,0.0025859595742076334,0.14522285312414168,-0.003595171481720172,0.0,0.0001,0.13654224704951048,0.26399341225624084,0.47385610789060595,0.0070384089252911505,0.11856982875615359,3.264580236926682,33.60403622104077,13.322580645161292
128,router_only,-14871.539535045624,0.9233333468437195,0.39803588539361956,0.8485001385211944,0.7356301248073578,0.005351339827757329,0.008194812922738506,0.15414320416748523,-0.0035513244831236078,0.0,0.0001,0.13738491125404834,0.26215268969535827,0.47190728783607483,0.0067305477918125686,0.12182457372546196,3.2500236848182253,33.435020924697,12.801075268817206
129,router_only,-15619.320518434048,0.9266666769981384,0.3955114848911762,0.8494953885674477,0.7376275390386582,0.005176712479442358,0.006309903983492387,0.15352954491972923,-0.0030476628306132627,0.0,0.0001,0.14053985774517058,0.2609356567263603,0.47176940068602563,0.0064856481272727255,0.1202694360166788,3.2935867566160737,34.09934102994733,13.38709677419355
130,router_only,-15626.674647927284,0.9300000071525574,0.4012786470353603,0.8471140876412392,0.7350435569882393,0.005330796481575817,0.01211352682439612,0.1476093504577875,-0.003592710707744118,0.0,0.0001,0.13787079006433486,0.26488003581762315,0.4686399735510349,0.006227377301547677,0.12238181810826063,3.3367886895258705,33.91821287186674,13.45698924731183
131,router_only,-15669.625470519066,0.9333333373069763,0.40403100475668907,0.8462739244103432,0.7354547634720803,0.005266990407835692,0.004772235825657828,0.1581196216866374,-0.0037379398178018163,0.0,0.0001,0.1391465373337269,0.26599040925502776,0.46695156022906303,0.005950624181423336,0.12196086943149567,3.216872549761382,33.58836523457083,13.553763440860214
132,router_only,-15852.721124112606,0.9366666674613953,0.4005769118666649,0.8478730767965317,0.7372999429702759,0.0051403195597231385,0.0053836134145967,0.1515709800645709,-0.0032787891443149418,0.0,0.0001,0.14129162356257438,0.264545788615942,0.4659924440085888,0.005662555224262178,0.12250759080052376,3.2364447284795954,34.25582865058023,13.543010752688172
133,router_only,-14941.217846810818,0.9399999976158142,0.3948135659098625,0.8502726823091507,0.7365001171827317,0.005290118663106113,0.008703648345544926,0.15594651214778424,-0.003357634472195059,0.0,0.0001,0.13935823179781437,0.26889761313796046,0.4646676376461983,0.005357618001289666,0.1217189023271203,3.508774594448158,33.86010479535588,12.876344086021504
134,router_only,-15284.678137719631,0.9433333277702332,0.3947965733706951,0.8492439359426498,0.7338223129510879,0.005325559317134321,0.002225235244259211,0.15585030615329742,-0.003439735969368485,0.0,0.0001,0.13886188119649887,0.2690763771533966,0.4642802380025387,0.005128745338879526,0.12265275064855814,3.5230175557218204,33.7611914192141,13.134408602150538
135,router_only,-15091.945130109787,0.9466666579246521,0.3967751570045948,0.8483021706342697,0.7302916660904885,0.005279746220912785,0.011522334802430126,0.14770670048892498,-0.0033909477111592422,0.0,0.0001,0.13975683376193046,0.2721266023814678,0.4587518163025379,0.004896008211653679,0.12446874883025885,3.162159565285063,33.664669035583614,12.983870967741936
136,router_only,-15416.86310017109,0.949999988079071,0.3936413027346134,0.8504200637340545,0.7316221758723259,0.005283784691710025,0.009008163586258874,0.15709212850779294,-0.003607566866412526,0.0,0.0001,0.13982185386121274,0.26874960884451865,0.4631908744573593,0.004636620904784649,0.1236010443419218,3.261580765375205,33.61719319554125,13.28494623655914
137,router_only,-15158.848195016384,0.95333331823349,0.3912077143788338,0.8505417346954346,0.7291436776518821,0.0053670809720642865,0.005137886980082811,0.15334135442972183,-0.0037208032970738715,0.0,0.0001,0.13877395913004875,0.27017203271389006,0.4619718685746193,0.004334581689909101,0.12474756762385368,3.4059647079869375,33.4396011302187,13.134408602150538
138,router_only,-15752.444894313812,0.9566666483879089,0.3873483717441559,0.8518925800919532,0.7342665925621986,0.005028866301290691,0.012927938986103957,0.1497987799346447,-0.004095954338845331,0.0,0.0001,0.14406853467226027,0.2683781497180462,0.45755571573972703,0.004080644866917282,0.12591695841401815,3.1956198967981497,33.940237934067106,13.446236559139784
139,router_only,-15419.120036125183,0.9599999785423279,0.38425871580839155,0.8523027211427688,0.7345018684864044,0.005231030134018511,0.012077610980486504,0.15748048592358826,-0.003957595556857996,0.0,0.0001,0.1414905559271574,0.2701949417591095,0.4617777317762375,0.0038366386841516944,0.1227001404389739,3.0797101339089816,33.91173730640632,13.440860215053762
140,router_only,-15459.853992342949,0.9633333086967468,0.3741493746638298,0.8568897351622582,0.7345691889524459,0.005334374296944588,0.010602578270481897,0.1644322419539094,-0.0036928222092910802,0.0,0.0001,0.14044683948159217,0.26798899173736573,0.46707901284098624,0.0035602967138402162,0.12092485167086124,3.270802859118465,34.62517711969507,13.440860215053762
141,router_only,-15456.129894435406,0.9666666388511658,0.3692746162414551,0.8588589325547218,0.7325763389468193,0.005451088165864348,0.006499711889773635,0.15122453179210424,-0.003205745979448693,0.0,0.0001,0.13853833451867104,0.26701666638255117,0.46775325685739516,0.003191273647826165,0.1235004661604762,3.29799705101866,33.98862198852488,13.370967741935482
142,router_only,-15335.885052919388,0.9700000286102295,0.3704044923186302,0.8580128490924835,0.7332041323184967,0.005363879888318479,0.0060818650585132885,0.15651310477405786,-0.0038474011758808046,0.0,0.0001,0.1398130627349019,0.2654132030904293,0.46655612215399744,0.0029509394487831743,0.12526667080819606,3.1707367320512194,33.59762060248831,13.258064516129032
143,router_only,-15353.705486416817,0.9733333587646484,0.370324095338583,0.8581778466701507,0.7305314317345619,0.005670872714836151,0.010932216764194817,0.16156476885080337,-0.0038128638632770164,0.0,0.0001,0.13567001447081567,0.2668497711420059,0.47058566510677335,0.002691568189766258,0.12420298457145691,3.244477523757544,34.092939022677186,13.279569892473116
144,router_only,-14990.85244858265,0.9766666889190674,0.3674843184649944,0.8585229441523552,0.7288844585418701,0.0056712808203883466,0.008654089772608167,0.16202491279691458,-0.003588323573785601,0.0,0.0001,0.13582240864634515,0.26278611496090887,0.47344472259283066,0.0024281822144985197,0.1255185805261135,3.5245939581810264,33.64935622643757,12.881720430107526
145,router_only,-15057.080290019512,0.9800000190734863,0.36373817548155785,0.8596973672509194,0.7265015736222267,0.00587929196190089,0.00894019245170058,0.1665912440046668,-0.003810030753822957,0.0,0.0001,0.13355477731674908,0.26445580199360846,0.47624512687325476,0.0020536780823022125,0.123690614849329,3.1651165045776675,33.64855477942289,13.0
146,router_only,-14855.1883187294,0.9833333492279053,0.36015615314245225,0.8615943744778634,0.7276436060667038,0.005730322108138353,0.010518772184150305,0.15641719456762077,-0.0032766299220384097,0.0,0.0001,0.13560857474803925,0.2666589178144932,0.4712594531476498,0.0017799709166865796,0.12469309289008379,3.3776232112530904,33.47864150915913,12.962365591397852
147,router_only,-14889.812431573868,0.9866666793823242,0.3573982685804367,0.8617504134774208,0.728844428062439,0.005499531305395067,0.015728737873723718,0.16058051269501447,-0.003744427462152089,0.0,0.0001,0.13940188549458982,0.27072997838258744,0.4652705952525139,0.0015031525166705252,0.12309440262615681,3.1943879588985333,34.00578202202277,13.112903225806452
148,router_only,-14900.075058281422,0.9900000095367432,0.3533615469932556,0.8629696875810623,0.7265991881489754,0.005588010442443192,0.007818235195009054,0.1624309066683054,-0.003723931428976357,0.0,0.0001,0.13879455663263798,0.2746390841901302,0.4637779362499714,0.0012089552416000514,0.12157945837825537,3.406724719268286,33.921003898563114,12.946236559139784
149,router_only,-14692.1872112751,0.9933333396911621,0.3501557603478432,0.8642915159463882,0.7251007080078125,0.005642732139676809,0.00885143070918279,0.16074592117220163,-0.0036126659862929953,0.0,0.0001,0.13855963498353957,0.2790648013353348,0.4604742266237736,0.0009773822981514967,0.12092394903302192,3.507878816431678,34.157774895903685,12.870967741935486
150,router_only,-14752.810626745224,0.996666669845581,0.34941354021430016,0.8638797864317894,0.7246129348874092,0.0056554812239482995,0.007615018401702381,0.17134775705635547,-0.00391492841008585,0.0,0.0001,0.1385078176856041,0.28037402853369714,0.4569767341017723,0.0007191850832896307,0.12342223320156336,3.6903143030394747,34.07771476198396,12.865591397849464
151,router_only,-14694.972782433033,1.0,0.34595192670822145,0.8655797451734543,0.7230356261134148,0.005712834896985442,0.005098361599812038,0.16678034663200378,-0.0038781497976742687,0.0,0.0001,0.13744950890541077,0.27912467122077944,0.45768601074814796,0.00047767443538759835,0.12526214141398667,3.4604202676070663,33.794461875699064,12.844086021505378
152,router_only,-14574.739933371544,1.0,0.3493273243308067,0.8631662920117378,0.7207229778170585,0.006049803725909441,0.02184274975516027,0.178355379588902,-0.004624572347529466,0.0,0.0001,0.13195645734667777,0.27369640320539473,0.4671642303466797,0.0004776176589075476,0.12670529522001744,3.3996944142247485,33.919702239619184,12.666666666666668
153,router_only,-14614.921593606472,1.0,0.34690362587571144,0.8642580270767212,0.7172185570001602,0.006134128058329224,0.011014742370753028,0.1650250295177102,-0.003756375311058946,0.0,0.0001,0.12997539825737475,0.27017009258270264,0.46770971491932867,0.000506991166912485,0.13163780979812145,3.509171999319221,33.87062714159814,12.881720430107526
154,router_only,-15314.349063873291,1.0,0.3419758386909962,0.8661245539784431,0.7181323513388633,0.005946724431123584,0.01297031453796078,0.17648696321994067,-0.004586908483179286,0.0,0.0001,0.13274439703673124,0.27145730555057523,0.461224552243948,0.0005716936757380608,0.13400204740464688,3.517254357581484,34.29688390113677,13.596774193548386
155,router_only,-14231.06030112505,1.0,0.3416887104511261,0.8668093308806419,0.7219284370541572,0.005778165941592306,0.017787141845474273,0.1558611396700144,-0.0032644524588249626,0.0,0.0001,0.1357510931789875,0.2773228012025356,0.4545416563749313,0.0005930745406658389,0.13179137408733368,3.627938562629425,34.01549312730799,12.56989247311828
156,router_only,-14765.995710492134,1.0,0.3405012786388397,0.8669690757989883,0.7177041843533516,0.006053468165919185,0.008157179581030549,0.1548127856105566,-0.0033691571443341672,0.0,0.0001,0.13172581382095813,0.2777677170932293,0.4565566867589951,0.0005397687265940477,0.13341002222150564,3.667991664215897,34.17018402807208,12.919354838709676
157,router_only,-14519.255735635757,1.0,0.33728003054857253,0.8679051592946052,0.7221943214535713,0.005721844476647675,0.009806326246325636,0.15301824025809765,-0.003911095726653002,0.0,0.0001,0.1366289772093296,0.2764609858393669,0.4545813091099262,0.0004702940830611624,0.13185844291001558,3.656918047047826,34.28935567609659,12.725806451612904
158,router_only,-14169.403334975243,1.0,0.3353222213685513,0.8688486814498901,0.7231313392519951,0.005825820006430149,0.012038731119537271,0.16542706731706858,-0.0043628860672470186,0.0,0.0001,0.13471890166401862,0.2732069633901119,0.460567057877779,0.0005039095296524466,0.13100317399948835,3.6019260319183246,34.385107603672964,12.413978494623656
159,router_only,-14206.774178743362,1.0,0.33406270667910576,0.8688162297010422,0.7254409953951836,0.005626437917817384,0.008919279390102008,0.17303974609822034,-0.0036475499880907593,0.0,0.0001,0.13759753853082657,0.26874731928110124,0.46179642975330354,0.0005158817941264715,0.1313428282737732,3.6827836584031286,34.47180273539786,12.53763440860215
160,router_only,-14782.646291851997,1.0,0.3310027077794075,0.8703145802021026,0.7306513920426368,0.005358441499993205,0.009548784716753295,0.16625227313488722,-0.003542696726799477,0.0,0.0001,0.14163781851530075,0.26889411434531213,0.45702491998672484,0.0005130011028086301,0.13193014748394488,3.4472036022850387,34.07198831298595,13.026881720430108
161,router_only,-14471.387128651142,1.0,0.33321554884314536,0.8687941178679466,0.7274573355913162,0.005490601062774658,0.01432161874981831,0.16150670144706963,-0.0032939833006821575,0.0,0.0001,0.13954533040523528,0.2647086031734943,0.4641463592648506,0.0005523683306819293,0.1310473345220089,3.565647589511306,34.31771122426257,12.77956989247312
162,router_only,-14547.161539196968,1.0,0.3356389716267586,0.8682779282331466,0.7255347386002541,0.005402023706119507,0.00460878759404294,0.15197001844644548,-0.003398682750412263,0.0,0.0001,0.14063978418707848,0.26494271233677863,0.46184196844697,0.0005651831408613362,0.13201035354286433,3.668367590820054,34.624935954480634,12.774193548387098
163,router_only,-14617.00750553608,1.0,0.332392817735672,0.8699390172958374,0.7261561542749405,0.005570161540526896,0.011433618879527808,0.16173435933887959,-0.003262814262416214,0.0,0.0001,0.1386064976453781,0.2674587480723858,0.465042744576931,0.0004893528166576289,0.12840266339480877,3.5085690790092756,34.26427771311531,12.854838709677418
164,router_only,-14374.834488928318,1.0,0.32792798057198524,0.8716384813189506,0.7315634116530418,0.005235276336316019,0.018149340992386,0.16576805543154477,-0.0035645166615722703,0.0,0.0001,0.14416500888764858,0.2709749065339565,0.4578587107360363,0.00044910133292432877,0.12655227743089198,3.338274285571656,34.34830138811592,12.736559139784948
165,router_only,-14601.821298480034,1.0,0.33221612945199014,0.870283292233944,0.7311296030879021,0.005347607878502458,0.009196367955883045,0.15446097403764725,-0.003206290534581058,0.0,0.0001,0.14247313067317008,0.273749640583992,0.4549524039030075,0.0004975488292984665,0.12832727879285813,3.431378996402168,33.79839711056048,12.935483870967742
166,router_only,-14738.080713391304,1.0,0.33089182898402214,0.8704790428280831,0.7325940698385238,0.0052795119467191395,0.005397117724351075,0.16191565990447998,-0.0035881973653886234,0.0,0.0001,0.1433415226638317,0.27212468907237053,0.4538787990808487,0.0005161196153494529,0.13013887740671634,3.3192740894154955,33.63148589273728,12.940860215053762
167,router_only,-14961.578844308853,1.0,0.33240165039896963,0.8704830288887024,0.7291755840182305,0.005319826409686357,0.00541964277872467,0.1670707281678915,-0.003584309856159962,0.0,0.0001,0.14272953942418098,0.27203746885061264,0.4518681772053242,0.0005286903491651173,0.1328361241146922,3.5560225560784122,33.861258236827354,13.155913978494624
168,router_only,-14644.740149378777,1.0,0.3247737936675549,0.8732934668660164,0.7338212311267853,0.00535248527303338,0.00784300833111043,0.16973911114037038,-0.004396930862640147,0.0,0.0001,0.14209604933857917,0.27169364392757417,0.4557740822434425,0.0005442945388494991,0.12989194002002477,3.45182001651197,34.36867021843828,12.8494623655914
169,router_only,-13995.711756944656,1.0,0.3206851229071617,0.8748528242111206,0.7307510435581207,0.005578139855060726,0.006783475173142484,0.16043811328709126,-0.0038769824255723505,0.0,0.0001,0.13876999020576478,0.2735481321811676,0.4567550428211689,0.00047861245038802733,0.13044822514057158,3.5335343709171942,34.335234364118755,12.365591397849462
170,router_only,-14376.316303014755,1.0,0.3288963995873928,0.8709049209952354,0.7280830144882202,0.005500714748632163,0.016423551273328542,0.17752412259578704,-0.003824571608856786,0.0,0.0001,0.14058841802179814,0.2773138299584389,0.44856476560235026,0.00045711296115769073,0.13307587411254646,3.6322059655216075,34.597512501232266,12.634408602150538
171,router_only,-13985.451531469822,1.0,0.3266177773475647,0.8722508639097214,0.7281252548098565,0.005629676184616983,0.009320607648260232,0.17116061113774778,-0.003809175734932069,0.0,0.0001,0.13841695338487625,0.2765454240143299,0.45322506576776506,0.00043262620238238014,0.1313799239695072,3.329322952831663,34.70359825693303,12.220430107526882
172,router_only,-14380.340116202831,1.0,0.32690356150269506,0.8720665395259857,0.7268362984061241,0.005715451820287853,0.00792069935996555,0.1564077127724886,-0.0033890416321810334,0.0,0.0001,0.13759135883301496,0.2804778963327408,0.4500931538641453,0.0004297890416637529,0.13140780739486219,3.4101755502276196,34.10287322685351,12.564516129032258
173,router_only,-14526.415784239769,1.0,0.32461836710572245,0.8731349304318428,0.7274894759058952,0.005781002994626761,0.01207728713270626,0.16562786810100077,-0.004358792689890834,0.0,0.0001,0.1356976829469204,0.2763329245150089,0.4549666829407215,0.0004779470938956365,0.13252475969493388,3.4015519694004106,34.572976982751214,12.801075268817206
174,router_only,-14447.772796213627,1.0,0.3243643715977669,0.8733405888080596,0.7304701626300811,0.0057486715260893105,0.004024903301615296,0.17023172806948422,-0.003916287285392173,0.0,0.0001,0.1359940491616726,0.27432047501206397,0.45532886385917665,0.0004797287256224081,0.13387688472867013,3.6093415246897886,34.61159730272965,12.629032258064516
175,router_only,-14285.24154806137,1.0,0.319724315404892,0.8749546855688095,0.7324496939778328,0.005685168947093189,0.005829951552004703,0.1643804244697094,-0.003914770527626388,0.0,0.0001,0.13683995008468627,0.27242947518825533,0.45739794000983236,0.00044172535053803584,0.13289091344922782,3.3839352596987156,34.168161850479606,12.53225806451613
176,router_only,-14212.12188988924,1.0,0.3176837719976902,0.8758321449160575,0.732552619278431,0.005823789781425148,0.01023939345832336,0.1601556098088622,-0.0038428680833021644,0.0,0.0001,0.13495499156415464,0.27250205874443056,0.4624385990202427,0.00044817588495789097,0.12965617161244153,3.6099308762739963,34.51467977576301,12.526881720430108
177,router_only,-14870.628098845482,1.0,0.3182041883468628,0.8761088594794273,0.7268240734934807,0.005855114245787263,0.007194513230933846,0.1671537384390831,-0.003599527983169537,0.0,0.0001,0.13427390828728675,0.27272963598370553,0.45953866466879845,0.0004319411076721735,0.13302585519850255,3.4698704730348764,34.31482604960996,13.102150537634408
178,router_only,-13930.391029298306,1.0,0.32134881168603896,0.8744398847222328,0.7242601066827774,0.005749856005422771,0.013889150658360388,0.1592682633548975,-0.003271213942207396,0.0,0.0001,0.13594825714826583,0.2732794158160686,0.452595891058445,0.00043013400500058196,0.13774629645049571,3.7604079109570967,34.524770176200484,12.295698924731182
179,router_only,-14425.319107353687,1.0,0.3246441498398781,0.8725807934999465,0.723048847913742,0.005710964556783438,0.007854275374847997,0.16798488534986972,-0.004599123100342694,0.0,0.0001,0.1368716761469841,0.27446105852723124,0.4486934795975685,0.00040541189155192115,0.13956837654113768,3.489765946236365,34.36403807732983,12.629032258064516
180,router_only,-14224.683680415154,1.0,0.3254366472363472,0.8725337535142899,0.719626921415329,0.005726006138138473,0.008759005054162116,0.15870801247656346,-0.004027810390471132,0.0,0.0001,0.13714835997670888,0.27547549903392793,0.4443139724433422,0.00047277730627683925,0.1425893846899271,3.6166712316987057,34.8396391187874,12.494623655913978
181,router_only,-14024.893169999123,1.0,0.3252053029835224,0.8724553152918816,0.7194450378417969,0.005837679491378367,0.0077562613296322525,0.16489862110465764,-0.0037981350207701324,0.0,0.0001,0.1349142763763666,0.27463768497109414,0.4481822580099106,0.00048262435448123144,0.14178315363824368,3.6403429304601156,34.61299575660361,12.36021505376344
182,router_only,-14244.059269070625,1.0,0.32266406118869784,0.8741110622882843,0.724445091187954,0.005610628018621356,0.007605122769018624,0.16996114160865544,-0.003866504477991839,0.0,0.0001,0.13821810968220233,0.27281670421361925,0.44868098869919776,0.00046070922253420575,0.13982349075376987,3.510437809650624,34.40688408084386,12.53225806451613
183,router_only,-14138.096657395363,1.0,0.3199194811284542,0.8756966531276703,0.722509540617466,0.005961557023692876,0.013955988444649797,0.17124385852366686,-0.004472247588273604,0.0,0.0001,0.13311424143612385,0.2770222872495651,0.4514185108244419,0.0004955938544298988,0.13794936034828426,3.6342557992214033,34.50867832538507,12.241935483870968
184,router_only,-14316.682385802269,1.0,0.3257961168885231,0.8731092810630798,0.7196804344654083,0.005986053077504039,0.006448801788064851,0.16530634462833405,-0.0035274877107440263,0.0,0.0001,0.13255214914679528,0.2746433444321156,0.4511351503431797,0.0004974523966666311,0.14117190800607204,3.628474938918585,34.524234049258,12.559139784946236
185,router_only,-14526.9550922513,1.0,0.31951554790139197,0.8758015662431717,0.7256180942058563,0.005839392845518887,0.006750017814192749,0.16100913174450399,-0.003577247651992366,0.0,0.0001,0.13461687564849853,0.27398929595947263,0.4524454303085804,0.0004858629814407323,0.13846253454685212,3.502641512604682,34.02427891995582,12.763440860215052
186,router_only,-14677.823271095753,1.0,0.3211387455463409,0.8751364156603814,0.7246728762984276,0.005802443902939558,0.009917472100642116,0.15357864908874036,-0.0040327692535356615,0.0,0.0001,0.13564188424497842,0.27606121599674227,0.4474866934120655,0.000488295952527551,0.14032190814614295,3.529710223461338,34.17278046277393,12.822580645161292
187,router_only,-13969.628221869469,1.0,0.32072474509477616,0.8758568719029427,0.7288747593760491,0.005581661325413734,0.01860648305228092,0.16995438747107983,-0.004195024842192652,0.0,0.0001,0.1402441617101431,0.28076218292117117,0.4410086043179035,0.0004625995978130959,0.13752245493233203,3.460514629799733,33.77411096348498,12.241935483870968
188,router_only,-14094.356819927692,1.0,0.32366603463888166,0.8743492931127548,0.7278947114944458,0.005503342626616359,0.002428611565846944,0.17410454880446197,-0.0036613090363971424,0.0,0.0001,0.14144640490412713,0.28039769306778906,0.44050669595599173,0.00047466042306041343,0.13717454560101033,3.6522063613444073,33.82351806928715,12.370967741935484
189,router_only,-14275.18990790844,1.0,0.31894521564245226,0.8764032140374184,0.7279730021953583,0.005596208875067532,0.004867022616963407,0.1689497884362936,-0.003772914830915397,0.0,0.0001,0.14004716724157334,0.2814631283283234,0.4418747715651989,0.0004708383290562779,0.13614409361034632,3.5552257604998654,33.46902349350954,12.543010752688172
190,router_only,-14211.1114641428,1.0,0.32516623213887214,0.8741143435239792,0.7245504945516587,0.0055694807437248525,0.01235091763082884,0.1621962569653988,-0.004680436623493734,0.0,0.0001,0.14180865474045276,0.28520072922110556,0.4356993116438389,0.0004961138882208615,0.136795187368989,3.7047635351056347,33.690835797649214,12.473118279569892
191,router_only,-14331.856638550758,1.0,0.3259416945278645,0.8731323301792144,0.721303740143776,0.005566086224280298,0.00562075154448391,0.16690791733562946,-0.003684693522518501,0.0,0.0001,0.14129439778625966,0.2829725109040737,0.4379642210900784,0.0004282167326891795,0.1373406570404768,3.6046284769420103,34.16693677927346,12.543010752688172
192,router_only,-14032.924501121044,1.0,0.32571184933185576,0.8739819824695587,0.7215192452073097,0.005582392192445695,0.0018135470469132996,0.16682195216417312,-0.0036018089143908583,0.0,0.0001,0.14124419130384921,0.2838641472160816,0.437280510365963,0.0004433519483427517,0.13716779872775078,3.741580147886002,33.78860754795822,12.295698924731182
193,router_only,-14025.17658907175,1.0,0.32537694200873374,0.8736605972051621,0.7206144154071807,0.0055300328298471865,0.011541917161957776,0.17059219162911177,-0.0038665895262965932,0.0,0.0001,0.14087220914661885,0.2784971624612808,0.4402796246111393,0.00041136028594337406,0.13993964307010173,3.723837752945769,34.383884702351686,12.39247311827957
194,router_only,-14309.814285695553,1.0,0.32841085717082025,0.8719582289457322,0.7210452571511269,0.0055233404622413215,0.020288880069710996,0.16215742584317921,-0.0038501807764987463,0.0,0.0001,0.14348202720284461,0.2860317833721638,0.4321792721748352,0.0003924057360563893,0.13791450895369053,3.677277159735258,34.21960610489336,12.612903225806452
195,router_only,-14188.742220699787,1.0,0.3320821404457092,0.8698227316141128,0.7163221314549446,0.005674982641357929,0.007501065992983019,0.17586253378540279,-0.003946379081389751,0.0,0.0001,0.14166612252593042,0.28776742070913314,0.4302446462213993,0.00044748143482138404,0.1398743312805891,3.555118845066732,34.33682175507015,12.397849462365592
196,router_only,-13938.005863726139,1.0,0.3296273685991764,0.8709361135959626,0.7162403583526611,0.005729119491297752,0.006417026184499325,0.1728569447994232,-0.004598024875303963,0.0,0.0001,0.13993164263665675,0.2863295041024685,0.43304655477404597,0.00041136195141007194,0.14028093293309213,3.7716708320429557,34.45924313881188,12.204301075268816
197,router_only,-14063.361357867718,1.0,0.32831740081310273,0.8714580565690995,0.7177158236503601,0.0056771207600831985,0.0034098496107617835,0.1724960260093212,-0.004248762063798495,0.0,0.0001,0.14101962931454182,0.2868792854249477,0.4318533934652805,0.0004785186356457416,0.13976916931569577,3.5948359241614076,34.50609656235443,12.435483870967742
198,router_only,-13926.95890545845,1.0,0.3264852106571198,0.8724289298057556,0.7191917166113854,0.005444356217049062,0.015527322140405902,0.17913014702498914,-0.004070798584507429,0.0,0.0001,0.14648884013295174,0.2891523607075214,0.4251608058810234,0.000499894348467933,0.1386980965733528,3.8215919990038287,33.87031208088993,12.263440860215054
199,router_only,-14197.21952098608,1.0,0.3284902311861515,0.871215932071209,0.7175608888268471,0.005344924167729914,0.010384523092943715,0.1679803639650345,-0.00419159407611005,0.0,0.0001,0.1496084913611412,0.28996849805116653,0.41996854543685913,0.0005003081976610701,0.13995415680110454,3.7431507233027905,34.60866464063256,12.526881720430108
200,router_only,-14057.79707890749,1.0,0.3282833993434906,0.8715013355016709,0.7153422489762307,0.00546126589179039,0.015338106426497656,0.15870768204331398,-0.0033492391488834984,0.0,0.0001,0.1460581783205271,0.2902949459850788,0.42726068794727323,0.000550773560826201,0.13583541922271253,3.821435828559923,34.20437922300267,12.290322580645162
201,router_only,-14291.473864197731,1.0,0.32772923558950423,0.872048506140709,0.7173602551221847,0.005435812950599939,0.004543829749309175,0.1672081844881177,-0.003915189320105128,0.0,0.0001,0.14690922051668168,0.29036658853292463,0.42503581047058103,0.0005037327900936361,0.13718464598059654,3.706135274267498,33.938345706769724,12.60752688172043
202,router_only,-13944.557089805603,1.0,0.3304936818778515,0.8707871749997139,0.7159813970327378,0.00551327622961253,0.015871312352101076,0.17029631454497576,-0.00398452482677385,0.0,0.0001,0.1489245265722275,0.296286940574646,0.41761753857135775,0.00043248598522040995,0.13673851042985916,3.7882199534078715,34.59151957791097,12.112903225806452
203,router_only,-14021.87160307169,1.0,0.3333548478782177,0.8692366406321526,0.7136904045939445,0.005525634484365582,0.011921094770514163,0.17257601395249367,-0.003986634974717162,0.0,0.0001,0.146674694865942,0.29257863238453863,0.42194904312491416,0.00043007866261177694,0.13836755342781543,3.8936556105136404,34.54725639966724,12.241935483870968
204,router_only,-14369.318841338158,1.0,0.33306764215230944,0.8685383290052414,0.7146422669291497,0.005456433224026114,0.005311304066708494,0.17906949575990438,-0.0036115090133534977,0.0,0.0001,0.14750818610191346,0.29244540333747865,0.42377120479941366,0.00038048301939852536,0.13589472696185112,3.6323107398809134,34.939023325370094,12.60752688172043
205,router_only,-14607.376324772835,1.0,0.3313284292817116,0.8693749740719795,0.7128328800201416,0.005534714425448328,0.006124766596258274,0.161409149505198,-0.003704584509250708,0.0,0.0001,0.1474578708410263,0.29550300911068916,0.4212602436542511,0.0003852603844279656,0.13539361990988255,3.9639064401636954,34.61872661119274,12.989247311827956
206,router_only,-14287.072964787483,1.0,0.3310598202049732,0.8694731682538986,0.7140029937028884,0.005421738198492676,0.013844139009233874,0.17462530098855494,-0.004076905303372768,0.0,0.0001,0.15032985024154186,0.2935939349234104,0.41627818495035174,0.00035432569347904064,0.13944371193647384,3.742852009704091,34.63334911572996,12.505376344086022
207,router_only,-14196.410269618034,1.0,0.333257631957531,0.8686047926545143,0.7148411750793457,0.005276437103748322,0.008119488807642516,0.16937768179923296,-0.003302128218638245,0.0,0.0001,0.15281809270381927,0.29177977815270423,0.41404931992292404,0.0003376007025508443,0.14101521149277688,3.8044289500304718,35.02349188142348,12.510752688172044
208,router_only,-13718.585384249687,1.0,0.33549465984106064,0.8680967763066292,0.7129278630018234,0.005557850492186845,0.009116686657944179,0.17839956656098366,-0.004613087741563504,0.0,0.0001,0.1486453402787447,0.2932406097650528,0.4136637277901173,0.00036735958892677447,0.14408296309411525,4.0844206126767775,34.51537142366762,12.0
209,router_only,-14278.133359730244,1.0,0.3379966698586941,0.8660358384251594,0.7139733850955963,0.005377833766397088,0.00730990456104334,0.17101761624217032,-0.00364124842453748,0.0,0.0001,0.15230029448866844,0.29255691170692444,0.4114711552858353,0.0003565150298527442,0.14331512786448003,3.788965136823842,34.44605504175011,12.451612903225806
210,router_only,-14012.63416236639,1.0,0.33156257048249244,0.8689559265971184,0.7156366229057312,0.005341516353655607,0.018124573837121703,0.1792991042137146,-0.0039027145365253093,0.0,0.0001,0.14906863085925579,0.2872242420911789,0.42051946073770524,0.00037049024322186595,0.1428171679377556,3.7073197750638283,34.3786040611227,12.118279569892474
211,router_only,-13629.998215436935,1.0,0.33947074338793753,0.8645155236124993,0.7134969338774682,0.005417556501924992,0.0058993565638956694,0.16593926399946213,-0.0038110364846943414,0.0,0.0001,0.14859639182686807,0.2876078888773918,0.418042029440403,0.00038684676110278815,0.14536685086786746,3.895048126180114,34.439385549977246,11.956989247311828
212,router_only,-13961.741171121597,1.0,0.3382067076861858,0.8649739623069763,0.715299791097641,0.00542366448789835,0.011569993574812582,0.1741203758865595,-0.0038899489623872795,0.0,0.0001,0.1466057114303112,0.2853916123509407,0.4238270230591297,0.0003554786948370747,0.14382017590105534,4.06528791619678,34.4105047853141,12.370967741935484
213,router_only,-14411.688059389591,1.0,0.33516739755868913,0.8660229399800301,0.7181243404746056,0.005238053482025861,0.017341132844012442,0.17985882218927146,-0.004027162250713446,0.0,0.0001,0.14728416465222835,0.27882559821009634,0.43180589377880096,0.0003687232288939413,0.1417156256735325,3.7703672902041165,34.23640578669375,12.60752688172043
214,router_only,-14022.80704009533,1.0,0.34125368148088453,0.8624678835272789,0.7161659270524978,0.0054316197521984575,0.013654551134823162,0.17009439710527657,-0.0041536269669450124,0.0,0.0001,0.14587792344391345,0.28563707396388055,0.4267134666442871,0.0003845192433800548,0.1413870146498084,3.6539196462075263,34.40484386093382,12.365591397849462
215,router_only,-14185.880740821362,1.0,0.33719477578997614,0.865084245800972,0.7148587018251419,0.005446568760089576,0.01761263647604212,0.18902289718389512,-0.004327546115382575,0.0,0.0001,0.14392310045659543,0.27884697169065475,0.43123223036527636,0.0003231229060475016,0.1456745658069849,3.7350876273766493,34.059364640718464,12.5
216,router_only,-14132.957216501236,1.0,0.3333203114569187,0.8671521112322808,0.7175101801753044,0.005352347635198385,0.006948088451099443,0.17620558701455594,-0.004004670649283071,0.0,0.0001,0.14505418874323367,0.2797902837395668,0.43262149691581725,0.0003335041415994056,0.14220052547752857,3.716940844952288,34.36118315639909,12.39247311827957
217,router_only,-14254.95492041111,1.0,0.32700143977999685,0.8695857554674149,0.7204698368906974,0.005227953195571899,0.004365811980824264,0.19276877157390118,-0.004031978014609194,0.0,0.0001,0.14723709635436535,0.27951340675354003,0.43208322301506996,0.0002967991174955387,0.14086947701871394,3.7223661926370153,33.76832042802433,12.553763440860216
218,router_only,-14126.81751036644,1.0,0.33068704754114153,0.8682990118861198,0.7165723770856858,0.005467293795663864,0.008142730034524004,0.17542782202363014,-0.003549349751119735,0.0,0.0001,0.1431667897850275,0.281512051820755,0.4341454327106476,0.0003073072297411272,0.14086841642856598,3.7954055557959907,34.485976614208006,12.5
219,router_only,-14219.51552259922,1.0,0.3246371455490589,0.8716940239071846,0.7211902871727943,0.005442808195948601,0.010831459995824872,0.1847386419773102,-0.004105300846276805,0.0,0.0001,0.1425492212176323,0.2792091429233551,0.43956116363406184,0.00029251632549858185,0.13838795572519302,3.975102916999293,34.01796197775083,12.53225806451613
220,router_only,-14194.370050787926,1.0,0.32708875760436057,0.8704692482948303,0.7137245267629624,0.0056080071488395335,0.011550953597543389,0.16997169256210326,-0.00408490232002805,0.0,0.0001,0.13955841325223445,0.27644222527742385,0.43992204070091245,0.000274765703943558,0.14380255602300168,3.5581751788639497,33.674284375066534,12.451612903225806
221,router_only,-14300.406419336796,1.0,0.3278063140809536,0.8704940617084503,0.7199351832270622,0.005478409049101174,0.018946714412959427,0.17323733158409596,-0.003994792111734568,0.0,0.0001,0.14344594888389112,0.28197078257799146,0.4327323943376541,0.0003320331878057914,0.14151884838938714,3.7922649912188433,33.9788924262471,12.553763440860216
222,router_only,-13825.123967766762,1.0,0.32822326719760897,0.8700409919023514,0.7190416499972343,0.005522606195881963,0.007620396209313157,0.17153574749827386,-0.0037112657400939497,0.0,0.0001,0.14358446672558783,0.28401282504200936,0.42892708256840706,0.00032714176486479116,0.14314848110079764,3.62426386155507,33.63218378666997,12.188172043010754
223,router_only,-13991.291233956814,1.0,0.3323248438537121,0.8683499917387962,0.716129656136036,0.005603049742057919,0.0038678737098961635,0.1683690495789051,-0.0035813708607747687,0.0,0.0001,0.14289310090243817,0.2855591058731079,0.42768451347947123,0.00033275817295361774,0.14353052265942096,3.590998815303976,34.39812150574599,12.333333333333334
224,router_only,-14091.45021623373,1.0,0.3350553162395954,0.866916611790657,0.7210476636886597,0.00534410635009408,0.009223159437897222,0.16793775632977487,-0.003873009128437843,0.0,0.0001,0.14691779874265193,0.2825708694756031,0.42606116980314257,0.00036692396315629594,0.1440832383930683,3.74103563563878,34.17232111551642,12.344086021505376
225,router_only,-14114.018008947372,1.0,0.33035636991262435,0.8688700139522553,0.7233106791973114,0.005125823721755296,0.015209794481052141,0.1835431031882763,-0.004648849042132497,0.0,0.0001,0.14893039576709272,0.275028420984745,0.4299456253647804,0.000304476485325722,0.14579108431935311,3.716596579918939,34.393773885950964,12.440860215053764
226,router_only,-13973.90089392662,1.0,0.3339898303151131,0.867283521592617,0.716149328649044,0.005457715655211359,0.01266560518924965,0.17425520457327365,-0.004377530497731641,0.0,0.0001,0.14464771449565889,0.2804169736802578,0.42789550349116323,0.000341246607422363,0.1466985635459423,3.656724346231811,33.98830792890949,12.39247311827957
227,router_only,-13550.220921337605,1.0,0.33151733949780465,0.8689787864685059,0.7162179380655289,0.005620691669173538,0.014136528540257121,0.18342896029353142,-0.004286677482014056,0.0,0.0001,0.14040886126458646,0.2786155089735985,0.43494398072361945,0.0003610323132306803,0.14567061588168145,4.001255766496483,34.30105328338745,12.048387096774194
228,router_only,-14214.477171301842,1.0,0.3327276326715946,0.8673847630620003,0.7199623614549637,0.005474042682908476,0.012207759239390686,0.1744537279009819,-0.004098430067824665,0.0,0.0001,0.14350394010543824,0.27687529996037485,0.4305968478322029,0.0003444971720455214,0.14867941923439504,3.8896267927644153,34.12762250007085,12.553763440860216
229,router_only,-13957.753450751305,1.0,0.3328501105308533,0.867579172551632,0.7195634111762047,0.005643198057077825,0.007779101957567059,0.17841414958238602,-0.004208467963326257,0.0,0.0001,0.14020732641220093,0.2762823648750782,0.43343783989548684,0.00037702782719861716,0.1496954496949911,3.7509630028013734,33.93479662543618,12.231182795698924
230,router_only,-14551.591279387474,1.0,0.3267119139432907,0.8704984530806541,0.7242326006293297,0.0054212611634284254,0.01728998760081594,0.1832562256604433,-0.004905787916186455,0.0,0.0001,0.14567521922290325,0.27945946156978607,0.4257262207567692,0.0003037666188902222,0.14883533194661142,3.719107620642518,34.30040086546605,12.682795698924732
231,router_only,-13966.557448506355,1.0,0.3227137356996536,0.8721519827842712,0.7224308222532272,0.0053798233275301754,0.01152350108241081,0.17713488973677158,-0.003624422683060402,0.0,0.0001,0.1447385475039482,0.2746728457510471,0.43095067217946054,0.0002653060968441423,0.1493726335465908,3.763317497542171,34.30519494795781,12.274193548387096
232,router_only,-13828.216891944408,1.0,0.317327294498682,0.8747914806008339,0.7233491152524948,0.005445376329589635,0.007170646045778944,0.17267390303313732,-0.004252364893181948,0.0,0.0001,0.14311896227300167,0.2733262337744236,0.4345359906554222,0.0002364964111620793,0.14878231287002563,3.7320743959854408,33.78405534398261,12.166666666666668
233,router_only,-13564.537736654282,1.0,0.3154030628502369,0.8749700754880905,0.7286014810204506,0.005228489311411977,0.014139953834092046,0.18295820727944373,-0.004534512498503318,0.0,0.0001,0.1477024357765913,0.2757927790284157,0.42878334522247313,0.0002564541147876298,0.14746498093008995,3.7773441015728064,34.77908843214211,11.870967741935484
234,router_only,-13930.633265435696,1.0,0.3137169547379017,0.8752973437309265,0.7280016884207725,0.005239021044690162,0.009217497214922304,0.17888396829366685,-0.004078384744934738,0.0,0.0001,0.14887717105448245,0.27679257541894914,0.42419430911540984,0.0002367452128964942,0.14989920146763325,3.8220221842543873,33.49092454512076,12.172043010752688
235,router_only,-13761.234606802464,1.0,0.3118145130574703,0.8766908437013626,0.7264669522643089,0.005227555136661977,0.004345408319932198,0.16461633685976268,-0.00403123956930358,0.0,0.0001,0.14837198443710803,0.2754609055817127,0.42636247649788855,0.00024128173681674524,0.14956335350871086,3.7412839570518712,34.11798986580577,12.021505376344086
236,router_only,-14049.009845495224,1.0,0.31583054512739184,0.8748858898878098,0.7219160676002503,0.005293641239404678,0.008939607325737614,0.16756348721683026,-0.0039914625602250455,0.0,0.0001,0.1485764876008034,0.2782357282936573,0.42189267203211783,0.0002967448606796097,0.15099836736917496,3.767184728758572,33.91089063609251,12.370967741935484
237,router_only,-14187.500507354736,1.0,0.3187420733273029,0.8736526310443878,0.7209668636322022,0.00544259533053264,0.005321132468816392,0.1863270528614521,-0.004669722262042342,0.0,0.0001,0.14671943299472331,0.27901643589138986,0.4210891619324684,0.00030661323180538604,0.15286835916340352,3.490765889771629,33.805855552681244,12.553763440860216
238,router_only,-14173.641369998455,1.0,0.31739989668130875,0.8742189660668374,0.7208171978592872,0.005415651574730873,0.00693600526974481,0.17241088822484016,-0.003942408073271508,0.0,0.0001,0.14789624512195587,0.28130234926939013,0.41835092529654505,0.0003118891272606561,0.15213859193027018,3.8384795436159123,34.01643247092787,12.483870967741934
239,router_only,-13486.905225455761,1.0,0.3224421128630638,0.871831876039505,0.7201759949326515,0.005384333175607025,0.01322301287909793,0.17577040791511536,-0.004161794732544877,0.0,0.0001,0.14642962217330932,0.2772011004388332,0.42496243342757223,0.00030356909410329537,0.15110327899456025,3.677876330189986,34.018466536808575,11.74731182795699
240,router_only,-13699.184270381927,1.0,0.3254076443612576,0.8711326286196709,0.721191617846489,0.0052738671540282665,0.006439761947694922,0.1810789667069912,-0.0037345342469052413,0.0,0.0001,0.14756250642240049,0.27510561868548394,0.4270250670611858,0.00032792740748845974,0.14997887499630452,3.8745937535965296,33.7795756383542,12.080645161290322
241,router_only,-13975.272203743458,1.0,0.3233432784676552,0.8714390009641647,0.7223894760012627,0.004986684094183147,0.01027532897824126,0.16646325699985026,-0.0035663801836562925,0.0,0.0001,0.15237981975078582,0.27254180535674094,0.4244725160300732,0.000306630221530213,0.15029922910034657,3.7088187233031618,33.70402198915343,12.21505376344086
242,router_only,-13908.945144295692,1.0,0.3253566734492779,0.8701771795749664,0.718516506254673,0.0051641745842061935,0.009656296412140409,0.17302997708320617,-0.005232469057955313,0.0,0.0001,0.15080577433109282,0.2751881994307041,0.4212589658796787,0.00026607659710862206,0.15248098224401474,4.029573924483683,34.29398276133868,12.198924731182796
243,router_only,-13849.8137434721,1.0,0.32532168850302695,0.8701673299074173,0.7186127498745918,0.0052242798614315685,0.010296092655698913,0.17957936711609362,-0.004344113561091945,0.0,0.0001,0.1511486776173115,0.2799933455884457,0.4175317257642746,0.0002603645087219775,0.1510658912360668,3.7738376841166135,34.148237195584585,12.25268817204301
244,router_only,-13776.769733905792,1.0,0.3233726412057877,0.8704131230711937,0.7214124485850334,0.005062357557471841,0.006517818518477753,0.17764872200787069,-0.004374448922317242,0.0,0.0001,0.1544075820595026,0.27886743396520614,0.41551552787423135,0.00025673948039184324,0.15095271170139313,3.8334831112094987,34.344650142129105,12.06989247311828
245,router_only,-13758.314103484154,1.0,0.3204815350472927,0.8719767972826957,0.7217602863907814,0.005145070177968591,0.023048822753844418,0.18259614408016206,-0.0035834535374306142,0.0,0.0001,0.14967825040221214,0.27694735005497934,0.4270399399101734,0.00024592479057901074,0.14608853124082088,3.7138353135406796,34.36394858262769,12.129032258064516
246,router_only,-14195.75147420168,1.0,0.3166298657655716,0.8736088454723359,0.7251707628369332,0.005200452939607203,0.008738159690255964,0.1860842067748308,-0.0037030683233751915,0.0,0.0001,0.14754547439515592,0.27472146302461625,0.4312718242406845,0.00023551081212644931,0.1462257295846939,3.878500621664882,33.77353885895552,12.440860215053764
247,router_only,-13657.861278057098,1.0,0.3217630125582218,0.8711781591176987,0.7204860135912895,0.005128238769248128,0.024487900797612334,0.18360665030777454,-0.004528645996470004,0.0,0.0001,0.1522289227694273,0.28010782077908514,0.41902787461876867,0.0002519215246138629,0.14838346391916274,3.796941517626114,33.81136548086236,11.913978494623656
248,router_only,-13864.88653665781,1.0,0.3210722327232361,0.871470095217228,0.7246357098221778,0.0050039187539368864,0.023492739577341087,0.1864332564175129,-0.0039943073417816775,0.0,0.0001,0.15083604194223882,0.2730798803269863,0.4307409532368183,0.0002852124365745112,0.14505791515111924,3.6962553456929266,33.91035870496703,12.198924731182796
249,router_only,-14728.820237636566,1.0,0.32234054878354074,0.8704429134726525,0.7228544875979424,0.005038187559694052,0.010643291031374253,0.18457954041659833,-0.004901363712269813,0.0,0.0001,0.15144015476107597,0.27503460422158243,0.4254988729953766,0.0002056455206911778,0.14782072231173515,3.857215083297722,33.43606403635652,12.903225806451612
250,router_only,-14022.656218707561,1.0,0.3220571629703045,0.8707632467150688,0.727913773059845,0.0049137775087729095,0.005530092314802526,0.18439526818692684,-0.00431132864268875,0.0,0.0001,0.15418554544448854,0.2745747402310371,0.4232773184776306,0.0002253007194667589,0.14773709438741206,3.7941998477999763,33.96702665619528,12.290322580645162
251,router_only,-13937.063022255898,1.0,0.3206177555024624,0.8723461106419563,0.7264545813202858,0.0050514562288299205,0.00586666690833233,0.18684640973806382,-0.00444891611696221,0.0,0.0001,0.15218068100512028,0.2767798721790314,0.4223488479852676,0.00023450854459952097,0.1484560865908861,3.854258106497585,33.98694090840977,12.258064516129032
252,router_only,-13551.22160321474,1.0,0.3186080865561962,0.8725343346595764,0.7302216291427612,0.004932359606027603,0.00666522151914245,0.18420216925442218,-0.00437625600161482,0.0,0.0001,0.15480954013764858,0.27747861593961715,0.4201953440904617,0.00023952009505592286,0.14727698341012002,3.7159243695348323,34.00905234364495,11.946236559139784
253,router_only,-13807.921769857407,1.0,0.3144811920821667,0.8745415493845939,0.7289096251130104,0.005049829266499728,0.006822908455433213,0.1882336676120758,-0.003894977125673904,0.0,0.0001,0.15225605852901936,0.27828152701258657,0.4228038854897022,0.0002209646383562358,0.14643756449222564,4.038843198084387,34.41694623308748,12.231182795698924
254,router_only,-13811.727323651314,1.0,0.3139924332499504,0.8755234032869339,0.729623307287693,0.004900625185109675,0.006825554782699311,0.17613737285137177,-0.00410575753703597,0.0,0.0001,0.15403191857039927,0.2757877916097641,0.4244408033788204,0.00022035290639905726,0.1455191347748041,3.844928032475361,34.00637461799526,12.17741935483871
255,router_only,-13395.824804365635,1.0,0.3156240522861481,0.8750790491700172,0.7252189069986343,0.00499708493007347,0.008331021002959493,0.17705552317202092,-0.003945186303462833,0.0,0.0001,0.1538709554821253,0.27896623834967615,0.4204579994082451,0.00019860718784912024,0.14650619626045228,3.9763142245200953,34.17493085665065,11.75268817204301
256,router_only,-14217.054970860481,1.0,0.31560693234205245,0.8751793146133423,0.7247057974338531,0.004959379439242184,0.0073320073079231165,0.18215603586286305,-0.0046022048154554795,0.0,0.0001,0.15371878445148468,0.2754602715373039,0.4224538438022137,0.0001907430065330118,0.14817635715007782,3.93289413920744,34.059470938249994,12.489247311827958
257,router_only,-14522.377123951912,1.0,0.3133753716945648,0.8771603524684906,0.7256658717989921,0.005122133926488459,0.01080757262789121,0.18269920907914639,-0.0032872728610527703,0.0,0.0001,0.15119876004755498,0.28029693067073824,0.4229998022317886,0.00021191229134274182,0.14529259577393533,4.003193147470883,34.34526884419628,12.758064516129034
258,router_only,-13934.916378617287,1.0,0.3137635916471481,0.8769393801689148,0.7279722824692726,0.004956910433247685,0.014450147975003358,0.17675670459866524,-0.004172747608163263,0.0,0.0001,0.1548191424459219,0.2765626199543476,0.41952438205480574,0.00019657020129670855,0.14889728836715221,4.04498167210939,33.690436500513265,12.32258064516129
259,router_only,-13871.181357383728,1.0,0.31676785126328466,0.8750811666250229,0.725926759839058,0.005165866762399674,0.009335994080174742,0.18146848678588867,-0.004458342536963755,0.0,0.0001,0.15017117299139499,0.27705542370676994,0.4236826591193676,0.00017654181829129811,0.14891420379281045,3.993376580949317,33.89641838981557,12.225806451612902
260,router_only,-13341.592302680016,1.0,0.3127171330153942,0.8770620673894882,0.7230021432042122,0.0051189536578021945,0.006175527884806809,0.17485598661005497,-0.0040587378360214645,0.0,0.0001,0.15155028514564037,0.2787521153688431,0.4215705364942551,0.0001885053787191282,0.1479385659098625,4.103127435965731,33.567022802018634,11.629032258064516
261,router_only,-13802.651701807976,1.0,0.31195110008120536,0.8770544275641441,0.7226703837513924,0.005103817023336887,0.005769897536811236,0.17969885356724263,-0.004223993350751698,0.0,0.0001,0.15243002846837045,0.280756426602602,0.42019146904349325,0.00018939638011943315,0.14643268138170243,4.125851910333511,33.82538843950195,12.112903225806452
262,router_only,-13673.317427277565,1.0,0.3090643733739853,0.8783257812261581,0.7209427237510682,0.005168530100490898,0.003248210034689647,0.1768597222864628,-0.004272976153879426,0.0,0.0001,0.15171188525855542,0.2823394872248173,0.4193008400499821,0.00017406292936357205,0.14647372514009477,4.096198541837155,33.5850872430878,12.021505376344086
263,router_only,-14044.944692730904,1.0,0.3041220024228096,0.8808144867420197,0.7266451552510261,0.005083081510383636,0.012769316046978906,0.17859233617782594,-0.004507484369969461,0.0,0.0001,0.15468311123549938,0.2857529178261757,0.4160265862941742,0.00015320847160182893,0.14338417388498784,4.0740860970616035,33.56379204343816,12.317204301075268
264,router_only,-13607.784139156342,1.0,0.30152845829725267,0.8816860020160675,0.7244562283158302,0.005083481618203223,0.0062919373671321,0.17465786188840865,-0.004333527201924881,0.0,0.0001,0.15530547089874744,0.28826084062457086,0.41487979516386986,0.0001688944630586775,0.14138499610126018,3.96863641863437,33.74649644165703,12.059139784946236
265,router_only,-13289.101031899452,1.0,0.29988458976149557,0.8825560346245765,0.7238810032606124,0.005018034775275737,0.008206129639256743,0.17531370259821416,-0.004254563456925098,0.0,0.0001,0.1565192725509405,0.2853231571614742,0.4137146458029747,0.0001686647925453144,0.14427426159381868,4.00937413283275,33.99073495500104,11.741935483870968
266,router_only,-13288.459710121155,1.0,0.2976333320140839,0.8829872474074364,0.7214429065585136,0.005116493266541511,0.008448396031781163,0.17264866586774588,-0.003975896156043745,0.0,0.0001,0.1558653313666582,0.28954735547304156,0.41246682554483416,0.00015386257036880123,0.1419666275382042,4.039191623103339,34.32540947001231,11.60215053763441
267,router_only,-13633.287840783596,1.0,0.2923164814710617,0.8853709921240807,0.7262117862701416,0.005058606434613466,0.004368536939728057,0.17961164526641368,-0.004083938198891701,0.0,0.0001,0.15606153197586536,0.28854547142982484,0.4144548960030079,0.0001485540113208117,0.14078955426812173,4.05499638802944,34.188912728666885,11.96774193548387
268,router_only,-13111.34721493721,1.0,0.28957295417785645,0.886667263507843,0.7248655617237091,0.005136064649559557,0.0035553569665353,0.16782173421233892,-0.003976216220507922,0.0,0.0001,0.1552919264882803,0.2901031717658043,0.41344681903719904,0.0001531095516838832,0.1410049729049206,4.247598905492945,34.361754572531794,11.548387096774192
269,router_only,-13541.57586157322,1.0,0.29095388725399973,0.8862073585391045,0.7209745302796364,0.005459920887369662,0.009527733090544648,0.17937802691012622,-0.0038665168296574846,0.0,0.0001,0.1508631467819214,0.29392940178513527,0.4131117343902588,0.00016041587714425986,0.14193530529737472,3.980306731145416,34.04397951824299,12.016129032258064
270,router_only,-13219.394052267075,1.0,0.2861078754067421,0.8886849790811538,0.7188966244459152,0.005450296914204955,0.007411779918766098,0.17699485700577497,-0.0037328252445149703,0.0,0.0001,0.14956122897565366,0.29208520129323007,0.4168176233768463,0.00015647145683033158,0.141379477083683,3.9615001544620156,33.86508269458865,11.650537634408602
271,router_only,-13635.981125056744,1.0,0.28440291360020636,0.8891579613089562,0.7247003376483917,0.0053104541846551,0.011671554388703976,0.16911838129162787,-0.0042415403986524325,0.0,0.0001,0.15264950059354304,0.2901266388595104,0.4129404045641422,0.0001626857050723629,0.14412076435983182,4.409434226498162,33.96601141226244,11.935483870967742
272,router_only,-13522.52980029583,1.0,0.28298654183745386,0.8900881811976433,0.7257431522011757,0.005430746101774275,0.008414274406095434,0.178131197206676,-0.0038973490819444122,0.0,0.0001,0.1496246837079525,0.2889599807560444,0.415479502081871,0.0001470272403821582,0.14578880779445172,4.1562437140907615,33.802668726510774,11.763440860215054
273,router_only,-13819.396823763847,1.0,0.28700513318181037,0.8872238129377366,0.7255658581852913,0.005385267920792103,0.0047212869028953,0.16907378435134887,-0.003811797826710972,0.0,0.0001,0.15089047998189925,0.28823490515351297,0.413843934237957,0.00015746029839647235,0.14687322191894053,4.036465423853414,33.555482052796414,12.091397849462366
274,router_only,-13868.074681401253,1.0,0.2837441712617874,0.8889022886753082,0.7273554921150207,0.005203188140876591,0.010532808696370933,0.18297059033066035,-0.004197980055323569,0.0,0.0001,0.15165613666176797,0.2840716913342476,0.41833246499300003,0.0001696796431133407,0.14577003382146358,4.268045325581608,33.86250957566486,12.102150537634408
275,router_only,-13309.752771615982,1.0,0.28840057402849195,0.885721592605114,0.7267215073108673,0.00514014067593962,0.002685812983872876,0.1903022089973092,-0.004003648960133432,0.0,0.0001,0.15238847434520722,0.2832727462053299,0.4189227133989334,0.0001899982446047943,0.14522607065737247,4.1311379376125,33.785062080535546,11.672043010752688
276,router_only,-13681.64748686552,1.0,0.28695772886276244,0.8861794531345367,0.7290694892406464,0.005023510754108429,0.010650808822902058,0.18701595552265643,-0.004580714191479274,0.0,0.0001,0.15266519375145435,0.2779473431408405,0.4233080238103867,0.00019288654839328957,0.14588655829429625,3.948468051440405,34.02404395443936,12.005376344086022
277,router_only,-13412.186241328716,1.0,0.287536034733057,0.8863470882177353,0.7259044051170349,0.005151470331475139,0.016369249640047233,0.17299113236367702,-0.0043452601515127755,0.0,0.0001,0.1535080000758171,0.2829387716948986,0.4151304490864277,0.0001858349780377466,0.14823694676160812,4.101326244416361,33.75908027743318,11.81720430107527
278,router_only,-13782.72017365694,1.0,0.2846782192587852,0.8878493905067444,0.7291488453745842,0.00511146925855428,0.01024787496062341,0.17860028371214867,-0.0046566908349632286,0.0,0.0001,0.15233185812830924,0.28196995332837105,0.42020984962582586,0.00023037338687572628,0.14525797106325627,4.104181366791738,33.92498027394797,12.102150537634408
279,router_only,-13440.214830517769,1.0,0.28549908101558685,0.8870532408356666,0.7247091725468635,0.005149914685171097,0.0035164380096830315,0.17283231057226658,-0.003956733619497754,0.0,0.0001,0.15197907947003841,0.283707270026207,0.4199785031378269,0.00025127353437710554,0.14408387504518033,4.080252660893632,34.0270946010871,11.870967741935484
280,router_only,-13122.557159125805,1.0,0.2845622345805168,0.88704893887043,0.7226983189582825,0.005408295569941402,0.01832325791838229,0.18673589453101158,-0.0039138554158853365,0.0,0.0001,0.14577413722872734,0.28413507118821146,0.4287123292684555,0.00020926829820382408,0.14116919189691543,4.25131394036079,34.07001332032629,11.575268817204302
281,router_only,-13616.24041903019,1.0,0.28492496684193613,0.8867108315229416,0.7243496298789978,0.005324216838926077,0.003096055264541003,0.17686055563390254,-0.004252359918609727,0.0,0.0001,0.14727595634758472,0.2841478571295738,0.42744441255927085,0.000242692000392708,0.14088908210396767,4.068147529027337,33.53560975134436,11.983870967741936
282,router_only,-13191.444590806961,1.0,0.2931055031716824,0.883230383694172,0.7147367596626282,0.005522463785018772,0.019927085135714184,0.18252701871097088,-0.00428601203893777,0.0,0.0001,0.14743603840470315,0.2885742634534836,0.4174808695912361,0.0002475631346896989,0.1462612647563219,4.12430310993451,33.58655581494553,11.618279569892472
283,router_only,-13682.7471524477,1.0,0.29248144328594206,0.8836146354675293,0.7156690716743469,0.0055082257138565184,0.006831475723811359,0.17268653064966202,-0.004346485228597885,0.0,0.0001,0.1465297620743513,0.28606624975800515,0.4199617810547352,0.0002461143652908504,0.14719609022140503,4.223577656188663,33.89233246230868,12.026881720430108
284,router_only,-13359.538004755974,1.0,0.2898751549422741,0.8842169210314751,0.7184844002127647,0.005482915276661515,0.009526384374476015,0.18076830320060253,-0.003913669442772516,0.0,0.0001,0.14525700137019157,0.2826272338628769,0.4244007870554924,0.00019470448896754533,0.14752028211951257,4.07888548083182,33.86292631984479,11.629032258064516
285,router_only,-13577.664808154106,1.0,0.2889918088912964,0.8843994796276092,0.7213103637099266,0.005416703375522048,0.010253847852800414,0.1863221487030387,-0.0050942132402269635,0.0,0.0001,0.14519880563020707,0.27755850180983543,0.4274068549275398,0.00020197783560433892,0.14963386096060277,4.222752368867492,33.76215223097249,11.908602150537634
286,router_only,-13489.68157595396,1.0,0.28541752845048907,0.8862506493926048,0.7195212468504906,0.005453707720153034,0.008058793553209398,0.18393278103321792,-0.004723111255589174,0.0,0.0001,0.1455508854240179,0.281235820800066,0.42514182552695273,0.0001808743556466652,0.14789059907197952,4.2025822424413635,33.66619617611462,11.865591397849462
287,router_only,-13005.75393640995,1.0,0.28301147669553756,0.8873456835746765,0.7226640298962593,0.005470568325836212,0.008881197545269953,0.17978688478469848,-0.004126742966036545,0.0,0.0001,0.14506594613194465,0.28354728147387503,0.42725501134991645,0.00019682646925502922,0.14393493942916394,4.1678940191351845,33.803449787967914,11.478494623655914
288,router_only,-13721.927869260311,1.0,0.2804247424006462,0.8884597003459931,0.722851824760437,0.005557339789811521,0.004920825497538273,0.1721277182921767,-0.0036930539198294808,0.0,0.0001,0.14397026114165784,0.28343648836016655,0.42600107491016387,0.00020087711272935848,0.14639129973948,3.8582184523809215,33.37283147161067,12.14516129032258
289,router_only,-13180.842666447163,1.0,0.2786108568310738,0.8890278816223145,0.7263698965311051,0.005457760614808649,0.007171396756166315,0.19853673055768012,-0.004906134870543611,0.0,0.0001,0.1444260522723198,0.2800584562122822,0.42911657616496085,0.0002152807926904643,0.1461836311966181,4.068037559807305,33.90140672610762,11.575268817204302
290,router_only,-13247.66028380394,1.0,0.2793521024286747,0.8889460891485215,0.7232209280133247,0.005419196002185345,0.006123307432062519,0.17710498571395875,-0.00450442035071319,0.0,0.0001,0.14582967460155488,0.2807314172387123,0.42605492249131205,0.00022228740344871768,0.14716169498860837,4.428159416117828,33.74191473444318,11.736559139784946
291,router_only,-13201.794880211353,1.0,0.28324353843927386,0.8871630892157555,0.7220261186361313,0.005491548648569733,0.008403922357683818,0.17622780688107015,-0.003985734014713671,0.0,0.0001,0.14591431766748428,0.2847841642796993,0.4224336877465248,0.00028686095320153984,0.14658097103238105,4.117933663596642,33.668611049524735,11.543010752688172
292,router_only,-13746.212089300156,1.0,0.2822947189211845,0.8874817296862603,0.721383498609066,0.0054987279814668,0.012320060256752257,0.18263054303824902,-0.0037174993460212134,0.0,0.0001,0.14406216964125634,0.2805263720452785,0.428170395642519,0.00023677184362895786,0.14700429402291776,4.0805996026561955,33.645636658166076,12.086021505376344
293,router_only,-13669.84941726923,1.0,0.2845661543309689,0.8867965802550316,0.7212446838617325,0.005578195641282946,0.006905159835150737,0.17841080501675605,-0.0038434834069448697,0.0,0.0001,0.14280592575669288,0.283383659273386,0.4287222228944302,0.0002802367765980307,0.1448079574853182,4.076769074654398,33.955056555961846,11.973118279569892
294,router_only,-13658.888772964478,1.0,0.28249540850520133,0.8883232101798058,0.7216166630387306,0.00546322634909302,0.006182533588071254,0.1733898028731346,-0.00384771527023986,0.0,0.0001,0.14459810517728328,0.2809575110673904,0.42805710434913635,0.0003230084101232933,0.14606427326798438,3.9496863151333272,33.77399266776807,12.06989247311828
295,router_only,-13877.715631783009,1.0,0.2870610572397709,0.886330658197403,0.7170045584440231,0.005550627666525543,0.00949326050103988,0.18313734345138072,-0.003893472073104931,0.0,0.0001,0.14317929670214652,0.27795740514993666,0.4277293883264065,0.00034464605669199956,0.1507892657071352,4.083679006031702,33.55123061116834,12.225806451612902
296,router_only,-13218.104660391808,1.0,0.2888146847486496,0.8853855416178703,0.7152060300111771,0.005546226585283876,0.002999392135825485,0.17222108207643033,-0.0035853756024152974,0.0,0.0001,0.1433962970972061,0.27922374978661535,0.4272350110113621,0.0003609963398048421,0.14978394620120525,4.082228599008661,33.989313034986644,11.725806451612904
297,router_only,-13723.589634656906,1.0,0.28494181782007216,0.8877534970641137,0.7178571403026581,0.005462984624318779,0.003794779386225816,0.1698283629491925,-0.003904281897121109,0.0,0.0001,0.14419498816132545,0.2781618915498257,0.42832896411418914,0.0003657424898847239,0.14894841536879538,4.067520788092847,33.83074209870013,12.010752688172042
298,router_only,-13645.846344828606,1.0,0.28737705051898954,0.8859225198626518,0.7181415215134621,0.005570710636675358,0.01854875749231726,0.20049994848668576,-0.004362842050613836,0.0,0.0001,0.14119976945221424,0.27188273295760157,0.43357703909277917,0.0004329961826442741,0.15290746688842774,4.238654032673903,33.337345746929834,12.0
299,router_only,-13714.28642296791,1.0,0.28414117023348806,0.8873205125331879,0.7188130050897599,0.005590602965094149,0.004211798263713695,0.17090371623635292,-0.004072192697003629,0.0,0.0001,0.1404258195310831,0.2710284568369389,0.43568293675780295,0.00041030213324120266,0.15245248638093473,4.062847015590604,33.95765057630032,12.123655913978494
300,router_only,-13369.7092923522,1.0,0.2854849614202976,0.8857989862561226,0.7165423765778541,0.005776769830845296,0.00530874889736877,0.1701533067971468,-0.003807597199192969,0.0,0.0001,0.13798576332628726,0.2734936885535717,0.43552068546414374,0.00035823847792926244,0.15264163240790368,3.9820367421161675,33.79754237472117,11.78494623655914
301,router_only,-13879.147293508053,1.0,0.28406350016593934,0.8866577178239823,0.7172763496637344,0.005611730623058975,0.016636604473023904,0.18560683764517308,-0.004275504509132588,0.0,0.0001,0.1417176779359579,0.2780137829482555,0.42972052097320557,0.000424528558505699,0.15012349151074886,3.6994683310609946,34.18465597290734,12.220430107526882
302,router_only,-13096.315101742744,1.0,0.28580102548003194,0.8861332759261131,0.7169580847024918,0.005387101601809263,0.011796600421075687,0.1719338122755289,-0.004753016115137143,0.0,0.0001,0.14451180323958396,0.2721154816448689,0.4309376791119576,0.00048131395305972546,0.15195372179150582,4.06334871111734,34.16805043945814,11.46774193548387
303,router_only,-13524.88148111105,1.0,0.2870145052671432,0.8855088591575623,0.7138765692710877,0.005352249264251441,0.007820444934623066,0.18035906329751014,-0.0038758700495918675,0.0,0.0001,0.14560850113630294,0.274923238158226,0.4289020270109177,0.0004870825730904471,0.15007915198802949,3.969598796203884,34.01542357575033,11.956989247311828
304,router_only,-13700.006341576576,1.0,0.2851450338959694,0.887247097492218,0.7141167983412743,0.005329276970587671,0.006238570300047231,0.17498211562633514,-0.004044154521398014,0.0,0.0001,0.14531773701310158,0.2720947161316872,0.430197786539793,0.0005577064897806849,0.15183205269277095,4.010288813251309,33.87787075835792,12.03763440860215
305,router_only,-13177.309625327587,1.0,0.2880138851702213,0.8863407522439957,0.7134473025798798,0.005469420249573887,0.004186571278114526,0.17477692775428294,-0.004623000803258037,0.0,0.0001,0.143234009295702,0.2726603254675865,0.43054612576961515,0.0005481512314872816,0.153011392429471,4.051479351306776,34.024057395083695,11.553763440860216
306,router_only,-13709.531827151775,1.0,0.29206395521759987,0.8844474524259567,0.7123389929533005,0.005289020936470479,0.01622878281268635,0.18176347874104976,-0.0041744174261111764,0.0,0.0001,0.148273903504014,0.2745645150542259,0.4224317349493504,0.0006387138382706326,0.1540911380201578,3.9175566283351184,33.91957162375915,12.10752688172043
307,router_only,-13740.051910698414,1.0,0.29006363824009895,0.8849978223443031,0.7148283451795578,0.005401947337668389,0.00473346940198095,0.181351225823164,-0.004391197383483814,0.0,0.0001,0.14641235135495662,0.2740593306720257,0.42304226085543634,0.0006693845905829221,0.1558166742324829,4.053645541949584,33.71045040963609,12.064516129032258
308,router_only,-13611.122464120388,1.0,0.288863181322813,0.885153841972351,0.7151715591549873,0.005537450790870935,0.0067461982405802425,0.18457438610494137,-0.004387443020095816,0.0,0.0001,0.1435572702437639,0.27489818558096885,0.4255765058100224,0.0005567698062804993,0.15541127175092698,4.086899506094871,33.762719953076065,11.887096774193548
309,router_only,-13324.97628313303,1.0,0.2908428519964218,0.8841198146343231,0.7153800085186959,0.0056316281203180555,0.005372901748341996,0.1787063840776682,-0.0036001426181428544,0.0,0.0001,0.14218241199851037,0.2775769829750061,0.4253351390361786,0.000564425020274939,0.154341047629714,4.217432768849646,33.862503077947444,11.661290322580644
310,router_only,-13145.364291965961,1.0,0.2894090712070465,0.8848424017429352,0.7121542781591416,0.005720940488390625,0.0046651892931549865,0.17915994115173817,-0.003829133072940749,0.0,0.0001,0.14128291085362435,0.27990957647562026,0.424698194861412,0.00048773762755445206,0.15362158454954625,4.0623498577424755,33.7142405191276,11.580645161290322
311,router_only,-13472.826319158077,1.0,0.291535434871912,0.8843032285571099,0.7128214567899704,0.00583219607360661,0.009692831603751973,0.18298630639910698,-0.004068674379232107,0.0,0.0001,0.13852127362042665,0.2793900050222874,0.42951293140649793,0.000519412360881688,0.15205637291073798,4.074412028013683,34.06630713871186,11.731182795698924
312,router_only,-13526.708265900612,1.0,0.2901675537228584,0.885209558904171,0.7120600655674935,0.005735339119564742,0.0067336533189517826,0.1844514161348343,-0.0042924636887619275,0.0,0.0001,0.14081131257116794,0.27946377024054525,0.4261697344481945,0.0004957882490998599,0.15305940099060536,4.045677350819103,33.359112799881295,11.870967741935484
313,router_only,-13596.289456605911,1.0,0.28565599471330644,0.8875989779829979,0.7155942544341087,0.005706133414059877,0.008452741406654224,0.1789911150932312,-0.004091803915798664,0.0,0.0001,0.14000964779406785,0.2782960392534733,0.4303961075842381,0.00043066628568340094,0.1508675504475832,4.041712628036761,33.294063220150676,11.870967741935484
314,router_only,-13305.898112356663,1.0,0.2883614882826805,0.8870240196585655,0.7119783103466034,0.005866300174966454,0.008621009938360685,0.17707256302237512,-0.00414673688064795,0.0,0.0001,0.13877048697322608,0.2825419992208481,0.4273304633796215,0.00042496385722188277,0.1509320929646492,4.067581227600829,33.79305927303117,11.688172043010752
315,router_only,-13272.315313518047,1.0,0.29008457213640215,0.8852384880185127,0.7105003535747528,0.005899657146073878,0.005346300295059325,0.17535287290811538,-0.00427108137992036,0.0,0.0001,0.13868668787181376,0.28165454119443895,0.4256397195160389,0.0004138140349823516,0.15360524244606494,4.048512825549327,33.61944292865704,11.661290322580644
316,router_only,-13767.953858852386,1.0,0.29128862395882604,0.8845020607113838,0.7139807343482971,0.005774448753800243,0.006060229985450849,0.1818923469632864,-0.004828446191095281,0.0,0.0001,0.14065187610685825,0.28271946534514425,0.4246807023882866,0.0003516974284138996,0.15159625858068465,4.378966351217088,33.7147158950434,12.150537634408602
317,router_only,-13497.600635111332,1.0,0.2926452666521072,0.8838436499238014,0.7118399903178215,0.00587208973011002,0.005126188410213256,0.17887214496731757,-0.0035466761684801893,0.0,0.0001,0.14016641788184642,0.2850966230034828,0.4226030632853508,0.0003736674152605701,0.15176022201776504,4.0618516384097525,34.09535014901738,11.924731182795698
318,router_only,-12987.43419265747,1.0,0.2905609741806984,0.884798389673233,0.711267739534378,0.005927782657090574,0.0037190852592174917,0.1874341405928135,-0.0044398734084097665,0.0,0.0001,0.13877713344991208,0.2846520997583866,0.4244086243212223,0.00034793814847944304,0.15181420929729939,3.992165197815012,33.78536248000793,11.435483870967742
319,router_only,-13126.76669549942,1.0,0.288278142362833,0.8860339358448982,0.7123468399047852,0.006130496668629348,0.009195210436519097,0.1898422311991453,-0.005009644689152992,0.0,0.0001,0.1357369503006339,0.28742400407791135,0.42622037455439565,0.00036188808117003645,0.15025678649544716,3.8602906099060537,34.230535151127775,11.489247311827958
320,router_only,-13075.47065293789,1.0,0.2867491640150547,0.8862921893596649,0.7148949325084686,0.006020168517716229,0.0040192977285186835,0.18709843680262567,-0.004058950784201443,0.0,0.0001,0.13735933937132358,0.2862574629485607,0.42544050961732865,0.0002986420822708169,0.15064404308795928,4.316293708312848,33.71665172362268,11.456989247311828
321,router_only,-13350.129896461964,1.0,0.28503213301301,0.8873875826597214,0.7163749217987061,0.005940291902516037,0.0029585575750388114,0.17728834897279738,-0.003674549821880646,0.0,0.0001,0.13831635657697916,0.2861296236515045,0.425955194234848,0.00030622305457654874,0.14929260760545732,4.217407078479585,33.83634617405189,11.779569892473118
322,router_only,-13178.956997096539,1.0,0.29073386266827583,0.8844938576221466,0.7158403500914574,0.005771726148668677,0.01251424322144885,0.18541409745812415,-0.004391954849779722,0.0,0.0001,0.14258404150605203,0.2868540666997433,0.4196980714797974,0.0003349034523125738,0.15052891969680787,4.143329964190193,34.02066726301005,11.629032258064516
323,router_only,-13694.751175403595,1.0,0.2902324251830578,0.8844503849744797,0.7169885784387589,0.005840460618492216,0.012126573094428755,0.1834443099796772,-0.004721793501084903,0.0,0.0001,0.1396734844893217,0.2853782713413239,0.4257613569498062,0.00032007650515879503,0.14886681139469146,4.270422192285292,33.65444034467557,12.032258064516128
324,router_only,-13391.888157486916,1.0,0.28790967389941213,0.8857171654701232,0.7184371903538704,0.005701958411373198,0.009315751090252927,0.18816707693040371,-0.004551905844346038,0.0,0.0001,0.14127746187150478,0.28072039857506753,0.4266518071293831,0.0003644510154117597,0.15098588764667512,4.013416456071953,33.528751419118855,11.768817204301076
325,router_only,-13322.571867287159,1.0,0.2879421919584274,0.8859438970685005,0.716458135843277,0.005912003468256444,0.009562083489436135,0.17220701836049557,-0.004261294880825517,0.0,0.0001,0.13788728397339584,0.2838592633605003,0.42829398065805435,0.0003634526681707939,0.14959601871669292,4.110081942847918,33.78865887794215,11.763440860215054
326,router_only,-13281.167003512383,1.0,0.28452393785119057,0.8876096263527871,0.7181396797299385,0.005710358044598252,0.015970399312936943,0.19036632627248765,-0.0045705371449003,0.0,0.0001,0.14266192428767682,0.2870698243379593,0.42220897004008295,0.00034090545268554705,0.1477183785289526,4.094289707453521,33.79738308687503,11.731182795698924
327,router_only,-13571.941175162792,1.0,0.2884803771972656,0.8853616207838059,0.7143103614449501,0.005846892250701785,0.0150640974410635,0.174312661960721,-0.004402493753332237,0.0,0.0001,0.13963223919272422,0.2825955040752888,0.42534262537956236,0.00031285861441574523,0.15211676843464375,3.9956281952191626,33.90229493232385,12.010752688172042
328,router_only,-13145.48563081026,1.0,0.2868688486516476,0.886211059987545,0.7163002133369446,0.005766076839063316,0.010432133600261278,0.1781082134693861,-0.003712026547009373,0.0,0.0001,0.14232629388570786,0.28509269207715987,0.4210742563009262,0.00033768521570891606,0.15116907320916653,4.358386874417801,33.91086225713387,11.623655913978496
329,router_only,-12976.40728878975,1.0,0.2874580308794975,0.8863251820206642,0.7171177059412003,0.005768141837324947,0.0018165126228268714,0.18210799433290958,-0.00433494837852777,0.0,0.0001,0.1422428462654352,0.2846367657184601,0.42070537656545637,0.0003467935290245805,0.15206822380423546,4.039845063591984,33.340310118336255,11.46236559139785
330,router_only,-12988.324823915958,1.0,0.2869777627289295,0.8864764541387558,0.7188751041889191,0.005691229086369276,0.004034379058430159,0.1784883052110672,-0.003715294737776276,0.0,0.0001,0.1436803612858057,0.2851350709795952,0.4189656861126423,0.0004281601359252818,0.15179072208702565,4.382734980801187,33.6639945495414,11.451612903225806
331,router_only,-13296.551076292992,1.0,0.28801521435379984,0.8857873827219009,0.7142905786633491,0.005923543102107942,0.008350388034159606,0.1796558365225792,-0.00418248623227555,0.0,0.0001,0.14094531387090684,0.28929836452007296,0.41811793148517606,0.0004400632569740992,0.15119833275675773,4.313202159103604,33.75478622179664,11.618279569892472
332,router_only,-13088.207020759583,1.0,0.2893247060477734,0.8855836495757103,0.7137061089277268,0.005888665036763996,0.0038026124311728304,0.18395455107092856,-0.0048890154779655855,0.0,0.0001,0.1408937696367502,0.28744859918951987,0.41946622356772423,0.0004831425212614704,0.1517082642763853,4.0015311285502975,34.01624537475405,11.569892473118278
333,router_only,-13486.794410169125,1.0,0.2928230196237564,0.8838510677218437,0.707600562274456,0.0063043712638318535,0.01217131647281346,0.1806714605540037,-0.003915894585952628,0.0,0.0001,0.13480811193585396,0.2907477393746376,0.42109247520565984,0.0004862396810494829,0.15286543406546116,4.124377830756823,33.44979244508578,11.96774193548387
334,router_only,-13642.566374659538,1.0,0.29008333161473276,0.8845504716038703,0.7082764267921448,0.00636984045850113,0.0039647609759413,0.18742362409830093,-0.0040985565101436805,0.0,0.0001,0.1343543453142047,0.29273012056946757,0.42065052390098573,0.0004726387560367584,0.15179237313568592,4.156771368740218,33.45781420753575,12.021505376344086
335,router_only,-13109.138782083988,1.0,0.2902547962963581,0.8851031839847565,0.7045537739992142,0.006587537680752575,0.007951887987292138,0.20362381227314472,-0.005023963193889358,0.0,0.0001,0.1318387348204851,0.2943838767707348,0.41920761913061144,0.0004552102538582403,0.15411456115543842,4.0977684303916835,34.075425848781,11.413978494623656
336,router_only,-13116.22359341383,1.0,0.29185530096292495,0.8840369820594788,0.70585096180439,0.006490575277712196,0.0083578832745843,0.18786477595567702,-0.004781634452956496,0.0,0.0001,0.13432395104318856,0.2960776053369045,0.4162886343896389,0.00035738167935051024,0.15295243598520755,4.124710861431752,33.20050407324189,11.521505376344086
337,router_only,-13551.229460000992,1.0,0.29350627958774567,0.8826377689838409,0.6995675429701805,0.006826650560833513,0.009643290327949222,0.18149965032935142,-0.003994480316760018,0.0,0.0001,0.13030740339308977,0.2989442504942417,0.41548353135585786,0.0004176547772658523,0.15484715737402438,4.292292553191625,33.70069268344892,11.849462365591398
338,router_only,-12828.700188398361,1.0,0.28953600078821184,0.8851138532161713,0.7029563829302787,0.006753521005157382,0.0064752341731946165,0.18109181746840478,-0.004719564837796497,0.0,0.0001,0.1307800490409136,0.29943118020892145,0.41776157543063164,0.0003957117445679614,0.15163148567080498,4.268879644618629,33.25773016364301,11.306451612903226
339,router_only,-13019.782687664032,1.0,0.28722101598978045,0.8855247214436531,0.7068917512893677,0.006385977112222463,0.010193626124237238,0.1778884068131447,-0.004230799433571519,0.0,0.0001,0.13492074739187956,0.2943432189524174,0.4183038674294949,0.00038685774670739194,0.15204530619084836,4.130727520807665,33.63356771108985,11.53763440860215
340,router_only,-13269.466752767563,1.0,0.28797476887702944,0.8854268297553063,0.7065109878778457,0.006546268949750811,0.012553409957399692,0.18058460541069507,-0.004190504536018125,0.0,0.0001,0.13542053438723087,0.30007406547665594,0.4121221452951431,0.00043292795089655556,0.15195032209157944,4.079829979272999,33.62786285631208,11.779569892473118
341,router_only,-12945.735150694847,1.0,0.29011972770094874,0.8841656073927879,0.7087926626205444,0.006182062323205173,0.014549167102086374,0.19619964845478535,-0.004283288582519163,0.0,0.0001,0.13905576169490813,0.29279948621988294,0.4140512689948082,0.00045482895293389445,0.15363865792751313,4.201939349665372,33.511016560378444,11.403225806451612
342,router_only,-13450.408185780048,1.0,0.2869672827422619,0.8859930068254471,0.7062801584601403,0.006350152858067304,0.005060596673865769,0.1934240721166134,-0.004381569537508767,0.0,0.0001,0.13654358200728894,0.2939723379909992,0.41530990675091745,0.0004367084860859904,0.15373746491968632,4.091962578376205,33.99565849935263,11.806451612903226
343,router_only,-13351.315569639206,1.0,0.2854036889970303,0.8863173961639405,0.7082155033946037,0.006411400821525604,0.007063444938103175,0.18519231751561166,-0.003782263825996779,0.0,0.0001,0.13429208882153035,0.29269210919737815,0.4186220206320286,0.0004401546138979029,0.1539536278694868,4.350079850505349,33.59130755071175,11.741935483870968
344,router_only,-13077.706044912338,1.0,0.28613278567790984,0.8860511690378189,0.7072935596108436,0.006456302769947797,0.002573344399206695,0.1755157731473446,-0.0048316927292034965,0.0,0.0001,0.1341547878459096,0.29397878125309945,0.4176915265619755,0.00034089974033122414,0.15383400544524192,4.272426172944761,33.6749890782394,11.559139784946236
345,router_only,-13200.21079659462,1.0,0.2915578559041023,0.8839837372303009,0.7058277115225792,0.006528924452140927,0.006491132347946399,0.18924164213240147,-0.004783037859306205,0.0,0.0001,0.134127227216959,0.2939880885183811,0.4144735217094421,0.0003537442498782184,0.1570574205368757,4.094289085268089,33.83067405003666,11.639784946236558
346,router_only,-13413.24000698328,1.0,0.2932239294052124,0.8834710538387298,0.7062125951051712,0.0064921100623905655,0.0036276750513934363,0.18139192536473275,-0.004656693748256657,0.0,0.0001,0.13517230488359927,0.29370763525366783,0.4129401370882988,0.0003683004739286844,0.1578116238117218,4.235734580543836,33.399733930478845,11.704301075268818
347,router_only,-13435.307523548603,1.0,0.2941412515938282,0.8824195116758347,0.7076326683163643,0.006434357294347137,0.012778638874806337,0.19320520013570786,-0.003981394413858652,0.0,0.0001,0.13359830901026726,0.29110877513885497,0.41928997486829755,0.00040778092698019465,0.15559515915811062,4.011754210565308,33.62587735195832,11.870967741935484
348,router_only,-13148.323854863644,1.0,0.2926568746566772,0.8831267461180687,0.7056768074631691,0.006530087126884609,0.0060794611374149045,0.19276808388531208,-0.004242983838776126,0.0,0.0001,0.13350358102470636,0.2940696954727173,0.4163608990609646,0.000391854295230587,0.15567396953701973,4.307241065916759,33.41116689546015,11.569892473118278
349,router_only,-13506.92230385542,1.0,0.29224513173103334,0.8840236559510231,0.7034020736813545,0.006549501640256495,0.0011923198249860101,0.18821945302188398,-0.004791352190659381,0.0,0.0001,0.1331703443080187,0.29381935074925425,0.4167059242725372,0.00037927858720649966,0.1559251070022583,4.16859924297896,33.30602847264098,11.956989247311828
350,router_only,-13433.137710750103,1.0,0.29690003842115403,0.8820376604795456,0.7026842623949051,0.006400351028423757,0.008191526073278494,0.18571693822741508,-0.004525901842862367,0.0,0.0001,0.13645701594650744,0.2945824198424816,0.41298900470137595,0.00042530021564743945,0.15554626286029816,4.115564923425773,33.60362836013309,11.940860215053764
351,router_only,-12772.251808404922,1.0,0.29542248547077177,0.88222054541111,0.6999711394309998,0.006609269161708653,0.007046570779857564,0.1891483198851347,-0.004339276454993523,0.0,0.0001,0.13401152342557907,0.2978776261210442,0.4132170811295509,0.0003688354670885019,0.15452493205666543,4.386474350074504,33.59210324448305,11.306451612903226
352,router_only,-12549.06046384573,1.0,0.2950783662497997,0.8826818645000458,0.7030105754733086,0.0061664038919843735,0.013984635798624395,0.1935330592095852,-0.004541100106871454,0.0,0.0001,0.1409929271787405,0.295270211994648,0.4102307252585888,0.0003797508939896943,0.153126385435462,4.160064783451806,33.47891436256978,11.150537634408602
353,router_only,-13267.175138652325,1.0,0.29666299000382423,0.8818707689642906,0.7025652259588242,0.005993956665042788,0.0065753362050600065,0.18649221248924733,-0.004598396045912523,0.0,0.0001,0.14255713000893594,0.2929255120456219,0.4119541898369789,0.0003538117998687085,0.15220935568213462,4.346279143304808,33.88514924150993,11.639784946236558
354,router_only,-12832.847116231918,1.0,0.2968637779355049,0.881968429684639,0.6998429641127586,0.006034105212893337,0.008647708267017168,0.20892390236258507,-0.004801951034460216,0.0,0.0001,0.1415163494646549,0.29508972689509394,0.41410166770219803,0.0003659756624983856,0.14892628453671933,4.084980120616943,34.08814670620469,11.333333333333332
355,router_only,-13306.93473136425,1.0,0.29758826792240145,0.8816243559122086,0.6998642891645431,0.005896313092671334,0.010459441009152231,0.1959334347397089,-0.005023822738439776,0.0,0.0001,0.14342862144112586,0.2907644174993038,0.41319725289940834,0.0003781220340897562,0.15223158299922943,4.216358815627617,33.868190807355056,11.779569892473118
356,router_only,-13259.195577561855,1.0,0.30087401568889616,0.8802053198218346,0.6966612353920937,0.006218449003063143,0.015208880881255032,0.19856172185391188,-0.00454084503944614,0.0,0.0001,0.13989670295268297,0.29833746403455735,0.41242228746414183,0.00040951887240225915,0.14893402941524983,4.179953835460404,34.0962140276321,11.741935483870968
357,router_only,-13105.223792254925,1.0,0.30136414617300034,0.8801557511091233,0.6998038843274117,0.0059734282898716625,0.011504187964965263,0.1918083332479,-0.004639276960733696,0.0,0.0001,0.14352688230574132,0.29435878098011015,0.4106488756835461,0.0004270046112651471,0.1510384574532509,4.235066356738574,33.316138653588474,11.580645161290322
358,router_only,-12678.662078917027,1.0,0.3048397809267044,0.8778890833258629,0.6926899731159211,0.006265836418606341,0.009909389714448491,0.19723692163825035,-0.005120153941970784,0.0,0.0001,0.13857218753546477,0.29593764021992686,0.41296377703547477,0.0004752791457576677,0.15205111727118492,4.470857619773539,34.05644531495882,11.182795698924732
359,router_only,-13266.650179684162,1.0,0.30206246823072436,0.8795889377593994,0.6932108938694,0.006222586520016194,0.006859941890070387,0.1851536139845848,-0.003737141122110188,0.0,0.0001,0.13793023601174353,0.29367221221327783,0.4163937471807003,0.0004017069742985768,0.15160209722816945,4.153863461970435,33.96040106834339,11.774193548387096
360,router_only,-13116.864983975887,1.0,0.3003642030060291,0.8797849893569947,0.692872978746891,0.00613324276637286,0.0096942192067218,0.199494618922472,-0.004937153012679119,0.0,0.0001,0.13896796964108943,0.28978895470499993,0.4154446370899677,0.00038696654701197986,0.15541147477924824,4.284311524588984,33.88023448448075,11.553763440860216
361,router_only,-13642.242989003658,1.0,0.3042514443397522,0.8784758359193802,0.6932980298995972,0.0062968941521830855,0.011043293888724343,0.20052300207316875,-0.005105754449868982,0.0,0.0001,0.13676923811435698,0.2943606093525887,0.4163338653743267,0.00044773061672458424,0.1520885594189167,4.19349978742069,33.54860662605704,12.016129032258064
362,router_only,-13117.247140288353,1.0,0.3001232773065567,0.8800712779164315,0.6952634230256081,0.006178618723060936,0.010290889151292493,0.1889069128781557,-0.0046941492550104155,0.0,0.0001,0.1365043196827173,0.29026693254709246,0.421479307115078,0.00044420752783480566,0.15130523033440113,4.138802519181764,33.76310996934686,11.46236559139785
363,router_only,-13389.903068125248,1.0,0.2990848831832409,0.8797722041606904,0.7019177362322807,0.005909169581718743,0.010097031408440727,0.1846304837614298,-0.004174777514708694,0.0,0.0001,0.14117210060358049,0.2882174551486969,0.4185086958110332,0.00041578270465834064,0.1516859672963619,4.207157360818749,33.60931359675834,11.779569892473118
364,router_only,-13187.9531737566,1.0,0.29644775316119193,0.8808645009994507,0.7051292151212692,0.005879255733452738,0.003972680326842226,0.1865454200655222,-0.004634724323113915,0.0,0.0001,0.1408936135470867,0.288510075956583,0.42019461318850515,0.00042358329519629476,0.14997811280190945,4.1684550319615346,33.72737325114432,11.688172043010752
365,router_only,-13528.729072928429,1.0,0.29241078570485113,0.8827582538127899,0.7077467828989029,0.005636397283524275,0.009937184244336155,0.1869818527251482,-0.004306360299233347,0.0,0.0001,0.14358152113854886,0.28426426500082014,0.42246678844094276,0.00043209738651057706,0.1492553364485502,4.109786636343949,33.56484807397718,12.021505376344086
366,router_only,-13403.749510645866,1.0,0.2880850866436958,0.8851644933223725,0.7112588718533516,0.00568912421585992,0.004739485742175059,0.19063855707645416,-0.004165990982255607,0.0,0.0001,0.1429053232073784,0.2861388631165028,0.4229619286954403,0.0004019306696136482,0.14759195372462272,4.007111662463697,33.80515761849978,11.82258064516129
367,router_only,-13226.330164849758,1.0,0.2886022664606571,0.8850552514195442,0.7070993408560753,0.005884190346114338,0.009359172045515157,0.18981609605252742,-0.004408858690021588,0.0,0.0001,0.13941147327423095,0.28495312556624414,0.4242980480194092,0.0004374606847704854,0.1508998889476061,4.24892856701019,34.01048880955358,11.612903225806452
368,router_only,-13379.920835018158,1.0,0.288438693434,0.8856592774391174,0.7091107293963432,0.005675359675660729,0.00813941293527023,0.18212637007236482,-0.0050235679616889685,0.0,0.0001,0.14268341213464736,0.28571666181087496,0.42385606840252876,0.0004716943250969052,0.14727216437458993,4.1924730470931255,33.744907339299054,11.774193548387096
369,router_only,-13307.0413428545,1.0,0.29110602885484693,0.8844217747449875,0.7081214740872384,0.005692742462269962,0.008218077152196218,0.18148326985538005,-0.004940675419493346,0.0,0.0001,0.1431015832349658,0.2842523902654648,0.4212609834969044,0.0004220129678287776,0.15096303261816502,4.163441947859672,33.480254407161226,11.736559139784946
370,router_only,-12846.221652626991,1.0,0.2902998305857182,0.8849665895104408,0.7064287945628166,0.005766468960791827,0.005770274057795161,0.18626756668090821,-0.004961924014787655,0.0,0.0001,0.14183729887008667,0.28639782294631005,0.4219418868422508,0.00048081368731800467,0.14934217967092991,4.291416912181298,33.782241661589396,11.268817204301076
371,router_only,-13100.026495397091,1.0,0.2877093993127346,0.8852833077311516,0.7076459243893624,0.005641466192901135,0.004867139793350378,0.18963044099509715,-0.004521420411765576,0.0,0.0001,0.14343937002122403,0.2839774012565613,0.42231988087296485,0.00046766121522523463,0.14979568012058736,4.128998886922975,33.980640200771106,11.586021505376344
372,router_only,-12915.191550195217,1.0,0.2888734690845013,0.8850008487701416,0.7062505006790161,0.005734101531561464,0.008172786870636611,0.18816810585558413,-0.004603245967882685,0.0,0.0001,0.14356559738516808,0.28580888286232947,0.41825575232505796,0.0004454023433936527,0.15192437060177327,4.250349196512143,33.65389374219945,11.440860215053764
373,router_only,-13214.13427233696,1.0,0.28855885937809944,0.8854903131723404,0.7072629690170288,0.005723033170215786,0.010375147329978051,0.18205070905387402,-0.0046114354765450115,0.0,0.0001,0.14543272145092487,0.2870094679296017,0.413068176060915,0.000460629857116146,0.15402900502085687,4.338113083625458,34.024183554703804,11.618279569892472
374,router_only,-13387.566571235657,1.0,0.288726557046175,0.8852491915225983,0.7072029873728752,0.005782452400308102,0.00993555268432827,0.18707355596125125,-0.004293080691422801,0.0,0.0001,0.14330283217132092,0.2841880410909653,0.4166549116373062,0.0004441681143362075,0.15541004426777363,4.204935562831101,34.23499289682522,11.779569892473118
375,router_only,-12804.818478822708,1.0,0.2869995892047882,0.8866440951824188,0.7086899369955063,0.00564098097383976,0.005526390227169026,0.18585497699677944,-0.0042911504813673675,0.0,0.0001,0.1452689602971077,0.2815192088484764,0.41659468188881876,0.00041003819424076935,0.1562071144580841,4.275449000365809,33.72508474111348,11.252688172043012
376,router_only,-13632.304060459137,1.0,0.28678721338510516,0.8864537328481674,0.7027449280023574,0.0059345807763747874,0.011246836780628666,0.19391603618860245,-0.005234199839469511,0.0,0.0001,0.14174497164785863,0.2849353887140751,0.4144952490925789,0.0004919705890642945,0.15833241753280164,4.043393404470233,34.152532914553504,11.946236559139784
377,router_only,-13417.980619847775,1.0,0.28331790789961814,0.8880367010831833,0.7041345134377479,0.005893713422119617,0.001514680856053041,0.19123283736407756,-0.004280339374236064,0.0,0.0001,0.14250176548957824,0.28467891216278074,0.4140536241233349,0.0004925187517073937,0.15827318020164965,4.26043946386471,34.03473941671291,11.74731182795699
378,router_only,-12548.702125251293,1.0,0.28402816206216813,0.887885145843029,0.7023514300584793,0.005951872281730175,0.004618746457708817,0.19033097773790358,-0.004773041213957186,0.0,0.0001,0.14249768294394016,0.2861170247197151,0.4117483340203762,0.0005038805575168226,0.15913307964801787,4.237820757705403,34.035161056665125,10.983870967741934
379,router_only,-13137.019036412239,1.0,0.28784063309431074,0.8862067773938179,0.7008744940161705,0.00600633027497679,0.006197851720207853,0.19280984103679658,-0.0047491958819591675,0.0,0.0001,0.14246709011495112,0.2849722273647785,0.4098247967660427,0.0005987855045532342,0.1621370989829302,4.158559194982173,33.69058747825582,11.586021505376344
380,router_only,-13018.472365379333,1.0,0.2843121811747551,0.8871118947863579,0.701105086505413,0.006190068961586803,0.01191382878459989,0.18968438655138015,-0.004494795919163153,0.0,0.0001,0.14161336682736875,0.2909291423857212,0.40682569667696955,0.00048650241442373956,0.16014529168605804,4.367546925264335,33.94748679397032,11.526881720430108
381,router_only,-13162.735568344593,1.0,0.28622241914272306,0.8853302612900734,0.7002466544508934,0.006224290817044675,0.003297152375307677,0.19677503667771817,-0.004723383018063032,0.0,0.0001,0.14179328158497811,0.2920006915926933,0.405214449763298,0.00044917202030774205,0.1605424027889967,3.8743642862824834,34.11540915782297,11.580645161290322
382,router_only,-13429.069412589073,1.0,0.2882260672748089,0.8856491521000862,0.6978044435381889,0.006324502069037408,0.007435897043251277,0.18935304470360279,-0.0052654330043878875,0.0,0.0001,0.14177406802773476,0.2916132710874081,0.4019541949033737,0.0003981127683800878,0.16426035165786743,4.284081151594194,33.37267188134349,11.736559139784946
383,router_only,-13327.521332025528,1.0,0.28791485354304314,0.8850867509841919,0.6959531173110008,0.006506322661880404,0.006988458551859339,0.19852232187986374,-0.005225333992348169,0.0,0.0001,0.14026099108159543,0.29390936717391014,0.3999832049012184,0.0003879499599861447,0.16545848436653615,4.468834972799883,33.698814916170925,11.741935483870968
384,router_only,-12680.40067923069,1.0,0.2899287581443787,0.8839701592922211,0.6937817424535752,0.006654509354848415,0.006044711291906391,0.18969451300799847,-0.005024681359100214,0.0,0.0001,0.13867400772869587,0.29314637258648873,0.3993150383234024,0.0003837424977973569,0.1684808436781168,4.387137408943875,33.95046052012795,11.155913978494624
385,router_only,-13542.713852107525,1.0,0.2861716724932194,0.8853269621729851,0.6957145079970359,0.006646191887557507,0.005286693145171767,0.18568744771182538,-0.004471803935666685,0.0,0.0001,0.13936055786907672,0.29510316625237465,0.3984371855854988,0.0003586549581086729,0.16674043461680413,4.173318651891473,34.35761369626125,11.930107526881722
386,router_only,-13582.138909578323,1.0,0.2865945383906364,0.8849839970469475,0.6982246190309525,0.006693332444410771,0.002713027242498328,0.19721155613660812,-0.004740583109014551,0.0,0.0001,0.13914121463894844,0.2952959880232811,0.3973000176250935,0.00039682690876361446,0.16786595694720746,4.078443497825882,34.233089076731645,11.946236559139784
387,router_only,-13480.200133860111,1.0,0.2874495603144169,0.8846976324915886,0.6991211608052254,0.006604647089261562,0.011482019917821162,0.2006426177918911,-0.004613205441273749,0.0,0.0001,0.13761916235089303,0.292893934994936,0.4030410245060921,0.00036573842080542816,0.16608013771474361,4.241702556206714,34.18134650547326,11.833333333333334
388,router_only,-13472.950322329998,1.0,0.28828672915697096,0.8842861384153367,0.6959490150213241,0.006862899998668581,0.01299156564382432,0.2030167229473591,-0.005067353864433244,0.0,0.0001,0.13669451605528593,0.29938972145318987,0.3985352262854576,0.0003601709828217281,0.16502037048339843,4.185469882855421,33.72387739119715,11.774193548387096
389,router_only,-12696.100079476833,1.0,0.2873019345104694,0.8850916415452957,0.6975479334592819,0.006612262350972742,0.010094363969983556,0.18985511884093284,-0.004162234102841467,0.0,0.0001,0.13812731113284826,0.2965345337986946,0.402149610966444,0.0003409492474020226,0.1628475956618786,4.324373849889215,33.76516305545756,11.236559139784946
390,router_only,-12767.245251953602,1.0,0.28952751085162165,0.8843032225966454,0.6941361740231514,0.006849345937371254,0.011596142695998452,0.2009267020970583,-0.004867841272334772,0.0,0.0001,0.1375413266941905,0.29851615279912946,0.39695693403482435,0.00032154103464563375,0.16666404977440835,4.339625097915148,33.56786040930835,11.188172043010752
391,router_only,-12964.289515793324,1.0,0.286155404150486,0.8858809605240822,0.6970070943236351,0.006722298602107912,0.00568964507729105,0.19948508813977242,-0.004680258508597035,0.0,0.0001,0.1400533728301525,0.29884892925620077,0.39493926987051964,0.0002949520701804431,0.16586348041892052,4.307448059111372,34.07511785296086,11.32258064516129
392,router_only,-13636.03216791153,1.0,0.2895082488656044,0.8843485847115516,0.6981465324759484,0.006765885697677732,0.010044505758924066,0.18747878074645996,-0.0038049497354222693,0.0,0.0001,0.13780234511941672,0.2998375028371811,0.3989318534731865,0.00033604624550207516,0.16309225372970104,4.033386208192933,34.045149221229096,11.940860215053764
393,router_only,-13476.266725182533,1.0,0.2903261385858059,0.8844803228974343,0.696951861679554,0.00677565261721611,0.005144651995215116,0.19431309290230275,-0.004769255078281276,0.0,0.0001,0.13799419887363912,0.30215414613485336,0.39849126264452933,0.0003998733365733642,0.16096051670610906,4.177162871833513,33.75512735559405,11.913978494623656
394,router_only,-13597.411423683167,1.0,0.2907526560127735,0.8836810499429703,0.6988101467490196,0.006524661660660058,0.01403173053986389,0.20384990908205508,-0.0049196588995982895,0.0,0.0001,0.1394171543419361,0.29513828083872795,0.40172595754265783,0.00048812056847964415,0.16323048435151577,4.15716375710254,34.42418888471138,11.89784946236559
395,router_only,-13384.305595457554,1.0,0.28709390461444856,0.885697728395462,0.7002634435892106,0.006511992320884019,0.010038038175844094,0.19431817755103112,-0.005270242782717105,0.0,0.0001,0.13763382323086262,0.29543365389108656,0.40644960328936575,0.0004098490338947158,0.1600730676203966,4.0049882062355255,33.63897801025813,11.78494623655914
396,router_only,-13503.358930945396,1.0,0.2881811998784542,0.8851733595132828,0.7014436587691307,0.006371871323790401,0.0045897970470832605,0.1879162982106209,-0.003974470269167796,0.0,0.0001,0.1396979957818985,0.29405917450785635,0.40552918910980223,0.0004552095218969043,0.16025843806564807,4.066997222278616,33.58566732236169,11.865591397849462
397,router_only,-13301.299393713474,1.0,0.2888264335691929,0.8850329875946045,0.7018992274999618,0.006557362934108824,0.00947945647567398,0.19514984562993049,-0.004580274437103071,0.0,0.0001,0.13889187518507243,0.29879890084266664,0.40241007432341575,0.0004451409127796069,0.15945401191711425,4.121314293278031,34.23432076180312,11.768817204301076
398,router_only,-13159.979386031628,1.0,0.29166681244969367,0.8838619634509086,0.6987653940916061,0.0066557983285747465,0.010463814409013112,0.19297896474599838,-0.004512454769792384,0.0,0.0001,0.13995935209095478,0.3029192164540291,0.39801096841692923,0.0004892559583822731,0.15862121097743512,4.31229556172486,34.24048373232759,11.60215053763441
399,router_only,-13450.52340054512,1.0,0.2886898696422577,0.8845701962709427,0.704048503935337,0.006285993091296405,0.016042120384372548,0.20335206910967826,-0.004805717723593261,0.0,0.0001,0.14199016578495502,0.2983286909759045,0.40400121435523034,0.000486479869869072,0.15519345179200172,4.23620321454925,33.729876317241676,11.811827956989248
400,router_only,-13196.90329182148,1.0,0.2931190423667431,0.8833523765206337,0.7001752153038978,0.006426402321085334,0.006764167570509005,0.2003335427492857,-0.004805801686597988,0.0,0.0001,0.14068993665277957,0.30171077623963355,0.40340462028980256,0.00047733947430970145,0.1537173330783844,4.312455042380081,34.42864018182013,11.60215053763441
401,router_only,-13413.81949031353,1.0,0.29547810181975365,0.8823258310556412,0.7004221633076668,0.006355514528695494,0.007388996595545904,0.19238498136401178,-0.0043830591617734175,0.0,0.0001,0.14295305050909518,0.3030982010066509,0.40084844529628755,0.0005212948097323533,0.15257900543510913,4.2949487781076465,34.24010822659324,11.75268817204301
402,router_only,-13277.336596667767,1.0,0.29031783789396287,0.8848566696047783,0.6987206488847733,0.006463575689122081,0.014795831246738039,0.1992029283195734,-0.004884671058971435,0.0,0.0001,0.1384646287187934,0.30024855509400367,0.4070865161716938,0.0004614466888597235,0.15373884998261927,4.001327517481671,33.54029053224504,11.758064516129032
403,router_only,-13882.233451843262,1.0,0.2908167190849781,0.8842054322361946,0.6989414140582084,0.0063436856027692555,0.008861696223902954,0.1924921490252018,-0.005113833888663067,0.0,0.0001,0.14121472053229808,0.3018320143222809,0.40481957942247393,0.0005587464911513962,0.15157494135200977,3.9576073988937246,34.21507924063549,12.268817204301074
404,router_only,-13462.370351612568,1.0,0.29211679846048355,0.8835282504558564,0.6978575885295868,0.006457220960874111,0.009521221945760805,0.1897753544151783,-0.004681149282259866,0.0,0.0001,0.14196289777755738,0.3040225669741631,0.40006713941693306,0.0005505752356839366,0.15339682213962078,3.7862999307207543,34.262171679299655,11.865591397849462
405,router_only,-13036.653384685516,1.0,0.28963810205459595,0.8847402334213257,0.6982679545879364,0.006366351724136621,0.0032063501050288547,0.19346013590693473,-0.005229456650704378,0.0,0.0001,0.14350357018411158,0.3036686725914478,0.3991798639297485,0.000613076861918671,0.15303481593728066,4.099834097191531,33.57337015730403,11.39247311827957
406,router_only,-13130.120060741901,1.0,0.2908217988908291,0.8840702116489411,0.6983401164412498,0.006256858026608825,0.002999646441458015,0.20517009794712066,-0.005045226845322759,0.0,0.0001,0.14488437809050084,0.30254547744989396,0.39885556548833845,0.000732089308439754,0.1529824834316969,4.042699417279743,33.7676208482037,11.596774193548388
407,router_only,-13602.051441788673,1.0,0.2931939855217934,0.8837019115686416,0.6972258031368256,0.006318695773370564,0.006358170686871717,0.20592166110873222,-0.006102912747883238,0.0,0.0001,0.14512063525617122,0.30187223479151726,0.3963543839752674,0.0007274328905623406,0.15592531636357307,4.200296181285497,33.754941945591824,11.924731182795698
408,router_only,-13120.471074819565,1.0,0.2946833573281765,0.883226191997528,0.6972490414977074,0.006278044963255525,0.006168501869251458,0.1919062603265047,-0.005277458356522402,0.0,0.0001,0.14416750334203243,0.30065274611115456,0.3994386367499828,0.0006242754592676647,0.1551168452948332,4.414393269051865,33.921119046183904,11.46774193548387
409,router_only,-13091.647362291813,1.0,0.2913832426071167,0.8849052667617798,0.7001635402441024,0.006347516621463001,0.006254730038926948,0.1961374070495367,-0.0045929675761726685,0.0,0.0001,0.14170246720314025,0.3005810767412186,0.40237169042229654,0.0008185814236639999,0.15452618040144445,4.146230834376221,34.23792833222707,11.397849462365592
410,router_only,-13169.767501950264,1.0,0.2940573364496231,0.8838571533560753,0.7034871280193329,0.0060482885572128,0.011013570068462247,0.18915497399866582,-0.004812167489944841,0.0,0.0001,0.14475716650485992,0.2950742930173874,0.4035062074661255,0.001000308175571263,0.15566202364861964,3.9300161429027836,33.80807533193136,11.596774193548388
411,router_only,-13218.238940536976,1.0,0.29378083273768424,0.883988331258297,0.6998046353459358,0.006188055640086532,0.007310809576301813,0.19525598622858525,-0.004313077313054236,0.0,0.0001,0.14435679130256177,0.2972178846597672,0.4002511776983738,0.0010547939076786862,0.15711935088038445,4.181489914280143,33.91928290354776,11.543010752688172
412,router_only,-12889.530528306961,1.0,0.29039274379611013,0.8852084472775459,0.7041070923209191,0.00618851063773036,0.008464957699470643,0.19680208079516887,-0.004838149882471043,0.0,0.0001,0.14480610452592374,0.30065626502037046,0.40059596449136736,0.0009067356717423536,0.15303493179380895,4.2452909409897925,33.819564701495445,11.311827956989246
413,router_only,-13704.358200669289,1.0,0.2927634947001934,0.8841388344764709,0.7009499534964562,0.006408173544332385,0.006927641680522345,0.19204326942563058,-0.004494941752636805,0.0,0.0001,0.14134228304028512,0.30129002779722214,0.4015454940497875,0.000990323189762421,0.15483187213540078,4.039674633147304,34.26826860544941,12.161290322580646
414,router_only,-13442.12530863285,1.0,0.29101771116256714,0.8844133496284485,0.7038581356406212,0.006060013140086085,0.00997949090524346,0.20222570821642877,-0.004818616400007159,0.0,0.0001,0.1456043142825365,0.2989042438566685,0.402271681278944,0.0009918497831677086,0.15222791023552418,4.0085385825563025,33.879502630692734,11.887096774193548
415,router_only,-13638.46070832014,1.0,0.28906380459666253,0.8849656388163567,0.7049813911318779,0.006128418585285544,0.004684282148082253,0.19840500503778458,-0.005024633489301778,0.0,0.0001,0.14503873512148857,0.3012463890016079,0.4021958649158478,0.0009598632692359388,0.15055915527045727,4.207731852137047,34.210610019281326,11.951612903225808
416,router_only,-13370.203037559986,1.0,0.2856640711426735,0.8867952510714531,0.706455908715725,0.006023036711849272,0.016425287131278284,0.20384752117097377,-0.004785757698118687,0.0,0.0001,0.14263234287500381,0.2968614771962166,0.4104085050523281,0.0009255405268049799,0.14917213506996632,3.967497556522983,34.57958430739518,11.650537634408602
417,router_only,-13373.228171944618,1.0,0.2860876560211182,0.8869409546256065,0.7051922112703324,0.006214249855838716,0.011331996911030772,0.1917423352599144,-0.004485212881991174,0.0,0.0001,0.14200883470475673,0.30252747535705565,0.40748211592435835,0.0008416378317633644,0.1471399363130331,4.233915438265825,34.06711318665624,11.741935483870968
418,router_only,-13066.589340209961,1.0,0.29032872766256335,0.8845454320311547,0.7038787409663201,0.00607056018197909,0.007526151480851712,0.1932747397571802,-0.004988766716269311,0.0,0.0001,0.14394949600100518,0.29990416318178176,0.4063423529267311,0.0009222292894264684,0.1488817598670721,4.021179742229532,33.64474310006615,11.397849462365592
419,router_only,-13156.47453290224,1.0,0.2927015766501427,0.8837121143937111,0.6997388601303101,0.006211683200672269,0.013874096493236709,0.20663815289735793,-0.005247884207346942,0.0,0.0001,0.14470691606402397,0.3060761585831642,0.4023479975759983,0.0009298609889810905,0.14593906588852407,4.314336344075119,34.121543688941976,11.586021505376344
420,router_only,-13281.914443850517,1.0,0.28815831169486045,0.8855954289436341,0.7027705654501915,0.006272664561402052,0.012774280944722678,0.19158450327813625,-0.004554388811811805,0.0,0.0001,0.14096906892955302,0.30342686623334886,0.407993046939373,0.000995602790499106,0.14661541618406773,4.180814272824164,34.01033299098685,11.67741935483871
421,router_only,-12657.531967699528,1.0,0.28976271450519564,0.8853021666407586,0.7008908867835999,0.0063331751967780296,0.007886388973565823,0.19688367433845996,-0.0048215447048278294,0.0,0.0001,0.13967209961265326,0.3008266635239124,0.40802172645926477,0.000949581409804523,0.15052993223071098,4.184543150280597,34.79229667157225,11.086021505376344
422,router_only,-13375.31865733862,1.0,0.28926978036761286,0.885459266602993,0.7028229922056198,0.006137116416357458,0.006432373689312954,0.19682208001613616,-0.004283283096447122,0.0,0.0001,0.14174327924847602,0.2979914978146553,0.4091667316854,0.0008369475763174705,0.15026154294610022,4.195995606023285,33.92998007498133,11.806451612903226
423,router_only,-12965.721508264542,1.0,0.2920033700764179,0.8838968753814698,0.7015778854489326,0.006358959467615932,0.007485737006209137,0.18992227539420128,-0.004611100324837025,0.0,0.0001,0.13922072537243366,0.2991505555808544,0.4080353744328022,0.0007479897794837598,0.15284535326063634,4.1981438765094605,34.59142168410183,11.483870967741936
424,router_only,-13155.20956170559,1.0,0.2883565701544285,0.8854888468980789,0.7042649790644646,0.006245435099117458,0.013803944928804445,0.19485818278044462,-0.004611027382634347,0.0,0.0001,0.13798995986580848,0.2964091293513775,0.4149373508989811,0.0006745544298610185,0.14998901188373565,3.9678984098116583,33.849239590772825,11.64516129032258
425,router_only,-13135.650651872158,1.0,0.29261465519666674,0.8839490503072739,0.7043613389134407,0.0062457358231768016,0.010673985986068136,0.19728889390826226,-0.004963132162811234,0.0,0.0001,0.13920098468661307,0.2951978549361229,0.4108116298913956,0.0008446902837022207,0.15394484177231788,4.087101004374681,33.801240273658834,11.53225806451613
426,router_only,-12738.273232758045,1.0,0.29310461357235906,0.8830985590815544,0.7025122985243797,0.006416118983179331,0.008099787399987669,0.20251310542225837,-0.004657578866181211,0.0,0.0001,0.13565063755959272,0.29598483964800837,0.4140745349228382,0.0007733704420388676,0.153516611084342,4.187701175417297,34.018875957555565,11.274193548387098
427,router_only,-13168.839436233044,1.0,0.300451985001564,0.8803460985422135,0.7005542024970055,0.0062754331855103375,0.006189753953367433,0.1963038932532072,-0.004825653370062355,0.0,0.0001,0.13845286201685666,0.2960582122206688,0.4115327477455139,0.0009926545331836677,0.15296352542936803,4.0527642427247015,34.28751032196766,11.596774193548388
428,router_only,-12541.318331897259,1.0,0.29530405476689336,0.8826565220952034,0.7019396990537643,0.006214861548505724,0.005787473539385235,0.19179295971989632,-0.004692774135401123,0.0,0.0001,0.1391986334696412,0.296947668492794,0.4127912551164627,0.0008511296422511805,0.15021131187677383,4.330996018819888,33.85081669776462,11.06989247311828
429,router_only,-13248.147517740726,1.0,0.2961522497236729,0.8825884282588958,0.7047720983624458,0.006257602921687066,0.007358449572347997,0.18952499255537986,-0.003973042711731978,0.0,0.0001,0.13941854219883681,0.3004069872200489,0.4124267116189003,0.0007891912282502744,0.1469585716724396,4.0552420418235835,33.87835191195622,11.623655913978496
430,router_only,-13175.87777864933,1.0,0.2939272202551365,0.883773273229599,0.7046104803681373,0.006464569189120084,0.007412572677276352,0.19510816037654877,-0.004818938929747674,0.0,0.0001,0.13609815537929534,0.3023198574781418,0.4142201244831085,0.0006967903318582103,0.14666506983339786,4.117070427675772,34.04144280790936,11.634408602150538
431,router_only,-12975.843380093575,1.0,0.28877309188246725,0.8858005166053772,0.7083446070551872,0.0063177879084832965,0.010624129109783104,0.19808206520974636,-0.0046725774642254695,0.0,0.0001,0.13631876911967994,0.3000216595828533,0.4192681655287743,0.0007402014831313864,0.14365120455622674,4.148120908394405,34.0195501790952,11.424731182795698
432,router_only,-13445.39351540804,1.0,0.29792778491973876,0.8813741892576218,0.701056706905365,0.006686029117554426,0.011513893959636345,0.20482086688280104,-0.005278311753863818,0.0,0.0001,0.13170589916408063,0.30216897651553154,0.41812408789992334,0.0007459307016688399,0.14725510478019715,4.033251542710234,33.97958207070545,11.709677419354838
433,router_only,-12590.865380108356,1.0,0.2972038447856903,0.8813582122325897,0.698627433180809,0.006622056709602475,0.006867898737982598,0.21143079437315465,-0.005253605323377997,0.0,0.0001,0.13365124445408583,0.303657578676939,0.41574106812477113,0.0007047529092233162,0.14624535106122494,4.084461985831216,34.027461902201196,11.043010752688172
434,router_only,-12832.215748727322,1.0,0.29348471462726594,0.8833096414804459,0.699094720184803,0.006545755767729133,0.004798017577559271,0.19245022349059582,-0.004739764415717218,0.0,0.0001,0.13534449525177478,0.30436333641409874,0.41386846676468847,0.0006311713987088297,0.1457925248891115,4.1035830543343,34.07046214990007,11.32258064516129
435,router_only,-13137.96075296402,1.0,0.2897281266748905,0.8847943723201752,0.703898698091507,0.006322548526804894,0.01034169897393435,0.20584310330450534,-0.005356031152768992,0.0,0.0001,0.1388685494661331,0.3009780317544937,0.4121690407395363,0.0005450535652926191,0.14743932113051414,3.9490653258584882,33.76900102179914,11.53225806451613
436,router_only,-12960.349156677723,1.0,0.2917695216834545,0.8840998351573944,0.7034240394830704,0.006280777475330979,0.0040467315615388185,0.19614929743111134,-0.004464159592680516,0.0,0.0001,0.13942870423197745,0.2997287310659885,0.41139504685997963,0.000544983783038333,0.14890253357589245,3.965560463852067,33.66551434922066,11.413978494623656
437,router_only,-13176.334253132343,1.0,0.2923960737884045,0.8836275830864906,0.7026686728000641,0.0064262381289154295,0.010327944857999755,0.20641170181334018,-0.0048253784476401055,0.0,0.0001,0.13994751013815404,0.30405351221561433,0.40628470331430433,0.0004913515702355653,0.14922291561961173,4.06509844568801,34.360151084969125,11.440860215053764
438,router_only,-12918.614555716515,1.0,0.2903269104659557,0.8842645317316056,0.7051764786243438,0.006295502523425966,0.005302669472439514,0.19252445176243782,-0.004803961144352798,0.0,0.0001,0.14117072112858295,0.3014299042522907,0.4068314038217068,0.00046362498760572636,0.15010433904826642,4.036858338472986,33.836255129642794,11.36021505376344
439,router_only,-13218.304580152035,1.0,0.2949289560317993,0.8822207257151604,0.7033814355731011,0.0064217111794278026,0.004068816029757666,0.20033816993236542,-0.004557279325672426,0.0,0.0001,0.13921481557190418,0.30157109946012495,0.40758697539567945,0.0003851290741295088,0.1512419868260622,3.8881970437448,33.591908497271255,11.60215053763441
440,router_only,-13450.569358944893,1.0,0.29773163944482806,0.8810833901166916,0.7008101761341095,0.006317001231946051,0.008091594100551469,0.20041646175086497,-0.004649575386429206,0.0,0.0001,0.13891983963549137,0.2978202775120735,0.41071761921048167,0.0004232661827700213,0.15211900211870671,4.125799365564708,34.34396524228554,11.78494623655914
441,router_only,-13639.82877600193,1.0,0.29620239958167077,0.8814959272742271,0.7015762686729431,0.006218051258474589,0.0039132221761974725,0.20527403019368648,-0.004852211329489364,0.0,0.0001,0.1406445348635316,0.29802371114492415,0.40962155610322953,0.00045174390106694773,0.15125844962894916,3.90048541956,34.00821083318485,12.032258064516128
442,router_only,-12929.181342303753,1.0,0.29251415356993676,0.8836873307824135,0.7033382460474968,0.005915475310757756,0.010060156211693538,0.2086268998682499,-0.005250585845351452,0.0,0.0001,0.1440627511590719,0.2929936371743679,0.41086380928754807,0.0005101410679344554,0.15156966522336007,3.9338289302855936,33.734726018987175,11.365591397849464
443,router_only,-13445.635550618172,1.0,0.2935550585389137,0.8828399330377579,0.700184577703476,0.006070765480399132,0.005554270791617433,0.19568587504327298,-0.004486931436258601,0.0,0.0001,0.14223167188465596,0.29477721974253657,0.4099177546799183,0.0005183352637686767,0.1525550253689289,3.9988786517652786,33.808832965005244,11.838709677419356
444,router_only,-12440.986989021301,1.0,0.289795583486557,0.884353120625019,0.7034332811832428,0.005768511001951993,0.011738778065046019,0.2002313479781151,-0.0048809472638822625,0.0,0.0001,0.14504883848130704,0.2897509165108204,0.41294177174568175,0.0005465340080263558,0.15171193294227123,3.857835230565063,34.01473874645068,10.978494623655914
445,router_only,-13359.835349678993,1.0,0.2880950145423412,0.8848309144377708,0.7002999022603035,0.0058854237431660295,0.007872633088845744,0.20209133736789225,-0.004908797060124925,0.0,0.0001,0.14393201880156994,0.2936605602502823,0.41296845152974127,0.0004147196283156518,0.1490242574363947,3.9410901385408557,34.056607687020026,11.758064516129032
446,router_only,-13162.131404459476,1.0,0.2864680245518684,0.8864297926425934,0.704965840280056,0.005804554547648877,0.005562475301485398,0.20631296075880529,-0.0045192777019110505,0.0,0.0001,0.1442630525678396,0.29248662367463113,0.4154186509549618,0.0003626549932960188,0.14746901653707029,3.913953126661365,33.84040172648039,11.666666666666666
447,router_only,-13240.415617406368,1.0,0.2927317082881927,0.8828225746750832,0.7023270845413208,0.0058387820841744546,0.008248029658352618,0.19863935075700284,-0.005085644787322962,0.0,0.0001,0.1451908264309168,0.29369441941380503,0.41129463985562326,0.0003921235387679189,0.1494279969483614,3.9480651058293135,33.88716158682334,11.64516129032258
448,router_only,-13154.218649506569,1.0,0.2862994022667408,0.8859897300601005,0.7086800307035446,0.0055936002405360345,0.007926635491457983,0.19401241168379785,-0.004595546217751689,0.0,0.0001,0.14860750176012516,0.29256268963217735,0.41182188168168066,0.0004115204275876749,0.1465964052826166,3.922758862515998,34.23585345929518,11.618279569892472
449,router_only,-12887.85130405426,1.0,0.2879936061799526,0.8851389780640602,0.7106731995940209,0.005473510443698615,0.010382691209088107,0.20080506727099418,-0.005449853633763269,0.0,0.0001,0.14951702505350112,0.28737134858965874,0.4126783236861229,0.0004154206173552666,0.15001788996160031,3.952534687643584,33.90339069534169,11.24731182795699
450,router_only,-13305.07926350832,1.0,0.2822731651365757,0.887805700302124,0.7113934248685837,0.005472121958155185,0.003235784421849558,0.20280937403440474,-0.0050123000371968375,0.0,0.0001,0.1489142369478941,0.2867179274559021,0.41429621130228045,0.00038434883972513487,0.14968727417290212,4.161643088273896,34.43206162611369,11.768817204301076
451,router_only,-13127.15233796835,1.0,0.28347463980317117,0.8874521166086197,0.7103578150272369,0.005539415671955794,0.003925696218357222,0.19735219590365888,-0.0051199240842834115,0.0,0.0001,0.14849139116704463,0.2878425419330597,0.4127562090754509,0.00041103664989350364,0.15049882009625434,3.7775205313316684,33.69594887207349,11.473118279569892
452,router_only,-12820.936222851276,1.0,0.2831633254885674,0.8874037981033325,0.707161808013916,0.005744058196432889,0.009709756922893564,0.19821201860904694,-0.004681081686430844,0.0,0.0001,0.147032455727458,0.2921503961086273,0.4093602649867535,0.00046700625789526385,0.15098987370729447,4.118945410410134,33.57950671093138,11.327956989247312
453,router_only,-13170.521365523338,1.0,0.27691452726721766,0.8899221286177635,0.7098228693008423,0.0056907965801656244,0.00725066963277633,0.20266075395047664,-0.004822288780633244,0.0,0.0001,0.14630393758416177,0.2905623629689217,0.41298559978604316,0.0003919166647392558,0.14975617974996566,3.934113663945873,33.80614262915462,11.575268817204302
454,router_only,-13313.828343749046,1.0,0.276022607833147,0.8901583701372147,0.7103080943226814,0.005627037223894149,0.014866575348787542,0.20905120112001896,-0.005003858701093123,0.0,0.0001,0.1506175145506859,0.29323685765266416,0.4055974707007408,0.0003467611808446236,0.15020139887928963,3.961898293432405,33.8548088726167,11.709677419354838
455,router_only,-12816.24588662386,1.0,0.2738440092653036,0.8908386260271073,0.706237867474556,0.005934361147228629,0.010110186251404247,0.19785101972520353,-0.004605997045064214,0.0,0.0001,0.14734741449356079,0.2974024809896946,0.40381247997283937,0.0003857357514789328,0.1510518964380026,4.004336190205103,33.558736723143625,11.252688172043012
456,router_only,-12761.61885035038,1.0,0.2741601265966892,0.8909055888652802,0.7077421113848686,0.005941210372839123,0.006871897829842049,0.20016409382224082,-0.004343908206647029,0.0,0.0001,0.14555821493268012,0.2960652597248554,0.4072484239935875,0.00033403569759684617,0.1507940635085106,4.087879751118009,33.52039246256648,11.268817204301076
457,router_only,-12559.66106081009,1.0,0.2731344610452652,0.8912456050515175,0.7104080855846405,0.0058339738054201005,0.0075214604803478195,0.20469991229474543,-0.004566976321802941,0.0,0.0001,0.14815009646117688,0.29715980514883994,0.40506569519639013,0.00040833949533407575,0.14921606257557868,4.183052235740263,33.95119445185431,11.026881720430108
458,router_only,-13324.501609742641,1.0,0.2716365002095699,0.8919342190027237,0.7104813888669014,0.005717678205110132,0.005458437215565904,0.2039088375866413,-0.0042102979654941915,0.0,0.0001,0.14927036091685295,0.2966820977628231,0.4066746488213539,0.00034309780457988384,0.14702979251742362,4.035542081687775,33.67907251201377,11.779569892473118
459,router_only,-13100.23358476162,1.0,0.2764534644782543,0.8897306695580482,0.7098006486892701,0.005554935161489994,0.009732601814903352,0.19764634668827058,-0.004570056521333754,0.0,0.0001,0.15187083631753923,0.29325143694877626,0.4052390068769455,0.00038165011210367084,0.14925706386566162,4.132823737643816,33.65757639950928,11.456989247311828
460,router_only,-13001.973070263863,1.0,0.2773117758333683,0.8895605191588402,0.7095382302999497,0.005582441156730056,0.002980195083000581,0.20064532198011875,-0.005422860903672699,0.0,0.0001,0.1514550641179085,0.29228315874934196,0.40515127703547477,0.0003633364878623979,0.1507471650838852,4.09781253061309,34.32691570400097,11.403225806451612
461,router_only,-13131.183106601238,1.0,0.2786909557878971,0.8888523131608963,0.7097682312130928,0.005605527234729379,0.007110846638170127,0.2039330154657364,-0.0059043413057224825,0.0,0.0001,0.15235565043985844,0.2918079808354378,0.4020810589194298,0.00035330815589986744,0.1534020010381937,4.037028405109771,34.00552757196617,11.596774193548388
462,router_only,-13051.30365228653,1.0,0.28031125143170355,0.8884849727153779,0.7102915778756141,0.005609181174077093,0.004689844343374749,0.19870379120111464,-0.004941329267603578,0.0,0.0001,0.1532557275146246,0.29229018464684486,0.3997412048280239,0.00034823839014279655,0.15436464063823224,4.131044892882069,34.197495883570866,11.43010752688172
463,router_only,-13295.618219554424,1.0,0.27715476229786873,0.8900008857250213,0.7123872622847557,0.005595580127555877,0.004470262204995396,0.20345063023269178,-0.004182567841780838,0.0,0.0001,0.15279040932655336,0.2928775392472744,0.4013889811933041,0.00032202883667196145,0.15262103714048864,4.048897412828769,33.81384374369133,11.704301075268818
464,router_only,-13169.290784060955,1.0,0.28149309232831,0.8876406624913216,0.7084750890731811,0.005702846345957369,0.007750280707114155,0.20641494840383529,-0.005651036303970613,0.0,0.0001,0.15077576898038386,0.2910407058894634,0.40215616300702095,0.00029836044413968923,0.15572899393737316,3.9621316884402726,33.8214211401532,11.516129032258064
465,router_only,-12567.081668257713,1.0,0.2844578392803669,0.8860498383641243,0.7078765019774437,0.005774082918651402,0.004608456328423943,0.1906552143394947,-0.004250565948314034,0.0,0.0001,0.15040195025503636,0.29327466115355494,0.4010086923837662,0.0003686390737129841,0.15494606085121632,4.306794667771452,33.86218504594082,10.983870967741934
466,router_only,-13166.326022922993,1.0,0.2839049957692623,0.8871173799037934,0.7076582297682762,0.005824562720954418,0.012600547252441141,0.19976818040013314,-0.005143935269734357,0.0,0.0001,0.15280307680368424,0.29717380851507186,0.39496813863515856,0.000314083137709531,0.15474089719355105,4.252537952522063,34.16162466524271,11.655913978494624
467,router_only,-12747.686001896858,1.0,0.27897975519299506,0.8897889569401741,0.7080476179718971,0.005812535039149224,0.009122524963822803,0.193794397264719,-0.004431356966961175,0.0,0.0001,0.15073439106345177,0.2964796043932438,0.3995277188718319,0.00031576342444168405,0.1529425226151943,4.195335081928531,33.800303244654714,11.204301075268818
468,router_only,-13203.379946947098,1.0,0.27612064108252526,0.8905948370695114,0.7075995340943336,0.006015338632278144,0.008044216132839194,0.20474427416920662,-0.004908998386235907,0.0,0.0001,0.14820182844996452,0.3001987457275391,0.3998306840658188,0.00029011433216510343,0.1514786247164011,4.045215115031687,33.670679859434706,11.553763440860216
469,router_only,-12809.797273218632,1.0,0.2858087748289108,0.8864078462123871,0.6995200961828232,0.006308275240007788,0.012888673272937046,0.20244074538350104,-0.0044971884235565085,0.0,0.0001,0.1449674006551504,0.29950753450393675,0.3973340421915054,0.00026805954348674277,0.15792296230793,4.055910720965277,34.03234516713828,11.311827956989246
470,router_only,-12731.119636774063,1.0,0.2836786597967148,0.887363052368164,0.7003012850880623,0.006272589648142457,0.0046241239897426845,0.19071030654013157,-0.004719887307146564,0.0,0.0001,0.14641032740473747,0.300362303853035,0.395246472209692,0.0002824254988809116,0.1576984703540802,4.167001862583367,33.43587819211215,11.252688172043012
471,router_only,-12706.535262644291,1.0,0.2829256922006607,0.887582103908062,0.6999905839562416,0.006293398363050073,0.005238233372074313,0.19337181448936464,-0.004773960859893123,0.0,0.0001,0.14693035781383515,0.3024440988898277,0.3944214269518852,0.00029971890689921564,0.1559044010937214,4.2318142855007626,33.761621518255055,11.14516129032258
472,router_only,-12747.319164514542,1.0,0.2820488728582859,0.8882073521614074,0.7018984586000443,0.00613587029511109,0.00551712646847583,0.20339331552386283,-0.005334634921018733,0.0,0.0001,0.14936094135046005,0.30067761316895486,0.393429347127676,0.0003710405559104402,0.15616105683147907,4.152557944286188,33.76884555849545,11.263440860215054
473,router_only,-12864.294447362423,1.0,0.2828201726078987,0.8878281936049461,0.7016347482800483,0.006230749818496406,0.005505729778815266,0.19267713986337184,-0.0051395811882684935,0.0,0.0001,0.14734537452459334,0.2999681130051613,0.39441811963915824,0.0003432439902098849,0.1579251505434513,4.236292103824785,34.196079662360376,11.32258064516129
474,router_only,-13164.432911157608,1.0,0.2825110606849194,0.8877756059169769,0.7029163241386414,0.006262618466280401,0.002561772491026193,0.19939680770039558,-0.004299092740984634,0.0,0.0001,0.1472202818840742,0.29963829442858697,0.3935921460390091,0.0003472627096925862,0.1592020194977522,3.982558394540734,33.68097800432552,11.569892473118278
475,router_only,-12475.215322196484,1.0,0.2837166771292686,0.8864261493086815,0.7003285408020019,0.006377728539519012,0.0033909489891812026,0.19371533989906312,-0.005113846570020541,0.0,0.0001,0.14553072042763232,0.30062467977404594,0.3941171854734421,0.00034134941415686626,0.15938606895506383,4.2912044834229714,33.94646504213312,10.935483870967742
476,router_only,-12789.692412257195,1.0,0.2793676532804966,0.8890345886349678,0.7017812088131905,0.006334582471754402,0.013140691704757035,0.20788874812424182,-0.005233106762557327,0.0,0.0001,0.1427624322474003,0.29824182391166687,0.4006704106926918,0.00035846812861564106,0.1579668652266264,4.112534156942597,33.833785098864745,11.220430107526882
477,router_only,-12960.64788454771,1.0,0.2815960004925728,0.8874498307704926,0.7040514305233956,0.006186238129157573,0.008099945644426038,0.20128292851150037,-0.003938576488508261,0.0,0.0001,0.14368561878800393,0.29419881105422974,0.4022915229201317,0.00035150853145751173,0.15947253964841365,4.06070685282897,33.81107786308816,11.397849462365592
478,router_only,-12555.241120517254,1.0,0.28008621037006376,0.8884390905499459,0.7041621252894401,0.006251720630098134,0.011862462277713304,0.20125116258859635,-0.0046388496644794944,0.0,0.0001,0.14502716809511185,0.29877341017127035,0.3985287040472031,0.000366591378042358,0.15730412751436235,4.29574763601559,33.591007991792424,11.021505376344086
479,router_only,-12715.900037884712,1.0,0.2751430757343769,0.8901842728257179,0.7088941022753715,0.006025812111329287,0.009732065736898127,0.19729956276714802,-0.004349227805141709,0.0,0.0001,0.14587695747613907,0.29391814544796946,0.4025123998522758,0.0003558226668246789,0.15733667463064194,4.171685457604606,34.04840686546901,11.150537634408602
480,router_only,-12672.25815242529,1.0,0.27510530054569243,0.8908237233757973,0.7096655175089837,0.005914108618162573,0.0067624653642270275,0.19423873201012612,-0.004648075076556779,0.0,0.0001,0.14674931019544601,0.29053691029548645,0.40365649908781054,0.0003748222945432644,0.15868245325982572,4.024026247188379,33.58203805347491,11.182795698924732
481,router_only,-12702.527936577797,1.0,0.27887643724679945,0.8885660201311112,0.705483466386795,0.006087226164527238,0.008030548807073429,0.20866384841501712,-0.005043673081945599,0.0,0.0001,0.1436988811939955,0.2895720683038235,0.4047501519322395,0.0004113593120564474,0.1615675412118435,4.063511858547582,33.81508441640349,11.10752688172043
482,router_only,-12451.548471331596,1.0,0.28002704679965973,0.8874817296862603,0.7039419829845428,0.006128304882440716,0.008832225757578221,0.21251333728432656,-0.004589287695125677,0.0,0.0001,0.1436851441860199,0.29398818239569663,0.4042216069996357,0.00035888506390620024,0.15774618573486804,4.082230567468145,33.560960741229344,10.919354838709678
483,router_only,-13306.901458978653,1.0,0.2800667271018028,0.8874730199575425,0.7048810198903084,0.006158616149332374,0.009487024948975919,0.2141837365925312,-0.0052196969569195065,0.0,0.0001,0.14487835802137852,0.2975333042442799,0.40130819752812386,0.0003640623541286914,0.15591608323156833,4.188473297091686,34.329413958525876,11.827956989247312
484,router_only,-12358.520933389664,1.0,0.27654125094413756,0.8887791126966477,0.7073497369885444,0.005996070720721036,0.0097365695557528,0.19288686737418176,-0.005261613170296187,0.0,0.0001,0.1486558172851801,0.2961034566164017,0.3979086562991142,0.00032516328792553395,0.15700690560042857,4.059058661006202,33.846872814955844,10.806451612903226
485,router_only,-12604.818094015121,1.0,0.27845591083168986,0.8881454691290855,0.7044034376740456,0.006163852359168232,0.014888397148388327,0.2200643192976713,-0.005100384526576818,0.0,0.0001,0.14399083144962788,0.29771813824772836,0.4037381745874882,0.00032379022923123557,0.1542290672659874,4.0072880196015435,34.01129825610673,10.946236559139786
486,router_only,-12765.87586838007,1.0,0.2759329997003078,0.8894267424941062,0.7066413313150406,0.0060447645373642445,0.010729799206092117,0.21451149135828018,-0.005024430202320218,0.0,0.0001,0.14300802759826184,0.29339546859264376,0.40910307243466376,0.00029392851574812086,0.15419950112700462,4.17812471755703,34.08753633691401,11.225806451612904
487,router_only,-12678.087765276432,1.0,0.27476667016744616,0.8897317975759507,0.705798615515232,0.005886286369059235,0.006336812544395798,0.20293282829225062,-0.005145290709333494,0.0,0.0001,0.14445162005722523,0.2918595865368843,0.41082520335912703,0.00029661320186278315,0.15256697870790958,4.108651813044163,33.600971257949794,11.13978494623656
488,router_only,-12690.75003874302,1.0,0.2757344789803028,0.889607872068882,0.7076350823044777,0.005829756008461117,0.005477240378604619,0.19385110288858415,-0.004213006651843898,0.0,0.0001,0.14425802528858184,0.2893186561763287,0.41283734813332557,0.0002925190383393783,0.15329345501959324,3.9911278153304,33.87161065350057,11.204301075268818
489,router_only,-12391.681791305542,1.0,0.27680156007409096,0.8894251316785813,0.7103303417563438,0.005624859558884055,0.011630393568702874,0.20318750366568566,-0.005095977605196822,0.0,0.0001,0.14848197884857656,0.28713941276073457,0.4092013917863369,0.00029353306636039635,0.1548836812376976,3.9949513089571473,33.45790479373621,10.935483870967742
490,router_only,-12562.870298206806,1.0,0.277077405154705,0.8894257262349129,0.7085066869854927,0.00578941673738882,0.008990714852188813,0.1982259016484022,-0.0044443644670536745,0.0,0.0001,0.14549978747963904,0.2896789491176605,0.4111300967633724,0.000320652960363077,0.15337051898241044,4.004781612875776,34.05290183411191,11.043010752688172
491,router_only,-12869.31277769804,1.0,0.27369811609387396,0.8905544057488441,0.7138328865170479,0.005673638288863003,0.0034032634732284574,0.20027061253786088,-0.005296421682942309,0.0,0.0001,0.14707923009991647,0.28876810520887375,0.4112306423485279,0.000342297576207784,0.15257973223924637,3.988720341970866,33.66890219518977,11.424731182795698
492,router_only,-13070.797002613544,1.0,0.27442541196942327,0.8907969862222671,0.7101574465632439,0.0058468779316172,0.0086815116352227,0.20142631717026233,-0.005162601474148687,0.0,0.0001,0.14602515697479249,0.29103531688451767,0.4079827554523945,0.00030349817643582355,0.15465327277779578,4.198187933903838,33.81877291704865,11.489247311827958
493,router_only,-12793.316922843456,1.0,0.27994380295276644,0.8874208062887192,0.7042624786496162,0.006100869411602617,0.011676444789918644,0.19626310616731643,-0.00457243758792174,0.0,0.0001,0.14378982782363892,0.29682371094822885,0.40579608306288717,0.00035332610095792914,0.1532370515167713,4.063049112548484,33.96160079981811,11.193548387096774
494,router_only,-13029.489509522915,1.0,0.28227983936667445,0.8867526352405548,0.7024345114827156,0.00627994277747348,0.010878439398948081,0.2059469886124134,-0.004479085355706047,0.0,0.0001,0.14304389618337154,0.2966770946979523,0.40130495727062226,0.00029778112620988396,0.1586762722581625,4.039673944421784,34.07785451468183,11.46774193548387
495,router_only,-13303.18886500597,1.0,0.2791252486407757,0.8881784856319428,0.7036227449774742,0.006275466247461736,0.008967175673387845,0.19964552149176598,-0.004654161963480874,0.0,0.0001,0.14121092185378076,0.29555961340665815,0.4057885453104973,0.00027531728701433165,0.15716560408473015,3.85856912328119,33.75554916124352,11.74731182795699
496,router_only,-12809.567277729511,1.0,0.2779645904898643,0.8891168475151062,0.7051236465573311,0.006095811992418021,0.005253267615626067,0.19483292736113073,-0.00466954502800263,0.0,0.0001,0.14306894950568677,0.2933183126151562,0.40652985125780106,0.00030261765932664274,0.15678027123212815,4.161722430261966,33.81213058109011,11.29032258064516
497,router_only,-12852.819211781025,1.0,0.2813735768198967,0.8872939005494118,0.7048823356628418,0.006057949434034526,0.007472245223107165,0.20043016895651816,-0.004594478388025891,0.0,0.0001,0.1448303397744894,0.2924299605190754,0.4036820776760578,0.0003409734486922389,0.15871664471924304,4.173237933158872,34.15883588795731,11.29032258064516
498,router_only,-12852.423342823982,1.0,0.28233925476670263,0.8870224878191948,0.7034122720360756,0.006009192916098982,0.0059667025652743455,0.2030213974416256,-0.004878892609121976,0.0,0.0001,0.14616502448916435,0.2940621167421341,0.40259223282337187,0.0003574858870706521,0.15682314038276673,4.072660972332457,33.78082055483721,11.231182795698924
499,router_only,-12817.087136387825,1.0,0.2769045829772949,0.8892290011048317,0.7044162273406982,0.006022416590712965,0.0025061133044801563,0.20743829384446144,-0.005089383970152994,0.0,0.0001,0.1455483328551054,0.2934257537126541,0.40334086269140246,0.0003785973593039671,0.15730645768344403,4.075489476837604,33.94345680188647,11.258064516129032
500,router_only,-12335.508293747902,1.0,0.2756124421954155,0.8899411842226982,0.7061153545975685,0.006046030158177018,0.005953883035181201,0.21609437502920628,-0.005166741978609934,0.0,0.0001,0.14449988529086114,0.2944654308259487,0.4052781268954277,0.00037345307791838425,0.15538310781121253,3.9888140284140423,33.80200934686122,10.725806451612902
501,dynamic_actor_adapt,-12852.873092412949,1.0,0.2769992217421532,0.8892116189002991,0.7055406928062439,0.0,0.0017781795704649938,3.4757812082767487,-0.004146914095326792,1e-05,0.0,0.1448107250034809,0.29488108679652214,0.404392009973526,0.0003704764076246647,0.1555456981062889,4.109777024839273,33.80447340893273,11.220430107526882
502,dynamic_actor_adapt,-12934.257674396038,1.0,0.2764073610305786,0.8893839538097381,0.7055317103862763,0.0,0.0017134749261459082,3.5773023128509522,-0.0036231275574209578,1e-05,0.0,0.14522531777620315,0.2942464306950569,0.40482561737298967,0.00037901895702816544,0.15532362200319766,4.0766735459604,34.11792268929671,11.381720430107526
503,dynamic_actor_adapt,-12667.038397610188,1.0,0.27842787951231,0.8885120913386345,0.7047146201133728,0.0,0.0017823168127506172,3.673357701301575,-0.0029136666911654175,1e-05,0.0,0.14514630250632762,0.294968344271183,0.40499485954642295,0.00037286989463609644,0.15451762527227403,3.950981782557373,33.6110768584137,11.161290322580646
504,dynamic_actor_adapt,-12435.399213373661,1.0,0.27896490022540094,0.887562370300293,0.704712963104248,0.0,0.0007490334275644161,3.548796147108078,-0.003437894212947867,1e-05,0.0,0.14540936350822448,0.29481690302491187,0.4047717824578285,0.000410891435603844,0.15459105782210827,3.779588960144538,33.47637764532084,11.0
505,dynamic_actor_adapt,-12522.442158043385,1.0,0.2788941413164139,0.8884184554219245,0.7057197660207748,0.0,0.004310568575965573,3.434023714065552,-0.0025755063235919804,1e-05,0.0,0.14579238146543502,0.29269102960824966,0.4057922996580601,0.00038147936975292397,0.15534280575811862,4.005017036239827,33.586855178225214,10.994623655913978
506,dynamic_actor_adapt,-12388.174343824387,1.0,0.27827125787734985,0.8889104396104812,0.7047939315438271,0.0,0.0046454148105113,3.546089994907379,-0.0031826442580495497,1e-05,0.0,0.14346967972815036,0.29375857934355737,0.406416866928339,0.00038335037061187904,0.15597153082489967,3.8020744257089776,33.765723588488456,10.774193548387096
507,dynamic_actor_adapt,-12539.011067688465,1.0,0.2783328481018543,0.8882372736930847,0.7030502587556839,0.0,0.00571822348429119,3.566576433181763,-0.003604366070430842,1e-05,0.0,0.14259428717195988,0.29661768972873687,0.40536685287952423,0.0003621436768298736,0.15505903102457524,3.8286456534448723,33.67838876080965,10.962365591397848
508,dynamic_actor_adapt,-12214.592503368855,1.0,0.27956423833966254,0.8876933753490448,0.7050298854708672,0.0,0.0067278567195898755,3.5011895298957825,-0.0033437270918511785,1e-05,0.0,0.14582000412046908,0.29455291852355003,0.4040676914155483,0.0004179127121460624,0.155141469091177,3.7994221763726013,33.68955999713822,10.661290322580646
509,dynamic_actor_adapt,-12309.793616890907,1.0,0.27636087909340856,0.8894000709056854,0.7053424775600433,0.0,0.0025762331111764012,3.5642264127731322,-0.0027036175859393554,1e-05,0.0,0.14506393633782863,0.2944021888077259,0.4053558111190796,0.00039390168894897214,0.15478416420519353,3.7014295624157167,34.3266988252715,10.768817204301074
510,dynamic_actor_adapt,-12324.401094675064,1.0,0.2765850342810154,0.8897659257054329,0.7041903123259544,0.0,0.0014396252019651056,3.4602015256881713,-0.0027808745920083313,1e-05,0.0,0.14489387571811677,0.29395187869668005,0.40528140142560004,0.00036887203132209836,0.1555039793252945,3.756822721715597,34.35150004815016,10.908602150537634
511,dynamic_actor_adapt,-11755.988782703876,1.0,0.2785616435110569,0.8887329339981079,0.7045890748500824,0.0,0.003402961225947376,3.4921644926071167,-0.0028743037215463118,1e-05,0.0,0.1459967564791441,0.2945504762232304,0.40372721254825594,0.00034635731390153524,0.15537919998168945,3.645613801966646,33.92211108764732,10.376344086021504
512,dynamic_actor_adapt,-11697.229595303535,1.0,0.27644660994410514,0.8895618796348572,0.7052986726164818,0.0,0.004143489189300453,3.500567948818207,-0.003114532333347597,1e-05,0.0,0.14498510211706161,0.29349038302898406,0.4047800302505493,0.0003870539123454364,0.15635742731392382,3.900548155665376,34.22298473224698,10.279569892473118
513,dynamic_actor_adapt,-11651.33302116394,1.0,0.2787851937115192,0.8887577727437019,0.7060157388448716,0.0,0.0033192563805641896,3.4849897623062134,-0.002960204333794536,1e-05,0.0,0.1451526626944542,0.2948884151875973,0.40484670028090475,0.00041442175788688476,0.15469780154526233,3.896711671353223,33.80819204677607,10.225806451612904
514,dynamic_actor_adapt,-11467.528863787651,1.0,0.2787083312869072,0.8881125688552857,0.7074783876538276,0.0,0.004389046969663452,3.599209362268448,-0.003330750443274155,1e-05,0.0,0.1457169558852911,0.29307260885834696,0.4064769297838211,0.00038027341979613994,0.1543532319366932,3.7189758425908526,33.77323442043968,10.10215053763441
515,dynamic_actor_adapt,-12217.503483772278,1.0,0.2787161134183407,0.8883683621883393,0.7050880670547486,0.0,0.004498252165285465,3.4180617451667787,-0.0027059028012445196,1e-05,0.0,0.1435703940689564,0.2942400112748146,0.40637436509132385,0.0004103118182683829,0.15540491677820684,3.7552143389224706,34.0166341282533,10.666666666666668
516,dynamic_actor_adapt,-11537.763550758362,1.0,0.2800337314605713,0.8871541306376457,0.7047801032662392,0.0,0.003661163026845293,3.3386463701725004,-0.002651555195916444,1e-05,0.0,0.14540097638964652,0.293649447709322,0.4054695799946785,0.0003824974352028221,0.1550974991172552,3.68498172440199,33.854329210329674,10.172043010752688
517,dynamic_actor_adapt,-12127.976826667786,1.0,0.27804858312010766,0.8887218981981277,0.7041126966476441,0.0,0.0009131630245974964,3.4574033856391906,-0.0027632858426841268,1e-05,0.0,0.14506542012095452,0.29353884160518645,0.40549859777092934,0.00037207767563813833,0.1555250622332096,3.356939038749506,33.99170709929348,10.682795698924732
518,dynamic_actor_adapt,-11753.479990780354,1.0,0.27936058193445207,0.8877340331673622,0.7051391839981079,0.0,0.0011721997663698635,3.4311758041381837,-0.002895011809596326,1e-05,0.0,0.1455404918640852,0.29359305202960967,0.40519366785883904,0.0004288972144422587,0.15524389408528805,3.595959702287696,33.952885207780135,10.349462365591398
519,dynamic_actor_adapt,-12129.41455745697,1.0,0.27784800007939336,0.8889678850769996,0.7050523340702057,0.0,0.0013274730245029897,3.3086937785148622,-0.002757140108224121,1e-05,0.0,0.1461360938847065,0.29362787380814553,0.4045299306511879,0.000433099813744775,0.15527300350368023,3.6065255011168564,33.77273347009036,10.63978494623656
520,dynamic_actor_adapt,-12010.14298593998,1.0,0.2757359057664871,0.8897939413785935,0.704937644302845,0.0,0.007920348317202213,3.4616662204265594,-0.002869129896862432,1e-05,0.0,0.14343842901289464,0.29484342634677885,0.4072745509445667,0.0003880394018779043,0.15405555330216886,3.784655426134017,33.7345686671663,10.548387096774194
521,dynamic_actor_adapt,-11672.032685637474,1.0,0.2797130964696407,0.8874597758054733,0.7058348834514618,0.0,0.005579281859900193,3.4014875650405885,-0.003040985800180351,1e-05,0.0,0.14534965716302395,0.29505970776081086,0.4045178085565567,0.00035514296432666016,0.15471768677234649,3.836179595352487,34.175328813247525,10.279569892473118
522,dynamic_actor_adapt,-11657.51140654087,1.0,0.27803306877613065,0.888430492579937,0.7045894920825958,0.0,0.0006022828747518138,3.4829988062381743,-0.0028277802977754616,1e-05,0.0,0.14507476873695851,0.2951790526509285,0.40449155271053316,0.0003875231061101658,0.1548671003431082,3.6868625467669216,34.13067666307237,10.290322580645162
523,dynamic_actor_adapt,-11370.286893486977,1.0,0.2795040786266327,0.8877394929528236,0.7034464925527573,0.0,0.0015002430296590318,3.559272235631943,-0.0033233147323699086,1e-05,0.0,0.14432465173304082,0.29533638134598733,0.4050429202616215,0.0003938297311833594,0.15490222349762917,3.8406223052196777,34.03983977483407,9.946236559139784
524,dynamic_actor_adapt,-11274.716381192207,1.0,0.27704326882958413,0.8896289736032486,0.70404172539711,0.0,0.0040268814809678475,3.2965022027492523,-0.0029730981969123605,1e-05,0.0,0.14551107659935952,0.29332293942570686,0.40530947148799895,0.0004128323125769384,0.1554436843842268,3.662452288907745,33.31362562563997,9.919354838709678
525,dynamic_actor_adapt,-11591.899637043476,1.0,0.2790938302874565,0.887574665248394,0.7059780225157738,0.0,0.00378023118064445,3.3963937520980836,-0.003149385001597693,1e-05,0.0,0.14593406431376935,0.29479006230831145,0.40393573269248007,0.00036648940040322485,0.15497364550828935,3.9712477453664694,33.851060435660315,10.155913978494624
526,dynamic_actor_adapt,-11179.21137213707,1.0,0.278157889097929,0.888624356687069,0.7064426884055137,0.0,0.002528999697824541,3.3934386074543,-0.0029989241680596023,1e-05,0.0,0.1456161357462406,0.2945673458278179,0.4051934115588665,0.00037331594685383605,0.15424979627132415,3.6956534807248724,33.732071308286606,9.833333333333332
527,dynamic_actor_adapt,-12023.58430314064,1.0,0.2800180703401566,0.8875561043620109,0.7052651807665825,0.0,0.0039790513525077235,3.387880289554596,-0.003174793208563642,1e-05,0.0,0.14590127617120743,0.2962642811238766,0.4033198915421963,0.0003807626690104371,0.15413378737866879,3.742389371765414,34.018354879190866,10.575268817204302
528,dynamic_actor_adapt,-11781.020047605038,1.0,0.279411980509758,0.8879250153899193,0.7051734611392021,0.0,0.004911436186739638,3.476735007762909,-0.0027815047178592067,1e-05,0.0,0.1455158531665802,0.2941939853131771,0.4045389398932457,0.0003982298563641962,0.1553529892116785,3.807360077321431,33.561367283828034,10.32258064516129
529,dynamic_actor_adapt,-11737.238337278366,1.0,0.2791215680539608,0.8880295202136039,0.7077730536460877,0.0,0.0021634205648297044,3.552286648750305,-0.0031664707414165603,1e-05,0.0,0.14656993094831705,0.29405844435095785,0.40434829220175744,0.00042586344825394916,0.1545974686741829,3.837444949899037,33.76730548566005,10.17741935483871
530,dynamic_actor_adapt,-11381.78378969431,1.0,0.27775985449552537,0.8892956033349038,0.7051903948187828,0.0,0.006605509856672109,3.392151618003845,-0.0027793556735559834,1e-05,0.0,0.14555448107421398,0.291808795183897,0.407414573431015,0.00038821044727228583,0.15483394525945188,3.681159276550753,33.40706569341235,9.946236559139784
531,dynamic_actor_adapt,-11470.153387010098,1.0,0.27884440720081327,0.8881763949990272,0.7040059462189674,0.0,0.00848219690778929,3.4370741128921507,-0.003128718575135281,1e-05,0.0,0.14546326063573362,0.29604989290237427,0.40356925651431086,0.0003835106403130339,0.1545340832322836,3.705773617444477,33.193785679850315,9.994623655913978
532,dynamic_actor_adapt,-11455.729496181011,1.0,0.27815288603305816,0.8881937891244889,0.703922589123249,0.0,0.009325642586190942,3.52689665555954,-0.0029696211851842234,1e-05,0.0,0.14476448856294155,0.2920879989862442,0.40717708840966227,0.0003813525047007715,0.15558906979858875,3.5761355652286304,33.19153048554324,10.129032258064516
533,dynamic_actor_adapt,-11408.738543689251,1.0,0.2771780975162983,0.889208947122097,0.703176012635231,0.0,0.0059556538075412335,3.4174944043159483,-0.0034065164614730747,1e-05,0.0,0.14410833977162837,0.2950550280511379,0.40535361766815187,0.00039215117358253336,0.15509086325764657,3.518373549769369,33.500930158084,9.983870967741936
534,dynamic_actor_adapt,-11552.289489388466,1.0,0.27723630592226983,0.8894120797514915,0.7042544275522232,0.0,0.00466429120278915,3.361439198255539,-0.00371195951329355,1e-05,0.0,0.14284517355263232,0.29569929763674735,0.4070240207016468,0.0004096266442502383,0.15402188636362552,3.5536326143533032,33.48652339771646,10.080645161290322
535,dynamic_actor_adapt,-11493.762662887573,1.0,0.2795687884092331,0.887794329226017,0.7038327440619468,0.0,0.004520620852417811,3.5399482607841493,-0.0030258125516411383,1e-05,0.0,0.14384713247418404,0.2945388540625572,0.4059376738965511,0.0003961063739552628,0.1552802376449108,3.570971127083139,34.04645017694754,10.043010752688172
536,dynamic_actor_adapt,-11954.54580461979,1.0,0.2779072977602482,0.8885735228657723,0.7023834720253944,0.0,0.0026573228777124758,3.5009581625461577,-0.003142674165428616,1e-05,0.0,0.14283274486660957,0.29509591683745384,0.4056645169854164,0.0003549870725692017,0.1560518339276314,3.4878297789783694,33.68098123633898,10.526881720430108
537,dynamic_actor_adapt,-11383.16694432497,1.0,0.27774466052651403,0.8890190601348877,0.704721775650978,0.0,0.006228256726535692,3.6016518414020537,-0.0036284217319916936,1e-05,0.0,0.1451938845217228,0.29281106069684026,0.406369810551405,0.00040268246521009133,0.15522256195545198,3.4943480811492367,33.79486657310024,10.021505376344086
538,dynamic_actor_adapt,-11444.253068625927,1.0,0.27688515558838844,0.8891616865992547,0.7042346730828285,0.0,0.002981894359982118,3.5316083908081053,-0.0029148206144782307,1e-05,0.0,0.14414729848504065,0.2941082365810871,0.4065480940043926,0.00041817211895249783,0.15477820262312889,3.500479717197439,33.63456926327421,10.048387096774194
539,dynamic_actor_adapt,-11159.4085662961,1.0,0.27737181186676024,0.8889893665909767,0.7027821823954582,0.0,0.0015113521461898205,3.5362566828727724,-0.003041673664120026,1e-05,0.0,0.14386553913354874,0.29364395290613177,0.40672295466065406,0.0004085373911948409,0.15535901635885238,3.6234062436726138,33.813448620437974,9.844086021505376
540,dynamic_actor_adapt,-11684.90618276596,1.0,0.27699675410985947,0.8892107784748078,0.7045518800616264,0.0,0.0035890980183466647,3.4480034947395324,-0.002813880171197525,1e-05,0.0,0.14460099600255488,0.29470304399728775,0.4051837719976902,0.00038481338960991705,0.15512737296521664,3.39306306275904,33.514081640878935,10.209677419354838
541,dynamic_actor_adapt,-11394.932742834091,1.0,0.27693271040916445,0.889251834154129,0.7042705059051514,0.0,0.002412387846925401,3.456870412826538,-0.0028299421137489844,1e-05,0.0,0.14482975155115127,0.29417806044220923,0.4045025624334812,0.0004061411673319526,0.15608348436653613,3.7837111060164874,33.794610627503125,10.010752688172044
542,dynamic_actor_adapt,-11457.755151629448,1.0,0.2778878666460514,0.8883686557412147,0.7028691560029984,0.0,0.004005324950776434,3.529078942537308,-0.002658008801518008,1e-05,0.0,0.14480883181095122,0.2957944579422474,0.4048888236284256,0.0003732437635335373,0.15413463525474072,3.7228466291017144,33.74212371407956,9.994623655913978
543,dynamic_actor_adapt,-11578.275736808777,1.0,0.27791903987526895,0.8886253416538239,0.7032820820808411,0.0,0.004892641445258023,3.5307339251041414,-0.0033178396563016575,1e-05,0.0,0.14376260340213776,0.29439436718821527,0.4072453439235687,0.00038562080735573547,0.15421206019818784,3.538634000271162,33.4455304035225,10.150537634408602
544,dynamic_actor_adapt,-11727.874082922935,1.0,0.27897611632943153,0.8883748680353165,0.7044414922595024,0.0,0.003202796819095932,3.570769840478897,-0.0030009368343598907,1e-05,0.0,0.14436887986958027,0.29467791989445685,0.40564394667744635,0.00040929996175691484,0.15489995144307614,3.5029673457418085,33.74802172516749,10.306451612903226
545,dynamic_actor_adapt,-11352.650826334953,1.0,0.27679524943232536,0.8890815138816833,0.7049474328756332,0.0,0.002245071542711252,3.444603270292282,-0.002719866628831369,1e-05,0.0,0.14415374398231506,0.295800456404686,0.40529441088438034,0.0004087210392754059,0.15434266701340676,3.499990123101578,33.547310134286555,9.940860215053764
546,dynamic_actor_adapt,-11257.738309264183,1.0,0.2758511625230312,0.8892994299530983,0.7070132821798325,0.0,0.006047506651157203,3.5985667765140534,-0.003336073987884447,1e-05,0.0,0.1450574543327093,0.29359351471066475,0.4074144549667835,0.0003606945760111557,0.15357388295233249,3.557906304264148,33.46399680518424,9.897849462365592
547,dynamic_actor_adapt,-11461.378539919853,1.0,0.277539524435997,0.8889675810933113,0.7042670473456383,0.0,0.004890356249597982,3.4183504700660707,-0.0029850982245989144,1e-05,0.0,0.14536566026508807,0.29377635568380356,0.4049692749977112,0.00043335565496818165,0.15545535124838353,3.621383921838263,33.9328526550154,10.016129032258064
548,dynamic_actor_adapt,-11240.709289371967,1.0,0.2774653986096382,0.8890444859862328,0.7050929009914398,0.0,0.008191334734874578,3.463560050725937,-0.002232644236924841,1e-05,0.0,0.143446908891201,0.2926520839333534,0.40906494557857515,0.00038959811645327135,0.15444646775722504,3.591645070054527,33.4738291384031,9.844086021505376
549,dynamic_actor_adapt,-11319.23003745079,1.0,0.27905741333961487,0.8885900139808655,0.7029175728559494,0.0,0.008699285395414402,3.577541399002075,-0.002944946298885043,1e-05,0.0,0.1444376952946186,0.2951725997030735,0.40471529960632324,0.00040635053082951347,0.15526805259287357,3.7618201869230496,33.21093049905334,9.887096774193548
550,dynamic_actor_adapt,-11522.600889503956,1.0,0.277763570100069,0.8888108044862747,0.7045290723443032,0.0,0.006004959622441725,3.5113527834415437,-0.003047792141296668,1e-05,0.0,0.1435048095881939,0.2943140037357807,0.40768316462635995,0.0004409684410347836,0.15405705757439137,3.565915225025039,34.158717953948006,10.043010752688172
551,dynamic_actor_adapt,-11165.522630214691,1.0,0.2776476196944714,0.8886570915579796,0.7058495938777923,0.0,0.0049895635576831295,3.474712985754013,-0.003543917149363551,1e-05,0.0,0.14526619650423528,0.293392051756382,0.40619099885225296,0.0003603029836085625,0.1547904510051012,3.7654262204207507,33.44934206262737,9.806451612903226
552,dynamic_actor_adapt,-11242.402290046215,1.0,0.27738893777132034,0.8890405669808388,0.7044006526470185,0.0,0.00305969073924639,3.3846967577934266,-0.002676065022387775,1e-05,0.0,0.1449303038418293,0.2944982223212719,0.40499704480171206,0.0003611980919231428,0.15521322935819626,3.522357785204302,33.70164099455588,9.870967741935484
553,dynamic_actor_adapt,-11087.544073104858,1.0,0.27715771421790125,0.8891585543751717,0.7052562668919563,0.0,0.0030170919442752907,3.4253972828388215,-0.0036589509836630896,1e-05,0.0,0.14450365789234637,0.295386566221714,0.4055757850408554,0.0004026633738249075,0.15413133278489113,3.8003442823886235,33.32859861145376,9.725806451612904
554,dynamic_actor_adapt,-11153.524344682693,1.0,0.2769488267600536,0.8890317633748055,0.7055863678455353,0.0,0.004667785218771242,3.523782122135162,-0.002905854437267408,1e-05,0.0,0.1461051356047392,0.2939718715846539,0.404656583070755,0.00040649615257279945,0.15485991090536116,3.769169161786859,33.80990935569453,9.71505376344086
555,dynamic_actor_adapt,-10804.802013516426,1.0,0.27658084854483606,0.889325687289238,0.7046076491475105,0.0,0.005314668516075427,3.510420858860016,-0.002706281551036227,1e-05,0.0,0.1438003797084093,0.2943484663963318,0.40692327320575716,0.0004205470781016629,0.15450733415782453,3.6669989235050964,33.64440699256218,9.446236559139786
556,dynamic_actor_adapt,-11302.155850350857,1.0,0.2772626966238022,0.889272403717041,0.7049368098378181,0.0,0.004326313683122906,3.4457863569259644,-0.0028560856299009174,1e-05,0.0,0.14483138248324395,0.2953017070889473,0.4047985941171646,0.0003820678604824934,0.15468624606728554,3.535260338417841,33.46629853415628,9.849462365591398
557,dynamic_actor_adapt,-11851.720766544342,1.0,0.27545939981937406,0.889633446931839,0.7059391260147094,0.0,0.006973380487033875,3.536770486831665,-0.0031283558018913027,1e-05,0.0,0.1439588338136673,0.293438445776701,0.4082760661840439,0.00039128933567553756,0.15393536910414696,3.725982981909289,33.97929389097486,10.344086021505376
558,dynamic_actor_adapt,-10934.392624497414,1.0,0.2786729045212269,0.887956227362156,0.7044511795043945,0.0,0.007714022529762577,3.4049655556678773,-0.0032580036625688537,1e-05,0.0,0.14495085813105107,0.2954906962811947,0.40441905334591866,0.00039349789403786417,0.1547458954155445,4.105280208099195,34.118533866196685,9.559139784946238
559,dynamic_actor_adapt,-11507.714714348316,1.0,0.2765913501381874,0.8892147749662399,0.7060040727257728,0.0,0.004491580987087218,3.5786221504211424,-0.003009799402934732,1e-05,0.0,0.1443561688065529,0.29424128383398057,0.4066648446023464,0.0003804571784712607,0.15435724817216395,3.5861155914210747,33.780391684748295,10.080645161290322
560,dynamic_actor_adapt,-10983.645704746246,1.0,0.27849583327770233,0.8884020507335663,0.7055125534534454,0.0,0.0027944608351390733,3.389339047670364,-0.00259109391754464,1e-05,0.0,0.14431788325309752,0.292919535189867,0.406627643853426,0.00039674850086157676,0.15573818273842335,3.9036570379018727,33.680818032952544,9.618279569892472
561,dynamic_actor_adapt,-11249.37443947792,1.0,0.2785693950951099,0.8886863008141518,0.7043194159865379,0.0,0.0032237216819339777,3.4865063786506654,-0.003053816480678506,1e-05,0.0,0.14490885734558107,0.2939256526529789,0.4062158018350601,0.0004115248637390323,0.1545381709933281,3.9048360992084765,33.9315468226473,9.913978494623656
562,dynamic_actor_adapt,-10948.485261976719,1.0,0.27779643312096597,0.8885953322052955,0.7037895321846008,0.0,0.0013896032545744953,3.427950698137283,-0.0033189359928655904,1e-05,0.0,0.14469476714730262,0.2944486953318119,0.4057586953043938,0.0003879185063851764,0.15470992848277093,3.7332636582025582,33.64117518994051,9.516129032258064
563,dynamic_actor_adapt,-10603.95038986206,1.0,0.2776529908180237,0.8882869839668274,0.706235633790493,0.0,0.002189559895850857,3.290365767478943,-0.0024348310034838505,1e-05,0.0,0.1451790500432253,0.2950585067272186,0.4054682604968548,0.00038860250351717695,0.15390558168292046,3.768789678107629,33.35964899209626,9.263440860215054
564,dynamic_actor_adapt,-10903.970693945885,1.0,0.2800772413611412,0.8873466834425926,0.7042232066392898,0.0,0.004001068980869593,3.443727654218674,-0.0035466024404740893,1e-05,0.0,0.14566940441727638,0.2931419052183628,0.40538432598114016,0.0004222250230668578,0.15538213774561882,3.9890305800416783,33.647771908528746,9.580645161290322
565,dynamic_actor_adapt,-10970.690133869648,1.0,0.27818997874855994,0.8879755645990371,0.7058986842632293,0.0,0.004075687864315086,3.540890687704086,-0.0028998058594879696,1e-05,0.0,0.14468859806656836,0.2945149913430214,0.4060490868985653,0.0004168228664639173,0.1543305054306984,3.9438497164821062,33.342014490822436,9.559139784946238
566,dynamic_actor_adapt,-11309.136549711227,1.0,0.276071161031723,0.8893500566482544,0.705326595902443,0.0,0.00269289370407928,3.545811355113983,-0.0028055910850525835,1e-05,0.0,0.1437165655195713,0.29545596092939375,0.40568293258547783,0.000408560361029231,0.15473598018288612,3.820345127502467,33.47211665614091,9.881720430107526
567,dynamic_actor_adapt,-11147.433558404446,1.0,0.2751167185604572,0.8897616222500802,0.7053342580795288,0.0,0.0025384131447935498,3.5775340259075166,-0.0028116431902162732,1e-05,0.0,0.14498577117919922,0.29507685974240305,0.4053181648254395,0.0003800846516242018,0.15423911735415458,3.7065078912942426,32.96657479479964,9.752688172043012
568,dynamic_actor_adapt,-10999.098688721657,1.0,0.27694245502352716,0.8889852121472359,0.706296356022358,0.0,0.00556607047692525,3.3638163805007935,-0.003147646525394521,1e-05,0.0,0.1459488395601511,0.29230914637446404,0.4058916836977005,0.00036476302957453297,0.15548556558787824,3.8080627500290074,33.2965087688099,9.60752688172043
569,dynamic_actor_adapt,-11347.837258338928,1.0,0.2763748995959759,0.8893297538161278,0.7041054889559746,0.0,0.00805292465447563,3.4475289404392244,-0.0027273718966171145,1e-05,0.0,0.14374549724161625,0.29630889669060706,0.4048581801354885,0.000391480073085404,0.15469595417380333,3.5711641249895845,32.93802904486491,9.96774193548387
570,dynamic_actor_adapt,-11083.255783081055,1.0,0.27600265890359876,0.8896237656474113,0.7040038108825684,0.0,0.006108761631185178,3.3799398720264433,-0.0020281284232623875,1e-05,0.0,0.14440979436039925,0.2932614743709564,0.4070845879614353,0.00038451596301456446,0.15485962443053722,3.490326961846452,33.35212763282172,9.736559139784946
571,dynamic_actor_adapt,-10899.505562901497,1.0,0.2759303368628025,0.889764903485775,0.7048266112804413,0.0,0.003414319352668843,3.4083052575588226,-0.0026483939971512884,1e-05,0.0,0.1434671450406313,0.29388002306222916,0.40817320346832275,0.00037062222327222116,0.15410901233553886,3.860821689863387,33.19249640341807,9.56989247311828
572,dynamic_actor_adapt,-11030.451742768288,1.0,0.279397551715374,0.8879470661282539,0.7037364736199379,0.0,0.004575398106680911,3.478647971153259,-0.0026865610547247344,1e-05,0.0,0.1439788669347763,0.2951087564229965,0.4058855026960373,0.000370755503536202,0.154656121134758,3.8689072281894354,33.16046448656403,9.548387096774194
573,dynamic_actor_adapt,-11099.964326381683,1.0,0.27535253018140793,0.8897507846355438,0.7044207945466041,0.0,0.0019277144372608136,3.4836972534656523,-0.0028161014255601914,1e-05,0.0,0.1439033154398203,0.29422044903039934,0.4064401723444462,0.0003710777560627321,0.15506498478353023,3.88407289478516,33.54033809507948,9.618279569892472
574,dynamic_actor_adapt,-10972.038280248642,1.0,0.2791475489735603,0.8880203112959861,0.7044305145740509,0.0,0.005629288947602634,3.432241666316986,-0.002657072975671326,1e-05,0.0,0.14469724483788013,0.29343869984149934,0.4044072799384594,0.0003907098333002068,0.15706607066094874,4.205403296751489,33.22009219662419,9.704301075268818
575,dynamic_actor_adapt,-11227.618204772472,1.0,0.27739744633436203,0.8887864336371422,0.7063583552837371,0.0,0.0041199557981598574,3.434016299247742,-0.0026429709658259528,1e-05,0.0,0.14582235738635063,0.29437356293201444,0.40402567833662034,0.00037165268840908536,0.15540674924850464,4.1406029320216335,33.43307848952083,9.849462365591398
576,dynamic_actor_adapt,-11316.037743210793,1.0,0.2782981678843498,0.8885835915803909,0.7026908427476883,0.0,0.002535356400767341,3.4457768499851227,-0.0021147943456526264,1e-05,0.0,0.1445546794682741,0.2944777965545654,0.4048536017537117,0.00038616847414232327,0.1557277549058199,4.107063360551952,33.26834749796977,9.93010752688172
577,dynamic_actor_adapt,-11340.673470020294,1.0,0.2754210203886032,0.8895739451050758,0.7058009713888168,0.0,0.0039061719191523015,3.5469297051429747,-0.0031435505879926495,1e-05,0.0,0.14588048942387105,0.29509677812457086,0.4040415741503239,0.0003944618656532839,0.15458669550716878,3.9920553349970236,33.56491105836999,9.951612903225806
578,dynamic_actor_adapt,-11021.813508212566,1.0,0.27847605869174,0.8882315546274185,0.7031713798642159,0.0,0.00390996530695707,3.44684100151062,-0.003415590585791506,1e-05,0.0,0.1443422969430685,0.29467998668551443,0.4053376615047455,0.000409643988677999,0.15523040741682054,3.813568102702298,33.65861150647687,9.591397849462366
579,dynamic_actor_adapt,-10913.580942571163,1.0,0.2768585778772831,0.8890556424856186,0.7057706102728843,0.0,0.001871414527340637,3.4380675852298737,-0.002317843833270672,1e-05,0.0,0.14527800790965556,0.29405898973345757,0.40509559363126757,0.00038804769101261625,0.15517936497926713,4.173939228623155,34.14754549181258,9.618279569892472
580,dynamic_actor_adapt,-10939.29599058628,1.0,0.27677929401397705,0.8889643833041191,0.7055377438664436,0.0,0.0014897738212311883,3.431412160396576,-0.0024993527425976937,1e-05,0.0,0.14587676748633385,0.29374303445219996,0.4052417196333408,0.00037464776578417515,0.15476383194327353,4.065648099148521,33.483735276694574,9.5752688172043
581,dynamic_actor_adapt,-11299.342329859734,1.0,0.27679694443941116,0.889302633702755,0.7023218929767608,0.0,0.0028770199038262944,3.4666923105716707,-0.0022264662948145997,1e-05,0.0,0.1444420415908098,0.2940641924738884,0.40543999895453453,0.0003708623127749888,0.15568290315568448,4.070676281383229,33.493653194788905,9.951612903225806
582,dynamic_actor_adapt,-11096.385538458824,1.0,0.27670638635754585,0.8895388394594193,0.7059145584702492,0.0,0.003245336442341823,3.38495951294899,-0.002519268476862635,1e-05,0.0,0.14604621864855288,0.29386293813586234,0.4046450465917587,0.0003893541612342233,0.15505644232034682,4.02224360102907,33.829987147743594,9.752688172043012
583,dynamic_actor_adapt,-11237.937556624413,1.0,0.2771389983594418,0.8890304356813431,0.7065361768007279,0.0,0.0034009527171292796,3.516737550497055,-0.003264602448325604,1e-05,0.0,0.14476131051778793,0.29469810500741006,0.40547120943665504,0.00042850097743212244,0.15464087426662446,4.135205752887229,33.24291070099827,9.827956989247312
584,dynamic_actor_adapt,-11015.952277898788,1.0,0.27441317662596704,0.8904763549566269,0.7053435310721398,0.0,0.0012073585599864545,3.4392101407051086,-0.0029692360374610873,1e-05,0.0,0.14531285241246222,0.29451014176011087,0.40509575977921486,0.0003882345172314672,0.15469301156699658,3.9655009711712887,33.023485045633755,9.682795698924732
585,dynamic_actor_adapt,-11149.132262766361,1.0,0.27667415514588356,0.8895435690879822,0.707352590560913,0.0,0.0023865126542659707,3.4747826218605042,-0.002447387348729535,1e-05,0.0,0.14524520449340345,0.29516892656683924,0.40563023164868356,0.0003864999751385767,0.15356913805007935,3.827940326712148,33.422282289814945,9.811827956989246
586,dynamic_actor_adapt,-11213.967332601547,1.0,0.2762113489210606,0.8892719268798828,0.703702199459076,0.0,0.002914381236405478,3.4735548436641692,-0.0030168660450726748,1e-05,0.0,0.1450569350272417,0.29429538547992706,0.40524534657597544,0.0003760041330679087,0.15502632781863213,3.8513616757892026,33.57261336815337,9.887096774193548
587,dynamic_actor_adapt,-11002.762991666794,1.0,0.2769664987921715,0.8890352934598923,0.7052204072475433,0.0,0.002050836640410103,3.5934686958789825,-0.0030871584076521685,1e-05,0.0,0.1450321551412344,0.2936236783862114,0.4062516801059246,0.00039508942390966697,0.1546973969787359,4.051452568862008,33.67432775002474,9.67741935483871
588,dynamic_actor_adapt,-11009.414654612541,1.0,0.2773813888430595,0.8892460003495216,0.7055474638938903,0.0,0.002545097818074299,3.37877442240715,-0.0021791139148263027,1e-05,0.0,0.1443817935883999,0.2930088475346565,0.4066646911203861,0.0003877312552504009,0.15555693320930003,3.8394601273395064,33.08379540208161,9.596774193548386
589,dynamic_actor_adapt,-11083.084624409676,1.0,0.27907207012176516,0.8876378089189529,0.7037626102566719,0.0,0.002688594888968493,3.580531710386276,-0.0036347077184473164,1e-05,0.0,0.1443935837596655,0.2943298079073429,0.4062516510486603,0.0003992814992670901,0.15462567918002607,3.991378621012935,33.03819031591889,9.741935483870968
590,dynamic_actor_adapt,-11269.146935522556,1.0,0.27671105340123175,0.8891549274325371,0.7035849496722222,0.0,0.003819276071226352,3.383032578229904,-0.0025608269429881147,1e-05,0.0,0.1436928041279316,0.2957600884139538,0.4050686240196228,0.00037345065757108384,0.15510503724217414,4.401285325068004,33.337346527748416,9.795698924731184
591,dynamic_actor_adapt,-10559.75714713335,1.0,0.27853312268853186,0.8883715748786927,0.7043632060289383,0.0,0.0026537807636486666,3.4956899106502535,-0.0031637218569812832,1e-05,0.0,0.14416759461164474,0.29553577080369,0.4039660505950451,0.00037653389190381856,0.1559540532529354,4.39680556200624,33.164003519542,9.198924731182796
592,dynamic_actor_adapt,-10646.608209371567,1.0,0.27676169872283934,0.8893921315670014,0.703475621342659,0.0,0.0023590631313709365,3.5484745681285856,-0.0033073539583710954,1e-05,0.0,0.14380996040999888,0.2967153020203114,0.40382531732320787,0.000364852918573888,0.15528456978499888,4.243063064626841,33.497511168852014,9.290322580645162
593,dynamic_actor_adapt,-11050.194619894028,1.0,0.2770114466547966,0.8893568381667137,0.704243715107441,0.0,0.004872089169657595,3.5160256683826447,-0.0030671358097606573,1e-05,0.0,0.1454049911350012,0.2957356758415699,0.40464736297726633,0.0003838231321424246,0.15382815338671207,4.04183680003606,32.99973449898008,9.720430107526882
594,dynamic_actor_adapt,-10720.693949222565,1.0,0.2775902733206749,0.8886358171701432,0.7020908266305923,0.0,0.0026041644934593823,3.6026985168457033,-0.0025641299478593284,1e-05,0.0,0.14456692337989807,0.2952716574072838,0.4055824249982834,0.00039004914760880637,0.15418894365429878,4.0635987883874485,33.13755414262348,9.413978494623656
595,dynamic_actor_adapt,-11049.84076565504,1.0,0.2744372561573982,0.8904780879616737,0.7061245799064636,0.0,0.004456277067583886,3.3515683829784395,-0.003272649310019915,1e-05,0.0,0.1443183094263077,0.29329213351011274,0.40624813809990884,0.0004056654404848814,0.15573575347661972,4.156912273294173,33.04055392330865,9.698924731182796
596,dynamic_actor_adapt,-11021.166566491127,1.0,0.2772276412695646,0.8888119518756866,0.7049624279141427,0.0,0.00438594961160566,3.429592436552048,-0.0028760235323716187,1e-05,0.0,0.14498212076723577,0.2948212958872318,0.4052089475095272,0.00039225631771842016,0.15459537729620934,4.124094827772315,33.37623147640312,9.71505376344086
597,dynamic_actor_adapt,-10807.640480935574,1.0,0.27664257436990736,0.889342513680458,0.7034853503108025,0.0,0.0033772537455661776,3.512406986951828,-0.002328803322780004,1e-05,0.0,0.14329349398612976,0.2954541228711605,0.4055099904537201,0.0004142416742979549,0.15532814897596836,4.037482966261451,33.57170802642338,9.516129032258064
598,dynamic_actor_adapt,-11293.104131162167,1.0,0.2758638828992844,0.8897161588072777,0.7044361218810081,0.0,0.0051791293204587864,3.369821572303772,-0.002674115652189357,1e-05,0.0,0.14487898498773574,0.29645820111036303,0.40535917803645133,0.00038269725409918466,0.15292094573378562,3.917560061240741,32.93580799133483,9.93010752688172
599,dynamic_actor_adapt,-11081.281875908375,1.0,0.2731312893331051,0.8914582550525665,0.7049434781074524,0.0,0.004817720813662191,3.5821841061115265,-0.0033661460474831983,1e-05,0.0,0.14387767873704432,0.29505064636468886,0.40658134073019025,0.00039643271047680174,0.15409390740096568,4.157205275401578,33.45591439200182,9.688172043010752
600,dynamic_actor_adapt,-10372.374506115913,1.0,0.27635156363248825,0.8894240692257881,0.7056389018893242,0.0,0.0069543152781989135,3.596313565969467,-0.0032656620311172445,1e-05,0.0,0.14652290046215058,0.29254821836948397,0.4056067861616611,0.0003962580209190492,0.15492584370076656,4.246334004796065,33.30645426401416,9.032258064516128
601,dynamic_actor_adapt,-10992.57074791193,1.0,0.27487666383385656,0.8906994506716728,0.7065961137413979,0.0,0.004261385728022998,3.6031308233737946,-0.002729486602038378,1e-05,0.0,0.14486624598503112,0.29431093782186507,0.40597461014986036,0.00039640450340812096,0.15445180237293243,4.269675999781905,33.28317939319134,9.596774193548386
602,dynamic_actor_adapt,-10608.121658146381,1.0,0.27774216532707213,0.888349236547947,0.7057724744081497,0.0,0.0021937183686531582,3.5023706555366516,-0.0026784790759847967,1e-05,0.0,0.14527986831963063,0.2941191613674164,0.40510481372475626,0.000361121568857925,0.1551350425928831,4.326247030962631,33.7293468474852,9.204301075268816
603,dynamic_actor_adapt,-10568.227470338345,1.0,0.2773893639445305,0.8890886232256889,0.7041876405477524,0.0,0.0025926417685696425,3.3948979794979097,-0.0027308130003802942,1e-05,0.0,0.14445215724408628,0.29483649507164955,0.40463619902729986,0.00039394538252963686,0.15568120107054711,4.465923822958916,33.272381620190565,9.172043010752688
604,dynamic_actor_adapt,-10623.135695040226,1.0,0.27711309865117073,0.8891184240579605,0.7070803135633469,0.0,0.003609184622837436,3.575173157453537,-0.0027323462840286084,1e-05,0.0,0.1459029845893383,0.2940836831927299,0.404989966750145,0.0003826222880888963,0.1546407464891672,4.408509338044259,33.080038767421655,9.236559139784946
605,dynamic_actor_adapt,-10653.706384122372,1.0,0.27607034221291543,0.8900681629776954,0.704739810526371,0.0,0.004428761393137493,3.550303763151169,-0.0028743880277033894,1e-05,0.0,0.14524294808506966,0.29625396579504015,0.4034412451088428,0.00037699790409533306,0.1546848427504301,4.077851884033031,33.667164065197504,9.225806451612902
606,dynamic_actor_adapt,-10817.30971878767,1.0,0.2752534583210945,0.8900085300207138,0.7046749711036682,0.0,0.005036813006881935,3.496912181377411,-0.0031530758802546187,1e-05,0.0,0.14525161422789096,0.29373555928468703,0.40589161664247514,0.0004099193982256111,0.15471129007637502,4.247086130872784,33.233307071804155,9.43010752688172
607,dynamic_actor_adapt,-11128.73951214552,1.0,0.27958084642887115,0.8876918986439705,0.7040887027978897,0.0,0.0028123141266405693,3.493955397605896,-0.0030702819658472436,1e-05,0.0,0.14499017894268035,0.2951417177915573,0.40547687113285064,0.0004099133446288761,0.15398132130503656,4.158553087267463,33.31389893975509,9.74731182795699
608,dynamic_actor_adapt,-10607.22288787365,1.0,0.27873215451836586,0.8882125362753868,0.704227177798748,0.0,0.0036647308290411683,3.5170267522335052,-0.0026548601876129397,1e-05,0.0,0.1454206146299839,0.2945820175111294,0.4042182646691799,0.0003958537592552602,0.15538325011730195,4.410020913337091,33.598043918312406,9.295698924731182
609,dynamic_actor_adapt,-10523.81369203329,1.0,0.2780536949634552,0.888598994910717,0.7052338540554046,0.0,0.00019493543804859347,3.3521325886249542,-0.0021313838427886368,1e-05,0.0,0.14546522535383702,0.29460702911019326,0.40421233251690863,0.00042369651637272907,0.1552917119115591,4.310258067648476,33.335791488786434,9.188172043010754
610,dynamic_actor_adapt,-11005.470982849598,1.0,0.27670670971274375,0.889430183172226,0.7043389931321145,0.0,0.002025051335658662,3.5312032282352446,-0.003086259274277836,1e-05,0.0,0.1453833132982254,0.2941781595349312,0.4052248604595661,0.00037806253458256834,0.15483560413122177,4.4568439812714615,33.34242620176179,9.612903225806452
611,dynamic_actor_adapt,-10623.121591448784,1.0,0.27798893973231315,0.888598769903183,0.7049697637557983,0.0,0.0030490812096104435,3.555560606718063,-0.0025643705673701334,1e-05,0.0,0.14489035867154598,0.29558561071753503,0.4053299516439438,0.0003900602227076888,0.15380401760339737,4.148628008784508,33.07748399186092,9.301075268817204
612,dynamic_actor_adapt,-10687.789427638054,1.0,0.27405844777822497,0.8907725632190704,0.7055689513683319,0.0,0.002943794321618043,3.46834437251091,-0.0022390277663362212,1e-05,0.0,0.14493332654237748,0.2941137202084064,0.40641322210431097,0.0004118858458241448,0.1541278574615717,4.408084267619002,33.384390756042045,9.36021505376344
613,dynamic_actor_adapt,-10470.742448568344,1.0,0.2758410878479481,0.8898184821009636,0.7054436683654786,0.0,0.005074771389990867,3.5984157860279082,-0.002634155232954072,1e-05,0.0,0.1461781907826662,0.29362062737345695,0.4044230617582798,0.0003577455605409341,0.15542037114501,4.46300659484884,33.58846574207561,9.155913978494624
614,dynamic_actor_adapt,-10671.706848323345,1.0,0.2765455931425095,0.8893040642142296,0.7030648499727249,0.0,0.004788507119883434,3.435774230957031,-0.002671892350917915,1e-05,0.0,0.14395843893289567,0.2956678092479706,0.4047337844967842,0.00039409728706232274,0.15524587221443653,4.423730861115033,33.28992475932069,9.419354838709678
615,dynamic_actor_adapt,-10194.356161892414,1.0,0.2768360272049904,0.8893765449523926,0.7033217668533325,0.0,0.002064211530523641,3.5280528545379637,-0.0023641396564926254,1e-05,0.0,0.14394672326743602,0.29641668796539306,0.40371339619159696,0.0003956580476369709,0.15552754029631616,4.3740432564936,33.17787347555544,8.89784946236559
616,dynamic_actor_adapt,-10776.154252290726,1.0,0.28025835007429123,0.887575127184391,0.7032007724046707,0.0,0.002453509959013922,3.5473676323890686,-0.0031219266915286426,1e-05,0.0,0.1445949200540781,0.29544150456786156,0.40429195314645766,0.0003955233238229994,0.15527610220015048,4.532493182468838,33.72595710084838,9.403225806451612
617,dynamic_actor_adapt,-10666.968064904213,1.0,0.27793777659535407,0.888417100906372,0.7050543963909149,0.0,0.004686809367558459,3.5490763068199156,-0.0020705850722151807,1e-05,0.0,0.14392911829054356,0.29377022460103036,0.4064030133187771,0.00038919699945836326,0.15550844334065914,4.7191304074133456,33.34771974131254,9.35483870967742
618,dynamic_actor_adapt,-10665.136590242386,1.0,0.2781727559864521,0.8885794386267662,0.7034803718328476,0.0,0.0017529600860143103,3.4658988237380983,-0.0022311463981168345,1e-05,0.0,0.144109857827425,0.29442469626665113,0.406420373916626,0.00041310755186714233,0.15463196560740472,4.3769112392450005,33.460002593697766,9.274193548387096
619,dynamic_actor_adapt,-10800.98264670372,1.0,0.2774302326142788,0.8891909390687942,0.705796629190445,0.0,0.0055122613910498774,3.363789290189743,-0.002322460729192244,1e-05,0.0,0.14548368752002716,0.2958045594394207,0.40457666367292405,0.00041554426461516415,0.15371954403817653,4.420643680568551,33.75137868444577,9.413978494623656
620,dynamic_actor_adapt,-10472.133273243904,1.0,0.27915633767843245,0.8879529923200608,0.7044032916426659,0.0,0.0038365648641047133,3.6884211897850037,-0.0026060639565912425,1e-05,0.0,0.14387733079493045,0.295492634922266,0.405366025865078,0.00042813514519366434,0.15483587458729745,4.506697840463667,33.485829825307974,9.10752688172043
621,dynamic_actor_adapt,-10383.59800595045,1.0,0.2768262654542923,0.8893286496400833,0.704513831436634,0.0,0.0026777748709719386,3.3888503551483153,-0.002381957581383176,1e-05,0.0,0.14457556717097758,0.2946346253156662,0.4049518547952175,0.00036142704775556924,0.15547652430832387,4.278332744441657,33.59560619095188,8.989247311827956
622,dynamic_actor_adapt,-10457.987586319447,1.0,0.2755686350166798,0.8897905483841896,0.7037076070904732,0.0,0.00247382698507857,3.440546381473541,-0.00241466623992892,1e-05,0.0,0.14437253251671792,0.29587153941392896,0.404658117890358,0.0003562005593266804,0.15474160946905613,4.135436369710961,33.078043809211174,9.03763440860215
623,dynamic_actor_adapt,-10649.67131793499,1.0,0.27593572437763214,0.8897931084036828,0.7060746356844902,0.0,0.002104094687820196,3.6095323145389555,-0.0029226599515823183,1e-05,0.0,0.14540323577821254,0.29511341750621795,0.40448730662465093,0.0003775457909796387,0.1546184964478016,4.1894330777187445,33.23844722093886,9.263440860215054
624,dynamic_actor_adapt,-10355.903756022453,1.0,0.2762913927435875,0.889674374461174,0.7055504962801933,0.0,0.002225539068967869,3.3760549783706666,-0.0029083833756885723,1e-05,0.0,0.14587448872625827,0.29412335678935053,0.40436459705233574,0.0003930150396627141,0.15524454303085805,4.2164104225156045,33.572980368601485,9.032258064516128
625,dynamic_actor_adapt,-10372.094703555107,1.0,0.2768942750990391,0.8892737701535225,0.7032449573278428,0.0,0.004388298430785642,3.5008481621742247,-0.002826262988219241,1e-05,0.0,0.1447287928313017,0.2958615250885487,0.404814350605011,0.00039924219890963286,0.1541960895061493,4.101465374124526,33.22652383268699,9.032258064516128
626,dynamic_actor_adapt,-10826.125101566315,1.0,0.278555353730917,0.8884640306234359,0.7042546257376671,0.0,0.003553253151039859,3.6639661312103273,-0.002913907824586204,1e-05,0.0,0.14501273557543753,0.2945298723876476,0.4043899208307266,0.0003786952489463147,0.15568877048790455,4.20912682155123,33.45644280812354,9.50537634408602
627,dynamic_actor_adapt,-10714.199156343937,1.0,0.2766900971531868,0.8891657710075378,0.7045869484543801,0.0,0.005168019170014376,3.3766338527202606,-0.0030433011750574225,1e-05,0.0,0.14505620412528514,0.29591465145349505,0.40554568618535997,0.0003702079851791495,0.15311325155198574,4.056128647966408,33.09937070384668,9.46236559139785
628,dynamic_actor_adapt,-11047.634542107582,1.0,0.27664428725838663,0.8893224656581878,0.7059377044439316,0.0,0.0050211164398207,3.6107080459594725,-0.0029707862147915877,1e-05,0.0,0.1461602233350277,0.29446195289492605,0.40448782593011856,0.00042097877885680644,0.1544690191745758,4.172588804848955,33.22351166411778,9.580645161290322
629,dynamic_actor_adapt,-10343.326053023338,1.0,0.27640378251671793,0.8893672689795494,0.7051217675209045,0.0,0.0031035583720949666,3.350204312801361,-0.0026180903966633194,1e-05,0.0,0.1452466629445553,0.2945154219865799,0.40387281104922296,0.0003977735475928057,0.15596732795238494,4.512758193162418,33.734553965312166,9.0
630,dynamic_actor_adapt,-10213.415964007378,1.0,0.27424123138189316,0.8904716238379479,0.7058898240327836,0.0,0.0017577990747667527,3.295743542909622,-0.00227388290259114,1e-05,0.0,0.14534608386456965,0.29441681131720543,0.4046309970319271,0.00041907139057002497,0.15518704429268837,4.470420789263482,33.602295452669935,8.881720430107528
631,dynamic_actor_adapt,-10599.203650534153,1.0,0.2762831412255764,0.8895437315106391,0.7044017508625984,0.0,0.002257710358026066,3.5963001191616057,-0.002510640586842783,1e-05,0.0,0.14527406133711337,0.29554566368460655,0.40427267327904703,0.0003634270666225348,0.15454417690634728,4.124499833765556,33.82224292303612,9.36021505376344
632,dynamic_actor_adapt,-10589.026321828365,1.0,0.27597564086318016,0.8896042659878731,0.705909150838852,0.0,0.00236525895743398,3.3871091306209564,-0.001738428145472426,1e-05,0.0,0.1452888797968626,0.29436303228139876,0.40526194497942924,0.00040077260564430617,0.15468536876142025,4.151859881746066,33.54754974619942,9.263440860215054
633,dynamic_actor_adapt,-10283.930598199368,1.0,0.2752970941364765,0.8898256659507752,0.7036260813474655,0.0,0.0023093021089153455,3.508322238922119,-0.0027015090388886167,1e-05,0.0,0.14414816536009312,0.29521353617310525,0.4052725039422512,0.0003868341911584139,0.15497895516455173,4.184084918996169,33.655733207057814,8.994623655913978
634,dynamic_actor_adapt,-10234.019125759602,1.0,0.2773857519030571,0.8889659076929093,0.705783823132515,0.0,0.0026546635497652236,3.5202441453933715,-0.0028640715434448795,1e-05,0.0,0.14520386904478072,0.2949163630604744,0.4055441372096539,0.0003811280876107048,0.1539545077830553,4.101185736072688,33.109215466733325,8.973118279569894
635,dynamic_actor_adapt,-10418.124136984348,1.0,0.27536293491721153,0.8894405364990234,0.705843149125576,0.0,0.0037062881521706392,3.5692885398864744,-0.002903242669708561,1e-05,0.0,0.14625394120812416,0.2942699655890465,0.4043572500348091,0.0003612687505665235,0.15475757978856564,4.170672369788426,33.33904204120583,9.075268817204302
636,dynamic_actor_adapt,-10141.865997374058,1.0,0.2759126782417297,0.8902151003479958,0.7054667443037033,0.0,0.0016062175476690365,3.424065333604813,-0.0020169632385659496,1e-05,0.0,0.14588141068816185,0.294299753010273,0.4039381675422192,0.0003497708661598153,0.15553089901804923,4.310863027728614,33.52330704016624,8.779569892473118
637,dynamic_actor_adapt,-10841.838153123856,1.0,0.27702718377113345,0.8891447946429253,0.7050527170300483,0.0,0.003070296458099625,3.3895381927490233,-0.002528129415077274,1e-05,0.0,0.1460825078189373,0.29276460483670236,0.4046689607203007,0.00036005762121931183,0.15612387023866175,4.25164359038123,33.09770474375966,9.467741935483872
638,dynamic_actor_adapt,-10310.773629367352,1.0,0.2765758357942104,0.8894084885716438,0.7046597212553024,0.0,0.0060171367182192455,3.4756690084934236,-0.002543300780644131,1e-05,0.0,0.14474430233240126,0.295376043766737,0.4050470218062401,0.00037912603656877766,0.15445350743830205,4.188352763560092,33.33546571675531,8.96774193548387
639,dynamic_actor_adapt,-10309.506785690784,1.0,0.2764033623039722,0.8894021093845368,0.7045903712511062,0.0,0.0028172296246339323,3.6089594781398775,-0.002337328034627717,1e-05,0.0,0.14492027424275875,0.2939674288034439,0.4057329721748829,0.00040108073299052196,0.15497824512422084,4.133831488579954,33.32284325940031,8.940860215053762
640,dynamic_actor_adapt,-10291.829668283463,1.0,0.27784390449523927,0.8886207133531571,0.7060065299272538,0.0,0.00347100123944985,3.3732910335063933,-0.0022776849014917388,1e-05,0.0,0.14622399918735027,0.29326673299074174,0.40471841767430305,0.0003808319157542428,0.15541002228856088,4.0244800269286936,33.03036753308369,8.978494623655914
641,dynamic_actor_adapt,-10717.261072993279,1.0,0.2789842449128628,0.8875353366136551,0.7070994541049004,0.0,0.0037667678832804473,3.5874063789844515,-0.0017674382569111912,1e-05,0.0,0.1459243718534708,0.2946974724531174,0.4051558315753937,0.0003960622227168642,0.15382626540958882,4.015177442088424,33.334711142825206,9.50537634408602
642,dynamic_actor_adapt,-10320.769889295101,1.0,0.2780401237308979,0.888458177447319,0.7045704677700997,0.0,0.00492240066705561,3.4107043385505675,-0.002433235457283445,1e-05,0.0,0.14481836631894113,0.29334227591753004,0.4059410460293293,0.0003965937012253562,0.15550171807408333,4.079577633733425,33.127569597402584,9.010752688172042
643,dynamic_actor_adapt,-10203.485699892044,1.0,0.27883343771100044,0.8879627957940102,0.705396355688572,0.0,0.0029744885261606567,3.524821698665619,-0.002388105183490552,1e-05,0.0,0.14495792165398597,0.2926347114145756,0.4072887361049652,0.00038496265988214874,0.15473367050290107,4.0281680229964385,32.99447559227762,8.876344086021506
644,dynamic_actor_adapt,-10488.130196988583,1.0,0.2767431952059269,0.889453113079071,0.7047878250479698,0.0,0.005850580879632611,3.603583055734634,-0.003194855420588283,1e-05,0.0,0.14515848346054555,0.294016869366169,0.4043634429574013,0.0003992377722170204,0.15606196336448191,3.7621227813345848,32.8265800371803,9.279569892473118
645,dynamic_actor_adapt,-10661.424160957336,1.0,0.2767368696630001,0.8893345952033996,0.7056167498230934,0.0,0.003455924439185748,3.569074934720993,-0.0019417226896621287,1e-05,0.0,0.14446319900453092,0.2933175265789032,0.40607217997312545,0.00041846381936920806,0.15572862923145295,3.81766153207337,33.10802054275121,9.446236559139786
646,dynamic_actor_adapt,-10471.377633094788,1.0,0.27572940960526465,0.8898202911019325,0.7072170674800873,0.0,0.002351213093061244,3.436255007982254,-0.0021864317855943226,1e-05,0.0,0.14549974389374257,0.2934565894305706,0.40559181198477745,0.0003994806385890115,0.15505237504839897,3.931223737487024,33.302995222992315,9.129032258064516
647,dynamic_actor_adapt,-10585.797309994698,1.0,0.2776502251625061,0.8887027874588966,0.7038459360599518,0.0,0.0018113248352165379,3.464195394515991,-0.00285242582885985,1e-05,0.0,0.14504300355911254,0.29407704025506975,0.40587702170014384,0.00037210233240330125,0.1546308293938637,4.100262862724514,33.06679518517888,9.279569892473118
648,dynamic_actor_adapt,-10295.344117879868,1.0,0.2802146591246128,0.887582679092884,0.7049537882208824,0.0,0.003965907351812403,3.612378716468811,-0.002528507586248452,1e-05,0.0,0.14602301269769669,0.29339149668812753,0.4045796163380146,0.00038618448270426596,0.1556196965277195,3.7174179304978683,33.762874858795975,8.994623655913978
649,dynamic_actor_adapt,-10371.013956487179,1.0,0.2774768233299255,0.8887030512094498,0.7045434802770615,0.0,0.0028380842912156478,3.425980359315872,-0.0027008149882021826,1e-05,0.0,0.1451882805675268,0.29481053426861764,0.4043982431292534,0.00037909432066953743,0.1552238453179598,4.058434049920192,33.3468493445665,9.075268817204302
650,dynamic_actor_adapt,-10809.024071931839,1.0,0.2765830852091312,0.8893158674240113,0.7054014876484871,0.0,0.0029410697032290377,3.3304720342159273,-0.002688040036446182,1e-05,0.0,0.14554749615490437,0.2933400020003319,0.40531972497701646,0.000387991382740438,0.15540478825569154,3.859373750657835,33.38892063398005,9.483870967741934
651,dynamic_actor_adapt,-10781.228892862797,1.0,0.27815089002251625,0.8885911509394646,0.7059952199459076,0.0,0.003221160923203592,3.5516910195350646,-0.0031319509456807283,1e-05,0.0,0.14615714326500892,0.2943409360945225,0.40380072593688965,0.0003704977872985182,0.15533070117235184,3.9135477360223416,33.29636711848183,9.387096774193548
652,dynamic_actor_adapt,-10435.464911103249,1.0,0.27469479516148565,0.8903458088636398,0.7070136159658432,0.0,0.0012715852502878711,3.474887764453888,-0.0027240057388553396,1e-05,0.0,0.14585867747664452,0.2942621983587742,0.404399211704731,0.0004078012294485234,0.155072108656168,3.996026773856721,33.35237826684029,9.080645161290322
653,dynamic_actor_adapt,-10913.399181962013,1.0,0.27657023519277574,0.8892085492610932,0.7047955498099328,0.0,0.0018434899779094737,3.4003832578659057,-0.0019772225477936445,1e-05,0.0,0.14585121013224125,0.2939368970692158,0.40384887158870697,0.0003691670899570454,0.15599385574460028,3.8480293667417524,33.31785126177043,9.60752688172043
654,dynamic_actor_adapt,-10345.785340189934,1.0,0.2791981779038906,0.8878898784518242,0.7031150251626969,0.0,0.0017247770891117731,3.5943584978580474,-0.002783347452123053,1e-05,0.0,0.1449888229370117,0.29455375522375105,0.4039436630904675,0.00040161147917388006,0.1561121515929699,3.8987985538777776,33.12558662918638,9.0
655,dynamic_actor_adapt,-10377.717016875744,1.0,0.2775481417775154,0.8891192704439164,0.7050916641950608,0.0,0.003366777906194307,3.4116692423820494,-0.0021966946882457706,1e-05,0.0,0.14551834501326083,0.29448951259255407,0.40509752854704856,0.0003848571257549338,0.15450975820422172,4.0498266508871,33.56285418691007,9.14516129032258
656,dynamic_actor_adapt,-10574.681635260582,1.0,0.2807783715426922,0.8873486146330833,0.7041169077157974,0.0,0.002538492409803428,3.5669085681438446,-0.0024216144195634117,1e-05,0.0,0.14493506252765656,0.2938732899725437,0.405027786642313,0.0004311031312681735,0.1557327575981617,4.156643252614194,33.60618399397167,9.295698924731182
657,dynamic_actor_adapt,-10710.322891712189,1.0,0.2771698132157326,0.8887294799089431,0.7055708885192871,0.0,0.0025853617331449475,3.468041956424713,-0.0022481003776192664,1e-05,0.0,0.14619532003998756,0.2939057111740112,0.4048824556171894,0.0003844138602289604,0.15463209487497806,4.111672443514239,32.99209982493241,9.220430107526882
658,dynamic_actor_adapt,-10964.575233340263,1.0,0.27830042168498037,0.8881753757596016,0.7061416149139405,0.0,0.0038378101351554785,3.536004400253296,-0.002236325356352609,1e-05,0.0,0.14585073255002498,0.29233139753341675,0.4059400901198387,0.0003901407999364892,0.15548764243721963,4.251903368734737,33.376237668980345,9.612903225806452
659,dynamic_actor_adapt,-10750.949736058712,1.0,0.27760570496320724,0.889286507666111,0.7049600541591644,0.0,0.0031015747325000066,3.584687751531601,-0.0031203008013108045,1e-05,0.0,0.1443891327828169,0.292244828492403,0.40661395862698557,0.0003875229354889598,0.15636456198990345,4.2549209267938375,33.261321952035274,9.408602150537634
660,dynamic_actor_adapt,-10543.088780105114,1.0,0.2792767517268658,0.8878201872110367,0.7033323913812637,0.0,0.002532324349522319,3.44528751373291,-0.002030510301756294,1e-05,0.0,0.14402026906609536,0.29351099357008936,0.40612207278609275,0.0003816472530161263,0.15596502795815467,4.018681946385076,33.12829318692498,9.274193548387096
661,dynamic_actor_adapt,-10218.758605360985,1.0,0.2770568184554577,0.8889571636915207,0.7040438503026962,0.0,0.002345307149516812,3.5588752746582033,-0.002284247730858624,1e-05,0.0,0.1450047366321087,0.29369917064905166,0.40564311742782594,0.0003717830786627019,0.15528118498623372,3.9468450238958313,33.3412429105758,8.887096774193548
662,dynamic_actor_adapt,-10724.09274750948,1.0,0.27599373608827593,0.8896024957299232,0.7050641313195228,0.0,0.004334722034400285,3.5314701795578003,-0.0024396788649028167,1e-05,0.0,0.14487347528338432,0.2916630744934082,0.40702651515603067,0.0003805706135608489,0.15605636425316333,3.8394565745936307,33.306412411137906,9.365591397849462
663,dynamic_actor_adapt,-10228.311194598675,1.0,0.27667101845145226,0.8891342714428901,0.7051812618970871,0.0,0.0057868330488417665,3.439516991376877,-0.0024179000029107556,1e-05,0.0,0.145015711709857,0.29441425427794454,0.40629687905311584,0.0003667562377813738,0.15390639789402485,4.041086113846366,33.081832523550354,8.973118279569894
664,dynamic_actor_adapt,-10511.199610829353,1.0,0.27750544995069504,0.8887927427887916,0.7060332074761391,0.0,0.000652869047189647,3.419395911693573,-0.002560446290590335,1e-05,0.0,0.14489075727760792,0.29448154494166373,0.40653531327843667,0.00038746810823795383,0.15370492003858088,4.029818635119548,33.07088931756261,9.236559139784946
665,dynamic_actor_adapt,-9967.362423658371,1.0,0.27810420393943786,0.888339427113533,0.7064943015575409,0.0,0.005141079572058527,3.452980321645737,-0.0020147226066910663,1e-05,0.0,0.14563592262566089,0.2927262865006924,0.40572003126144407,0.0003990010081906803,0.15551876090466976,4.189931231464662,33.03303375025236,8.704301075268816
666,dynamic_actor_adapt,-10008.756403028965,1.0,0.2773423410952091,0.8890472993254661,0.7041847303509712,0.0,0.003259489908305102,3.4363283216953278,-0.002792215941917675,1e-05,0.0,0.14449966810643672,0.2934822805225849,0.4052420988678932,0.00038344285530911293,0.15639251172542573,4.197071618043885,33.10382656058238,8.731182795698924
667,dynamic_actor_adapt,-10882.461803615093,1.0,0.27573712095618247,0.8895308539271355,0.7064048931002617,0.0,0.0021155892110982844,3.4368449330329893,-0.00237804062635405,1e-05,0.0,0.1455319706350565,0.2927143402397633,0.4052588425576687,0.0003921892952348571,0.15610265545547009,4.1675250603721885,33.34773490087901,9.618279569892472
668,dynamic_actor_adapt,-10713.573482871056,1.0,0.2796718657016754,0.8877674818038941,0.7044322416186333,0.0,0.0007064346085826733,3.4743080914020537,-0.0023344141227426007,1e-05,0.0,0.14540087208151817,0.2924922212958336,0.40536283478140833,0.00043467435461934655,0.1563093952834606,4.007732613470943,33.90756137791682,9.32258064516129
669,dynamic_actor_adapt,-10336.22774553299,1.0,0.2747030682861805,0.8904941469430924,0.7067218661308289,0.0,0.004597196229587997,3.5436353206634523,-0.002052001545234816,1e-05,0.0,0.14607871174812317,0.2936319261789322,0.4058438874781132,0.0003838160722807515,0.15406165458261967,3.859979831083143,32.82880275188671,9.043010752688172
670,dynamic_actor_adapt,-10868.696276903152,1.0,0.2766161300241947,0.889475890994072,0.7046376392245293,0.0,0.005388514709920833,3.4181465089321135,-0.0021957827237201856,1e-05,0.0,0.14487579874694348,0.292140581458807,0.40712015330791473,0.0004106392923858948,0.15545282252132891,4.075452544242172,33.10350989791206,9.510752688172044
671,dynamic_actor_adapt,-11090.183962404728,1.0,0.27950797975063324,0.8875571906566619,0.7045872330665588,0.0,0.006230109472380718,3.528231310844421,-0.0024827940615068655,1e-05,0.0,0.1449108451604843,0.29522059559822084,0.4041998669505119,0.0003892569562594872,0.15527944229543209,3.9657827744719807,33.25841330875476,9.79032258064516
672,dynamic_actor_adapt,-10883.462627351284,1.0,0.27733216509222985,0.8888580039143562,0.704517263174057,0.0,0.003258341312903229,3.461862564086914,-0.0025361470607094816,1e-05,0.0,0.144008694216609,0.29453255906701087,0.40565755814313886,0.00035026793339056896,0.15545091591775417,4.040310869023993,33.214856005370144,9.440860215053764
673,dynamic_actor_adapt,-10752.081620752811,1.0,0.27745338529348373,0.88855931609869,0.7037313640117645,0.0,0.0036368604931340588,3.65308518409729,-0.0018097625936206896,1e-05,0.0,0.143813169747591,0.2929096594452858,0.40651137158274653,0.00036349422225612216,0.15640231259167195,4.0809653374255195,33.307667132644625,9.397849462365592
674,dynamic_actor_adapt,-10646.942211270332,1.0,0.2796986289322376,0.8870207488536834,0.7038577809929848,0.0,0.007510000048932874,3.5936754643917084,-0.0024473176286846864,1e-05,0.0,0.14518195912241935,0.2952901370823383,0.404212936013937,0.00036922702565789223,0.15494574792683125,4.135549772530154,33.383867343600386,9.295698924731182
675,dynamic_actor_adapt,-10474.870027840137,1.0,0.2773531399667263,0.8888686433434486,0.7045317158102989,0.0,0.00781927417046972,3.6559661984443665,-0.002520492925395956,1e-05,0.0,0.14502337388694286,0.2915390834212303,0.4065442204475403,0.00038835835657664576,0.1565049674361944,3.9784631683610017,33.67114028396564,9.123655913978494
676,dynamic_actor_adapt,-10108.966916024685,1.0,0.27802147194743154,0.8887139722704888,0.705197325348854,0.0,0.004503615761132151,3.659832179546356,-0.0024844747153110803,1e-05,0.0,0.14652639143168927,0.29227147772908213,0.4047373369336128,0.0004047539197927108,0.15606004260480405,4.086362916103,33.44510338509822,8.795698924731182
677,dynamic_actor_adapt,-10384.112844824791,1.0,0.27746993601322173,0.8890917122364044,0.706210820376873,0.0,0.001821372613994826,3.598763406276703,-0.0022250548339798116,1e-05,0.0,0.14590835832059385,0.29214841946959497,0.4056480206549168,0.00039212448464240877,0.1559030745178461,4.002447351107238,33.335208211635944,9.053763440860214
678,dynamic_actor_adapt,-10292.727799594402,1.0,0.27708939611911776,0.889120614528656,0.7053020641207695,0.0,0.0024721135032450214,3.341235488653183,-0.001973274904594291,1e-05,0.0,0.14559524655342101,0.2931697927415371,0.40584030374884605,0.00041452657569607254,0.15498013123869897,3.9859618183128664,33.238076860111036,9.053763440860214
679,dynamic_actor_adapt,-10260.264962911606,1.0,0.27749535962939265,0.8884540736675263,0.7056329876184464,0.0,0.0027641043641779663,3.4846690952777863,-0.00291302256759991,1e-05,0.0,0.14491271935403346,0.2939645290374756,0.40642762258648873,0.0003774650951527292,0.1543176706880331,4.111876994617093,33.19931902613234,8.994623655913978
680,dynamic_actor_adapt,-9765.37383788824,1.0,0.27720419988036155,0.8893446058034897,0.7058326244354248,0.0,0.003111573098067405,3.5301594913005827,-0.002180892940850754,1e-05,0.0,0.1456908918917179,0.2925784759223461,0.4062578849494457,0.0004182266384304967,0.15505451895296574,4.2441543120699174,33.513915567177946,8.440860215053764
681,dynamic_actor_adapt,-10093.488606274128,1.0,0.27717924043536185,0.8890126749873162,0.7063864529132843,0.0,0.0024006235104025164,3.7200052976608275,-0.0023129212309868307,1e-05,0.0,0.14537604674696922,0.29377878829836845,0.4062567174434662,0.0003806836593867047,0.15420776344835757,4.105591475731186,33.526414975427834,8.741935483870968
682,dynamic_actor_adapt,-10052.567724704742,1.0,0.2778678901493549,0.8885163486003875,0.7056784152984619,0.0,0.004873135113666632,3.603727275133133,-0.001842169931751414,1e-05,0.0,0.14626987837255,0.29465081468224524,0.40382015109062197,0.0003935901004297193,0.15486556775867938,4.273572964159478,33.19323520137689,8.720430107526882
683,dynamic_actor_adapt,-10315.163943588734,1.0,0.27757382914423945,0.8888435900211334,0.7041738256812096,0.0,0.0019142349887260267,3.5576305389404297,-0.0021387472646893003,1e-05,0.0,0.14557526744902133,0.2944060355424881,0.40432426556944845,0.00037586054204439277,0.1553185686469078,4.122103901334489,33.32393197263659,8.935483870967742
684,dynamic_actor_adapt,-10656.172526955605,1.0,0.2786995775997639,0.8883944496512413,0.7050916209816933,0.0,0.0034337878492806894,3.5599817991256715,-0.0020727946433908074,1e-05,0.0,0.1457074273377657,0.29279880672693254,0.40589736104011537,0.0003874998656101525,0.15520890429615974,3.7994028852581434,33.07490824469511,9.35483870967742
685,dynamic_actor_adapt,-9954.102944016457,1.0,0.27732042744755747,0.8890798255801201,0.704692579805851,0.0,0.001397675953921851,3.3938654541969298,-0.0018526897078118055,1e-05,0.0,0.1453048724681139,0.29250252693891526,0.4060488224029541,0.00041458452178630976,0.15572919957339765,4.076764961992685,33.22183149983197,8.67741935483871
686,dynamic_actor_adapt,-10092.884028553963,1.0,0.2757666803896427,0.8894103243947029,0.7037751227617264,0.0,0.002620875804859685,3.480999493598938,-0.0024240977072622627,1e-05,0.0,0.14400145635008813,0.2935052469372749,0.4061710022389889,0.0004075627526617609,0.15591473765671254,3.9746748056188532,33.33287731972734,8.75268817204301
687,dynamic_actor_adapt,-10368.93014150858,1.0,0.279009560495615,0.8883574143052101,0.7040694504976273,0.0,0.002476375870901376,3.4672350764274595,-0.0017261519882595167,1e-05,0.0,0.14510622434318066,0.29344951957464216,0.40501242578029634,0.000383676615456352,0.15604815557599067,4.1694019071565,33.33403886250291,9.032258064516128
688,dynamic_actor_adapt,-10575.919782340527,1.0,0.27532047107815744,0.8899647101759911,0.7060681462287903,0.0,0.0029378988609095767,3.686141788959503,-0.003006196194291988,1e-05,0.0,0.14577270932495595,0.2933601513504982,0.405801834911108,0.0003967323438700987,0.15466857478022575,4.214298980648999,33.19008809950933,9.236559139784946
689,dynamic_actor_adapt,-10155.365928173065,1.0,0.27682522162795065,0.8893917620182037,0.704190407693386,0.0,0.0034234625440149103,3.6302573144435883,-0.002409595492645167,1e-05,0.0,0.14530122987926006,0.29475953057408333,0.40456158220767974,0.00040103963292494884,0.15497661866247653,4.290578108932533,33.58220466331506,8.903225806451614
690,dynamic_actor_adapt,-9978.591745972633,1.0,0.27735798358917235,0.8889795929193497,0.7072264388203621,0.0,0.0034633022863999772,3.547101205587387,-0.0018050717888399958,1e-05,0.0,0.14680012837052345,0.2931902013719082,0.40477453991770745,0.0004208318339806283,0.15481429398059846,4.464967922474479,33.33946568744629,8.68279569892473
691,dynamic_actor_adapt,-10402.224495470524,1.0,0.278350368142128,0.8879223585128784,0.7031703218817711,0.0,0.004721376778979857,3.7114214956760407,-0.0024755957594607024,1e-05,0.0,0.14481165409088134,0.29505960196256636,0.40442673936486245,0.0003964191550039686,0.1553055826574564,4.265157653798795,33.54766842484232,9.091397849462366
692,dynamic_actor_adapt,-9896.56874614954,1.0,0.27963852137327194,0.887621919810772,0.7077755257487297,0.0,0.005219428363852802,3.514318186044693,-0.0024655728659126906,1e-05,0.0,0.14665794409811497,0.2931623890995979,0.4051855392754078,0.00040104534309648443,0.15459308326244353,4.4804026930843355,33.71268657787053,8.618279569892472
693,dynamic_actor_adapt,-9914.887385725975,1.0,0.27762850746512413,0.8887421771883964,0.7051681593060494,0.0,0.004479020124199545,3.3747089922428133,-0.00189550830036751,1e-05,0.0,0.14524708054959773,0.2943115055561066,0.40438865721225736,0.00036927938490407544,0.15568347536027433,4.427987063580922,33.55927803517053,8.639784946236558
694,dynamic_actor_adapt,-9992.532213747501,1.0,0.2755397118628025,0.8899519681930542,0.7058398261666298,0.0,0.0015778214710735704,3.557335340976715,-0.0024193603574531155,1e-05,0.0,0.14559311233460903,0.29428553730249407,0.4048128522932529,0.00038796106782683636,0.15492053069174289,4.490664795019231,33.45213235229272,8.655913978494624
695,dynamic_actor_adapt,-10082.267014324665,1.0,0.2775808393955231,0.8889407232403755,0.7065447449684144,0.0,0.0015604808311763473,3.5996442675590514,-0.0023692734002906946,1e-05,0.0,0.14627089053392411,0.2943622164428234,0.4042743809521198,0.00041375007349415683,0.15467876754701138,4.447589384826508,33.614027153429575,8.795698924731182
696,dynamic_actor_adapt,-9966.895405054092,1.0,0.27718636617064474,0.8891690403223038,0.7063697457313538,0.0,0.0053651948281185965,3.54312903881073,-0.00247794763672573,1e-05,0.0,0.14533296786248684,0.29266202375292777,0.4065783299505711,0.00036926779685018116,0.15505741573870183,4.340981074788236,33.23900047209011,8.731182795698924
697,dynamic_actor_adapt,-10256.86271840334,1.0,0.2755674861371517,0.8898807182908058,0.7070870041847229,0.0,0.006150810678445945,3.3802630007267,-0.0027085345107479954,1e-05,0.0,0.14650257006287576,0.2945678249001503,0.404353404790163,0.0003429263837460894,0.1542332749813795,4.414840523450833,33.07963551258235,8.860215053763442
698,dynamic_actor_adapt,-10322.248101353645,1.0,0.27703111469745634,0.8889994099736214,0.7049302950501442,0.0,0.0026901737990556508,3.6126099228858948,-0.002197487471130444,1e-05,0.0,0.14582420140504837,0.29429178684949875,0.4039627268910408,0.0003989813129010145,0.15552230924367905,4.152929585739899,33.43459246111393,8.96774193548387
699,dynamic_actor_adapt,-10357.286781549454,1.0,0.2764731913805008,0.8894455775618553,0.7042644798755646,0.0,0.0036666315096226644,3.48029043674469,-0.0017850079739218927,1e-05,0.0,0.14667771756649017,0.29248030185699464,0.404747224599123,0.0003771470092033269,0.1557176075875759,4.244820532994701,33.3470444584778,9.048387096774194
700,dynamic_actor_adapt,-10336.294367551804,1.0,0.27630785554647447,0.8897432744503021,0.7062250196933746,0.0,0.0015220383520499815,3.514311546087265,-0.0020730042699142357,1e-05,0.0,0.14682744815945625,0.29287902638316154,0.40399452298879623,0.00036883231368847194,0.1559301745146513,4.476572173213248,32.82474876232351,9.016129032258064
701,dynamic_actor_adapt,-10572.288592934608,1.0,0.2782434470951557,0.8886286467313766,0.7044393137097359,0.0,0.0057017693114176145,3.4329357981681823,-0.0019477031062706373,1e-05,0.0,0.14485490396618844,0.2936333306133747,0.40606391578912737,0.0003960200228902977,0.15505183413624762,4.303211313660443,33.29776983237402,9.198924731182796
702,dynamic_actor_adapt,-9932.337808907032,1.0,0.279020819067955,0.888379031419754,0.7044127285480499,0.0,0.0007232797262986645,3.510586643218994,-0.0022052224710932935,1e-05,0.0,0.1448713831603527,0.293487349152565,0.4058660328388214,0.00037824471401108893,0.15539699494838716,4.447766912392719,33.52101088085229,8.645161290322582
703,dynamic_actor_adapt,-10917.942638635635,1.0,0.2756634190678596,0.8900405704975128,0.7070992574095726,0.0,0.009694129968193016,3.6213854551315308,-0.0023406307474942876,1e-05,0.0,0.14776935689151288,0.2953862600028515,0.4026374898850918,0.00042841729082283565,0.15377846509218215,4.156930977688677,33.3879078365439,9.666666666666666
704,dynamic_actor_adapt,-10474.824247539043,1.0,0.2774435542523861,0.8890647619962693,0.7052817434072495,0.0,0.006154972568765521,3.5104480624198913,-0.0013835705918609164,1e-05,0.0,0.146281598508358,0.2938330858945847,0.40383096784353256,0.00039186746871564535,0.155662477388978,4.3543135213471285,33.09925040457072,9.193548387096774
705,dynamic_actor_adapt,-10200.78347504139,1.0,0.2773473188281059,0.8887537434697151,0.7049422636628151,0.0,0.002549661723605745,3.6360873162746428,-0.0022486699832370504,1e-05,0.0,0.1455344919115305,0.29435778632760046,0.4045811019837856,0.0003907275022356771,0.15513589680194856,4.534951536042411,33.644869669459695,8.881720430107528
706,dynamic_actor_adapt,-10185.691316008568,1.0,0.2752949170768261,0.8902227208018303,0.7056242197751998,0.0,0.003058892330591306,3.5283083379268647,-0.002160132132121362,1e-05,0.0,0.14569280929863454,0.29570633098483085,0.40324689969420435,0.00041330893654958347,0.15494065023958684,4.222911181127564,33.51097233944205,8.838709677419356
707,dynamic_actor_adapt,-10234.790049374104,1.0,0.27694850265979765,0.8892184585332871,0.7039374604821205,0.0,0.003910575616464429,3.490538847446442,-0.002095961505983723,1e-05,0.0,0.14554505236446857,0.29391559585928917,0.4037053756415844,0.0003965129108109977,0.15643746182322502,4.53282625137853,33.442812619356346,8.96774193548387
708,dynamic_actor_adapt,-10118.114445328712,1.0,0.277898707985878,0.8885923624038696,0.7044144228100777,0.0,0.0037173473760049036,3.440812426805496,-0.002390663302503526,1e-05,0.0,0.14558508470654488,0.29542488902807235,0.40400636866688727,0.00040486850593879353,0.1545787885785103,4.445369259065545,33.40610626426377,8.806451612903226
709,dynamic_actor_adapt,-10265.623154640198,1.0,0.2787317529320717,0.8882316380739212,0.7056363180279732,0.0,0.0021447142353281158,3.393792986869812,-0.0024810663395328446,1e-05,0.0,0.14645901471376419,0.29502462074160574,0.40335401594638826,0.00038513473518833055,0.154777218028903,4.448916737246513,33.54483789925185,8.978494623655914
710,dynamic_actor_adapt,-10174.980310320854,1.0,0.27657233104109763,0.8895578697323799,0.7056396156549454,0.0,0.0032731733041145294,3.6786905884742738,-0.0024231689260886926,1e-05,0.0,0.1465464472770691,0.29338803291320803,0.4041155599057674,0.00040216738998424264,0.15554779432713986,4.444527208564756,33.733649649805656,8.82258064516129
711,dynamic_actor_adapt,-10058.272133231163,1.0,0.27718152701854704,0.888992290198803,0.7062666296958924,0.0,0.0031223925332597323,3.470121169090271,-0.00209724078013096,1e-05,0.0,0.14610083252191544,0.29329424872994425,0.4056291699409485,0.0004497496418480296,0.15452599301934242,4.3712871052031215,33.61219102660773,8.704301075268816
712,dynamic_actor_adapt,-9928.36818665266,1.0,0.27716261595487596,0.8892444908618927,0.706798979640007,0.0,0.004074422548728812,3.5633008658885954,-0.002235946137807332,1e-05,0.0,0.14652002938091754,0.29243635684251784,0.4045149557292461,0.0003846443272777833,0.1561440072953701,4.451479805056807,33.71215747113537,8.586021505376344
713,dynamic_actor_adapt,-9934.411952614784,1.0,0.27812365964055064,0.888947531580925,0.7036703765392304,0.0,0.00722376668636569,3.4502867996692657,-0.0020494169788435102,1e-05,0.0,0.14606454484164716,0.29603247791528703,0.40182955116033553,0.0004004094000265468,0.15567301586270332,4.601188675164966,33.71351123262027,8.725806451612904
714,dynamic_actor_adapt,-10061.911473989487,1.0,0.27505731731653216,0.8901154100894928,0.7051481068134308,0.0,0.006424610130852682,3.563811868429184,-0.002343603351073398,1e-05,0.0,0.1454635862261057,0.29535259306430817,0.40504185408353804,0.00037977147767378485,0.15376219004392624,4.444801760948484,33.12612724448315,8.82258064516129
715,dynamic_actor_adapt,-10288.882559597492,1.0,0.27786239236593246,0.8881518989801407,0.7058939546346664,0.0,0.0011725734781066256,3.5417160272598265,-0.0025393868738319723,1e-05,0.0,0.14597471952438354,0.29532237648963927,0.40448578745126723,0.00042875195322267246,0.15378836654126643,4.367105026262687,33.41116607022138,9.016129032258064
716,dynamic_actor_adapt,-10117.460551857948,1.0,0.27807652950286865,0.8884748890995979,0.7047921374440194,0.0,0.003688927847179002,3.5271754205226897,-0.002136832296491775,1e-05,0.0,0.14566897712647914,0.2941698610782623,0.40410586148500444,0.00042247100645909086,0.1556328296661377,4.590158541182522,33.52897890818499,8.811827956989248
717,dynamic_actor_adapt,-9867.53533911705,1.0,0.27752080038189886,0.8891019254922867,0.7066495776176452,0.0,0.0032149375634617284,3.4744064629077913,-0.0024798794805974468,1e-05,0.0,0.14727644957602024,0.2941665641963482,0.4038693688809872,0.00042158986034337433,0.15426603518426418,4.687874048337574,33.221167197376126,8.60752688172043
718,dynamic_actor_adapt,-10265.081485033035,1.0,0.27724541872739794,0.8890636712312698,0.7062817141413689,0.0,0.0021890858151892233,3.396967667341232,-0.0018914611056970898,1e-05,0.0,0.14697664715349673,0.2944302871823311,0.4030818872153759,0.0004143279693380464,0.15509685203433038,4.770222516077239,33.3432947435677,8.9247311827957
719,dynamic_actor_adapt,-9886.80049276352,1.0,0.27624180167913437,0.8896077632904053,0.7058585032820701,0.0,0.0023674777177802196,3.5052286803722383,-0.0019246191151978565,1e-05,0.0,0.1459579635411501,0.2951221279799938,0.40292400270700457,0.00040715693176025526,0.15558874979615211,4.732603956609076,33.13878416523626,8.596774193548388
720,dynamic_actor_adapt,-10301.851713955402,1.0,0.27839415818452834,0.8883139520883561,0.7069765597581863,0.0,0.003933914305889607,3.5605899333953857,-0.00281625855495804,1e-05,0.0,0.1466339986771345,0.29331982508301735,0.4042149268090725,0.00037970533994666764,0.1554515492171049,4.862442174142686,33.32132834348652,8.983870967741936
721,dynamic_actor_adapt,-9620.8462895751,1.0,0.2779254086315632,0.8885602951049805,0.7059999912977218,0.0,0.0023959510053827905,3.5142951250076293,-0.002358196435670834,1e-05,0.0,0.1459147661924362,0.2941710643470287,0.40454813539981843,0.00039322851880569943,0.15497280173003675,4.629614695098954,32.953636379587586,8.344086021505376
722,dynamic_actor_adapt,-9881.006656706333,1.0,0.27773201689124105,0.8890196621418,0.7060687988996506,0.0,0.004001142542983893,3.5402711391448975,-0.0023232273728353904,1e-05,0.0,0.14735739231109618,0.29259255826473235,0.40510607957839967,0.0003897002105077263,0.1545542638748884,4.401334457683408,32.99186055306655,8.655913978494624
723,dynamic_actor_adapt,-10053.867320418358,1.0,0.2764379158616066,0.8892968460917473,0.7069907173514366,0.0,0.004294138075056203,3.568523782491684,-0.001922904481034493,1e-05,0.0,0.14588017873466014,0.2937482394278049,0.40609327927231786,0.0003938904628739692,0.15388441048562526,4.238829858406761,33.430280663008624,8.75268817204301
724,dynamic_actor_adapt,-10238.325997531414,1.0,0.2765448436141014,0.8895742177963257,0.705679701268673,0.0,0.0024461350116325884,3.661976820230484,-0.002465251286048442,1e-05,0.0,0.1459328155964613,0.2939523719251156,0.40487057641148566,0.0003935284865292488,0.1548507113009691,4.668167945849378,33.239589265486444,8.973118279569894
725,dynamic_actor_adapt,-10100.874076724052,1.0,0.2778643280267715,0.888776159286499,0.7055217802524567,0.0,0.0030509320265992125,3.5342658936977385,-0.002313203425478605,1e-05,0.0,0.14555767066776754,0.295213133841753,0.4037239052355289,0.0003898746108461637,0.15511541143059732,4.546580383886973,33.24008475609011,8.82258064516129
726,dynamic_actor_adapt,-9988.441163361073,1.0,0.2772109001874924,0.8893048018217087,0.7047546520829201,0.0,0.0022377827437595143,3.505779367685318,-0.0020028719314723275,1e-05,0.0,0.1460065882652998,0.2941745840013027,0.4043711684644222,0.00041258446944993923,0.15503506921231747,4.557058738059743,33.21138147147016,8.725806451612904
727,dynamic_actor_adapt,-10337.35584539175,1.0,0.27619113549590113,0.8895536109805107,0.7062145292758941,0.0,0.0008379829636396996,3.5423088371753693,-0.002190783929108875,1e-05,0.0,0.14590345174074174,0.29459357634186745,0.40426166653633117,0.0003799932495894609,0.15486130826175212,4.488599192211433,33.039284167634094,8.96236559139785
728,dynamic_actor_adapt,-9870.650678217411,1.0,0.2767603725194931,0.889470311999321,0.7049512580037117,0.0,0.0016198479152081057,3.5962608575820925,-0.0025292457663454115,1e-05,0.0,0.1459514707326889,0.2949040085077286,0.4034517467021942,0.0003801747225224972,0.15531260371208191,4.683117161156403,33.036535820724275,8.591397849462364
729,dynamic_actor_adapt,-10254.07252818346,1.0,0.2768488541245461,0.8892057821154594,0.7054578408598899,0.0,0.004335357575473669,3.5794510364532472,-0.002820115096255904,1e-05,0.0,0.14620216824114324,0.29534375071525576,0.40487507060170175,0.00043408558776718563,0.153144920617342,4.4957422331439805,33.004905327415194,8.951612903225808
730,dynamic_actor_adapt,-9815.631414711475,1.0,0.2758090168237686,0.8903847366571427,0.7054665669798851,0.0,0.010002114330200134,3.5678754448890686,-0.0023665351371164435,1e-05,0.0,0.14505733959376813,0.2915324531495571,0.4067870669066906,0.0003891585078235948,0.15623398534953595,4.456642602993058,32.814410849002606,8.575268817204302
731,dynamic_actor_adapt,-9825.52888172865,1.0,0.2797718122601509,0.8875004932284355,0.7046446457505227,0.0,0.008787813600065364,3.515796810388565,-0.0022042422817321492,1e-05,0.0,0.1466279372572899,0.2942123182117939,0.4024015195667744,0.00038079802143329287,0.15637742839753627,4.543895417181421,33.17845299524639,8.548387096774194
732,dynamic_actor_adapt,-10658.917560636997,1.0,0.27857612892985345,0.8886470943689346,0.7051693007349968,0.0,0.0031261281223123882,3.466200166940689,-0.002165235995380499,1e-05,0.0,0.14709341153502464,0.2945802375674248,0.4030998140573502,0.00041217326579499056,0.15481436364352702,4.512095370460959,32.8559405859061,9.35483870967742
733,dynamic_actor_adapt,-10063.613980293274,1.0,0.27707815542817116,0.889047522842884,0.7064234510064125,0.0,0.0038367574030417294,3.5956572711467745,-0.002667825228127185,1e-05,0.0,0.14639479480683804,0.2933888308703899,0.4046900302171707,0.0003838173877738882,0.15514252558350564,4.548346382446222,32.52083483711292,8.768817204301076
734,dynamic_actor_adapt,-9675.250638842583,1.0,0.2802806667983532,0.8875781461596489,0.7034286126494408,0.0,0.0032156946883333147,3.5311913669109343,-0.0015828210118343123,1e-05,0.0,0.14533678777515888,0.2929123267531395,0.4046166934072971,0.0003946168926631799,0.1567395728081465,4.480479747643742,32.90825697008535,8.5
735,dynamic_actor_adapt,-10034.050309956074,1.0,0.2765545591711998,0.8893056005239487,0.7065182909369468,0.0,0.004376970367593486,3.793290448188782,-0.0025483219279976766,1e-05,0.0,0.1460933804512024,0.29402676448225973,0.4049226276576519,0.00040614121426187923,0.15455109141767026,4.478119098868225,33.24725339827249,8.68279569892473
736,dynamic_actor_adapt,-9971.862294971943,1.0,0.27698649242520335,0.8893699303269387,0.7056999906897545,0.0,0.002093673767376508,3.489660841226578,-0.0016733768847188913,1e-05,0.0,0.14504654258489608,0.2942760333418846,0.40529193803668023,0.00041373101812496315,0.15497175827622414,4.489332042247761,32.82550122638871,8.661290322580644
737,dynamic_actor_adapt,-10080.069938242435,1.0,0.27594181820750235,0.8897544324398041,0.7061813473701477,0.0,0.003651740795976399,3.57016174197197,-0.0021576148630629175,1e-05,0.0,0.14680858924984933,0.29421709701418874,0.403533448278904,0.0004052872536703944,0.15503558255732058,4.61175423134933,33.40312346819673,8.709677419354838
738,dynamic_actor_adapt,-9796.96967113018,1.0,0.27536721974611283,0.8897779434919357,0.7078370317816735,0.0,0.003539412673853842,3.6380031287670134,-0.0026321264667785726,1e-05,0.0,0.14820570908486844,0.29458967968821526,0.4027299128472805,0.00037718122330261395,0.15409751385450363,4.8381975540424875,33.232094050545506,8.60752688172043
739,dynamic_actor_adapt,-10101.288733899593,1.0,0.275187686085701,0.8900532856583595,0.7053703621029854,0.0,0.006205435100127987,3.614099770784378,-0.0023127202051682616,1e-05,0.0,0.1456894911825657,0.29400318339467046,0.4050342597067356,0.0004101351441931911,0.15486293397843837,4.526340795871739,33.51984784749316,8.758064516129032
740,dynamic_actor_adapt,-10071.324526906013,1.0,0.27711020186543467,0.889140821993351,0.7054049447178841,0.0,0.0016886086283193936,3.5898100316524504,-0.0027673325397699956,1e-05,0.0,0.1459182109683752,0.2946187682449818,0.40473800897598267,0.00036541852095979267,0.15435959734022617,4.51470534021383,33.124128295748164,8.763440860215054
741,dynamic_actor_adapt,-9848.029717803001,1.0,0.27888578847050666,0.8884239137172699,0.7042176887392998,0.0,0.0037005703095929045,3.537201488018036,-0.002189358817122411,1e-05,0.0,0.14612357877194881,0.29536677673459055,0.40288772359490393,0.00037046732686576436,0.155251457169652,4.551702753575048,33.2450721494346,8.591397849462364
742,dynamic_actor_adapt,-9906.311123132706,1.0,0.2774815566837788,0.8891826897859574,0.7038433760404587,0.0,0.004143776888668138,3.541718375682831,-0.001692122428357834,1e-05,0.0,0.14502184092998505,0.2948641113936901,0.4049274750053883,0.00040259958987007847,0.15478396713733672,4.345184758637466,33.363012230954254,8.645161290322582
743,dynamic_actor_adapt,-10016.547182559967,1.0,0.27689860165119173,0.88938207924366,0.7055926069617271,0.0,0.0035980826905870457,3.3861165761947634,-0.0019355480955709937,1e-05,0.0,0.14628865122795104,0.2938156247138977,0.4042243525385857,0.0003551737841917202,0.1553162045776844,4.155303497782375,32.98535522829538,8.758064516129032
744,dynamic_actor_adapt,-10146.187577426434,1.0,0.2794910341501236,0.8875147446990013,0.7047021865844727,0.0,0.0008714589799638072,3.4633212447166444,-0.0021686489722924306,1e-05,0.0,0.1461416855454445,0.29361195117235184,0.404139257222414,0.00040439488511765374,0.15570270791649818,4.324515810212235,33.311355884448155,8.860215053763442
745,dynamic_actor_adapt,-10609.391701817513,1.0,0.277777661383152,0.8884974896907807,0.7059979557991027,0.0,0.00380273179580396,3.705574023723602,-0.002338187946588732,1e-05,0.0,0.1475529421120882,0.29410206377506254,0.4028448224067688,0.00039276399365917314,0.15510741099715233,4.347286755677036,33.365033913372535,9.247311827956988
746,dynamic_actor_adapt,-10215.372075378895,1.0,0.27927025929093363,0.8886343970894813,0.7053987339138985,0.0,0.003974583459057585,3.5720289051532745,-0.0024137786866049284,1e-05,0.0,0.14697069227695464,0.292705836892128,0.4041451796889305,0.00038394763505493755,0.15579434409737586,4.253539249242911,33.971120511890554,8.919354838709676
747,dynamic_actor_adapt,-9979.25293302536,1.0,0.27670678645372393,0.889485627412796,0.7062563195824623,0.0,0.002823863502635471,3.661809039115906,-0.0022889879714057316,1e-05,0.0,0.1466982215642929,0.29269981011748314,0.4055571101605892,0.00038099092053016647,0.15466386526823045,4.1337645881326965,33.4149594106533,8.75268817204301
748,dynamic_actor_adapt,-9735.187399446964,1.0,0.27809897214174273,0.888355766236782,0.7058273002505302,0.0,0.0031951055127137917,3.594868314266205,-0.0019409150889259763,1e-05,0.0,0.1461375832557678,0.29428098872303965,0.4046379491686821,0.00039736694379826075,0.15454611368477345,4.1190599996539055,33.64391177523906,8.53763440860215
749,dynamic_actor_adapt,-10232.109415769577,1.0,0.27577761858701705,0.8894363373517991,0.7050264313817024,0.0,0.0024850466557836013,3.5959973275661468,-0.0020767756537679815,1e-05,0.0,0.1449862454086542,0.2951557382941246,0.4050057217478752,0.0003851862420560792,0.15446710772812366,4.06521109341783,33.74982765871397,8.806451612903226
750,dynamic_actor_adapt,-9884.844981253147,1.0,0.2763395257294178,0.8895019829273224,0.7039233893156052,0.0,0.005627411586465303,3.6186495244503023,-0.0022741344597307033,1e-05,0.0,0.14603076353669167,0.2942823559045792,0.4030786082148552,0.00037197824276518076,0.15623629726469518,4.134158901840396,33.56187043374214,8.67741935483871
751,dynamic_actor_adapt,-9892.945828437805,1.0,0.27780137583613396,0.888823252916336,0.706962089240551,0.0,0.007741377545244221,3.659890967607498,-0.0021407441543942695,1e-05,0.0,0.1478162795305252,0.29260916635394096,0.40512185618281366,0.0004139004671742441,0.15403879545629023,4.357786788179122,33.525696640678035,8.763440860215054
752,dynamic_actor_adapt,-9670.368124902248,1.0,0.27698327153921126,0.8893302530050278,0.7072393730282783,0.0,0.002356915902055318,3.52271283864975,-0.0022017687966581433,1e-05,0.0,0.14738710261881352,0.29187900498509406,0.4062765523791313,0.0003947781984606991,0.15406255461275578,4.413101086492237,33.516727235326265,8.376344086021506
753,dynamic_actor_adapt,-9827.014233529568,1.0,0.2772482052445412,0.8893754184246063,0.7053111135959625,0.0,0.007216117013376799,3.5859349250793455,-0.0018256084265885874,1e-05,0.0,0.14634925164282322,0.2947247974574566,0.40370634868741034,0.0004049536837555934,0.1548146490007639,4.202415089590049,33.56190960600384,8.586021505376344
754,dynamic_actor_adapt,-10362.395636379719,1.0,0.2752299353480339,0.889861449599266,0.7065862253308296,0.0,0.005199579663531073,3.6029477775096894,-0.0025964293505239765,1e-05,0.0,0.1457022875547409,0.2933934859931469,0.4063061408698559,0.00035269367981527466,0.1542453970760107,4.048225917051287,33.18344939928756,9.064516129032258
755,dynamic_actor_adapt,-10055.362165749073,1.0,0.2785428561270237,0.8885199800133705,0.7052059844136238,0.0,0.0020201803534291686,3.750585377216339,-0.0033017465844750403,1e-05,0.0,0.14556844308972358,0.2943239316344261,0.40542989522218703,0.000371592205556226,0.15430614314973354,4.063113250720595,33.06142001982181,8.758064516129032
756,dynamic_actor_adapt,-9836.983170747757,1.0,0.27825871482491493,0.8883250817656517,0.70569356828928,0.0,0.005859224817322711,3.6509407103061675,-0.002414947000943357,1e-05,0.0,0.14650094285607337,0.2933776445686817,0.40344657227396963,0.0003906011908838991,0.15628424920141698,4.5036276964619555,33.376619602868836,8.53763440860215
757,dynamic_actor_adapt,-9991.515324175358,1.0,0.2766680009663105,0.8895402058959008,0.7043194085359573,0.0,0.003564901394929626,3.474901407957077,-0.0017646117164986208,1e-05,0.0,0.1460031982511282,0.29451307132840154,0.40409359335899353,0.0003750226544070756,0.1550151187926531,4.455748354492929,33.468567250522796,8.74731182795699
758,dynamic_actor_adapt,-9481.060539245605,1.0,0.27477397918701174,0.8903872847557068,0.7071071594953537,0.0,0.0025554378175001837,3.4824300527572634,-0.0023471236760087776,1e-05,0.0,0.1466681331396103,0.29420544356107714,0.40470637530088427,0.00037388265664048956,0.15404616557061673,4.520125461638903,33.40266430287224,8.209677419354838
759,dynamic_actor_adapt,-9910.827417135239,1.0,0.278851630538702,0.8881460383534432,0.7060616180300713,0.0,0.00435387503057425,3.508847343921661,-0.0020143891611951402,1e-05,0.0,0.14722809754312038,0.29375615119934084,0.4029787339270115,0.0004000577726401389,0.15563696734607219,4.096152234868505,33.248657784140825,8.612903225806452
760,dynamic_actor_adapt,-10659.085791826248,1.0,0.27584563940763474,0.8896252781152725,0.7057972148060798,0.0,0.0019850359945849496,3.7308592200279236,-0.0024067903865216066,1e-05,0.0,0.14680513180792332,0.2932261437177658,0.4036678858101368,0.0003605110505304765,0.15594033151865005,4.2445676968454045,33.34254474986436,9.32258064516129
761,dynamic_actor_adapt,-10214.602253735065,1.0,0.27773348763585093,0.88895004093647,0.7061530351638794,0.0,0.002894860604283167,3.609717035293579,-0.0025556867958584917,1e-05,0.0,0.14690267220139502,0.29457254633307456,0.4032856568694115,0.00036399504024302586,0.15487512685358523,4.507416610066103,33.49576780470384,8.903225806451614
762,dynamic_actor_adapt,-10371.199648320675,1.0,0.278494331240654,0.8879580780863762,0.7048366084694863,0.0,0.0016112686214910187,3.59202236533165,-0.0023988479959371036,1e-05,0.0,0.14673836417496205,0.29497488886117934,0.4036664605140686,0.0003864862090267707,0.15423380360007286,4.510054383908595,33.64101101338141,9.048387096774194
763,dynamic_actor_adapt,-9819.010415136814,1.0,0.27846863195300103,0.8880434185266495,0.705384936928749,0.0,0.004099363379646087,3.6183531641960145,-0.0026868955574173015,1e-05,0.0,0.14590678215026856,0.29375678673386574,0.404690407961607,0.00040400840298389086,0.15524201318621636,4.656076111570951,33.51047262817909,8.505376344086022
764,dynamic_actor_adapt,-9928.246639549732,1.0,0.27732033729553224,0.888920983672142,0.7073086857795715,0.0,0.0036315834982815374,3.5813159704208375,-0.002544149622826808,1e-05,0.0,0.1466389574110508,0.2928957626223564,0.40577402561903,0.00040263797163788697,0.1542886171489954,4.402097058758089,33.532284858820056,8.559139784946236
765,dynamic_actor_adapt,-10248.095210492611,1.0,0.27618531957268716,0.8895223870873451,0.7064713194966317,0.0,0.0027817673078970708,3.4186350286006926,-0.002282257287151879,1e-05,0.0,0.14698455557227136,0.2925929695367813,0.40471072047948836,0.0003778499802137958,0.15533390007913112,4.337794394674323,33.46743177174683,8.919354838709676
766,dynamic_actor_adapt,-10446.893765568733,1.0,0.2769680291414261,0.8889989227056503,0.7064633682370186,0.0,0.005411529826596884,3.5548670411109926,-0.002201143947058881,1e-05,0.0,0.14723960049450396,0.2950330100953579,0.4028734527528286,0.00038853365331306124,0.15446540713310242,4.574800306923412,33.64917928666489,9.059139784946236
767,dynamic_actor_adapt,-10066.622343599796,1.0,0.27808998301625254,0.8882905781269074,0.7074013397097587,0.0,0.004220437668845956,3.594872611761093,-0.0021214026746520175,1e-05,0.0,0.14633330442011355,0.2941072337329388,0.4049810394644737,0.00039116635380196383,0.15418726131319999,4.371202246296564,33.728964351748935,8.763440860215054
768,dynamic_actor_adapt,-9821.089732706547,1.0,0.2765663772821426,0.8893905237317086,0.7060636401176452,0.0,0.002181780841056008,3.6677291691303253,-0.002566126243254985,1e-05,0.0,0.14578412026166915,0.2945801831781864,0.4044393338263035,0.0004030393567518331,0.15479332990944386,4.261631485308602,33.41835672528595,8.53763440860215
769,dynamic_actor_adapt,-9877.525502502918,1.0,0.27869688123464587,0.888010773062706,0.706669895350933,0.0,0.0036544685393891997,3.6815273582935335,-0.002451941187155171,1e-05,0.0,0.1465169232338667,0.2928717590868473,0.4055337615311146,0.00038644531632598956,0.15469111017882825,4.313589280393095,33.33703578045152,8.591397849462364
770,dynamic_actor_adapt,-9826.103575587273,1.0,0.2755186393857002,0.8900503069162369,0.704041899740696,0.0,0.003964335507771488,3.393363118171692,-0.0018722526452620513,1e-05,0.0,0.14580483138561248,0.2948173858225346,0.4042892388999462,0.0003608923962019617,0.15472765155136586,4.074445326421992,33.225546821978426,8.618279569892472
771,dynamic_actor_adapt,-10054.62066322565,1.0,0.27438677474856377,0.8905047222971916,0.7053710326552391,0.0,0.005103793513990257,3.613877314329147,-0.0028048522974131627,1e-05,0.0,0.1449276976287365,0.29339263066649435,0.40679833218455314,0.00040369724556512667,0.1544776450842619,4.263449584608132,32.83368399642798,8.75268817204301
772,dynamic_actor_adapt,-9856.725911617279,1.0,0.27685180827975275,0.889344471693039,0.7062521904706955,0.0,0.0021288999945681063,3.522119718790054,-0.0026627963976352475,1e-05,0.0,0.1452096737921238,0.29307751134037974,0.40606852769851687,0.00038417321957240347,0.1552601210772991,4.607286640422189,33.328889289905625,8.661290322580644
773,dynamic_actor_adapt,-10086.077032327652,1.0,0.27687639445066453,0.8889966398477555,0.7057929888367653,0.0,0.005675142937980127,3.457397383451462,-0.0020306332080508582,1e-05,0.0,0.14621472172439098,0.2949100315570831,0.4048314534127712,0.0003660288861283334,0.15367776490747928,4.309311511838519,33.118875503312815,8.74731182795699
774,dynamic_actor_adapt,-10212.250308930874,1.0,0.2777386918663979,0.8888457879424095,0.7074052572250367,0.0,0.003706765958122543,3.7137170255184175,-0.0020362851551908533,1e-05,0.0,0.14742755740880967,0.2941430792212486,0.4037634558975697,0.00034759909176500513,0.15431831553578376,4.190362739687338,32.78967503376094,8.96236559139785
775,dynamic_actor_adapt,-9824.951443016529,1.0,0.27488910406827927,0.8900168836116791,0.7054006665945053,0.0,0.005844734911079291,3.4887739598751066,-0.0027817900727313827,1e-05,0.0,0.144505188241601,0.29440677911043167,0.4055985063314438,0.00037697479783673773,0.15511255525052547,3.9391837028241934,32.928932420868875,8.451612903225806
776,dynamic_actor_adapt,-9371.17244619131,1.0,0.2771570056676865,0.8896522507071495,0.7061368361115455,0.0,0.003771591004988284,3.375271087884903,-0.0022671285685646582,1e-05,0.0,0.14637855105102063,0.29353361651301385,0.40547110587358476,0.0003894040473824134,0.15422731935977935,4.161168064085086,33.15382338790715,8.129032258064516
777,dynamic_actor_adapt,-9709.792871654034,1.0,0.2765289440751076,0.8895184546709061,0.7075265154242516,0.0,0.003017664215803967,3.6257895648479463,-0.002349646930815652,1e-05,0.0,0.14725750125944614,0.29265122413635253,0.40485760346055033,0.0003764680892345496,0.15485720261931418,4.149416510604087,33.25708561494661,8.424731182795698
778,dynamic_actor_adapt,-9726.489981889725,1.0,0.27798727825284003,0.8886687949299812,0.7035698607563973,0.0,0.003509159611348911,3.544838863611221,-0.0018584369883683394,1e-05,0.0,0.1458626825362444,0.29376205876469613,0.4044994689524174,0.0003748428924154723,0.15550094917416574,4.100905269938962,33.357872298233204,8.451612903225806
779,dynamic_actor_adapt,-10178.084394276142,1.0,0.2787069819867611,0.8881086245179176,0.7044195666909218,0.0,0.004829890755354416,3.6033523619174956,-0.002360747762941173,1e-05,0.0,0.14620077684521676,0.2957973949611187,0.40223088264465334,0.0004163580018939683,0.15535459034144877,4.166283947276067,33.691426520543374,8.956989247311828
780,dynamic_actor_adapt,-9319.007684707642,1.0,0.2756210021674633,0.8899428874254227,0.7053864091634751,0.0,0.005938831408639028,3.4969391584396363,-0.0020289495776523838,1e-05,0.0,0.14591621942818164,0.29421872422099116,0.40520029515028,0.0003999033302534372,0.15426485426723957,4.153032045101068,33.99385002632321,8.123655913978494
781,dynamic_actor_adapt,-10095.44073343277,1.0,0.2754499115049839,0.8897353664040566,0.7064089387655258,0.0,0.0033536612485477848,3.4424222111701965,-0.001980767924396787,1e-05,0.0,0.1464459400624037,0.2926431246101856,0.4051624804735184,0.0003364859010616783,0.15541196316480638,4.1054824463088675,33.16720701333319,8.736559139784946
782,dynamic_actor_adapt,-9952.725864887238,1.0,0.2758051104843616,0.889560478925705,0.7058701291680336,0.0,0.0028168282828119895,3.633635014295578,-0.0025832701356193867,1e-05,0.0,0.14619695544242858,0.2939358398318291,0.4049240566790104,0.000452186654729303,0.1544909592717886,4.201954438993987,33.45007578985669,8.67741935483871
783,dynamic_actor_adapt,-10359.984444200993,1.0,0.27862403988838197,0.8880379304289818,0.7047034606337548,0.0,0.004488804837455962,3.426157373189926,-0.0023485989153414267,1e-05,0.0,0.14656292349100114,0.29528663083910944,0.4027630589902401,0.00036878458195133135,0.15501860529184341,4.2546853959500135,33.504270990501546,8.983870967741936
784,dynamic_actor_adapt,-9777.072083175182,1.0,0.27632652744650843,0.8898954764008522,0.7065252169966698,0.0,0.003170293103539762,3.5935299515724184,-0.0023624415178346682,1e-05,0.0,0.14720720499753953,0.29370148479938507,0.40323067232966425,0.0003881377440848155,0.1554725043475628,4.119496154848024,33.654260658309894,8.564516129032258
785,dynamic_actor_adapt,-10110.886126160622,1.0,0.2785119727253914,0.8881259590387345,0.706067618727684,0.0,0.006396420558303334,3.6607398688793182,-0.002348884336970514,1e-05,0.0,0.1458051096647978,0.2960410490632057,0.40407479405403135,0.00040265918396471535,0.15367638655006885,3.9119917464378524,33.483725424081385,8.870967741935484
786,dynamic_actor_adapt,-10181.160478532314,1.0,0.2765190154314041,0.889707961678505,0.7058336764574051,0.0,0.00479967701321587,3.6380445420742036,-0.00264521721546771,1e-05,0.0,0.14650270529091358,0.2936514139175415,0.4056467615067959,0.0003924556596757611,0.1538066618144512,3.902940576947546,33.40305018079969,8.849462365591398
787,dynamic_actor_adapt,-10018.182865798473,1.0,0.2766972728073597,0.8893693953752517,0.705052162706852,0.0,0.0037782335897645737,3.5654855012893676,-0.0023938818628266743,1e-05,0.0,0.14523664005100728,0.29500958472490313,0.40503610074520113,0.00038006997638149185,0.15433761291205883,3.936684090510059,33.66057115577227,8.71505376344086
788,dynamic_actor_adapt,-9923.209702134132,1.0,0.2767536245286465,0.889143542945385,0.7066077202558517,0.0,0.0056015140238741875,3.5195914208889008,-0.0031666649447288364,1e-05,0.0,0.14751385524868965,0.2923753410577774,0.4048695839941502,0.0003940378453989979,0.15484718345105647,3.9657193244734676,33.67579635641688,8.655913978494624
789,dynamic_actor_adapt,-9412.150016784668,1.0,0.27762769237160684,0.8886544615030288,0.7057912334799766,0.0,0.005018172970449169,3.5169919312000273,-0.002629015195998363,1e-05,0.0,0.146609877794981,0.29483984485268594,0.40326651409268377,0.00039199992679641584,0.15489176735281945,4.258590596413577,33.54684835426121,8.17741935483871
790,dynamic_actor_adapt,-10058.149587869644,1.0,0.2755240499973297,0.8894961953163147,0.7060737326741219,0.0,0.007386569934897164,3.6135192453861236,-0.0023662837621486687,1e-05,0.0,0.14581662267446518,0.2932468429207802,0.40695316419005395,0.0003986349249316845,0.1535847395658493,4.2378923139014795,33.86954409478323,8.838709677419356
791,dynamic_actor_adapt,-9979.429074525833,1.0,0.276877947896719,0.8891148701310158,0.7058575287461281,0.0,0.008469925469034972,3.6136641800403595,-0.003320813528034705,1e-05,0.0,0.14675354957580566,0.290005961805582,0.40597066208720206,0.0003870544667734066,0.15688277445733548,4.352369650192592,33.80361084340816,8.661290322580644
792,dynamic_actor_adapt,-9703.984852433205,1.0,0.27560418024659156,0.8897946491837502,0.7057562783360481,0.0,0.005598253271819004,3.6127886712551116,-0.0025886067385727076,1e-05,0.0,0.14502619691193103,0.2927414461970329,0.4060171365737915,0.00040422123711323363,0.15581099949777127,4.306635050577559,33.65957413643365,8.446236559139784
793,dynamic_actor_adapt,-9780.707240819931,1.0,0.2769675552845001,0.888768519461155,0.7062444299459457,0.0,0.0019608374055678666,3.6189496338367464,-0.0027437817232566887,1e-05,0.0,0.1458349697291851,0.2926842518150806,0.40618878081440923,0.0003934611715521896,0.15489853359758854,4.238169535848462,33.81402851557662,8.5
794,dynamic_actor_adapt,-9302.828052699566,1.0,0.2764483537524939,0.8893921703100205,0.7072623059153557,0.0,0.004108207727040264,3.601467269659042,-0.002634465918526985,1e-05,0.0,0.1468590058386326,0.2937006577849388,0.4050906427204609,0.00040712335539865306,0.15394256822764874,4.353359898743723,33.64305750848476,8.102150537634408
795,dynamic_actor_adapt,-9828.065586149693,1.0,0.2797693282365799,0.8880891174077987,0.7049147590994835,0.0,0.00686921187370893,3.5300222456455232,-0.0020199438113195356,1e-05,0.0,0.14555130228400232,0.2915887661278248,0.40628809332847593,0.00039211370749399067,0.1561797246336937,4.745626764786466,33.805702976311174,8.623655913978496
796,dynamic_actor_adapt,-9796.703199923038,1.0,0.2767899431288242,0.8891826331615448,0.7074047088623047,0.0,0.005761728731522431,3.507181990146637,-0.0026410408179799562,1e-05,0.0,0.14714582897722722,0.29287064746022223,0.4054730966687202,0.000396569822987658,0.15411385670304298,4.276654490126168,33.47004203586706,8.53225806451613
797,dynamic_actor_adapt,-9258.333397686481,1.0,0.2781729631125927,0.8882584258913994,0.706258448958397,0.0,0.002608593397599257,3.5088660776615144,-0.0029383493339992127,1e-05,0.0,0.1458625003695488,0.2930272102355957,0.4058878250420094,0.00037560553500952664,0.15484686605632306,4.371219328267909,33.314416675462475,8.010752688172044
798,dynamic_actor_adapt,-9789.923704743385,1.0,0.2751304492354393,0.8898951902985572,0.7085185930132866,0.0,0.003555335302371526,3.4111462116241453,-0.002088485263448092,1e-05,0.0,0.14600115083158016,0.29237385615706446,0.40752683728933337,0.000357526130756014,0.15374062694609164,4.413509506949833,33.22855223864776,8.553763440860216
799,dynamic_actor_adapt,-9970.120677173138,1.0,0.27657812610268595,0.8897563755512238,0.7058427885174752,0.0,0.0065790506305347385,3.617181438207626,-0.002151060872711241,1e-05,0.0,0.1467359896749258,0.2939025156199932,0.40423731282353403,0.0004192707910988247,0.15470491014420987,4.69053642535861,33.85021743955952,8.74731182795699
800,dynamic_actor_adapt,-9717.880458414555,1.0,0.27595179751515386,0.8895880103111267,0.7053701430559158,0.0,0.0017988235529628582,3.5978824615478517,-0.00256391018992872,1e-05,0.0,0.14626821801066398,0.2934862472116947,0.4048258148133755,0.0004038983035570709,0.1550158191472292,4.537711827388567,34.01207472957072,8.39247311827957
801,dynamic_actor_adapt,-9716.607118666172,1.0,0.27835806012153624,0.8887789413332939,0.7062179774045945,0.0,0.0038546814885193903,3.429844242334366,-0.001810529724752996,1e-05,0.0,0.14560912176966667,0.29223446920514107,0.4062867730855942,0.00038743370096199213,0.15548220351338388,4.430676892517995,33.334454405576395,8.39247311827957
802,dynamic_actor_adapt,-9724.419795572758,1.0,0.27586026936769487,0.8895865693688393,0.7058685958385468,0.0,0.006400380739796679,3.65241060256958,-0.002576371983377612,1e-05,0.0,0.14596608616411685,0.2950776949524879,0.40428225249052047,0.00036417104201973415,0.15430979616940022,4.428585721771759,33.38058116819472,8.489247311827958
803,dynamic_actor_adapt,-9641.243308603764,1.0,0.27530538365244867,0.8901220872998238,0.7074696332216263,0.0,0.0060873682494275,3.782268387079239,-0.0021615672149891906,1e-05,0.0,0.1467596333473921,0.2920340090990067,0.4054763577878475,0.00038811337799415924,0.15534188374876975,4.5049176634453305,33.225844597939,8.31720430107527
804,dynamic_actor_adapt,-9896.76874268055,1.0,0.2756530851125717,0.8896293684840202,0.7072002530097962,0.0,0.005116931580050704,3.6761958360672,-0.0020831454028666487,1e-05,0.0,0.14608661718666555,0.2934093877673149,0.406659447401762,0.0003769473343709251,0.15346760265529155,4.3505863342058815,33.139990450682774,8.548387096774194
805,dynamic_actor_adapt,-10033.21438074112,1.0,0.27742437422275545,0.8886740669608116,0.7070017009973526,0.0,0.0018398938762402227,3.787244421243668,-0.00241856056513825,1e-05,0.0,0.14612044505774974,0.29293437376618386,0.4062145113945007,0.0004058352904394269,0.15432483069598674,4.14308942617334,33.11907543679517,8.704301075268816
806,dynamic_actor_adapt,-9902.711663424969,1.0,0.2775569446384907,0.8888217806816101,0.7057832404971123,0.0,0.000676928076427441,3.5126567125320434,-0.0025858270604658174,1e-05,0.0,0.14622660987079145,0.29309066012501717,0.40592146962881087,0.0003604154451750219,0.15440084598958492,4.410337385057654,33.50435270335661,8.553763440860216
807,dynamic_actor_adapt,-9725.050208032131,1.0,0.27715942114591596,0.8889454513788223,0.703889125585556,0.0,0.003670424297161007,3.6530718982219694,-0.0021227016652119344,1e-05,0.0,0.14439139738678933,0.2943709433078766,0.4063675902783871,0.00039830432942835616,0.1544717650860548,4.3155432101336695,33.087537116504215,8.446236559139784
808,dynamic_actor_adapt,-9693.950341761112,1.0,0.2771771140396595,0.8895193591713906,0.7061257183551788,0.0,0.0034763932679198195,3.590613466501236,-0.0024994067047828137,1e-05,0.0,0.14598278775811196,0.2945177495479584,0.4056976169347763,0.000392515555722639,0.15340933054685593,4.336326394743354,33.48399360539389,8.365591397849462
809,dynamic_actor_adapt,-9879.10712480545,1.0,0.27651735320687293,0.8897321462631226,0.7074923813343048,0.0,0.00533053520812245,3.542362207174301,-0.0021247855518595317,1e-05,0.0,0.14733411520719528,0.2923533983528614,0.40519670099020005,0.00040346883797610645,0.15471231788396836,4.339837132389202,33.78201721137132,8.575268817204302
810,dynamic_actor_adapt,-9705.66297519207,1.0,0.2769561134278774,0.8895067885518074,0.7051423192024231,0.0,0.003258008505144977,3.569521588087082,-0.0014065330295125022,1e-05,0.0,0.14625320732593536,0.29319510534405707,0.4046486049890518,0.0004193978020339273,0.15548368655145167,4.335359053746306,33.41513408732771,8.494623655913978
811,dynamic_actor_adapt,-9060.709333062172,1.0,0.2783310920000076,0.8885670632123948,0.7065091490745544,0.0,0.002341162786615325,3.4973292708396913,-0.002065032417885959,1e-05,0.0,0.14663982912898063,0.293643569201231,0.4049800544977188,0.00042344309549662283,0.15431310422718525,4.305341706882014,33.70965356442991,7.790322580645161
812,dynamic_actor_adapt,-9804.453544259071,1.0,0.277641499042511,0.8884386003017426,0.7060892686247826,0.0,0.0029338231172004623,3.5632154524326323,-0.002196350037411321,1e-05,0.0,0.14532830975949765,0.2946763798594475,0.4048770345747471,0.0003710705568664707,0.15474720485508442,4.305997491704637,33.43036311269021,8.53225806451613
813,dynamic_actor_adapt,-9963.289692103863,1.0,0.2788615807890892,0.8884464114904403,0.707093334197998,0.0,0.0037043149557576425,3.604163444042206,-0.002039765878544131,1e-05,0.0,0.1471804678440094,0.29345916509628295,0.4045532815158367,0.0003664907806523843,0.15444059558212758,4.3750129639983735,33.26960824499851,8.704301075268816
814,dynamic_actor_adapt,-9850.450479626656,1.0,0.27475511506199835,0.8902247712016106,0.7086094170808792,0.0,0.003925928335957052,3.6809142887592317,-0.0021419702782623064,1e-05,0.0,0.14738024286925794,0.29321051985025404,0.4063164710998535,0.00034105873382941356,0.15275170914828778,4.510673770673718,33.18488433192196,8.559139784946236
815,dynamic_actor_adapt,-9514.537968456745,1.0,0.2750565193593502,0.889876912534237,0.705624344944954,0.0,0.005999141432766947,3.594430184364319,-0.002424571749725146,1e-05,0.0,0.1466378878802061,0.29464700296521185,0.40405925288796424,0.00037627303172484974,0.15427957996726036,4.526501299740389,34.00617746966344,8.231182795698924
816,dynamic_actor_adapt,-9857.009778261185,1.0,0.2784482479095459,0.8884014293551445,0.7063285246491432,0.0,0.0026734851795481183,3.5526463985443115,-0.0021234750980511307,1e-05,0.0,0.1463970959186554,0.2942254565656185,0.4053840547800064,0.0003882137541950215,0.1536051757633686,4.597975983435018,33.22641823378186,8.56989247311828
817,dynamic_actor_adapt,-9783.201606690884,1.0,0.277480448782444,0.8888363778591156,0.7070896774530411,0.0,0.0032837576691235383,3.612840062379837,-0.0020183565888146405,1e-05,0.0,0.14747231714427472,0.29286458641290664,0.4051030471920967,0.00038948552100919186,0.15417056269943713,4.485071013092642,33.49989271649862,8.516129032258064
818,dynamic_actor_adapt,-9598.227214396,1.0,0.279178311675787,0.8880620300769806,0.7046937376260758,0.0,0.005157485192467009,3.5561755776405333,-0.0019025324319954962,1e-05,0.0,0.14595129564404488,0.2954067446291447,0.4048624448478222,0.0004260682049789466,0.1533534422516823,4.709291596567669,33.7021509827001,8.24731182795699
819,dynamic_actor_adapt,-9629.019576489925,1.0,0.27885963320732116,0.8882807865738869,0.7057826057076454,0.0,0.00254658327139628,3.658120608329773,-0.0020672580372774973,1e-05,0.0,0.14722458980977535,0.2953791908919811,0.40415375158190725,0.0004046111225761706,0.15283785723149776,4.411496093313945,33.950672058005296,8.39247311827957
820,dynamic_actor_adapt,-9557.544926702976,1.0,0.2755753770470619,0.8899281963706016,0.7051752641797066,0.0,0.005974847879406342,3.471105617284775,-0.002184737286006566,1e-05,0.0,0.14617298506200313,0.29348501563072205,0.404292119294405,0.0003629708891821792,0.15568691715598107,4.7565657640800705,33.54743051470372,8.344086021505376
821,dynamic_actor_adapt,-9846.054563045502,1.0,0.27385579645633695,0.8907057479023933,0.7056498020887375,0.0,0.005374736154044502,3.564811259508133,-0.0016017654706956819,1e-05,0.0,0.1445350505411625,0.2947149507701397,0.4057495452463627,0.00035817662537738213,0.15464227087795734,4.6366734298066845,33.84472837980481,8.526881720430108
822,dynamic_actor_adapt,-9413.824716448784,1.0,0.2768400214612484,0.8890079692006111,0.7061939477920532,0.0,0.0064468422355276,3.5246647536754607,-0.0021809241352684695,1e-05,0.0,0.14671273715794086,0.2957406975328922,0.4037573769688606,0.00037816927215317264,0.1534110229462385,4.534227777699876,33.61400303543796,8.118279569892472
823,dynamic_actor_adapt,-9556.3983476758,1.0,0.2758153408765793,0.8895916104316711,0.7060426205396653,0.0,0.007806184795481441,3.6341709434986114,-0.002137955062062247,1e-05,0.0,0.14472300373017788,0.29382733851671217,0.4069569192826748,0.00040834887404344044,0.15408439338207244,4.4505967244201985,33.325093622139825,8.28494623655914
824,dynamic_actor_adapt,-9777.873711884022,1.0,0.2769074603915215,0.8891948491334916,0.7049090161919593,0.0,0.004681158011953873,3.527570390701294,-0.002043353692351957,1e-05,0.0,0.14587281085550785,0.2940198749303818,0.40463591665029525,0.0003887699196639005,0.15508262626826763,4.6298566608109315,33.848677643230374,8.473118279569892
825,dynamic_actor_adapt,-9746.282224237919,1.0,0.2742555268108845,0.8911980569362641,0.7080990552902222,0.0,0.0007731216595857292,3.644381558895111,-0.001965094274146395,1e-05,0.0,0.1459556009620428,0.29364059418439864,0.40486949905753133,0.0003814908319327515,0.15515281558036803,4.9183185598987675,33.693035299838236,8.451612903225806
826,dynamic_actor_adapt,-9592.89606410265,1.0,0.27777266278862955,0.8886606484651566,0.7058865681290627,0.0,0.0032232549128821232,3.693175572156906,-0.002024181611432141,1e-05,0.0,0.14515951573848723,0.29434159249067304,0.4057449474930763,0.00041667136465548536,0.1543372731655836,4.63570823020172,33.678405638880285,8.365591397849462
827,dynamic_actor_adapt,-9738.24629086256,1.0,0.2762872092425823,0.889001676440239,0.7066681370139122,0.0,0.004281443498621207,3.5805602848529814,-0.0020913601154461505,1e-05,0.0,0.14651888236403465,0.29342870190739634,0.4045281372964382,0.0004056514422700275,0.15511862933635712,4.797767145118061,33.174930228777086,8.39247311827957
828,dynamic_actor_adapt,-9774.97954326868,1.0,0.27843129709362985,0.8886772885918617,0.7053979083895683,0.0,0.004222132251379662,3.7638825476169586,-0.0016785930027253925,1e-05,0.0,0.14562726505100726,0.2922236487269402,0.4059893228113651,0.0003912532094545895,0.15576850734651088,4.388584369563856,33.38966347309251,8.456989247311828
829,dynamic_actor_adapt,-9430.20532977581,1.0,0.27811728715896605,0.8882655546069145,0.7051037281751633,0.0,0.004637664306574108,3.5511500597000123,-0.002044477416347945,1e-05,0.0,0.14490403607487679,0.29454248324036597,0.40570144578814504,0.00038437135808635505,0.15446766540408136,4.280843493489061,33.2260282896115,8.161290322580646
830,dynamic_actor_adapt,-9680.795311570168,1.0,0.27803259044885636,0.8880837634205818,0.7053348198533058,0.0,0.00208640322052816,3.7143776953220367,-0.001530697732232511,1e-05,0.0,0.14561163671314717,0.29352175295352934,0.40578251257538794,0.00036190040736983065,0.15472219996154307,4.25810860804343,33.19947263407015,8.446236559139784
831,dynamic_actor_adapt,-9793.353686630726,1.0,0.27648796141147614,0.8890649393200875,0.7058484688401222,0.0,0.0014667563518741878,3.578919142484665,-0.001967171385331312,1e-05,0.0,0.1460012026131153,0.2929159544408321,0.4056549370288849,0.0003846314215479651,0.15504328534007072,4.4699212992794175,33.517456489012766,8.494623655913978
832,dynamic_actor_adapt,-9294.770873785019,1.0,0.2759921230375767,0.8895843163132667,0.7047156095504761,0.0,0.0010677234877220886,3.419493925571442,-0.0019194614680600353,1e-05,0.0,0.14616473764181137,0.2926033154129982,0.4054337054491043,0.0003978902561357245,0.15540034435689448,4.7512817601350585,33.30897219780649,8.096774193548386
833,dynamic_actor_adapt,-9607.96844303608,1.0,0.27557790502905843,0.8896405711770058,0.7063986971974373,0.0,0.0038670785619614955,3.690819615125656,-0.0016487982333273977,1e-05,0.0,0.1468676920980215,0.29383146539330485,0.40457075014710425,0.00040032733049883974,0.1543297626078129,4.724941960731348,33.712422320683395,8.31720430107527
834,dynamic_actor_adapt,-9478.535315096378,1.0,0.2759490981698036,0.8901032343506813,0.7065032571554184,0.0,0.0024230790477304588,3.681504154205322,-0.0012789766384457835,1e-05,0.0,0.14674126505851745,0.2933802343904972,0.4039627857506275,0.000374409632422612,0.15554130151867868,4.5365092064758645,33.505775621328866,8.263440860215054
835,dynamic_actor_adapt,-9933.654072523117,1.0,0.2775318406522274,0.8883469820022583,0.7076676711440086,0.0,0.005871421198025989,3.4914188504219057,-0.0016919392517593223,1e-05,0.0,0.14663363099098206,0.2923705868422985,0.40685236603021624,0.0004205455894407351,0.15372287817299365,4.420194135182179,33.134939456626554,8.672043010752688
836,dynamic_actor_adapt,-9909.37372738123,1.0,0.275638198107481,0.8891292914748192,0.7071953311562538,0.0,0.0014642649417510368,3.3758142292499542,-0.001785262583871372,1e-05,0.0,0.14641963690519333,0.29218167141079904,0.4065662853419781,0.0003773995478695724,0.15445500686764718,4.579129785829024,33.126333717150814,8.666666666666668
837,dynamic_actor_adapt,-9343.36180126667,1.0,0.2767310690134764,0.8894629880785943,0.7064723178744317,0.0,0.005948294481640903,3.5658931910991667,-0.002459423866821453,1e-05,0.0,0.14703379571437836,0.29439235627651217,0.403620482981205,0.0003490544040687382,0.15460431016981602,4.682973677989368,33.259984678326894,8.112903225806452
838,dynamic_actor_adapt,-9735.56281030178,1.0,0.27562943994998934,0.889639075100422,0.7073410913348198,0.0,0.0032155555156350656,3.4610846757888796,-0.001997659000335261,1e-05,0.0,0.14753755182027817,0.2934055559337139,0.40469065830111506,0.00038290057054837236,0.1539833325892687,4.738114526322475,33.34517831333429,8.451612903225806
839,dynamic_actor_adapt,-9769.876216888428,1.0,0.2760871648788452,0.8892396479845047,0.7052918329834938,0.0,0.003801534871308826,3.7701197922229768,-0.002360037095058942,1e-05,0.0,0.14591411240398883,0.2946664422750473,0.4044133313000202,0.0003986356256064028,0.15460747964680194,4.4727482164176084,33.096001893332605,8.510752688172044
840,dynamic_actor_adapt,-9570.056804597378,1.0,0.2767136611044407,0.8892514541745186,0.7057495459914207,0.0,0.001896799176029157,3.4817323863506315,-0.0014178681642079028,1e-05,0.0,0.146193790435791,0.29399271309375763,0.4050814300775528,0.0003992549616668839,0.1543328057974577,4.383279190460933,33.04880668861391,8.338709677419356
841,dynamic_actor_adapt,-9944.468814849854,1.0,0.2773199029266834,0.888427697122097,0.7046270772814751,0.0,0.0021833157352375123,3.5650667250156403,-0.002544900887005497,1e-05,0.0,0.14511506631970406,0.29449629634618757,0.40514631271362306,0.00038632017640338745,0.1548559967428446,4.641008239853418,33.456671590381035,8.68279569892473
842,dynamic_actor_adapt,-9681.75677794218,1.0,0.27513197958469393,0.8897085279226303,0.7067066982388497,0.0,0.0030715209755726057,3.617294526100159,-0.0016409371150075459,1e-05,0.0,0.14577061273157596,0.29327292591333387,0.4060265332460403,0.00038065313929109835,0.15454928018152714,4.238042713095467,32.69906081601295,8.39247311827957
843,dynamic_actor_adapt,-9287.783825159073,1.0,0.2763128004968166,0.8894577726721764,0.7058701738715172,0.0,0.0007528119385825149,3.759840953350067,-0.0026162125912378544,1e-05,0.0,0.14560499787330627,0.2935555174946785,0.40610211789608003,0.0003988802993262652,0.15433848649263382,4.466083406699245,33.132308595608734,8.016129032258064
844,dynamic_actor_adapt,-9670.779058992863,1.0,0.27447856217622757,0.8902772903442383,0.7063113674521446,0.0,0.005850893823662756,3.5246698915958405,-0.0022783323482144626,1e-05,0.0,0.14631961658596992,0.29576634615659714,0.40350296869874,0.00036874213619739746,0.1540423274040222,4.0488136675768605,33.12251458576437,8.408602150537634
845,dynamic_actor_adapt,-10223.089364051819,1.0,0.27679583206772806,0.8894718661904335,0.7071231141686439,0.0,0.00740873738504888,3.74233421087265,-0.002220342149666976,1e-05,0.0,0.1472039420157671,0.2920619763433933,0.4054121680557728,0.0003921939500287408,0.154929718375206,4.1978235337067416,33.381322980905914,8.85483870967742
846,dynamic_actor_adapt,-9856.96149635315,1.0,0.2758332297205925,0.889669843018055,0.7063142985105515,0.0,0.007199882543864095,3.5719200372695923,-0.002886088375817053,1e-05,0.0,0.14650802724063397,0.29566191881895065,0.40382301434874535,0.0003905345052771736,0.15361650623381137,4.274019501549135,32.81894014273317,8.586021505376344
847,dynamic_actor_adapt,-10014.823810636997,1.0,0.2742818035185337,0.8902565702795983,0.7082801207900047,0.0,0.009524373972817551,3.517819029092789,-0.002424373988469597,1e-05,0.0,0.1450156781822443,0.29239207953214646,0.4079655781388283,0.0004281181041733362,0.15419854447245598,4.045811835932497,33.21506898311129,8.736559139784946
848,dynamic_actor_adapt,-9754.168820858002,1.0,0.27552359104156493,0.8897721454501152,0.7069267556071281,0.0,0.003842418709245998,3.4644749581813814,-0.0026442503338330427,1e-05,0.0,0.14665582440793515,0.2926731459796429,0.406511227786541,0.0004029034083941951,0.1537569034844637,4.172127490546307,33.11459359357713,8.473118279569892
849,dynamic_actor_adapt,-9985.633677721024,1.0,0.27822003662586214,0.8883744925260544,0.7053594157099724,0.0,0.004432637154241087,3.5802390038967133,-0.002739744887367124,1e-05,0.0,0.14443950392305852,0.29385801777243614,0.4069534920156002,0.00044054402387700976,0.15430844351649284,4.085803104554044,32.66061999399092,8.623655913978496
850,dynamic_actor_adapt,-9925.504758000374,1.0,0.2758450023829937,0.8895579770207405,0.7060717687010765,0.0,0.005529396914062107,3.6188703298568727,-0.001999518449338211,1e-05,0.0,0.14720420390367508,0.29356737062335014,0.40457554832100867,0.0003706691932165995,0.15428221225738525,3.9820317625723605,32.818695160964516,8.666666666666668
851,dynamic_actor_adapt,-10097.574120163918,1.0,0.2734206296503544,0.8908683389425278,0.707270561158657,0.0,0.0037947922508465015,3.485969918966293,-0.0027793266610387944,1e-05,0.0,0.14707580506801604,0.2954586766660213,0.4028528772294521,0.00037675813655368984,0.15423588491976262,4.115752163286055,33.22674933807462,8.779569892473118
852,dynamic_actor_adapt,-9752.663902640343,1.0,0.27352605387568474,0.8910884156823158,0.7061240255832673,0.0,0.006591283179295743,3.52734015583992,-0.0030641023415228117,1e-05,0.0,0.14524806402623652,0.2945217043161392,0.40613634288311007,0.00038893091696081685,0.15370495356619357,4.3328138214689265,33.22475503060237,8.446236559139784
853,dynamic_actor_adapt,-9686.320134222507,1.0,0.2766815058887005,0.8893162786960602,0.7056956261396408,0.0,0.003287219157209642,3.579867422580719,-0.002869627639711325,1e-05,0.0,0.14518900103867055,0.2929371617734432,0.40692160800099375,0.00040907085494836795,0.15454316213726998,4.067757534401788,32.732572510320765,8.451612903225806
854,dynamic_actor_adapt,-9624.649720072746,1.0,0.2756259642541409,0.8896188110113143,0.7069629192352295,0.0,0.00850862617735405,3.494729918241501,-0.0030180750316503692,1e-05,0.0,0.1474227137863636,0.2949577562510967,0.4036561131477356,0.0004054988683492411,0.1535579100251198,4.197925465865735,33.01918867211907,8.370967741935484
855,dynamic_actor_adapt,-10028.62612658739,1.0,0.2764673285186291,0.8892613962292671,0.7073493137955665,0.0,0.001967672986938834,3.6744960844516754,-0.0028391764732077717,1e-05,0.0,0.14647168889641762,0.29531298875808715,0.4041455268859863,0.0003726902534253895,0.15369710326194763,4.310630655515805,33.00445677020477,8.731182795698924
856,dynamic_actor_adapt,-9961.094490408897,1.0,0.2759462296962738,0.8896145388484001,0.7058481067419052,0.0,0.004144715304937513,3.5286044597625734,-0.002398165767772298,1e-05,0.0,0.14672862850129603,0.2932505808770657,0.4043066754937172,0.00036274021585995796,0.15535137243568897,4.561987929038965,33.1825674631928,8.661290322580644
857,dynamic_actor_adapt,-9874.068602979183,1.0,0.27628936544060706,0.8890803024172783,0.705754454433918,0.0,0.005169971285431507,3.5128938436508177,-0.0025947121510398576,1e-05,0.0,0.14518842324614525,0.2941532708704472,0.4059257499873638,0.0004259621156961657,0.15430659279227257,4.343831543440272,33.366713962099595,8.575268817204302
858,dynamic_actor_adapt,-10065.369636416435,1.0,0.2748971551656723,0.8904401406645774,0.7069161012768745,0.0,0.0030211543176847213,3.7197121024131774,-0.002765399974214233,1e-05,0.0,0.14652841314673423,0.2930792786180973,0.40609634220600127,0.000393896169407526,0.15390207879245282,4.283224782615448,32.86365441063076,8.704301075268816
859,dynamic_actor_adapt,-10011.002821743488,1.0,0.2759360000491142,0.8893916502594947,0.7071515500545502,0.0,0.005503264587969186,3.524593847990036,-0.0020748206166899762,1e-05,0.0,0.14516320675611497,0.2927298344671726,0.40884343832731246,0.0003984281309385551,0.15286509282886981,3.8590608944890845,33.1312673777898,8.709677419354838
860,dynamic_actor_adapt,-9899.768805980682,1.0,0.2767509989440441,0.8894930392503738,0.7048769146203995,0.0,0.010440423551699524,3.4818213403224947,-0.001865216384476298,1e-05,0.0,0.14616285338997842,0.2953760787844658,0.40362357050180436,0.00039808407454984264,0.15443941354751586,4.149576881584614,32.94113399498188,8.618279569892472
861,dynamic_actor_adapt,-9613.11720764637,1.0,0.27637146338820456,0.8896862402558326,0.7053917109966278,0.0,0.00343410022687754,3.5099321722984316,-0.0018569675390608608,1e-05,0.0,0.14552428498864173,0.2943421483039856,0.4050127014517784,0.00035353012281120756,0.1547673299908638,4.418166799022256,33.22959182349629,8.32258064516129
862,dynamic_actor_adapt,-9729.792548060417,1.0,0.27445598021149636,0.8904670342803002,0.7066520348191261,0.0,0.0030173683437169584,3.625277602672577,-0.0025630725208429794,1e-05,0.0,0.14698737487196922,0.29423041790723803,0.4045833483338356,0.0003991259894974064,0.15379973091185092,4.364279816749903,32.996051255790206,8.478494623655914
863,dynamic_actor_adapt,-9459.207303643227,1.0,0.27443848848342894,0.8907125353813171,0.7083647459745407,0.0,0.002608040584891602,3.5396694898605348,-0.002157737967127105,1e-05,0.0,0.14717708788812162,0.29523994848132135,0.40468812808394433,0.0003786016379308421,0.15251623801887035,4.48104726643154,33.715751613265795,8.21505376344086
864,dynamic_actor_adapt,-9364.364681959152,1.0,0.2757160194218159,0.889865617454052,0.7079276323318482,0.0,0.004029431924209415,3.5347553312778475,-0.002302377443993464,1e-05,0.0,0.14700631946325302,0.2933959990739822,0.4059647336602211,0.00041264965875598136,0.15322029851377011,4.480991388714791,33.33540211057511,8.064516129032258
865,dynamic_actor_adapt,-9899.725683569908,1.0,0.27816741690039637,0.8880244493484497,0.706808552145958,0.0,0.004523501606672581,3.5665309190750123,-0.0023326892263867195,1e-05,0.0,0.14508642107248307,0.29306845366954803,0.4061970368027687,0.0003983426198828965,0.1552497461438179,4.202677216867228,33.42181217931876,8.688172043010752
866,dynamic_actor_adapt,-10062.584093749523,1.0,0.2772573813796043,0.8889597043395042,0.7049454942345619,0.0,0.0034889833870692887,3.653056335449219,-0.003041813289746642,1e-05,0.0,0.14597443118691444,0.29392493441700934,0.4047913923859596,0.00039047761383699254,0.15491876304149627,4.437589681833191,33.43424862371877,8.817204301075268
867,dynamic_actor_adapt,-10036.232867002487,1.0,0.2765629753470421,0.8894281700253487,0.7069494277238846,0.0,0.0019247893560532358,3.5644454538822172,-0.0026546564249656512,1e-05,0.0,0.14680151045322418,0.2932277455925941,0.40492670685052873,0.00038089986082923133,0.15466313399374484,4.326070640390454,32.88560733563175,8.698924731182796
868,dynamic_actor_adapt,-9322.344300448895,1.0,0.2776360109448433,0.8885972768068313,0.7075963258743286,0.0,0.0012385283083859056,3.4863473892211916,-0.0023680878439336084,1e-05,0.0,0.14678661562502385,0.29334172010421755,0.4054232627153397,0.00038963459082879125,0.1540587656199932,4.599602067342717,33.35151675817302,8.129032258064516
869,dynamic_actor_adapt,-9489.431728720665,1.0,0.2750308118760586,0.8899361252784729,0.7070740386843681,0.0,0.003226375252415925,3.630808115005493,-0.002322903645108454,1e-05,0.0,0.14716225154697896,0.2945354953408241,0.4038295619189739,0.00037014978734077885,0.15410254411399366,4.694963396998233,33.42991481106027,8.236559139784946
870,dynamic_actor_adapt,-9348.06414693594,1.0,0.27445601522922514,0.8905948907136917,0.7058957919478417,0.0,0.0020811466423765967,3.7839367985725403,-0.002679369823772504,1e-05,0.0,0.14639713913202285,0.29428685307502744,0.4048158712685108,0.0003433286361541832,0.15415680557489395,4.343730621627024,33.11605065791186,8.118279569892472
871,dynamic_actor_adapt,-9774.62375420332,1.0,0.27494758665561675,0.8898020729422569,0.7072925388813018,0.0,0.0018098506414389649,3.6068006575107576,-0.0022700061299474328,1e-05,0.0,0.14676870703697203,0.29475497007369994,0.40474472269415857,0.0004085703239979921,0.15332303009927273,4.252229313859476,33.35104113185987,8.53763440860215
872,dynamic_actor_adapt,-9461.409505069256,1.0,0.2749189257621765,0.8899690479040145,0.7071312621235848,0.0,0.0066572246327267935,3.548909729719162,-0.0025248831090721067,1e-05,0.0,0.145131241902709,0.2930928148329258,0.4075499802827835,0.0003795785130932927,0.15384638495743275,4.45189570102255,33.53116496085247,8.220430107526882
873,dynamic_actor_adapt,-9489.085511088371,1.0,0.2760725200176239,0.8892051711678505,0.705845308303833,0.0,0.007846768994932012,3.640175187587738,-0.0024853410926880316,1e-05,0.0,0.14567788541316987,0.2964550994336605,0.4049438051879406,0.0003940379043342546,0.15252917855978013,4.667622480116886,33.501375610018805,8.231182795698924
874,dynamic_actor_adapt,-9608.89401268959,1.0,0.2751716710627079,0.8900766000151634,0.7075935900211334,0.0,0.0044913410947628515,3.8088953733444213,-0.0023824764386517925,1e-05,0.0,0.14600293673574924,0.294209423661232,0.40568735301494596,0.0003974655246565817,0.1537028171122074,4.38592248581635,33.01122288126555,8.39247311827957
875,dynamic_actor_adapt,-9603.737634003162,1.0,0.27669772654771807,0.8891471311450004,0.7055496484041214,0.0,0.0017929813238879543,3.565715861320496,-0.002368622538597265,1e-05,0.0,0.14570749513804912,0.2948122136294842,0.40511555075645445,0.00036822177498834207,0.1539965208619833,4.336157621852559,33.0396858450852,8.333333333333332
876,dynamic_actor_adapt,-9368.370089650154,1.0,0.2763836093246937,0.8890916392207145,0.7078815340995789,0.0,0.004748441861374919,3.5683975398540495,-0.0019668643392378726,1e-05,0.0,0.14736309126019478,0.2924379907548428,0.4052606001496315,0.00037974989572830964,0.15455856621265412,4.617487524477001,32.833999887552224,8.048387096774194
877,dynamic_actor_adapt,-9475.42781752348,1.0,0.27479483336210253,0.8900984987616539,0.7077293202280999,0.0,0.00270510338268648,3.520144546031952,-0.002628759190247365,1e-05,0.0,0.14603107534348964,0.29304810166358947,0.4057875722646713,0.00035921773451264016,0.15477403849363328,4.625654585214527,33.30303001902884,8.14516129032258
878,dynamic_actor_adapt,-9483.319547474384,1.0,0.2742361105978489,0.8899509608745575,0.7081625774502754,0.0,0.005726476682320997,3.512658303976059,-0.0021565305250987876,1e-05,0.0,0.14710559584200383,0.2948071390390396,0.40448098480701444,0.0003888963008648716,0.15321738570928572,4.721568770463504,33.41216736751046,8.150537634408602
879,dynamic_actor_adapt,-9753.326234161854,1.0,0.27771741077303885,0.8889474719762802,0.7073915213346481,0.0,0.0018123021967767273,3.583965677022934,-0.002966990493587218,1e-05,0.0,0.147894598916173,0.2939339607954025,0.40457307547330856,0.0004139532240515109,0.153184412419796,4.63025492066413,33.399411420748805,8.451612903225806
880,dynamic_actor_adapt,-9476.6607619524,1.0,0.2760616160929203,0.8893568441271782,0.7071915075182915,0.0,0.0038019834406441575,3.622627067565918,-0.0020147897250126336,1e-05,0.0,0.1460723515599966,0.2949815057218075,0.4053975023329258,0.0004429741988133173,0.15310566909611226,4.441602241909921,33.47289904297025,8.220430107526882
881,dynamic_actor_adapt,-9434.503281772137,1.0,0.27562467083334924,0.8896266654133796,0.7061800301074982,0.0,0.002180746496378644,3.574240881204605,-0.0022275718263699675,1e-05,0.0,0.14627926275134087,0.29437133893370626,0.4049707822501659,0.0003894876721460605,0.15398913100361825,4.387985459175081,33.47806826130736,8.21505376344086
882,dynamic_actor_adapt,-9247.218132197857,1.0,0.27475296556949613,0.8897770836949348,0.7073882788419723,0.0,0.002712240663458959,3.533002233505249,-0.0022714389066095463,1e-05,0.0,0.1473673228174448,0.2943725049495697,0.40520771592855453,0.0004194474226096645,0.15263300985097886,4.346710985409498,33.248969950198806,7.994623655913978
883,dynamic_actor_adapt,-9409.054942190647,1.0,0.27609973326325415,0.8893603459000587,0.7061343252658844,0.0,0.007145719401159966,3.5159751892089846,-0.002259141582544544,1e-05,0.0,0.14544055089354516,0.29275131672620774,0.40681546479463576,0.0003945496464439202,0.15459812246263027,4.5089361497403715,33.58311101479351,8.166666666666666
884,dynamic_actor_adapt,-9330.398705303669,1.0,0.27401344999670985,0.8904683426022529,0.7060848593711853,0.0,0.005218221222821717,3.560883754491806,-0.0023673413772485217,1e-05,0.0,0.14621591344475746,0.29456526711583136,0.4047499544918537,0.00041434208942519034,0.15405451692640781,4.51744047080583,33.33215668152711,8.150537634408602
885,dynamic_actor_adapt,-9573.377985954285,1.0,0.2775394178926945,0.8887590855360031,0.7072981148958206,0.0,0.005449376975229819,3.579003691673279,-0.002542490736232139,1e-05,0.0,0.14760763123631476,0.29186316952109337,0.4054900474846363,0.0003917553069186397,0.15464739874005318,4.421390268551194,33.71572915797311,8.370967741935484
886,dynamic_actor_adapt,-9440.668744504452,1.0,0.2761368278414011,0.8897048339247704,0.7071009710431099,0.0,0.004102693689856102,3.6269606590270995,-0.002365810725314077,1e-05,0.0,0.1462937578558922,0.29391451328992846,0.4054444871842861,0.0003801925591687905,0.15396704524755478,4.176584924773504,33.86929894170453,8.166666666666666
887,dynamic_actor_adapt,-9882.233460903168,1.0,0.2751180320978165,0.8896468043327331,0.7087391436100006,0.0,0.004453537557492354,3.7416533470153808,-0.001976163266226649,1e-05,0.0,0.14799885265529156,0.29233042895793915,0.40482272356748583,0.00035927361968788316,0.15448872111737727,4.148514289672861,33.84717128291383,8.521505376344086
888,dynamic_actor_adapt,-9703.0589787364,1.0,0.27685404345393183,0.8890842378139496,0.7065866693854332,0.0,0.0025301983412646446,3.5275647342205048,-0.0023735818002023736,1e-05,0.0,0.14688396379351615,0.2921802207827568,0.40571499019861224,0.0003925052413251251,0.1548283241689205,4.440620679910707,33.20981441594274,8.510752688172044
889,dynamic_actor_adapt,-9597.405028820038,1.0,0.2774703651666641,0.8886615663766861,0.7054968610405922,0.0,0.001433216481018512,3.4759570837020872,-0.0023929144175781404,1e-05,0.0,0.14643009826540948,0.29265098050236704,0.4054568111896515,0.00038794094252807553,0.1550741720944643,4.345481009947385,33.28061318356431,8.327956989247312
890,dynamic_actor_adapt,-9487.467227935791,1.0,0.27576171308755876,0.8894072845578194,0.7076102823019028,0.0,0.004935101014052567,3.4848688542842865,-0.0017724733112117973,1e-05,0.0,0.14700064174830912,0.2945027261972427,0.40513821691274643,0.0004331987162004225,0.15292521230876446,4.135776691898032,33.27831147706979,8.327956989247312
891,dynamic_actor_adapt,-9849.788099110126,1.0,0.2756042078137398,0.889642870426178,0.7082533568143845,0.0,0.006014821571443435,3.6347427129745484,-0.002538280640510493,1e-05,0.0,0.14820215590298175,0.291547829657793,0.4056088089942932,0.00038068750363891014,0.1542605198919773,4.229850963111688,33.55364647524377,8.618279569892472
892,dynamic_actor_adapt,-9578.7710968256,1.0,0.2768063388764858,0.889570166170597,0.7050601094961166,0.0,0.005479850927076785,3.4135978877544404,-0.0024426415854577497,1e-05,0.0,0.14584190025925636,0.2937494903802872,0.405243456363678,0.0003663694158603903,0.1547987837344408,4.177389919872482,33.16453135892999,8.28494623655914
893,dynamic_actor_adapt,-9457.645734786987,1.0,0.2777756884694099,0.8888210266828537,0.7059064134955406,0.0,0.0025778790732147007,3.633191156387329,-0.0024354696734576464,1e-05,0.0,0.14641759917140007,0.29246260672807695,0.40557910725474355,0.000364316987543134,0.15517637692391872,4.107986844762922,33.408296219814545,8.193548387096774
894,dynamic_actor_adapt,-9666.33056217432,1.0,0.27768250480294226,0.8885370284318924,0.7078579634428024,0.0,0.00195558976120076,3.4627354383468627,-0.0022129513850813964,1e-05,0.0,0.1473832532763481,0.29246498122811315,0.4054179981350899,0.000374078474851558,0.1543596863746643,4.340366865382265,33.70777630166167,8.397849462365592
895,dynamic_actor_adapt,-9644.007297039032,1.0,0.27923107892274857,0.8878613069653511,0.7057444229722023,0.0,0.004030507067727796,3.52010914683342,-0.002670144479634473,1e-05,0.0,0.14760599173605443,0.2929364055395126,0.4034027442336082,0.00038425784041464797,0.15567059740424155,4.36666880013376,33.39059686275755,8.478494623655914
896,dynamic_actor_adapt,-9761.720212876797,1.0,0.27699781879782676,0.8887661993503571,0.708353091776371,0.0,0.006628698495842416,3.5835950672626495,-0.003168285468564136,1e-05,0.0,0.14852990061044694,0.2906972423195839,0.4057931870222092,0.0003598743125621695,0.1546197973191738,4.591624436013195,33.72042570188039,8.456989247311828
897,dynamic_actor_adapt,-9522.577186465263,1.0,0.2774840980768204,0.8886381402611733,0.70693399310112,0.0,0.007691807920127797,3.488775235414505,-0.002290141071352991,1e-05,0.0,0.14735067300498486,0.29451939165592195,0.40425614193081855,0.00038362961895472837,0.15349016673862934,4.471082596615082,33.204999111689595,8.220430107526882
898,dynamic_actor_adapt,-9320.83141952753,1.0,0.27919086515903474,0.8880799248814583,0.7058433175086976,0.0,0.0018878004182624752,3.4943451464176176,-0.0025717770637129433,1e-05,0.0,0.14651956930756568,0.29502613469958305,0.40414680242538453,0.0003801715582085308,0.15392732284963132,4.671391315218775,33.43315201340182,8.139784946236558
899,dynamic_actor_adapt,-9682.371259987354,1.0,0.2797466017305851,0.8877511709928513,0.704915064573288,0.0,0.0016803784932562238,3.6599354684352874,-0.0018458606355125085,1e-05,0.0,0.14608075916767121,0.29464046359062196,0.404455392062664,0.0003644647393230116,0.15445892363786698,4.506126643590702,33.51845982222788,8.403225806451612
900,dynamic_actor_adapt,-9750.19187182188,1.0,0.2767242006957531,0.8888974606990814,0.706494776904583,0.0,0.0006279464323597883,3.6404907941818236,-0.002237463206984103,1e-05,0.0,0.14590319991111755,0.2948757864534855,0.4045340418815613,0.0003488412930892082,0.15433813259005547,4.808671725114819,33.758459241291725,8.435483870967742
901,dynamic_actor_adapt,-9512.909125745296,1.0,0.27800646647810934,0.8885583221912384,0.7075977563858032,0.0,0.0036616684392356937,3.722493314743042,-0.0022891582193551585,1e-05,0.0,0.14756842367351056,0.29500163421034814,0.4027374111115932,0.00038860294516780415,0.15430392809212207,4.640897602672038,33.9125621311606,8.193548387096774
902,dynamic_actor_adapt,-9589.33390045166,1.0,0.27635909542441367,0.8897804379463196,0.7078489124774933,0.0,0.0037681222129322123,3.523197603225708,-0.002471323462668806,1e-05,0.0,0.14778681062161922,0.29329770132899285,0.40440308675169945,0.00037310721090761946,0.1541392970830202,4.391054574883646,33.75298753809458,8.365591397849462
903,dynamic_actor_adapt,-9541.217527925968,1.0,0.2780249662697315,0.8888475611805916,0.7069251701235771,0.0,0.0025540000577166213,3.5698511600494385,-0.002338894795138913,1e-05,0.0,0.14650980792939663,0.2938834175467491,0.4048535153269768,0.0004075630546140019,0.15434569381177426,4.4796159548390175,33.111817215646475,8.28494623655914
904,dynamic_actor_adapt,-9332.130259752274,1.0,0.2769529864192009,0.8888515546917916,0.7052271664142609,0.0,0.0012560470124299006,3.636040097475052,-0.0027508387589477933,1e-05,0.0,0.1462886244058609,0.29347658082842826,0.40540284141898153,0.00042073326912941413,0.1544112242758274,4.50003008756306,33.59360734844935,8.134408602150538
905,dynamic_actor_adapt,-9775.676397264004,1.0,0.27635572031140326,0.8891151130199433,0.707676999270916,0.0,0.0033739104605047033,3.5250952184200286,-0.0019727599305042532,1e-05,0.0,0.1467749785631895,0.2918227717280388,0.4054937921464443,0.0003875849171890877,0.15552087239921092,4.544810404642356,33.55655988864415,8.53225806451613
906,dynamic_actor_adapt,-9354.701834380627,1.0,0.2756501130759716,0.8893406182527542,0.7072682559490204,0.0,0.0064438949419127365,3.711724281311035,-0.001997674998619914,1e-05,0.0,0.14597936868667602,0.29502112194895747,0.4049970515072346,0.0004111819383979309,0.15359127521514893,4.474840497823276,33.037352148686054,8.10752688172043
907,dynamic_actor_adapt,-9447.135087251663,1.0,0.2748557262122631,0.8904650658369064,0.7064666226506233,0.0,0.0038814859672129274,3.358848923444748,-0.0014728315407410264,1e-05,0.0,0.14568464010953902,0.2933877117931843,0.4061248816549778,0.0003985787017882103,0.15440418906509876,4.293916705297686,33.17376229054243,8.274193548387098
908,dynamic_actor_adapt,-9799.099743545055,1.0,0.2751052103936672,0.8906754150986671,0.7056898891925811,0.0,0.0011460538091341787,3.5663720190525057,-0.0019293734658276662,1e-05,0.0,0.1454209253191948,0.293960739672184,0.4060320913791656,0.0003820854377408978,0.154204161465168,4.444513310815905,33.23261678972664,8.473118279569892
909,dynamic_actor_adapt,-9789.321200847626,1.0,0.2776413202285767,0.8884223863482476,0.7074306100606919,0.0,0.005907934511924395,3.617140346765518,-0.0019381541220354847,1e-05,0.0,0.14702779240906239,0.29368032664060595,0.40336107313632963,0.0003795462995185517,0.1555512584745884,4.537252315824522,33.11769278844087,8.46236559139785
910,dynamic_actor_adapt,-9755.666815459728,1.0,0.27741464376449587,0.889004535973072,0.706254006922245,0.0,0.005129931683040901,3.6860740005970003,-0.0022678590605210045,1e-05,0.0,0.14609871096909047,0.29400763139128683,0.40559873804450036,0.00036013772114529274,0.15393478646874428,4.707114964632178,32.75189754400333,8.473118279569892
911,dynamic_actor_adapt,-9485.543125271797,1.0,0.27642873451113703,0.8893200427293777,0.7067345470190048,0.0,0.0008000156816705961,3.8785127222537996,-0.0028381460855598562,1e-05,0.0,0.1459627654403448,0.2939890220761299,0.4059732258319855,0.00038565847171412315,0.1536893341690302,4.756788078840332,32.74753650639205,8.182795698924732
912,dynamic_actor_adapt,-9193.54136377573,1.0,0.2775471925735474,0.8890113264322281,0.706416679918766,0.0,0.0025070308354770755,3.5772967994213105,-0.0019472163730824832,1e-05,0.0,0.14686345271766185,0.2934043206274509,0.4053044103085995,0.0003939623878977727,0.15403385683894158,4.488690816944347,32.73943318400902,7.967741935483871
913,dynamic_actor_adapt,-9815.902813851833,1.0,0.27518903762102126,0.8898204952478409,0.7044104725122452,0.0,0.0027637542618322132,3.703357344865799,-0.0019268008038125118,1e-05,0.0,0.1463072270154953,0.29371548295021055,0.4045177735388279,0.0003549446824763436,0.1551045686006546,4.605241513799651,32.99663895531628,8.580645161290322
914,dynamic_actor_adapt,-9660.703685879707,1.0,0.27538045570254327,0.8898086205124855,0.7073945716023445,0.0,0.0030749510373425325,3.5640937864780424,-0.0018661377785974763,1e-05,0.0,0.14759329557418824,0.2930914230644703,0.40473212003707887,0.0003920079081581207,0.15419115573167802,4.620505728034794,32.79096906308834,8.397849462365592
915,dynamic_actor_adapt,-9440.026923894882,1.0,0.2756555065512657,0.8895189538598061,0.7059015095233917,0.0,0.0031558968687022846,3.6005884170532227,-0.0027461589794256724,1e-05,0.0,0.14622206762433052,0.29418734312057493,0.4052141472697258,0.00038314501398417633,0.153993296995759,4.61829984941293,32.88253230729472,8.209677419354838
916,dynamic_actor_adapt,-9320.498294532299,1.0,0.27769205942749975,0.8890700280666352,0.7075494855642319,0.0,0.005137082894725619,3.6526289105415346,-0.0027311687314067966,1e-05,0.0,0.14720145389437675,0.29235251545906066,0.404485047608614,0.0003785331442486495,0.15558245442807675,4.606974556610471,33.51748971149112,8.0752688172043
917,dynamic_actor_adapt,-9535.86822873354,1.0,0.2757120542228222,0.8898458376526832,0.7056893929839134,0.0,0.0046779173109825715,3.5403760075569153,-0.0018442249274812639,1e-05,0.0,0.14591061733663083,0.29455262422561646,0.40462389811873434,0.0003551000754669076,0.154557766020298,4.6689006155595045,33.31649774559444,8.198924731182796
918,dynamic_actor_adapt,-9707.938246250153,1.0,0.2781864322721958,0.8882857427001,0.7062723368406296,0.0,0.003521157751674825,3.535557746887207,-0.002125314656768751,1e-05,0.0,0.14654683358967305,0.2927920430898666,0.4051086202263832,0.0003715173803357175,0.15518098697066307,4.8123653724810636,32.88709034440257,8.478494623655914
919,dynamic_actor_adapt,-9389.4534766078,1.0,0.27616904824972155,0.8894971668720245,0.7052524104714394,0.0,0.004726076206498009,3.56031813621521,-0.002296718434081413,1e-05,0.0,0.14584881067276,0.2951361544430256,0.4043531157076359,0.0003904441706254147,0.15427147634327412,4.680037538746518,32.81544437367014,8.166666666666666
920,dynamic_actor_adapt,-9204.811198771,1.0,0.27718987241387366,0.8892502754926681,0.7057094097137451,0.0,0.004422814968347666,3.706888806819916,-0.0022452733295722283,1e-05,0.0,0.14558766447007657,0.29319659247994423,0.40610830411314963,0.0003797456851316383,0.15472769625484945,4.499745679748978,32.83868336555762,7.956989247311828
921,dynamic_actor_adapt,-9324.087384521961,1.0,0.27831938564777375,0.8879528313875198,0.7051320359110832,0.0,0.006720508635044064,3.7645999252796174,-0.002316545441863127,1e-05,0.0,0.14686989337205886,0.2944198682904243,0.40276058614253996,0.0003672085931611946,0.155582445114851,4.926772283540594,33.036809459188454,8.080645161290324
922,dynamic_actor_adapt,-9756.526227295399,1.0,0.2774535372853279,0.8889032006263733,0.7053226992487908,0.0,0.008409501401547465,3.696811580657959,-0.002330379534578242,1e-05,0.0,0.1460218418389559,0.29106380641460416,0.4057655371725559,0.00036657252421719023,0.15678224600851537,4.821146379891287,32.84684641241034,8.456989247311828
923,dynamic_actor_adapt,-9650.124820709229,1.0,0.2767774507403374,0.888798002898693,0.7067500799894333,0.0,0.006466950450703784,3.5457552492618563,-0.0013003872281842632,1e-05,0.0,0.1462006401270628,0.29408689215779305,0.40516516789793966,0.0003981607253081165,0.15414913706481456,4.942627174277073,33.07883156240172,8.43010752688172
924,dynamic_actor_adapt,-9477.290413320065,1.0,0.277379946410656,0.8887689605355262,0.7056968465447426,0.0,0.0044876164673042,3.80190794467926,-0.0019099479060969316,1e-05,0.0,0.1458023153245449,0.29228896349668504,0.4067936845123768,0.0003506056335027097,0.15476442836225032,4.728693423077381,32.91708477280541,8.268817204301076
925,dynamic_actor_adapt,-9777.992210745811,1.0,0.27728540301322935,0.8887995675206184,0.7077537953853608,0.0,0.0042361251082183695,3.425923156738281,-0.0019072263923590072,1e-05,0.0,0.14785747565329074,0.2923448979854584,0.4047777809202671,0.0003575766764697619,0.15466227270662786,4.833511343225693,33.20864032354697,8.521505376344086
926,dynamic_actor_adapt,-9566.354707062244,1.0,0.2752787135541439,0.8901037707924843,0.7066321149468422,0.0,0.004451399701792929,3.7584501266479493,-0.0018271786801051348,1e-05,0.0,0.14563177414238454,0.2931602202355862,0.405954173207283,0.0003666809461719822,0.15488715209066867,4.8492647175732495,33.04458121028372,8.268817204301076
927,dynamic_actor_adapt,-9309.789999127388,1.0,0.27658981308341024,0.8891460865736007,0.7066457957029343,0.0,0.0022067108486225396,3.67642747759819,-0.002759929316562193,1e-05,0.0,0.14618701487779617,0.293708336353302,0.4055589854717255,0.0003484302538709017,0.1541972365230322,4.597974638354477,33.47217224498933,7.962365591397849
928,dynamic_actor_adapt,-9502.90903609991,1.0,0.27407907918095586,0.8905046224594116,0.7069510698318482,0.0,0.0011867768622323472,3.551205408573151,-0.0021606155452900564,1e-05,0.0,0.14599951952695847,0.2938403353095055,0.40515308976173403,0.0003516965443850495,0.15465535707771777,4.612815556703366,33.04383173648999,8.241935483870968
929,dynamic_actor_adapt,-9437.622639477253,1.0,0.2761943437159061,0.8895160555839539,0.7075157597661018,0.0,0.0030718792335392153,3.6282307863235475,-0.0023069225149811245,1e-05,0.0,0.14666940160095693,0.292349137365818,0.40600835606455804,0.0003624864857556531,0.15461061410605909,4.63330866880173,32.772168088445426,8.198924731182796
930,dynamic_actor_adapt,-9049.796711802483,1.0,0.2771630235016346,0.8889575004577637,0.7071179881691932,0.0,0.0041359315215232,3.6106525182724,-0.001986166711867554,1e-05,0.0,0.14604423344135284,0.2943624801933765,0.40551660433411596,0.0004171121458057314,0.15365957096219063,4.840956841359687,33.21985999251942,7.865591397849463
931,dynamic_actor_adapt,-9673.835528373718,1.0,0.27746250852942467,0.8885625883936882,0.7075132027268409,0.0,0.0032092754212498797,3.587448704242706,-0.0020930438180585043,1e-05,0.0,0.14692156091332437,0.29309737533330915,0.4052226968109608,0.0003714888465765398,0.15438688322901725,4.451832105660037,32.98499164502629,8.349462365591398
932,dynamic_actor_adapt,-9886.019214451313,1.0,0.27674998715519905,0.8890767648816109,0.7097177818417549,0.0,0.004426556655744218,3.5078058898448945,-0.0021257493795928894,1e-05,0.0,0.14913483373820782,0.29214501976966856,0.404629085958004,0.00036376797979755795,0.15372728668153285,4.379243368640145,33.08806450039272,8.612903225806452
933,dynamic_actor_adapt,-9122.724970340729,1.0,0.27581617087125776,0.8894813224673271,0.7073952570557595,0.0,0.004275111239985613,3.7436014771461488,-0.0024886542531021407,1e-05,0.0,0.1469972815364599,0.2932083487510681,0.40478928834199907,0.0003932016294129426,0.15461188070476056,4.428350468744567,33.499486432085654,7.908602150537634
934,dynamic_actor_adapt,-9593.361489832401,1.0,0.2751278728246689,0.8898628875613213,0.7053525447845459,0.0,0.005121334676732675,3.5565269112586977,-0.0016544845886528492,1e-05,0.0,0.14546109549701214,0.29461728110909463,0.40594102516770364,0.0003854567163216416,0.15359514616429806,4.385466261970561,33.39424328692455,8.333333333333332
935,dynamic_actor_adapt,-9260.46276319027,1.0,0.27693467736244204,0.8895649880170822,0.7045710876584053,0.0,0.005621191607497178,3.561763435602188,-0.002416027984493496,1e-05,0.0,0.14668543748557566,0.2929810769855976,0.40476663038134575,0.00040411458103335464,0.1551627390086651,4.263414993086777,33.146409961254705,8.118279569892472
936,dynamic_actor_adapt,-9245.174479484558,1.0,0.27457995638251304,0.8906269833445549,0.7079485550522804,0.0,0.0028062101471732328,3.515875405073166,-0.002027569084748393,1e-05,0.0,0.14640769250690938,0.292281150072813,0.4061697334051132,0.0003597825070755789,0.15478163585066795,4.563947721082577,33.184264757002694,8.064516129032258
937,dynamic_actor_adapt,-9464.402231991291,1.0,0.2774878203868866,0.8887743264436722,0.7082593262195587,0.0,0.004287722452863851,3.5592622578144075,-0.0021307140246790367,1e-05,0.0,0.14712658189237118,0.2936458490788937,0.4057695738971233,0.00042005819523183163,0.1530379369854927,4.5434151234486375,33.21162350066079,8.220430107526882
938,dynamic_actor_adapt,-9616.111249029636,1.0,0.27600185200572014,0.8895868167281151,0.7056867614388466,0.0,0.004740898188538267,3.6958340287208555,-0.0021025207948696333,1e-05,0.0,0.14587237797677516,0.29333772510290146,0.40497597083449366,0.00040553825383540245,0.15540838427841663,4.4527757511342525,33.23847507244396,8.370967741935484
939,dynamic_actor_adapt,-9092.767052173615,1.0,0.2751781910657883,0.8901313513517379,0.7070742547512054,0.0,0.003835219315806154,3.4834284007549288,-0.0025505965804455853,1e-05,0.0,0.14637999944388866,0.29283244609832765,0.40638595893979074,0.0003739416606549639,0.1540276501327753,4.220823228510824,33.38638731781521,7.844086021505377
940,dynamic_actor_adapt,-9062.081412732601,1.0,0.27837032079696655,0.8880413517355918,0.7072292923927307,0.0,0.004090538294622081,3.423521029949188,-0.001937194139463827,1e-05,0.0,0.1471663612872362,0.29395819529891015,0.40434068962931635,0.0003865730486722896,0.15414817668497563,4.323229569489622,33.2274085973743,7.758064516129032
941,dynamic_actor_adapt,-9086.053522527218,1.0,0.2771614849567413,0.8889957353472709,0.7079298853874206,0.0,0.00331011529015085,3.5853063821792603,-0.002670144094918214,1e-05,0.0,0.14712089747190477,0.2929614886641502,0.40595066621899606,0.0004316565391491167,0.15353529192507268,4.077012086521766,33.447321885264415,7.849462365591398
942,dynamic_actor_adapt,-9112.91561293602,1.0,0.2757851302623749,0.8894950583577156,0.7077458590269089,0.0,0.0025726103081979536,3.586747908592224,-0.002242998110523331,1e-05,0.0,0.1466601237654686,0.2936387225985527,0.405143104493618,0.0004136856598051963,0.15414436198771,4.242852459510655,33.49527248953098,7.967741935483871
943,dynamic_actor_adapt,-9671.73874527216,1.0,0.27803756669163704,0.8881919592618942,0.7052139058709145,0.0,0.0012291866456507928,3.7011464715003966,-0.002146421998986625,1e-05,0.0,0.1469641037285328,0.2935967601835728,0.4045966699719429,0.00038749173654650804,0.15445497781038284,4.134626230415917,33.52025905888127,8.435483870967742
944,dynamic_actor_adapt,-9627.51844972372,1.0,0.2746661201119423,0.8902424931526184,0.706649336218834,0.0,0.002847909671254484,3.7746570467948914,-0.0026750369150249755,1e-05,0.0,0.14638165943324566,0.2942604377865791,0.4053569443523884,0.0003748334562260425,0.15362612269818782,4.129534671955887,33.014692539919494,8.435483870967742
945,dynamic_actor_adapt,-9366.11572277546,1.0,0.274377828836441,0.8900940597057343,0.7074157774448395,0.0,0.0047602648730389495,3.7621479451656343,-0.0022986935990047643,1e-05,0.0,0.14467579908668995,0.29359966292977335,0.4068436734378338,0.0003613372067775344,0.1545195270329714,4.38304374496028,33.27043924847175,8.17741935483871
946,dynamic_actor_adapt,-9288.171543896198,1.0,0.27634832710027696,0.8893865808844567,0.7056872352957726,0.0,0.003638714670887577,3.6708587169647218,-0.0023002318615908735,1e-05,0.0,0.14646771177649498,0.29344287514686584,0.4051811024546623,0.00038286503331619315,0.15452544242143632,4.598913908506438,33.31976782043103,8.048387096774194
947,dynamic_actor_adapt,-9599.551026940346,1.0,0.27703528180718423,0.8891602978110313,0.7077138438820839,0.0,0.0036279193511290888,3.566704088449478,-0.002509487111819908,1e-05,0.0,0.14827198311686515,0.2924636244773865,0.40479694977402686,0.00039255557639990003,0.15407488830387592,4.64496585607127,33.65616960314258,8.263440860215054
948,dynamic_actor_adapt,-9407.16876143217,1.0,0.2763564921915531,0.8896583765745163,0.7069114521145821,0.0,0.0038671740672725106,3.5203316807746887,-0.0015376164228655398,1e-05,0.0,0.1473373867571354,0.29370334595441816,0.403826791793108,0.0003637228197476361,0.15476875379681587,4.530109107173948,33.41770732402088,8.188172043010752
949,dynamic_actor_adapt,-9390.917529881,1.0,0.2779724091291428,0.8883918076753616,0.707036204636097,0.0,0.0021613163902656995,3.7799638330936434,-0.002402071180404164,1e-05,0.0,0.1464856468141079,0.29389684125781057,0.4047139577567577,0.0003550292931322474,0.15454853214323522,4.664705140304472,33.387243567944765,8.155913978494624
950,dynamic_actor_adapt,-9317.6989325881,1.0,0.2768941454589367,0.8890880405902862,0.7078962951898575,0.0,0.004550114980520476,3.5484553933143617,-0.0023145502076658887,1e-05,0.0,0.1475679401308298,0.2916217841207981,0.40545172020792963,0.0003799652302404866,0.15497859828174115,4.815804457207518,33.23196949435365,8.102150537634408
951,dynamic_actor_adapt,-9447.309262394905,1.0,0.27495311871170997,0.8899351909756661,0.7083885356783867,0.0,0.005309105971173273,3.687086099386215,-0.00267941135680303,1e-05,0.0,0.14728011898696422,0.29423765391111373,0.40549039989709856,0.00036729856401507277,0.15262452960014344,4.502116357203157,33.75704627661844,8.198924731182796
952,dynamic_actor_adapt,-9704.339958429337,1.0,0.27761121466755867,0.888736367225647,0.7058283105492592,0.0,0.005460141010917191,3.6029668629169462,-0.0028325518855126576,1e-05,0.0,0.14598765708506106,0.29377556070685384,0.4045148856937885,0.0003755744532099925,0.15534632541239263,4.625569134063568,33.71936598357881,8.424731182795698
953,dynamic_actor_adapt,-9552.596346974373,1.0,0.2764430932700634,0.8896340101957321,0.7080038458108902,0.0,0.0037703644113207258,3.5407655358314516,-0.003033352892998664,1e-05,0.0,0.14782606177031993,0.29326090663671495,0.40400254130363467,0.000422350278677186,0.1544881399720907,4.83383349538171,33.48867246076877,8.327956989247312
954,dynamic_actor_adapt,-9378.165423691273,1.0,0.2761498674750328,0.8894433677196503,0.7090424463152886,0.0,0.0024522900472221053,3.640584188699722,-0.0019914733071345835,1e-05,0.0,0.14846249744296075,0.2924256294965744,0.40368032827973366,0.00035369654215173797,0.155077850446105,4.773860266488491,33.85772901145906,8.14516129032258
955,dynamic_actor_adapt,-9028.300909161568,1.0,0.277507483959198,0.8887825980782509,0.7083600789308548,0.0,0.0034605975029989742,3.6577017962932588,-0.002948816251091557,1e-05,0.0,0.14703532569110395,0.2932770110666752,0.4045363053679466,0.00037663564580725506,0.15477472245693208,4.859440275414111,33.77869723008378,7.817204301075269
956,dynamic_actor_adapt,-9397.40206772089,1.0,0.277398356795311,0.889269383251667,0.7066607967019081,0.0,0.0024297542011481933,3.5109986126422883,-0.0027474594895465997,1e-05,0.0,0.14667614884674549,0.2944905810058117,0.4041669175028801,0.0003779461170779541,0.15428841337561608,4.6680832807152495,33.671277238745326,8.150537634408602
957,dynamic_actor_adapt,-9533.864309191704,1.0,0.27684562280774117,0.8888102740049362,0.7075386807322502,0.0,0.003197387310137867,3.630074918270111,-0.0024975179112516344,1e-05,0.0,0.14621830433607103,0.2933515340089798,0.40556986182928084,0.00037614150969602635,0.15448416024446487,4.5398481390405365,33.76343532607263,8.220430107526882
958,dynamic_actor_adapt,-9465.415604114532,1.0,0.27838391363620757,0.8885470688343048,0.7060126796364784,0.0,0.002956730893129117,3.680229461193085,-0.00279291596962139,1e-05,0.0,0.1468619503080845,0.2931661069393158,0.40427692234516144,0.00037836999908904547,0.1553166501224041,4.7015847705889495,33.61444249791527,8.166666666666666
959,dynamic_actor_adapt,-9262.121454000473,1.0,0.27530433237552643,0.8899555623531341,0.7088361233472824,0.0,0.005037968209944654,3.5402606189250947,-0.0024712588274269365,1e-05,0.0,0.14614395834505559,0.29237332195043564,0.40677116215229037,0.0004031189419038128,0.15430844761431217,4.478639528605436,33.20037486721938,8.043010752688172
960,dynamic_actor_adapt,-9038.597098767757,1.0,0.2773974880576134,0.8892538413405419,0.7083987951278686,0.0,0.005372701477244846,3.7570678532123565,-0.003103664338414092,1e-05,0.0,0.14754527658224106,0.29365835189819334,0.4053442507982254,0.0003731598928425228,0.15307896472513677,4.538232403731928,33.67265771904709,7.86021505376344
961,dynamic_actor_adapt,-9102.649461865425,1.0,0.27634337469935416,0.8892638877034187,0.7075921267271041,0.0,0.0061602584970387175,3.5853074312210085,-0.0024038261515670458,1e-05,0.0,0.14678631350398064,0.29137810692191124,0.406007569283247,0.0003322349759400822,0.15549577176570892,4.735788200286635,33.821915413037615,7.790322580645161
962,dynamic_actor_adapt,-9659.437420487404,1.0,0.2777672789990902,0.8886446908116341,0.7069705322384834,0.0,0.003559706906162352,3.720643162727356,-0.0025447635671298485,1e-05,0.0,0.1471704039722681,0.2926943726837635,0.404227714240551,0.00037167628797760697,0.15553582608699798,4.8053256137541185,33.3210783317482,8.370967741935484
963,dynamic_actor_adapt,-9571.777279257774,1.0,0.27644831910729406,0.8894934341311455,0.7074534595012665,0.0,0.0032739434387621612,3.6251604855060577,-0.002739197415939998,1e-05,0.0,0.14674233347177507,0.2939322516322136,0.40460497364401815,0.0003935120766982436,0.15432692728936673,4.420879244128574,33.13065331690465,8.311827956989246
964,dynamic_actor_adapt,-9392.716926574707,1.0,0.2746502712368965,0.8902415871620178,0.7086153328418732,0.0,0.004348897490854114,3.4873504459857942,-0.002561218829941936,1e-05,0.0,0.1469265814870596,0.29218670874834063,0.40658518224954604,0.00040350435228901914,0.15389802157878876,4.402686706906899,33.30247382564892,8.080645161290324
965,dynamic_actor_adapt,-9542.201895356178,1.0,0.2758116275072098,0.8897361651062965,0.7085526943206787,0.0,0.0021500594993994595,3.6739889323711394,-0.0022476465584986725,1e-05,0.0,0.1476463910192251,0.29254193007946017,0.40616012513637545,0.00038305808848235754,0.15326849631965161,4.223546603078058,33.34051724919101,8.279569892473118
966,dynamic_actor_adapt,-9188.94671368599,1.0,0.2768182836472988,0.8892945736646652,0.7064060181379318,0.0,0.003292924878405684,3.778660011291504,-0.0035402211142354645,1e-05,0.0,0.14603533633053303,0.29345364272594454,0.4065314970910549,0.0003476507266896078,0.15363187454640864,4.154256493027442,33.212588297337895,7.994623655913978
967,dynamic_actor_adapt,-9317.963068902493,1.0,0.27597101107239724,0.8895278856158256,0.7080305814743042,0.0,0.0045111981158698355,3.802254182100296,-0.0029994743352290245,1e-05,0.0,0.14702015221118928,0.29129197746515273,0.4064375631511211,0.0003851622517686337,0.1548651460558176,4.189464642470413,33.350988706429455,8.037634408602152
968,dynamic_actor_adapt,-9138.547100901604,1.0,0.2755302734673023,0.889658285677433,0.7062644496560097,0.0,0.004743596407206474,3.73907476067543,-0.002737100457306951,1e-05,0.0,0.1454553935676813,0.29364757910370826,0.40602446496486666,0.00040135930976248346,0.15447120517492294,4.291553772519428,33.515513781445925,7.903225806451612
969,dynamic_actor_adapt,-9026.032814145088,1.0,0.27797348201274874,0.8885599911212921,0.7054460361599922,0.0,0.0021543552364165107,3.591840755939484,-0.0020278044685255736,1e-05,0.0,0.14611074067652224,0.29406940639019014,0.40498495697975156,0.0003846393490675837,0.15445025227963924,4.179016545325079,33.598762871600634,7.85483870967742
970,dynamic_actor_adapt,-9010.955846488476,1.0,0.2763660341501236,0.8897048562765122,0.706053563952446,0.0,0.0017434844976379038,3.516106551885605,-0.002372854260465829,1e-05,0.0,0.14631341993808747,0.2933438703417778,0.4056504175066948,0.00038824489420221655,0.15430404916405677,4.243992033034641,33.22903214477525,7.779569892473118
971,dynamic_actor_adapt,-9205.63426989317,1.0,0.2770850159227848,0.8887719735503197,0.708354440331459,0.0,0.0028267481990042363,3.643582373857498,-0.0027970697796263267,1e-05,0.0,0.14753129109740257,0.29277253374457357,0.40482247471809385,0.0003741482400073437,0.1544995501637459,4.235375007608702,33.22646119643969,7.919354838709677
972,dynamic_actor_adapt,-9491.913275778294,1.0,0.27596886530518533,0.8891885966062546,0.7061237081885338,0.0,0.0027057548184530656,3.429849249124527,-0.0025067319009394852,1e-05,0.0,0.1466447964310646,0.29335448518395424,0.4055687941610813,0.00039875798647699413,0.1540331706404686,4.309365447562177,32.840238075167015,8.268817204301076
973,dynamic_actor_adapt,-9356.447467029095,1.0,0.2760616973042488,0.8896432146430016,0.7068878576159477,0.0,0.0006547482891619549,3.520764189958572,-0.001952273559254536,1e-05,0.0,0.14638022966682912,0.29354654625058174,0.40553133115172385,0.00037340941416914576,0.15416847951710225,4.41015815383546,33.4735556306618,8.139784946236558
974,dynamic_actor_adapt,-9549.781301796436,1.0,0.2772111244499683,0.8890981331467629,0.7065888211131096,0.0,0.0025188811905536403,3.5708128452301025,-0.0025080606446863385,1e-05,0.0,0.14642197750508784,0.2922871120274067,0.4065342776477337,0.0003847559815767454,0.15437188558280468,4.167988988951698,33.07940041560864,8.236559139784946
975,dynamic_actor_adapt,-9105.691905498505,1.0,0.2788979604840279,0.8881520226597786,0.704466724395752,0.0,0.004431063843003369,3.571382683515549,-0.0019541694622603246,1e-05,0.0,0.14452170245349408,0.2937553204596043,0.4072815977036953,0.0003528900597302709,0.15408849120140075,4.259884501637276,33.39105029705408,7.940860215053763
976,dynamic_actor_adapt,-9583.512229204178,1.0,0.2749251700937748,0.8906715452671051,0.7058341920375824,0.0,0.004599109563423564,3.542553049325943,-0.002416851643647533,1e-05,0.0,0.14376149252057074,0.29221597611904143,0.4083185665309429,0.0004067163055879064,0.15529725141823292,4.086597518709633,33.29507240507475,8.25268817204301
977,dynamic_actor_adapt,-9367.318856179714,1.0,0.27652137652039527,0.8896617323160172,0.7068118020892143,0.0,0.0031924935996357926,3.725977873802185,-0.002409693534599455,1e-05,0.0,0.14460065364837646,0.29297306165099146,0.4078562416136265,0.00036478900074143894,0.15420525670051574,4.235214098001755,33.20934907965899,8.118279569892472
978,dynamic_actor_adapt,-9158.373382210732,1.0,0.2745435632765293,0.8903549209237098,0.7067783400416374,0.0,0.004939944671059448,3.512383383512497,-0.001951163649209775,1e-05,0.0,0.14613845199346542,0.29361155107617376,0.40538626685738566,0.0003762520929740276,0.1544874757528305,4.290076241195699,33.60045212785452,7.9247311827957
979,dynamic_actor_adapt,-9346.178595602512,1.0,0.27453489154577254,0.8904224023222923,0.7065618515014649,0.0,0.0024556989705160513,3.63949978351593,-0.002608022270140964,1e-05,0.0,0.14584171622991562,0.29374717026948927,0.4064742162823677,0.0003805323507549474,0.1535563614219427,4.163988137670124,33.39115437727453,8.129032258064516
980,dynamic_actor_adapt,-9520.373131275177,1.0,0.2754441015422344,0.8891407668590545,0.7057056680321694,0.0,0.0021398948036221665,3.4964297294616697,-0.0019683624697790945,1e-05,0.0,0.1457272980362177,0.2940604604780674,0.40553959012031554,0.0003596318427298684,0.1543130211532116,4.086953403348728,33.43231254967891,8.236559139784946
981,dynamic_actor_adapt,-9153.035773932934,1.0,0.2750710792839527,0.8896813720464707,0.7043441936373711,0.0,0.001698812012182266,3.6771011471748354,-0.0024333879786354374,1e-05,0.0,0.14518799856305123,0.293762830644846,0.405527114123106,0.0003908601211151108,0.1551311995834112,4.238212756832102,32.69950977192877,7.887096774193549
982,dynamic_actor_adapt,-9322.473809063435,1.0,0.275314037501812,0.889959593117237,0.7065571963787078,0.0,0.0041266420725150745,3.768905597925186,-0.0022468569470220244,1e-05,0.0,0.14656842388212682,0.2944452650845051,0.4048075258731842,0.00039131999510573224,0.15378746539354324,4.354836686631002,33.512331644648,7.983870967741935
983,dynamic_actor_adapt,-9111.17827129364,1.0,0.2768517814576626,0.8889441683888435,0.7073751717805863,0.0,0.007092851743072992,3.635361742973328,-0.002843315960490145,1e-05,0.0,0.1462860643863678,0.29118435084819794,0.407569944858551,0.00038816656669951046,0.154571470990777,4.573267556012029,32.95537955861053,7.887096774193549
984,dynamic_actor_adapt,-9450.394556701183,1.0,0.2770096883177757,0.889241224527359,0.7057808712124825,0.0,0.008046738521807128,3.7603431165218355,-0.002745884821524669,1e-05,0.0,0.1462669663131237,0.2944762744009495,0.4035671591758728,0.000386682320095133,0.1553029179573059,4.353194549558227,33.22324737557492,8.17741935483871
985,dynamic_actor_adapt,-9463.188669025898,1.0,0.27580368220806123,0.889634981751442,0.706113263964653,0.0,0.007685199927436747,3.611774206161499,-0.0030888291330484208,1e-05,0.0,0.1451538849622011,0.29336455166339875,0.40740976110100746,0.0003746177924767835,0.15369718857109546,4.144167780626954,33.06700373035791,8.220430107526882
986,dynamic_actor_adapt,-9438.56628447771,1.0,0.2758984759449959,0.8896448493003846,0.7067425012588501,0.0,0.005509530752533481,3.935940515995026,-0.0021563286672972026,1e-05,0.0,0.14697960615158082,0.29258458465337756,0.4054367356002331,0.0003728441821294837,0.15462623201310635,4.0052234775584745,33.41794879603866,8.225806451612904
987,dynamic_actor_adapt,-9184.47778981924,1.0,0.27705666348338126,0.8888975352048873,0.7068784669041633,0.0,0.0016522090245416898,3.608984559774399,-0.0017626627930440008,1e-05,0.0,0.1468345161527395,0.29192966148257254,0.4054883852601051,0.00034675231254368557,0.1554006863385439,4.007317612410819,33.689650434987875,7.973118279569892
988,dynamic_actor_adapt,-9534.652773082256,1.0,0.2756707135587931,0.8897914662957191,0.7074390992522239,0.0,0.004493005575204717,3.405374163389206,-0.002169584333023522,1e-05,0.0,0.1466495729982853,0.29366272911429403,0.40597970634698866,0.0003688648921524873,0.15333912521600723,3.9241947220818187,33.089952327654004,8.274193548387098
989,dynamic_actor_adapt,-9302.116571724415,1.0,0.27695500627160075,0.8891960516571998,0.7066039100289345,0.0,0.0020457243284908834,3.8552528083324433,-0.0027713873460015748,1e-05,0.0,0.14660398699343205,0.29268545657396317,0.40698068514466285,0.00037972725367581007,0.1533501498401165,3.9340689012267385,33.523357964386655,8.080645161290324
990,dynamic_actor_adapt,-8900.7518004179,1.0,0.27704707384109495,0.8889148131012916,0.7061705157160759,0.0,0.0027051253957324104,3.57725704908371,-0.0025919031679222824,1e-05,0.0,0.14664590656757354,0.2923476852476597,0.4059712789952755,0.00037434208898048384,0.1546607930213213,4.156345401703796,33.33597447102319,7.634408602150537
991,dynamic_actor_adapt,-9557.330853104591,1.0,0.2758763343095779,0.8892988637089729,0.7080023467540741,0.0,0.001089733674234572,3.443330305814743,-0.0027425592197687365,1e-05,0.0,0.14648229591548442,0.2924211323261261,0.40559002161026003,0.00038421990393544547,0.1551223337650299,4.20582665378013,32.959765654257644,8.311827956989246
992,dynamic_actor_adapt,-9464.165353357792,1.0,0.2764936748892069,0.8889464616775513,0.707575161755085,0.0,0.002346936410322087,3.517200541496277,-0.0023402930884913074,1e-05,0.0,0.1467958778142929,0.29327602609992026,0.4050139382481575,0.0003892097272910178,0.15452494621276855,4.129279995198186,32.87138528884128,8.258064516129032
993,dynamic_actor_adapt,-9248.893462657928,1.0,0.2753505304455757,0.890004639327526,0.7081581979990006,0.0,0.004197453982123967,3.565607887506485,-0.002806811905611539,1e-05,0.0,0.14748973324894904,0.291177299618721,0.40631661638617517,0.0004032442880998133,0.15461310558021069,4.214996015477405,32.99562019439854,8.026881720430106
994,dynamic_actor_adapt,-9522.4730027318,1.0,0.2773754894733429,0.889129550755024,0.7070075049996376,0.0,0.003019817521635537,3.4536817252635954,-0.0026103816537215606,1e-05,0.0,0.14695058688521384,0.29169007688760756,0.40541454032063484,0.00033456113524152895,0.15561024025082587,4.335516581438588,33.15439784427929,8.32258064516129
995,dynamic_actor_adapt,-9341.08613395691,1.0,0.2752446874976158,0.8900688588619232,0.7072280153632164,0.0,0.007631272267099065,3.546837478876114,-0.002085446089040488,1e-05,0.0,0.1454671300947666,0.290388186275959,0.40922612994909285,0.00033860512739920524,0.15457994900643826,4.099513265287143,33.67251572163582,8.021505376344086
996,dynamic_actor_adapt,-9449.639226317406,1.0,0.2756510950624943,0.8897435173392296,0.7067625239491463,0.0,0.006953680700826215,3.626074808835983,-0.0022949660939048044,1e-05,0.0,0.1462051674723625,0.2931022636592388,0.4060471534729004,0.00036333229982119517,0.15428208671510218,4.217287704084523,33.53778947113096,8.139784946236558
997,dynamic_actor_adapt,-9410.181187927723,1.0,0.2772392459213734,0.8885930418968201,0.708064404129982,0.0,0.0026718669239926994,3.7404206097126007,-0.0028728514385875314,1e-05,0.0,0.14698542319238186,0.29176633059978485,0.4062159672379494,0.0003857016105030198,0.15464658178389074,4.050481511795677,33.35538631148922,8.155913978494624
998,dynamic_actor_adapt,-9291.969048142433,1.0,0.27589834332466123,0.889606374502182,0.7054328829050064,0.0,0.0043867162592505,3.811844539642334,-0.0021104478066263253,1e-05,0.0,0.1448150772601366,0.2925737753510475,0.407162244617939,0.0003626894515036838,0.15508621782064438,4.239329715498688,33.231580141110605,7.940860215053763
999,dynamic_actor_adapt,-9382.345902979374,1.0,0.27559828832745553,0.8896229863166809,0.7086520999670028,0.0,0.0044570551512151165,3.6781295418739317,-0.0026274149742675943,1e-05,0.0,0.14702180810272694,0.29152691513299944,0.40641535595059397,0.00038448289124062287,0.15465143583714963,3.969693995437292,33.299713098502345,8.150537634408602
1000,dynamic_actor_adapt,-9275.906777977943,1.0,0.2774232417345047,0.8889803409576416,0.7070629954338074,0.0,0.004297262461113849,3.499173527956009,-0.0027940639276494037,1e-05,0.0,0.14666070379316806,0.2936309494078159,0.4046537771821022,0.00035853695844707546,0.15469603501260282,4.4311674222354664,33.45141237856766,8.037634408602152
