episode,phase,episode_reward_sum,router_alpha,gate_entropy,gate_max,gate_static_weight,gate_balance_loss,expert_usage_l1_delta,actor_grad_norm,policy_loss,lr_experts,lr_router,expert_0_mean,expert_1_mean,expert_2_mean,expert_3_mean,expert_4_mean,primary/load_tracking/nmbe_pct,primary/load_tracking/cv_rmse_pct,primary/thermal_comfort/portfolio_exceedance_pct
1,router_only,-6671.146035909653,0.5,1.2245827049016953,0.6013660714030266,0.6013660714030266,0.003264915710315108,0.0,0.08832583101466299,-0.0006880579399876297,0.0,0.0001,0.21794905178248883,0.20265723243355752,0.304353316873312,0.1332810554653406,0.14175934828817843,-0.8963944956287581,35.09605206114763,23.521505376344088
2,router_only,-6302.506141424179,0.503333330154419,1.218177568912506,0.6027045339345932,0.6027045339345932,0.0027582001115661115,0.041287069022655457,0.0912474018521607,3.512228431645781e-06,0.0,0.0001,0.21333930902183057,0.20928139351308345,0.31468740478157997,0.11724726408720017,0.1454446341842413,-0.004640911697602203,35.435188510260545,22.20967741935484
3,router_only,-6270.513614952564,0.5066666603088379,1.2058743506669998,0.6049758866429329,0.6049758866429329,0.002426064753672108,0.04302634745836259,0.09135038163512946,-0.0003818437820882536,0.0,0.0001,0.20625641457736493,0.21584267616271974,0.32628732547163963,0.10281698293983936,0.1487966027110815,0.42318371368418534,35.18466820966347,22.075268817204304
4,router_only,-6025.785899937153,0.5099999904632568,1.184157705307007,0.6086984217166901,0.6086984217166901,0.0021880110492929817,0.05162338595837353,0.09932641293853521,-0.0011077550472691656,0.0,0.0001,0.19344549998641014,0.22145200818777083,0.34439412504434586,0.08981620278209448,0.15089216232299804,0.5429824681841121,35.3797340038349,21.177419354838708
5,router_only,-5778.312729537487,0.5133333206176758,1.1486320585012435,0.6165419787168502,0.6165419787168502,0.001847352145705372,0.06812857501208783,0.10171016380190849,-0.0011999658709100913,0.0,0.0001,0.18129361905157565,0.23286511711776256,0.3670453056693077,0.0798924183472991,0.13890354223549367,0.7948874802865195,34.51592040874088,20.306451612903224
6,router_only,-5549.183146715164,0.5166666507720947,1.0979527682065964,0.6268278449773789,0.6268278449773789,0.0017428893828764559,0.07402569577097892,0.1185441279783845,-0.002267063748149667,0.0,0.0001,0.16994764991104602,0.2397057417780161,0.39721752926707266,0.06954392809420824,0.12358515411615371,0.8739211007640453,34.49343738006348,19.5752688172043
7,router_only,-5432.725438177586,0.5199999809265137,1.0538332879543304,0.6356500744819641,0.6356500744819641,0.0019800001697149127,0.05182477291673428,0.11005335077643394,-0.0017418927174730925,0.0,0.0001,0.1608649507164955,0.23772015161812304,0.42312991321086885,0.06285683121532201,0.11542815137654543,1.2119658785108318,34.034739019066905,19.155913978494624
8,router_only,-5420.477601110935,0.5233333110809326,1.0028288438916206,0.6455837428569794,0.6455837428569794,0.002523378835758194,0.0561283650808036,0.10224668104201555,-0.0018932677488919581,0.0,0.0001,0.1526046808809042,0.2343475680798292,0.4511941000819206,0.05760080059990287,0.10425285715609789,1.6471315907999156,33.37932550053857,18.978494623655916
9,router_only,-5161.045872628689,0.5266666412353516,0.9671830609440804,0.651506082713604,0.651506082713604,0.0031055148923769594,0.03747718008235099,0.10262914784252644,-0.0015028141031507402,0.0,0.0001,0.1467505905777216,0.23740554600954056,0.46687471196055413,0.05398637373000383,0.0949827840551734,1.6787286266364003,33.561987873556916,18.102150537634408
10,router_only,-5156.874445557594,0.5299999713897705,0.9314610242843628,0.6578603178262711,0.6578603178262711,0.003707462822785601,0.03469476420432331,0.10810804478824139,-0.0016363298360374755,0.0,0.0001,0.14264352917671203,0.2409902699291706,0.48063736483454705,0.05142355654388666,0.08430527523159981,1.7354477185153805,33.01687556122263,18.166666666666668
11,router_only,-5187.799333870411,0.5333333611488342,0.9069223031401634,0.6618537798523902,0.6618537798523902,0.004109756503021344,0.02603737618774169,0.11241208519786597,-0.0018245496990857645,0.0,0.0001,0.13971637077629567,0.252401115745306,0.48224520981311797,0.049333447404205796,0.07630385737866163,1.623157228983007,33.54005927232846,18.059139784946236
12,router_only,-5135.4543243050575,0.5366666913032532,0.8638848841190339,0.6695615440607071,0.6695615440607071,0.004918224841821939,0.044204365368932484,0.11888234000653028,-0.0020425992406671867,0.0,0.0001,0.13723518773913385,0.24204217754304408,0.5043473951518536,0.04697546912357211,0.06939977686852217,1.6765438909438022,33.143112531745686,18.0
13,router_only,-5113.903299152851,0.5400000214576721,0.839330643415451,0.6773339420557022,0.6773339301347733,0.005171729333233089,0.011600972432643228,0.09877844285219908,-0.0018828369713446591,0.0,0.0001,0.1367830853909254,0.24118914753198623,0.5101478800177575,0.04562297333031893,0.06625691745430232,1.9854312688631612,32.466199625848645,17.79569892473118
14,router_only,-5190.012430489063,0.5433333516120911,0.8100105673074722,0.6876234099268913,0.687620709836483,0.00544210618827492,0.009727806970477051,0.10037717428058386,-0.002173963365748932,0.0,0.0001,0.13573930636048318,0.23986392430961131,0.5150117799639702,0.044660615362226964,0.06472437065094709,1.8901968732789591,33.60222938454213,18.263440860215056
15,router_only,-4964.663593292236,0.54666668176651,0.796494160592556,0.6930600434541703,0.6930530056357384,0.00541989627527073,0.007866949588060355,0.09458804074674845,-0.0018585983991215472,0.0,0.0001,0.13584332466125487,0.2436933819204569,0.5129561588168144,0.044543820712715385,0.06296331277117133,2.24456996196236,32.75275929491654,17.25268817204301
16,router_only,-4983.855048239231,0.550000011920929,0.7769897490739822,0.6984698563814163,0.6984459593892097,0.005635103385429829,0.01086268005892635,0.09979594741016626,-0.0021642607171088457,0.0,0.0001,0.13464346416294576,0.24802046529948713,0.5140604183077813,0.043403635080903766,0.059872021712362763,2.0885102112614,33.67763644767343,17.462365591397848
17,router_only,-4959.8720470666885,0.5533333420753479,0.7608225956559181,0.7023859366774559,0.7023092627525329,0.005780668137595058,0.014104805421084221,0.09989154394716024,-0.002036146286991425,0.0,0.0001,0.1335205774754286,0.25507287085056307,0.5121480897068977,0.04242774872109294,0.05683072349056602,2.039004673130945,33.037735868529836,17.29569892473118
18,router_only,-4997.7586597800255,0.5566666722297668,0.753844478726387,0.704300445318222,0.7040359318256378,0.0058521694620139895,0.012655740696936875,0.10408863332122564,-0.0023070428032951895,0.0,0.0001,0.13461484089493753,0.24890537671744822,0.5172341540455818,0.042267366871237756,0.05697826044633984,2.1466604934799203,32.91976483099878,17.14516129032258
19,router_only,-4869.998715221882,0.5600000023841858,0.7223699748516083,0.7099219292402268,0.7086861625313758,0.006763575994409621,0.04104394773021339,0.10772152142599226,-0.002599820637260564,0.0,0.0001,0.13172765895724298,0.23190353251993656,0.5377561300992966,0.04218099741265178,0.0564316843636334,2.3605252340641267,33.45946273581178,16.881720430107528
20,router_only,-4813.0415560007095,0.5633333325386047,0.7024067848920822,0.7158186972141266,0.7136075258255005,0.006917784747201949,0.008076388202607684,0.08947854172438383,-0.0016676247068971861,0.0,0.0001,0.12950744852423668,0.23566674217581748,0.5379628792405129,0.042249233834445475,0.05461370181292295,2.1492655761774255,32.87101603738162,16.5752688172043
21,router_only,-4799.605688154697,0.5666666626930237,0.6850422024726868,0.7211534351110458,0.7187255248427391,0.007080235797911882,0.006982476636767397,0.08905263375490904,-0.0022131062811240553,0.0,0.0001,0.1277579329907894,0.2388396006077528,0.5382812574505806,0.04189151413738727,0.05322969704866409,2.2992858095853235,33.69084416610048,16.6505376344086
22,router_only,-4800.811520814896,0.5699999928474426,0.6728654459118844,0.7241543725132942,0.7206181302666664,0.0074171554879285395,0.008315464667975857,0.10230114106088876,-0.002475889657216612,0.0,0.0001,0.12522514294832945,0.23764491081237793,0.5424253419041634,0.04146126518025994,0.053243348468095066,2.692303548175266,32.45434836301223,16.591397849462368
23,router_only,-4724.96219176054,0.5733333230018616,0.6629630774259567,0.7269546166062355,0.721733620762825,0.007657329284120351,0.006404385715723077,0.09049677029252053,-0.0016023766598664223,0.0,0.0001,0.12271621711552143,0.23703200109302996,0.5448164060711861,0.041380904242396356,0.05405447352677584,2.6492960700734933,32.974925783795484,16.166666666666664
24,router_only,-4776.712696433067,0.5766666531562805,0.6669420689344406,0.7278626337647438,0.7219211295247078,0.00738215846940875,0.008756250981241553,0.09189452482387424,-0.0020597405597072792,0.0,0.0001,0.12332457974553108,0.23874389976263047,0.5404382839798927,0.04198624389246106,0.05550700146704912,2.320481248048054,32.6588914137294,16.537634408602152
25,router_only,-4795.738983571529,0.5799999833106995,0.6591384649276734,0.727738419175148,0.7199232339859009,0.007819973304867745,0.01637698933482172,0.09166093626990915,-0.0018506705149775372,0.0,0.0001,0.12282969262450934,0.23282830901443957,0.5486267775297164,0.04113068049773574,0.05458454694598913,2.5330148076453383,33.10411706131483,16.4247311827957
26,router_only,-4764.78588873148,0.5833333134651184,0.6470521822571754,0.7302815273404122,0.7204060643911362,0.008057136810384691,0.006022741459310088,0.09302556831389666,-0.0018115501006832346,0.0,0.0001,0.12111246269196271,0.23357916213572025,0.5508872926235199,0.04016064144670963,0.05426044268533588,3.117097808591073,32.42568791419645,16.462365591397848
27,router_only,-4731.2297921180725,0.5866666436195374,0.6349904954433441,0.7351232320070267,0.7246735706925392,0.007756765780504793,0.02718096626922483,0.09584878887981177,-0.0024501349544152617,0.0,0.0001,0.1189290564507246,0.24716964289546012,0.5398934498429299,0.03980472916737199,0.054203118477016685,2.632182092791437,33.0187899710395,16.236559139784944
28,router_only,-4800.169697225094,0.5899999737739563,0.6137528911232948,0.7392245352268219,0.7265643775463104,0.008341430150903762,0.014278530050069058,0.09164394214749336,-0.0020662962255300955,0.0,0.0001,0.11563477292656898,0.24621030166745186,0.5470327138900757,0.03897056523710489,0.05215164115652442,2.6606129875441953,33.149974793645136,16.35483870967742
29,router_only,-4740.784528017044,0.5933333039283752,0.6053687036037445,0.7401487335562706,0.7259610906243325,0.00878816219046712,0.014278109557926612,0.08893567658960819,-0.001973604501108639,0.0,0.0001,0.11459477376192809,0.24259673953056335,0.5541717752814292,0.03847346091642976,0.05016325861215591,2.933773069769854,32.5086841864523,16.317204301075268
30,router_only,-4869.723750114441,0.596666693687439,0.6010120272636413,0.7399158403277397,0.7253885000944138,0.008959867851808667,0.00810897378250948,0.09062032699584961,-0.002354612690396607,0.0,0.0001,0.11321661695837974,0.2466512221843004,0.5541130408644677,0.03777948841452598,0.0482396312057972,2.6164216397772577,32.84664968483011,16.844086021505376
31,router_only,-4761.855117022991,0.6000000238418579,0.5935118243098259,0.740987078845501,0.724264320731163,0.009147833427414298,0.008995084092020988,0.10059133525937795,-0.0022236842924030498,0.0,0.0001,0.11160500142723322,0.2511487651616335,0.5537860497832299,0.0368856773711741,0.04657450774684548,2.5835880577559696,32.70620524941973,16.446236559139784
32,router_only,-4644.360821843147,0.6033333539962769,0.5839634791016579,0.7434509605169296,0.7231269225478172,0.009561306121759117,0.009874501824378872,0.10417995126917959,-0.0017742645496582553,0.0,0.0001,0.10935812816023827,0.24966046512126921,0.5587233051657676,0.036150168254971506,0.04610794372856617,2.2396129039557438,33.09247613079145,15.940860215053764
33,router_only,-4855.45336329937,0.6066666841506958,0.5761773213744164,0.7467182263731956,0.7233170911669731,0.00968958563171327,0.0031021357513964856,0.09621724858880043,-0.0021205952274613083,0.0,0.0001,0.10828478951007128,0.2504332855343819,0.5595015436410904,0.03581183198839426,0.04596854178234935,2.5164273155963417,32.64948716595345,16.763440860215052
34,router_only,-4657.801227867603,0.6100000143051147,0.5721815824508667,0.7485548347234726,0.7233402043581009,0.00981231709010899,0.0036861415021122237,0.09357130425050855,-0.002077524278865894,0.0,0.0001,0.10787733718752861,0.24927487708628177,0.5613446190953255,0.035555530339479446,0.04594763815402984,2.707151765046338,32.90897658986577,15.77956989247312
35,router_only,-4756.93467515707,0.6133333444595337,0.574546965956688,0.7483740642666816,0.7216497331857681,0.009700452466495335,0.004867838602513178,0.09709358531981707,-0.002281685241541709,0.0,0.0001,0.1076491441577673,0.2507953092455864,0.5591388911008834,0.03560300106182694,0.046813652850687504,2.9730107039165543,33.142966297703886,16.247311827956988
36,router_only,-4711.8669900894165,0.6166666746139526,0.5609819158911705,0.7521904662251473,0.7221648544073105,0.010134192323312164,0.010005756933242155,0.09135419372469186,-0.001699092084163567,0.0,0.0001,0.10551396887749434,0.2493706051260233,0.5641417741775513,0.03501095101237297,0.04596270844340324,2.80809147717848,33.24389120512839,16.247311827956988
37,router_only,-4709.473413825035,0.6200000047683716,0.5675082057714462,0.7500420436263084,0.7203460663557053,0.009938093274831772,0.013308869488537392,0.09762250073254108,-0.0022921418883925073,0.0,0.0001,0.10482489112764597,0.25591608211398126,0.5583285510540008,0.03485881611704826,0.04607166517525911,2.824743789839977,32.62019263362831,16.112903225806452
38,router_only,-4687.909920215607,0.6233333349227905,0.5601084232330322,0.7540727138519288,0.7230894133448601,0.010008031339384615,0.005391721706837452,0.10240968056023121,-0.0023904832662083207,0.0,0.0001,0.10461338199675083,0.2536596264690161,0.5601864814758301,0.0346309176646173,0.046909593231976035,2.4917410063852707,32.976599979240916,16.091397849462368
39,router_only,-4650.190415263176,0.6266666650772095,0.5555216789245605,0.7560633435845375,0.7234245151281357,0.010297676967456936,0.010094956588000088,0.09804144389927387,-0.0023243807336257305,0.0,0.0001,0.10407967381179332,0.24980087764561176,0.5652339607477188,0.034200834948569535,0.046684655640274283,2.5834004548242837,32.51201749382552,15.913978494623656
40,router_only,-4758.645987212658,0.6299999952316284,0.5461264967918396,0.7583808168768883,0.7228518590331078,0.010757894231937825,0.009392866306006858,0.09812181871384382,-0.0018307104415725916,0.0,0.0001,0.101783044077456,0.2493624608963728,0.5699303939938545,0.03375664856284857,0.045167455449700356,2.636186254344477,32.93469983323226,16.327956989247312
41,router_only,-4628.251268923283,0.6333333253860474,0.5382372036576271,0.761043119430542,0.7217013195157052,0.01119795087724924,0.009805400948971553,0.09598063230514527,-0.001790456620437908,0.0,0.0001,0.09973780885338783,0.2478039301931858,0.5748330950737,0.03334022844210267,0.044284941628575325,2.488704591954742,32.54204948222624,15.956989247311828
42,router_only,-4823.981712400913,0.6366666555404663,0.5385274827480316,0.7602179884910584,0.7186304450035095,0.011323298187926411,0.00433319611474875,0.08953843582421542,-0.0019084770836343523,0.0,0.0001,0.09874239936470985,0.2498039573431015,0.5749996691942215,0.03286946061998606,0.04358452409505844,2.650433289826047,33.47160129569339,16.56451612903226
43,router_only,-4711.705957055092,0.6399999856948853,0.5305755779147148,0.7629607006907463,0.7184528306126594,0.011674952530302107,0.007098584342747974,0.09495644923299551,-0.0017517958989628824,0.0,0.0001,0.0970967212691903,0.24915642961859702,0.5785489559173584,0.03257801150903106,0.04261988140642643,2.8654488483228358,32.766450286743186,16.166666666666664
44,router_only,-4639.195035815239,0.6433333158493042,0.5391110524535179,0.7605287730693817,0.7185442104935647,0.01122562405653298,0.018711457215249548,0.10091000404208898,-0.002193942157464335,0.0,0.0001,0.09687366895377636,0.25765915885567664,0.5694162786006928,0.0325921930372715,0.0434586982242763,2.8271693350965648,32.93768061147093,15.77956989247312
45,router_only,-4625.7547144293785,0.6466666460037231,0.532686299085617,0.7633903160691261,0.7182022452354431,0.011395619064569474,0.006822387035936184,0.10188711117953062,-0.00221770912539796,0.0,0.0001,0.09503713883459568,0.2610703565180302,0.5689639285206795,0.032184991892427205,0.04274359019473195,2.8426596296266213,32.72601094553927,15.693548387096772
46,router_only,-4628.7467930316925,0.6499999761581421,0.5301633521914482,0.763614983856678,0.7157710194587708,0.01165528737474233,0.007096685096621563,0.09230845011770725,-0.001858100595563883,0.0,0.0001,0.093494838103652,0.2634593226015568,0.5701233014464379,0.031740929931402206,0.04118160679936409,2.8168156405811455,33.30377251003316,15.731182795698926
47,router_only,-4706.601330399513,0.653333306312561,0.5288816601037979,0.7638533532619476,0.714056259393692,0.011792266834527254,0.003741175681352578,0.09664045618847013,-0.001841376231459435,0.0,0.0001,0.09242631923407316,0.26503866016864774,0.5704145520925522,0.0314869899302721,0.040633478201925755,2.993284521027291,33.08181596362194,16.204301075268816
48,router_only,-4737.88167899847,0.6566666960716248,0.5243614628911019,0.7660812005400658,0.7136801302433013,0.012031970499083399,0.006810960965231039,0.0941999377682805,-0.0019713402181878335,0.0,0.0001,0.09164583589881659,0.26300128027796743,0.5738200321793556,0.03128901501186192,0.0402438354678452,2.558602146173523,32.43141930375897,16.161290322580648
49,router_only,-4579.158619642258,0.6600000262260437,0.5274882972240448,0.7650623232126236,0.7135067731142044,0.011963401874527334,0.007296193949878259,0.10100370682775975,-0.0018678525877476205,0.0,0.0001,0.09124986026436091,0.26664938107132913,0.5710225164890289,0.031140603264793752,0.03993764538317919,2.844346085229103,32.87806988398613,15.63978494623656
50,router_only,-4686.101607143879,0.6633333563804626,0.5206992626190186,0.7678645685315132,0.7140207305550575,0.012081020884215832,0.004434435581788382,0.10116003789007663,-0.0023811375533114186,0.0,0.0001,0.09029620289802551,0.26886659637093546,0.5707767859101296,0.031057808455079793,0.03900260785594582,2.605315871300018,33.166508366503386,16.064516129032256
51,router_only,-4687.359522938728,0.6666666865348816,0.519540148973465,0.7692749798297882,0.7119905397295951,0.0122752383351326,0.004298522137105496,0.09794952496886253,-0.0018957297537781415,0.0,0.0001,0.0895359368994832,0.2683479361236095,0.5729260474443436,0.03050018548965454,0.03868989646434784,2.967547806235773,32.181153574070144,16.14516129032258
52,router_only,-4687.012712657452,0.6700000166893005,0.5104531422257423,0.7737415239214898,0.7121184453368187,0.012603712966665626,0.008335847081616464,0.10003419518470764,-0.0017214198353030952,0.0,0.0001,0.08837116714566946,0.2663245230913162,0.5770939737558365,0.030030853999778628,0.03817948997020722,2.7908619691991907,32.368453513528955,16.225806451612904
53,router_only,-4827.230222702026,0.6733333468437195,0.5212900459766387,0.7706315487623214,0.7100050911307335,0.012311783083714545,0.011720528500154617,0.1032654695212841,-0.002639819787509623,0.0,0.0001,0.08830380346626043,0.2710036776959896,0.5713010728359222,0.030303910840302706,0.039087542425841094,2.2470607992419755,32.3501881623783,16.526881720430108
54,router_only,-4637.42811447382,0.6766666769981384,0.5185591116547584,0.7720982134342194,0.7076567441225052,0.012538759340532123,0.006699418975040297,0.09813922252506017,-0.0021370617498178033,0.0,0.0001,0.08747917767614126,0.2688802286982536,0.5746507778763771,0.03029876840300858,0.038691045716404915,2.687688060550794,32.305136794274674,15.892473118279572
55,router_only,-4718.374542653561,0.6800000071525574,0.5219000816345215,0.7711125269532204,0.7060891047120095,0.01255828884895891,0.01004895530641076,0.0979268791154027,-0.002278371483407682,0.0,0.0001,0.08664571661502123,0.2739047110080719,0.5717838123440743,0.029976224107667804,0.03768954360857606,2.7485209500167405,33.01192125986475,16.182795698924732
56,router_only,-4612.106462657452,0.6833333373069763,0.5250812903046608,0.7698638185858726,0.7034133359789848,0.012573957722634078,0.009245804883539713,0.10519220288842916,-0.00213238580909092,0.0,0.0001,0.08617408890277148,0.2785276100039482,0.569125859439373,0.029624195443466304,0.03654824700206518,2.683873674015832,32.92103712317759,15.827956989247314
57,router_only,-4664.057133197784,0.6866666674613953,0.5265624150633812,0.7699388042092323,0.7011054128408432,0.012723272410221398,0.0036897783167660417,0.10385855343192815,-0.0021323388296877964,0.0,0.0001,0.08559296056628227,0.27781935706734656,0.5709707498550415,0.02955398033373058,0.036062955483794214,2.8103347843138806,32.6149341388459,15.940860215053764
58,router_only,-4738.50605982542,0.6899999976158142,0.5277661085128784,0.7697018697857857,0.6979339331388473,0.012748261797241867,0.013918942445889104,0.11221471391618251,-0.0023965197447978425,0.0,0.0001,0.08441702350974083,0.28477882742881777,0.5665114983916283,0.029010128043591977,0.035282524209469555,2.8646313121835583,32.45828666761542,16.376344086021504
59,router_only,-4581.332278251648,0.6933333277702332,0.5336107835173607,0.768101042509079,0.6951124548912049,0.012689803447574376,0.008119655773043629,0.09937581717967987,-0.0022146769857499748,0.0,0.0001,0.08391365241259337,0.2883837684988976,0.5633100211620331,0.028655145782977343,0.0357374083250761,2.563218066495767,32.53456221626593,15.741935483870966
60,router_only,-4660.625042259693,0.6966666579246521,0.5340534657239914,0.7687530145049095,0.6943459659814835,0.012762475572526456,0.004498818609863543,0.10635057147592306,-0.002045890236854575,0.0,0.0001,0.083334406837821,0.286951944231987,0.5647736728191376,0.02841681158170104,0.03652317123487592,2.5382895313829477,32.42113570968529,16.123655913978492
61,router_only,-4724.286719083786,0.699999988079071,0.5302703469991684,0.7699475675821305,0.692241008579731,0.012935462896712125,0.005824650730937762,0.1027183061465621,-0.002158675738610327,0.0,0.0001,0.08255751375108958,0.28986427038908,0.5645492121577262,0.027957222890108824,0.03507178910076618,2.8401166911223346,32.409887961598265,16.172043010752688
62,router_only,-4733.418192744255,0.70333331823349,0.5395923033356667,0.7659985676407814,0.6890042454004288,0.012667934712953865,0.01734068803489202,0.10884513966739177,-0.0026445912473718634,0.0,0.0001,0.08282281067222357,0.29763019904494287,0.5561441510915757,0.027691940870136024,0.035710908472537994,2.400169424706032,32.293404051581966,16.365591397849464
63,router_only,-4701.386263906956,0.7066666483879089,0.5375978842377662,0.7669958084821701,0.6877342581748962,0.012725293496623635,0.007707056496292244,0.11122369859367609,-0.0022273779464740072,0.0,0.0001,0.08251175601035357,0.29432412013411524,0.558978696167469,0.027455542422831058,0.03672988787293434,2.5798917555259955,32.692954078949704,16.166666666666664
64,router_only,-4663.159378170967,0.7099999785423279,0.5434421181678772,0.7644687682390213,0.6830422013998032,0.012707093823701143,0.005104563664644818,0.10623504538089037,-0.0020438092231415796,0.0,0.0001,0.08254751227796078,0.29684064760804174,0.5570442333817482,0.02722238302230835,0.03634523013606668,2.78088734042497,32.731586557330125,15.96774193548387
65,router_only,-4755.557588815689,0.7133333086967468,0.5430153280496597,0.7651085570454598,0.6817832976579666,0.012754850904457271,0.006208723550662293,0.10751849319785833,-0.0024772426899289713,0.0,0.0001,0.08263269569724799,0.29408860504627227,0.5595590889453887,0.026870065787807106,0.03684955490753054,2.4527597954838045,32.95775003656429,16.258064516129032
66,router_only,-4729.0318475961685,0.7166666388511658,0.5450819924473762,0.7633440032601356,0.6792512953281402,0.012763357162475586,0.005872429534792931,0.10568017829209567,-0.0020811681744817177,0.0,0.0001,0.08247739598155021,0.2970248095691204,0.5575342372059822,0.026304116053506733,0.0366594310849905,2.758432551860048,32.41205767802441,16.387096774193548
67,router_only,-4729.3097205758095,0.7200000286102295,0.542242968082428,0.7646150723099708,0.679060834646225,0.012830993346869945,0.0029262261465192417,0.09952108785510064,-0.002023737738454656,0.0,0.0001,0.08249837141484022,0.2961474023759365,0.558976374566555,0.02600078168325126,0.036377059295773506,2.9467648122293992,32.55698081507185,16.295698924731184
68,router_only,-4620.197264432907,0.7233333587646484,0.5380043551325798,0.7677045181393624,0.6792957291007042,0.013042224012315274,0.009358459664508732,0.11550091784447432,-0.002737945126136765,0.0,0.0001,0.08243295084685087,0.29295616298913957,0.563655610382557,0.025869352184236048,0.03508592490106821,2.7088262142478734,32.91987166907881,15.784946236559138
69,router_only,-4662.387922883034,0.7266666889190674,0.5386104926466941,0.7687233686447144,0.6798824846744538,0.01286245787050575,0.004140525916591319,0.1056834828108549,-0.0024727789180815306,0.0,0.0001,0.08408305887132883,0.2933763191103935,0.5620761215686798,0.02554952069185674,0.03491498343646526,2.6626062596673923,32.36608159257274,16.01075268817204
70,router_only,-4679.306975841522,0.7300000190734863,0.5372432097792625,0.7714979261159897,0.6826663181185723,0.012716762092895805,0.013161178072914462,0.10009324066340923,-0.00231517133070156,0.0,0.0001,0.0864144904538989,0.28709802851080896,0.5655973330140114,0.025247223395854234,0.035642930585891006,2.6970652263728723,32.87366340356179,16.182795698924732
71,router_only,-4629.582393229008,0.7333333492279053,0.5395955517888069,0.7704112827777863,0.67988670617342,0.012830508034676313,0.00597869749180974,0.10604157876223326,-0.002730267302104039,0.0,0.0001,0.08498506490141153,0.2897633597254753,0.5645053431391716,0.024779288889840247,0.035966946929693225,2.788369984614494,32.93921230335,15.96774193548387
72,router_only,-4622.668486654758,0.7366666793823242,0.5384824335575104,0.7711129680275917,0.6828739210963249,0.012799163721501828,0.011444978183135397,0.10671726986765862,-0.002223174697428476,0.0,0.0001,0.08592674806714058,0.28410922512412073,0.568139836192131,0.02471093460917473,0.03711326001212001,2.7089325399602213,32.70360470982897,15.892473118279572
73,router_only,-4648.34686088562,0.7400000095367432,0.5340753555297851,0.7742263182997704,0.6830834120512008,0.013031225302256644,0.01075009959749882,0.10876299887895584,-0.002242950556683354,0.0,0.0001,0.08448508586734534,0.2802777737379074,0.5723141074180603,0.024608995160087944,0.03831403534859419,2.9619651549932415,32.52102767926743,16.032258064516128
74,router_only,-4641.545659303665,0.7433333396911621,0.5297937035560608,0.7763874396681786,0.682161383330822,0.013153455359861255,0.009919458394870205,0.10971882585436106,-0.002644857266568579,0.0,0.0001,0.08260243982076645,0.2852375008165836,0.569852565228939,0.024162770807743074,0.03814471662044525,2.6400361361235407,32.75179230753689,15.973118279569892
75,router_only,-4579.054679632187,0.746666669845581,0.5219733223319054,0.7793000400066376,0.6790182441473007,0.01375942723825574,0.01681373561732471,0.11493142265826464,-0.0024015417278860697,0.0,0.0001,0.08010419681668282,0.2803452745079994,0.5782594352960586,0.023742003226652743,0.03754908796399832,2.651590471778512,32.58304031185171,15.698924731182796
76,router_only,-4745.898349046707,0.75,0.5190749749541282,0.7809817180037498,0.6762323215603828,0.014032144262455404,0.006137004354968802,0.11195829343050719,-0.0024724859722482506,0.0,0.0001,0.0779007289558649,0.2829931050539017,0.5786801084876061,0.023126343078911305,0.03729971535503864,2.5853977198300826,32.411768578730516,16.344086021505376
77,router_only,-4837.795648276806,0.753333330154419,0.5162832260131835,0.7826342910528183,0.6799266248941421,0.014092285372316837,0.01945577426813545,0.12569734454154968,-0.0038082338684034766,0.0,0.0001,0.08029653616249562,0.2736305929720402,0.5855644226074219,0.02276097019203007,0.03774748332798481,2.5994904512691193,32.50205121960619,16.63440860215054
78,router_only,-4675.628352344036,0.7566666603088379,0.5104285836219787,0.784947146475315,0.6806610777974129,0.01416097420733422,0.004707073839381355,0.11385775916278362,-0.002518723653338384,0.0,0.0001,0.08047217689454556,0.2758084870874882,0.5853175163269043,0.022364568803459405,0.03603725200518966,2.7877370867697064,32.96413573130242,16.118279569892476
79,router_only,-4505.1698860526085,0.7599999904632568,0.5121520943939686,0.7840022221207619,0.6816842302680015,0.013769902661442757,0.009303483739495334,0.10964255556464195,-0.002605855616275221,0.0,0.0001,0.08204540573060512,0.27790137380361557,0.5806657791137695,0.022395563684403895,0.03699188809841871,2.7041934548339777,33.03597164356163,15.408602150537634
80,router_only,-4868.976625204086,0.7633333206176758,0.5123851969838142,0.7845566272735596,0.6843748077750206,0.013599004480056465,0.01392237725667661,0.11320696286857128,-0.0027815657726023347,0.0,0.0001,0.08450620844960213,0.27094017937779424,0.5836407229304313,0.022450766758993268,0.03846212131902575,2.586307422297744,32.06902716147635,16.806451612903224
81,router_only,-4628.9001061320305,0.7666666507720947,0.5165923908352852,0.7832340180873871,0.6827877923846245,0.013358402415178716,0.015748801268637147,0.11332111451774836,-0.0025439039736738778,0.0,0.0001,0.08314794022589922,0.2763005293905735,0.5774167269468308,0.022158631356433034,0.040976172965019944,2.706541175961984,32.71247962240745,15.935483870967742
82,router_only,-4741.303349733353,0.7699999809265137,0.5054656356573105,0.7881759509444237,0.6845524027943611,0.013744883798062801,0.010968514112755602,0.11760214474052191,-0.002473784043104388,0.0,0.0001,0.08191677741706371,0.2728362038731575,0.5829009845852852,0.021733421366661787,0.04061261480674148,2.6570478362818473,32.82874699491924,16.408602150537636
83,router_only,-4668.806308090687,0.7733333110809326,0.5041674368083477,0.7890210136771202,0.682050022482872,0.013949126400984824,0.006828261259943222,0.11006811633706093,-0.0025272601722463152,0.0,0.0001,0.08024002872407436,0.2762503311038017,0.582535095512867,0.021227443031966685,0.039747096877545116,3.0236557899566927,32.89140198708695,16.118279569892476
84,router_only,-4768.707753658295,0.7766666412353516,0.4962499350309372,0.7940439566969871,0.6783962354063988,0.014745985344052314,0.016726766806095788,0.11983781941235065,-0.0025720052763062995,0.0,0.0001,0.07615987118333578,0.27267074063420293,0.5908984884619712,0.02090737484395504,0.039363539218902587,2.7543292572808777,32.64845333773937,16.451612903225808
85,router_only,-4663.234534621239,0.7799999713897705,0.4962016262114048,0.7943566039204597,0.6769259020686149,0.014822866977192461,0.005374026298522874,0.12158816978335381,-0.0023690137182711623,0.0,0.0001,0.07428744826465845,0.2736116752028465,0.5902458384633065,0.020745424553751945,0.04110960774123669,2.688475460721906,32.40801732137808,16.14516129032258
86,router_only,-4689.750829875469,0.7833333611488342,0.48966888412833215,0.7976891249418259,0.6747016742825508,0.0152321123983711,0.006779448455199517,0.12324038874357938,-0.0023308036301386893,0.0,0.0001,0.07206161338835955,0.2731249056756496,0.5936306312680244,0.020068304752930997,0.04111453918740153,2.9795599883242376,32.260054849053645,16.29032258064516
87,router_only,-4607.844435572624,0.7866666913032532,0.4937020383775234,0.7957628652453422,0.6751139238476753,0.014855414535850287,0.010361299943178887,0.11413751784712076,-0.00300137739177444,0.0,0.0001,0.07309344615787268,0.27583749145269393,0.5887432605028152,0.019775032205507158,0.042550777271389964,2.9642307663269714,32.6246984092507,15.908602150537634
88,router_only,-4926.392050743103,0.7900000214576721,0.48712072521448135,0.7998166501522064,0.675084562599659,0.015136796864680946,0.009622424654662558,0.11369216684252023,-0.002603217099385802,0.0,0.0001,0.07339163292199373,0.27311591506004335,0.5932562842965126,0.019368563080206513,0.04086760869249702,2.9184774362442836,32.87634254860215,17.06989247311828
89,router_only,-4737.281918764114,0.7933333516120911,0.4882792219519615,0.7995819598436356,0.6741378113627434,0.014826426305808127,0.014693476306274444,0.11320823263376951,-0.0024327200895641,0.0,0.0001,0.07309123929589986,0.2798914171755314,0.5862659245729447,0.01931257573887706,0.04143884219229221,2.867780928017476,33.12150809998206,16.419354838709676
90,router_only,-4724.037315368652,0.79666668176651,0.4865435384213924,0.8002729162573814,0.6736373767256737,0.014958654693327845,0.0034470458980648475,0.11006152890622616,-0.002675727093082969,0.0,0.0001,0.07136771604418754,0.2802581362426281,0.5865933194756507,0.019586261780932545,0.04219456482678652,2.752916702155309,32.87886479162836,16.36021505376344
91,router_only,-4736.975846111774,0.800000011920929,0.48802272155880927,0.798904912173748,0.6738643661141396,0.015103691909462213,0.008078636042773726,0.1165712095797062,-0.0031437591824214906,0.0,0.0001,0.07169165704399347,0.2764159455895424,0.5903086960315704,0.019420855911448598,0.04216284286230802,2.690248902811988,32.506012443561254,16.182795698924732
92,router_only,-4566.1153774261475,0.8033333420753479,0.4885056361556053,0.7989704012870789,0.6715207725763321,0.015204529138281941,0.012502771755680438,0.11285638585686683,-0.0031708585907836095,0.0,0.0001,0.07106008157134056,0.2826673299074173,0.5877797275781631,0.018910275865346195,0.039582579396665096,2.9235188717843315,32.94972305936027,15.704301075268818
93,router_only,-4547.515366017818,0.8066666722297668,0.4902226746082306,0.797918738424778,0.6721853017807007,0.015061865956522525,0.007002566987648687,0.12143759354948998,-0.0025302914378698914,0.0,0.0001,0.07361024469137192,0.2805767863988876,0.588730850815773,0.018621295457705855,0.03846082268282771,2.920799533616459,33.22385873662157,15.661290322580646
94,router_only,-4569.6173867583275,0.8100000023841858,0.4932217501103878,0.7961647838354111,0.6732563942670822,0.014759451244026422,0.005863622296601492,0.12530427556484938,-0.002764434489290579,0.0,0.0001,0.07515935469418764,0.2803337246179581,0.586347246170044,0.01831614994443953,0.03984352303668857,2.866407926229666,33.028381513616026,15.79032258064516
95,router_only,-4630.281448483467,0.8133333325386047,0.4892502881586552,0.7982653930783272,0.6753701120615005,0.014752906933426856,0.0030830293428152807,0.12374760769307613,-0.0027597207030339633,0.0,0.0001,0.07495353613048791,0.27940699011087416,0.5866007134318352,0.0179071843624115,0.04113156646490097,2.8094182599712916,33.38200802446326,15.913978494623656
96,router_only,-4497.292063713074,0.8166666626930237,0.49280514642596246,0.7959484696388245,0.6773989096283912,0.014268348785117268,0.01864045090042056,0.12297918703407049,-0.0029687539383303372,0.0,0.0001,0.07574465405195951,0.28633852303028107,0.5777043327689171,0.01748335170559585,0.04272915320470929,2.80638158272122,32.75165379265857,15.397849462365592
97,router_only,-4676.395967662334,0.8199999928474426,0.4995143890380859,0.7927956774830818,0.6765051305294036,0.01387353939935565,0.012878940207883684,0.1218321880325675,-0.003205603528112988,0.0,0.0001,0.07684388905763626,0.2900625929236412,0.5714423909783364,0.017305818479508163,0.04434531349688768,3.134269576940807,32.697977448310304,16.118279569892476
98,router_only,-4582.801389992237,0.8233333230018616,0.5065652377903461,0.7903504729270935,0.6771959975361824,0.01351672261953354,0.0143484385684133,0.12446357645094394,-0.003728551857648199,0.0,0.0001,0.07589617762714625,0.29148185849189756,0.5655289635062217,0.016992739774286746,0.05010026888921857,2.8382510730310018,32.854110867933926,15.758064516129034
99,router_only,-4578.210106551647,0.8266666531562805,0.5044559083878994,0.7922371342778206,0.6756388023495674,0.01373868966475129,0.007652063248679022,0.12411220390349627,-0.0028021033882396295,0.0,0.0001,0.07276729084551334,0.29262991845607755,0.5653667286038399,0.016457824828103186,0.05277823554351926,2.955342652148002,32.89487065716926,15.865591397849462
100,router_only,-4564.285669088364,0.8299999833106995,0.5093609847128391,0.7903937682509422,0.6752832099795342,0.013657993264496326,0.005689224135130615,0.12218490317463875,-0.0035511964189936405,0.0,0.0001,0.07233575023710728,0.29095671474933626,0.5649388924241066,0.016145796189084648,0.05562285054475069,2.9046010089410106,32.70680534249896,15.645161290322582
101,router_only,-4469.6487057209015,0.8333333134651184,0.5129782266914844,0.7877575471997261,0.6779199123382569,0.012988966191187501,0.015282618487253721,0.13159276489168406,-0.0037901890289504083,0.0,0.0001,0.07678200472146272,0.29375062584877015,0.5574799478054047,0.015963429026305674,0.05602399166673422,2.9539779162705266,33.15059678852301,15.397849462365592
102,router_only,-4547.188741028309,0.8366666436195374,0.5114491820335388,0.7882408618927002,0.6779998034238816,0.012928897608071565,0.00298072230070834,0.12827061899006367,-0.003298707214707974,0.0,0.0001,0.07671650741249322,0.2938408337533474,0.5564541190862655,0.015564391948282718,0.057424142956733704,3.0068799659965744,33.33818632121684,15.72043010752688
103,router_only,-4442.49388551712,0.8399999737739563,0.511727898567915,0.7887488588690758,0.6780932083725929,0.012697742413729429,0.007768368837423548,0.13653559219092132,-0.00360813243460143,0.0,0.0001,0.07750294897705316,0.29234226420521736,0.5546475529670716,0.014985347422771156,0.06052189003676176,3.0565330567232323,32.74463537151748,15.225806451612902
104,router_only,-4356.592777729034,0.8433333039283752,0.5179389148950577,0.785310198366642,0.6740556642413139,0.012480609794147312,0.03187838606536398,0.15099234897643327,-0.004408491717185825,0.0,0.0001,0.07686687260866165,0.30746004804968835,0.5397268056869506,0.014602980273775757,0.0613433014601469,3.1390781481951127,32.87182363787714,14.86021505376344
105,router_only,-4561.105935156345,0.846666693687439,0.519439946115017,0.7842371165752411,0.6745203003287316,0.012280192249454558,0.015384260192513412,0.1302331041544676,-0.0031945963637554087,0.0,0.0001,0.07759251222014427,0.31308566853404046,0.5325124636292458,0.014125184318982065,0.06268416354432702,3.345328303165639,33.054859611918694,15.698924731182796
106,router_only,-4475.823194682598,0.8500000238418579,0.5148486346006393,0.7879326120018959,0.6764805629849434,0.012316469149664045,0.014510211697779633,0.12816234901547433,-0.0035931109172452126,0.0,0.0001,0.07543289978057147,0.30842174142599105,0.5347485408186913,0.013693623337894678,0.06770319752395153,3.4749928958609586,33.45667517198669,15.370967741935484
107,router_only,-4483.877555787563,0.8533333539962769,0.507010693103075,0.7927490383386612,0.6788336858153343,0.012324125389568508,0.006312333373352838,0.134358667768538,-0.003479931301990291,0.0,0.0001,0.07531758900731803,0.3058729611337185,0.5366396516561508,0.013201548112556338,0.0689682537689805,3.251583091640671,32.738037415246005,15.22043010752688
108,router_only,-4364.565788626671,0.8566666841506958,0.5080444753170014,0.7923365131020546,0.6804866909980773,0.011868344759568572,0.01645072393584999,0.145380431227386,-0.003987689467612654,0.0,0.0001,0.07721910532563925,0.3081217288970947,0.5287061378359794,0.012909700185991824,0.07304333187639714,3.3278727083066033,33.11353297620037,15.043010752688172
109,router_only,-4341.543406367302,0.8600000143051147,0.5138580188155174,0.7887001499533653,0.6802889108657837,0.01136336571071297,0.010399843635968848,0.14178445786237717,-0.0034601601626491176,0.0,0.0001,0.08127222992479802,0.30829516872763635,0.5236870795488358,0.012728833360597491,0.07401668597012759,3.4807750098843946,33.13848786324073,14.801075268817204
110,router_only,-4495.207619309425,0.8633333444595337,0.5064976945519447,0.7916972935199738,0.679178848862648,0.011561161000281572,0.013569262530654718,0.1464961415156722,-0.0034150245963246563,0.0,0.0001,0.0815233001485467,0.3050122268497944,0.5302206456661225,0.012308461265638471,0.07093537375330924,3.6439869847013,32.886849264228324,15.483870967741936
111,router_only,-4465.657179236412,0.8666666746139526,0.5076699182391167,0.7922420859336853,0.6793095514178276,0.01124172769486904,0.01592261367477477,0.1450470330193639,-0.0038358780224371004,0.0,0.0001,0.08520956374704838,0.3092872716486454,0.5244565770030022,0.01192833911627531,0.0691182592883706,3.3444678470052405,32.79248256099069,15.129032258064514
112,router_only,-4206.965133547783,0.8700000047683716,0.5076819762587548,0.7932285636663436,0.6802772924304008,0.01106638063210994,0.006982665811665368,0.13762666415423155,-0.003378878561852616,0.0,0.0001,0.08750785999000073,0.3104803055524826,0.5224663048982621,0.011573405074886977,0.06797212976962327,3.9162926868572647,33.283157114304636,14.290322580645162
113,router_only,-4475.055671572685,0.8733333349227905,0.5053053863346577,0.7945131033658981,0.680185180902481,0.010954385646618903,0.014944808627478866,0.13514563534408808,-0.003267971257446334,0.0,0.0001,0.08799551464617253,0.3161441393196583,0.5152699917554855,0.011297311075031758,0.06929304283112288,3.607628109628126,32.836691432600965,15.39247311827957
114,router_only,-4386.010259628296,0.8766666650772095,0.5056512594223023,0.7953083500266075,0.6831794783473015,0.010600463836453855,0.014693048270419132,0.14354989919811487,-0.0034973847676155858,0.0,0.0001,0.08946695402264596,0.3172834351658821,0.508238197863102,0.010982585279271007,0.07402883619070053,3.4462642513278046,33.09685069751534,15.03225806451613
115,router_only,-4372.219735503197,0.8799999952316284,0.5001596301794052,0.7980490252375603,0.6826863259077072,0.010654854075983166,0.005876615247689157,0.14038254432380198,-0.0034814905877283307,0.0,0.0001,0.08858575057238341,0.3154808759689331,0.510082945227623,0.010728037334047258,0.07512239348143339,3.785737168798906,33.105642882579616,15.0
116,router_only,-4441.657700538635,0.8833333253860474,0.4972584880888462,0.799512991309166,0.6810205996036529,0.010865074140019715,0.016096761450171467,0.1446229699999094,-0.003369605754051008,0.0,0.0001,0.08647526744753123,0.30979946330189706,0.5174442172050476,0.010471551842056216,0.07580950167030095,3.5563962739424007,33.31352901600147,15.370967741935484
117,router_only,-4320.658396244049,0.8866666555404663,0.4896528497338295,0.8032056495547295,0.6783513888716698,0.011446038703434169,0.013293475261889398,0.14261875133961438,-0.003505662847055646,0.0,0.0001,0.08015260491520167,0.31262244284152985,0.5185527220368386,0.01014747079461813,0.078524748980999,3.3685566150197244,32.77193940413635,14.806451612903226
118,router_only,-4371.870460510254,0.8899999856948853,0.48335774019360545,0.8059770748019218,0.680559828877449,0.011312401411123574,0.016131837922148333,0.1444415295496583,-0.004204603796824813,0.0,0.0001,0.08056562729179859,0.30486317053437234,0.5230424463748932,0.009840829786844552,0.08168792687356471,3.757118332523153,33.03650708234988,14.989247311827958
119,router_only,-4245.787513375282,0.8933333158493042,0.48601485788822174,0.8058310747146606,0.6822338834404945,0.010885361325927078,0.024817796167917544,0.14647332187741996,-0.003923431755902129,0.0,0.0001,0.08232667092233896,0.3105034478008747,0.5108497038483619,0.009624676220119,0.08669550605118274,3.8138543869303536,33.460786880616226,14.559139784946238
120,router_only,-4193.896271646023,0.8966666460037231,0.4842003107070923,0.8067055359482765,0.6829946160316467,0.010958274942822754,0.012115050689317298,0.14854428227990865,-0.004082286967604887,0.0,0.0001,0.07982915602624416,0.30710792541503906,0.5117876142263412,0.009460188052617013,0.09181512091308833,3.779563971273925,32.834284940031175,14.220430107526882
121,router_only,-4193.684001147747,0.8999999761581421,0.4797664754092693,0.8103523045778275,0.6822434827685356,0.010952221765182912,0.011021529138088251,0.14448033645749092,-0.0034327192523051055,0.0,0.0001,0.07859919257462025,0.30303515270352366,0.5130871936678887,0.009252152009867131,0.09602629840373993,3.5231639035509197,33.38850519898141,14.306451612903226
122,router_only,-4133.393159151077,0.903333306312561,0.4841585785150528,0.8084246411919593,0.6832100003957748,0.010358940833248198,0.016958501841872947,0.14285887088626623,-0.0033443900028942153,0.0,0.0001,0.08312919195741415,0.29866474121809006,0.5092728316783905,0.008957678521983325,0.09997555390000343,3.5489459025704195,33.47082154894954,14.059139784946236
123,router_only,-4297.368013739586,0.9066666960716248,0.48080016672611237,0.8106573551893235,0.6843959107995033,0.010078671900555492,0.008135211654007483,0.14517097752541303,-0.003554522725607967,0.0,0.0001,0.08559096548706294,0.29637236297130587,0.5078763090074062,0.00857897351961583,0.10158138610422611,3.6017727447128145,33.051341208900396,14.86021505376344
124,router_only,-4211.668303310871,0.9100000262260437,0.47740233689546585,0.8127740487456322,0.685265165567398,0.009892574395053089,0.016907574213109823,0.14812709242105485,-0.0036141548717068873,0.0,0.0001,0.08707571551203727,0.3019692666828632,0.49972293302416804,0.008278562594205141,0.10295351967215538,3.772283939783078,32.74615395009588,14.440860215053764
125,router_only,-4214.201543092728,0.9133333563804626,0.4690576374530792,0.8160202965140343,0.6869988352060318,0.01023277307394892,0.01405461281538013,0.1549143198877573,-0.00389774389568629,0.0,0.0001,0.08322843238711357,0.29905681908130644,0.5042213454842568,0.0080109897069633,0.10548241641372443,3.782370106869934,33.35027755512749,14.4247311827957
126,router_only,-4079.6837151050568,0.9166666865348816,0.4617723196744919,0.8198456540703773,0.6866199806332588,0.01027750433422625,0.010218898137100016,0.14408364314585925,-0.0034275184123544024,0.0,0.0001,0.08154529929161072,0.2969486087560654,0.5032476350665093,0.0076665976783260705,0.11059186868369579,3.8292986577205936,33.06080274467445,14.080645161290322
127,router_only,-4292.295212864876,0.9200000166893005,0.4588883310556412,0.8211689889431,0.6869690880179405,0.010283636627718806,0.00427361953770736,0.1525842271745205,-0.0035676382189194556,0.0,0.0001,0.08200963437557221,0.2960960976779461,0.5049201071262359,0.007343492785003037,0.10963067226111889,3.648343411527486,33.00266682460087,14.838709677419354
128,router_only,-4145.315395176411,0.9233333468437195,0.4565253347158432,0.8227532640099525,0.6869302421808243,0.009952078759670257,0.014558070222847126,0.15860505644232034,-0.004020662748280302,0.0,0.0001,0.0841664880514145,0.29358465820550916,0.500470170378685,0.007025830133352428,0.1147528499364853,3.5283600998187676,33.17534590350188,14.370967741935484
129,router_only,-4076.5324708223343,0.9266666769981384,0.4564678356051445,0.8214890927076339,0.6849331334233284,0.010389943490736187,0.012116025853902035,0.15876262206584216,-0.0034107255662092937,0.0,0.0001,0.07998304422944784,0.2919627070426941,0.505738589912653,0.0067732130759395656,0.11554244421422481,3.871610165860507,33.432995270899745,13.903225806451614
130,router_only,-4123.8815205693245,0.9300000071525574,0.4517871215939522,0.8240523278713227,0.6846367850899696,0.010554125648923218,0.011560443416237888,0.16839280333369971,-0.004111488344642566,0.0,0.0001,0.07932724338024855,0.2888589821755886,0.5115188114345074,0.006463896261993796,0.11383106485009194,3.551458746882046,33.06794333938311,14.193548387096774
131,router_only,-4168.698464155197,0.9333333373069763,0.4529605098068714,0.8240944102406502,0.6837809771299362,0.010561978956684471,0.0075110982870683135,0.15787456296384333,-0.003293275265605189,0.0,0.0001,0.07853358779102564,0.2872870363295078,0.5104067787528038,0.006185981247108429,0.11758661400526763,3.535569375281749,33.38158698207208,14.387096774193548
132,router_only,-4096.3750032782555,0.9366666674613953,0.44841150268912316,0.825905729830265,0.6846618443727494,0.01050950181670487,0.011863734887447224,0.16084700617939235,-0.003434594420468784,0.0,0.0001,0.0786389073356986,0.28168819323182104,0.5117203176021576,0.005852959724143148,0.12209962587803602,3.7188073515047786,32.803104298542195,14.053763440860214
133,router_only,-4010.3522342443466,0.9399999976158142,0.4455813281238079,0.828422124683857,0.6842863202095032,0.010293773282319308,0.00793668902479117,0.1607739394530654,-0.003615179426560644,0.0,0.0001,0.08033946026116609,0.28222836181521416,0.5080570705235005,0.005547861661761999,0.12382724825292826,3.445012733075607,33.15192856040123,13.811827956989248
134,router_only,-4104.261020243168,0.9433333277702332,0.4411387652158737,0.8302438870072365,0.6823355913162231,0.010484581347554922,0.008723773388192062,0.1571985160931945,-0.0038029143543099053,0.0,0.0001,0.07849867660552264,0.28659024760127066,0.5062481872737408,0.005208200914785266,0.12345468830317259,3.847415620417201,33.67662436475335,14.0752688172043
135,router_only,-4086.938872754574,0.9466666579246521,0.4423254862427711,0.8307370766997337,0.680840602517128,0.010107220476493239,0.015815365884918702,0.15487303230911492,-0.004040863682166673,0.0,0.0001,0.08117385357618331,0.28625408187508583,0.498949433863163,0.004935437010135502,0.12868719417601823,3.8386188678067943,32.909564180101285,14.123655913978494
136,router_only,-4060.921763420105,0.949999988079071,0.43348821327090264,0.8351145058870315,0.6806409269571304,0.010195633233524858,0.0064631781075149665,0.16002610828727484,-0.003285896495799534,0.0,0.0001,0.07995599079877139,0.285515171289444,0.4980029784142971,0.00460707739694044,0.13191878385841846,3.920638519622937,33.08061085699844,13.989247311827956
137,router_only,-4123.57925927639,0.95333331823349,0.4258069030940533,0.8389326840639114,0.6845238253474235,0.00973704296629876,0.012057332717813559,0.15477186236530543,-0.0036571299513525448,0.0,0.0001,0.08457405604422093,0.2833550229668617,0.4944434426724911,0.0042980963946320115,0.13332938626408578,3.805819335043361,33.10193873847177,14.231182795698924
138,router_only,-4017.756917834282,0.9566666483879089,0.42373923435807226,0.8395479753613472,0.6833002284169197,0.00966390937101096,0.005216629139613371,0.1583601325750351,-0.00406784736114787,0.0,0.0001,0.0852612491697073,0.2821407951414585,0.4933499976992607,0.003997456072829664,0.13525050915777684,3.9449213489197255,33.21596621616392,13.758064516129032
139,router_only,-4026.1999864578247,0.9599999785423279,0.42030580937862394,0.8404696956276894,0.6813012018799782,0.00988384687807411,0.00728712223935874,0.15477171670645476,-0.003333835318335332,0.0,0.0001,0.08315280843526125,0.2808902084827423,0.49610813036561013,0.003712922381237149,0.13613593764603138,3.9062519046877693,33.86326301904804,13.741935483870968
140,router_only,-4013.9205047488213,0.9633333086967468,0.41634746119379995,0.8433955937623978,0.6807777106761932,0.009861313877627254,0.012451821856666429,0.16120609138160943,-0.004093220210779691,0.0,0.0001,0.08286841381341219,0.2790146641433239,0.4923469632863998,0.003408111014869064,0.1423618420958519,3.866386232806826,33.13892136960905,13.811827956989248
141,router_only,-4004.5046991705894,0.9666666388511658,0.40673725232481955,0.8465147763490677,0.6790004685521126,0.010128518752753734,0.007755184749839796,0.15810518953949212,-0.003366553591695265,0.0,0.0001,0.08051326554268598,0.278331832587719,0.49622455835342405,0.003101035876898095,0.1418293073773384,4.077638654418825,33.383715806626064,13.768817204301076
142,router_only,-4003.1864746809006,0.9700000286102295,0.39875830709934235,0.8510508179664612,0.6841997399926185,0.009818787453696132,0.012486335303401591,0.1614119356498122,-0.0040646159832249396,0.0,0.0001,0.08343283832073212,0.2769266001880169,0.4916561461985111,0.0028315164847299455,0.14515290595591068,4.088966640251131,33.753170907221545,13.67741935483871
143,router_only,-3955.435648858547,0.9733333587646484,0.3939428724348545,0.8532873779535294,0.6844587713479996,0.009741072519682347,0.003498288942500932,0.15415976010262966,-0.003216136811533943,0.0,0.0001,0.08447273075580597,0.2754605308175087,0.49194581285119054,0.0025484294863417746,0.14557247944176196,4.235614321866251,33.793511278939135,13.543010752688172
144,router_only,-3838.651742339134,0.9766666889190674,0.39489595368504526,0.8522405549883842,0.6826578199863433,0.010040951450355351,0.008001154032535925,0.1560590509325266,-0.003623796320425754,0.0,0.0001,0.08129412699490786,0.27488783225417135,0.4919989347457886,0.0022991644218564034,0.149519944190979,3.769099925119513,33.07524369631108,13.123655913978494
145,router_only,-3817.3738176226616,0.9800000190734863,0.39195112735033033,0.8535218507051467,0.678783756494522,0.010233401227742434,0.01126898468937729,0.16189888641238212,-0.0036594571633031593,0.0,0.0001,0.07925205398350954,0.27756766602396965,0.48871504589915277,0.0019906282657757403,0.15247459709644318,4.197391922112268,33.32689047413353,12.946236559139784
146,router_only,-3946.847902595997,0.9833333492279053,0.388386919349432,0.8539272949099541,0.6783679082989693,0.010150841996073722,0.014588236450799711,0.16104587148875,-0.0037456220175954512,0.0,0.0001,0.08063995540142059,0.2830722287297249,0.4891167014837265,0.0016959803266217931,0.1454751282930374,3.976431881139168,33.322920716073895,13.553763440860214
147,router_only,-4002.71429502964,0.9866666793823242,0.3864835076034069,0.854423063993454,0.6764647707343101,0.01023973715491593,0.00828578247455886,0.1668511064723134,-0.003949202439980581,0.0,0.0001,0.07991115525364875,0.27994868010282514,0.4924876555800438,0.0014054374973056839,0.14624706506729127,4.181141200768581,34.11738729963626,13.709677419354838
148,router_only,-3969.6205208301544,0.9900000095367432,0.37947454676032066,0.8570661216974258,0.6798797503113747,0.010004651150666177,0.008610739425057624,0.16406309958547355,-0.003407719852111768,0.0,0.0001,0.08274566885083914,0.28141954243183137,0.491558562964201,0.0011344818078214303,0.14314174987375736,3.988269940018818,33.72767496045503,13.666666666666666
149,router_only,-3941.1269995570183,0.9933333396911621,0.3831889368593693,0.854182393848896,0.6769724041223526,0.009980342769995331,0.01821979218220807,0.15926767308264972,-0.00419843074482742,0.0,0.0001,0.08243859391659498,0.2810836985707283,0.4833435758948326,0.0008824904216453433,0.15225164480507375,3.883451473211904,33.81443086583546,13.602150537634408
150,router_only,-3817.1219217181206,0.996666669845581,0.38058860749006274,0.8536142513155938,0.6744855135679245,0.010292530595324933,0.017138980350864568,0.16686231084167957,-0.004431632527848705,0.0,0.0001,0.07973899524658919,0.2876369647681713,0.48535979837179183,0.0006179973963298835,0.14664624482393265,4.081924558595876,33.017697007148435,13.03763440860215
151,router_only,-3824.2708263993263,1.0,0.3736086279153824,0.8564747080206871,0.6774955034255982,0.009955772547982633,0.01114844875701233,0.15958867743611335,-0.003990236107256351,0.0,0.0001,0.08327257558703423,0.28484357297420504,0.482872549444437,0.00032441480871057136,0.14868688993155957,4.066944434265954,33.72862633676178,13.06989247311828
152,router_only,-3848.6815167069435,1.0,0.36880752071738243,0.8586486756801606,0.681869025528431,0.009491897653788328,0.015990371337829858,0.16779826898127795,-0.003637254963268788,0.0,0.0001,0.08831796627491713,0.28699253126978874,0.47489857152104376,0.0003032053464266937,0.14948772490024567,4.228791449406772,33.4123190143507,13.13978494623656
153,router_only,-3876.2551485300064,1.0,0.3706844553351402,0.8566643193364143,0.6828048810362816,0.009612766257487238,0.007493147369677991,0.16643034052103758,-0.003989881208690349,0.0,0.0001,0.08713628221303224,0.28871270790696146,0.4769021548330784,0.0003260154146119021,0.14692283160984515,3.998167891889211,33.1214695763026,13.301075268817202
154,router_only,-3836.9445677399635,1.0,0.37080084457993506,0.8569625198841095,0.6851411446928978,0.009390042792074383,0.014956716974847909,0.16714854538440704,-0.0044697612604068125,0.0,0.0001,0.08978132791817188,0.28644053414464,0.48171967938542365,0.00034180651564383877,0.14171664975583553,4.380347411733797,33.47130025280231,13.166666666666666
155,router_only,-3735.606341302395,1.0,0.37371082305908204,0.8555150002241134,0.6802564054727555,0.009831951488740743,0.02211801722733063,0.17273954898118973,-0.004373371025940287,0.0,0.0001,0.08485111370682716,0.2910833157598972,0.47560381293296816,0.0003288863139459863,0.14813288450241088,4.179640656054539,33.43183465393726,12.688172043010754
156,router_only,-3854.4814963936806,1.0,0.369097663462162,0.8574469313025475,0.6812665358185768,0.009904933790676296,0.0027451852460217393,0.16218954287469386,-0.0041766031150473285,0.0,0.0001,0.08408579342067242,0.2914242960512638,0.4750146418809891,0.00031078157699084843,0.14916449338197707,3.893547375960012,33.548159545879464,13.20967741935484
157,router_only,-3851.7965500354767,1.0,0.3658769719302654,0.8587774634361267,0.6799295172095299,0.010097617236897349,0.007513930527784382,0.182398621737957,-0.003663308247206487,0.0,0.0001,0.08200390115380288,0.29052999839186666,0.47877160385251044,0.0003106814874627162,0.14838381484150887,4.1331030529022605,33.58089467670094,13.118279569892474
158,router_only,-3832.798952996731,1.0,0.37254754900932313,0.8563860177993774,0.6736651867628097,0.010130212735384702,0.021468625061970652,0.16364634092897176,-0.0041504426375468025,0.0,0.0001,0.08219427242875099,0.29702081754803655,0.46806078404188156,0.0002871862372558098,0.15243693441152573,4.090622509730476,33.49530289625483,13.14516129032258
159,router_only,-3939.8079550266266,1.0,0.37007722854614256,0.856588850915432,0.6709754884243011,0.010322704422287643,0.004211804397346017,0.16628558970987797,-0.004045623954152688,0.0,0.0001,0.08009162712842226,0.2972246162593365,0.46840475797653197,0.00028393374595907516,0.15399506837129592,4.145449374172618,33.634356095212354,13.526881720430106
160,router_only,-3793.0964024066925,1.0,0.36882860139012336,0.8575444921851159,0.6712393686175346,0.010209745517931879,0.01066164927578939,0.17209329791367053,-0.00415480184228727,0.0,0.0001,0.08125279787927867,0.2951014183461666,0.46519712880253794,0.0002855482311133528,0.1581631053239107,4.059751302027409,33.14710380425953,12.940860215053762
161,router_only,-3861.911134958267,1.0,0.3643933117389679,0.859325535595417,0.6695191338658333,0.010303277941420674,0.005622478265649966,0.1617955405265093,-0.00350344528639539,0.0,0.0001,0.08000065572559834,0.2938383616507053,0.4680083692073822,0.0002705942933971528,0.1578820202499628,4.084826178816631,33.42627189639805,13.274193548387098
162,router_only,-3752.113597214222,1.0,0.3694023981690407,0.8570302307605744,0.6660802602767945,0.010272208810783922,0.013058421370442391,0.16564717665314674,-0.0041599530537496324,0.0,0.0001,0.08094360549002885,0.2961084894835949,0.4614826150238514,0.00026714003579400016,0.16119815558195114,3.9674707226302495,33.608432946720406,12.865591397849464
163,router_only,-3917.995237469673,1.0,0.37193039432168007,0.8555787831544877,0.6624861806631088,0.010636358032934367,0.010656242272307275,0.17093104477971793,-0.004490576973876159,0.0,0.0001,0.07704290691763163,0.2946810618042946,0.46205366775393486,0.00031110536656342447,0.165911253541708,4.261057321380518,34.09810847130321,13.451612903225808
164,router_only,-3826.4242664575577,1.0,0.371903683245182,0.8555312559008599,0.6646869570016861,0.010619530058465897,0.0053836169274290606,0.17032052855938673,-0.0036374229748616926,0.0,0.0001,0.07714294251054525,0.2956679232418537,0.46365134343504905,0.00031834049441386013,0.16321944445371628,4.09476662651613,33.208012539197654,13.053763440860214
165,router_only,-3699.5347034335136,1.0,0.3678941234946251,0.85730612128973,0.6632471218705177,0.01095859466586262,0.010880715275561694,0.19097538776695727,-0.004250552162557142,0.0,0.0001,0.07417766228318215,0.3001989647746086,0.4611762709915638,0.00031939220571075566,0.1641277138143778,4.029445656742965,33.8532264439958,12.53763440860215
166,router_only,-3804.384726881981,1.0,0.3692702651023865,0.8553789898753166,0.663216783106327,0.010754308174364268,0.005199260762310603,0.16565639097243548,-0.004327245488821063,0.0,0.0001,0.07627199497073889,0.3007042594254017,0.461152745783329,0.00031380842920043507,0.1615571893751621,3.955073530615491,33.91183560236258,12.924731182795698
167,router_only,-3753.6744589805603,1.0,0.3651709072291851,0.8582860887050628,0.6637591287493706,0.01070173834450543,0.011591376937576591,0.16153735145926476,-0.0036072169112685514,0.0,0.0001,0.07702781502157449,0.29848979264497755,0.45757152438163756,0.00032023512831074185,0.16659063138067723,4.134486120235056,33.93479384071855,12.70967741935484
168,router_only,-3796.706814944744,1.0,0.3653876528143883,0.8580193564295768,0.6592232003808022,0.010851998697035015,0.009957163216313365,0.17419830970466138,-0.0035470239010464864,0.0,0.0001,0.07501198444515467,0.2955270431935787,0.4608209364116192,0.0003651094106317032,0.16827492825686932,4.024192561436241,33.998040520507345,13.0
169,router_only,-3776.244050204754,1.0,0.36588591933250425,0.8587368279695511,0.6565572589635849,0.010999552975408732,0.00985965117142772,0.17625445332378148,-0.003948410267184954,0.0,0.0001,0.07420822605490685,0.3004484482109547,0.4571141690015793,0.0003735308324394282,0.16785562932491302,3.7696110628551596,33.584416677361155,12.8494623655914
170,router_only,-3705.2439507842064,1.0,0.36225898936390877,0.8590066269040108,0.6586208045482635,0.011073108902201057,0.009509887354943194,0.18057633712887763,-0.004341141117402003,0.0,0.0001,0.07325100228190422,0.3019774667918682,0.46033731624484064,0.0003763074724702165,0.1640579082071781,3.960253742460676,33.69818142107045,12.60752688172043
171,router_only,-3809.584941625595,1.0,0.3581341251730919,0.8610786736011505,0.6590036123991012,0.011010552337393165,0.006636388954211736,0.17030110768973827,-0.004171634941303637,0.0,0.0001,0.07418009005486965,0.30228940695524215,0.45701912567019465,0.0004063142951054033,0.1661050718277693,4.0357915691872135,33.73723015608186,13.0
172,router_only,-3723.371087193489,1.0,0.358653911203146,0.8602733001112938,0.6588414713740349,0.010841026692651213,0.009418379796261414,0.17282695956528188,-0.0044047321731341075,0.0,0.0001,0.07532582897692919,0.2992035858333111,0.4605825699865818,0.00038008480405551384,0.16450792588293553,4.130601025587923,33.55682086254126,12.698924731182796
173,router_only,-3615.4509674310684,1.0,0.35949255898594856,0.8602754697203636,0.6573686823248863,0.010918172588571907,0.009670288038614689,0.1876141618937254,-0.004264164482810884,0.0,0.0001,0.07535291612148284,0.30234861820936204,0.4557833105325699,0.00034420418887748383,0.16617095433175563,4.250110819339224,33.300852947552414,12.182795698924732
174,router_only,-3863.9698492884636,1.0,0.36049639284610746,0.8589412271976471,0.6588871300220489,0.011068174405954779,0.009044114875723607,0.1680055845528841,-0.003762599844003489,0.0,0.0001,0.0745084984228015,0.30620517656207086,0.4521105960011482,0.00033927804834092966,0.16683645248413087,3.9768597035802378,33.84409687301532,13.236559139784946
175,router_only,-3745.4727826714516,1.0,0.35815449357032775,0.8597881495952606,0.6598755031824112,0.010786719108000397,0.008136876916978517,0.16418750118464231,-0.004288014027406461,0.0,0.0001,0.07780072167515754,0.3069813922047615,0.4499418720602989,0.0003160876854963135,0.164959928765893,4.040252579517349,33.67690254910588,12.774193548387098
176,router_only,-3590.1335974931717,1.0,0.36309110969305036,0.856833602488041,0.6541734918951988,0.010868311137892306,0.009466394114861007,0.17238742392510176,-0.0038685114428517408,0.0,0.0001,0.07647091373801232,0.30357800126075746,0.45119221806526183,0.0003227876979508437,0.16843607798218727,3.9013477653739255,33.85912346285687,12.172043010752688
177,router_only,-3754.0055093169212,1.0,0.359976202249527,0.8585061296820641,0.6558888241648674,0.010842457925900818,0.003823148430819867,0.17050125673413277,-0.00404887476543081,0.0,0.0001,0.07671898975968361,0.30446547269821167,0.45196824595332147,0.00031788934211363085,0.16652940325438975,4.16759675741818,33.83663179928549,12.806451612903224
178,router_only,-3631.288145840168,1.0,0.3601995073258877,0.8581690698862076,0.659199669957161,0.010474220709875226,0.01482820079181699,0.1684959525242448,-0.003670774238071317,0.0,0.0001,0.0813823452219367,0.30356539264321325,0.44548347890377044,0.0002886395130190067,0.16928015165030957,4.115337582491127,33.69021644481899,12.241935483870968
179,router_only,-3782.431333720684,1.0,0.36110014393925666,0.8576097890734673,0.6572555869817733,0.010568261938169598,0.010702007747386272,0.17163308002054692,-0.0037956915810354987,0.0,0.0001,0.08173351101577282,0.3085652269423008,0.44035414382815363,0.0002865128200937761,0.16906060576438903,4.065103306335684,33.82459455684769,12.913978494623656
180,router_only,-3641.5327239632607,1.0,0.3615407384932041,0.8580680742859841,0.659980334341526,0.010570444096811116,0.007841905776513145,0.1665653344243765,-0.0042382665480545255,0.0,0.0001,0.0810056110844016,0.30538212284445765,0.4430114582180977,0.00027656516613205895,0.17032424546778202,4.04223510993344,33.822971916014566,12.327956989247312
181,router_only,-3709.422065138817,1.0,0.35593131482601165,0.8602819293737411,0.6596121206879616,0.010831933072768151,0.00683098481713387,0.1665713470429182,-0.0034441340414559816,0.0,0.0001,0.07847757283598185,0.3081576943397522,0.4436513788998127,0.0002473319775162963,0.16946602426469326,4.0935201310256994,33.67583090391353,12.60752688172043
182,router_only,-3705.8447691202164,1.0,0.3562077574431896,0.8599846631288528,0.6576815500855446,0.010940982378087938,0.014996547799819413,0.1698125947266817,-0.003529094745135808,0.0,0.0001,0.07734529860317707,0.3028938718140125,0.44254920780658724,0.0002548853652115213,0.1769567508250475,4.11035000400259,33.52504687746472,12.53225806451613
183,router_only,-3677.4238364696503,1.0,0.3590434782207012,0.8592248648405075,0.6575320497155189,0.010689235664904118,0.011827929926585084,0.17063107378780842,-0.004001550031080115,0.0,0.0001,0.08003553710877895,0.30611427798867225,0.44216363504529,0.0002582037173851859,0.17142835669219494,4.345372307850995,34.03509552061017,12.435483870967742
184,router_only,-3702.8475647568703,1.0,0.36786532327532767,0.8547522604465485,0.6543027505278587,0.010860595316626132,0.008500867196926285,0.17908663675189018,-0.003927723477318068,0.0,0.0001,0.07870922442525626,0.30529555529356,0.4400582335889339,0.00027789862833742517,0.175659092143178,4.139904352947866,33.755556652189526,12.612903225806452
185,router_only,-3774.9854155778885,1.0,0.36682006567716596,0.8557118698954582,0.6519094273447991,0.01090191958937794,0.010075846363542923,0.17969176471233367,-0.004427124646099401,0.0,0.0001,0.0795051047578454,0.3051731944084167,0.43516932502388955,0.00025124449966824615,0.17990113459527493,4.090878888666808,33.866982250377525,12.93010752688172
186,router_only,-3773.8843410015106,1.0,0.3605376802384853,0.858171845972538,0.6508877441287041,0.011066033761017025,0.006377652725495878,0.18386385235935448,-0.004016372552723624,0.0,0.0001,0.07716105747967958,0.3043594464659691,0.43819287568330767,0.0002202068055339623,0.18006640374660493,4.135950633741873,33.81964225955294,12.908602150537634
187,router_only,-3711.7968720197678,1.0,0.3588992491364479,0.8584094449877739,0.6516642898321152,0.011028868984431029,0.005302290687541264,0.1788228914141655,-0.0037757364043500274,0.0,0.0001,0.07819691505283118,0.30494899675250053,0.43555503338575363,0.0002069085676339455,0.18109214603900908,4.15820165547969,33.83543398571697,12.521505376344086
188,router_only,-3656.983806312084,1.0,0.3518980100750923,0.8621971398591995,0.652905298769474,0.011110982298851014,0.009662507118264326,0.1726393412798643,-0.00384393896383699,0.0,0.0001,0.0764443077147007,0.3018703505396843,0.4396324723958969,0.00020774323529622053,0.18184512592852115,4.210594045628393,33.89485481299515,12.403225806451614
189,router_only,-3643.1949715018272,1.0,0.35255839452147486,0.862222109735012,0.6524815544486046,0.010864720097742975,0.015233681653262462,0.17366343699395656,-0.0039415877025021475,0.0,0.0001,0.07873324509710074,0.2942535102367401,0.4403238378465176,0.00021733150351792573,0.18647207617759703,4.299064955929849,34.41018543733588,12.263440860215054
190,router_only,-3575.536409020424,1.0,0.35611918568611145,0.860192508995533,0.6434512808918953,0.011456844513304532,0.021992397233043436,0.17378859519958495,-0.0037595427900669167,0.0,0.0001,0.07514342833310365,0.2976590767502785,0.43294031694531443,0.00019447170743660535,0.19406270943582057,4.196875894335128,33.91467438066018,12.053763440860216
191,router_only,-3639.589954137802,1.0,0.35663628950715065,0.8596956387162209,0.6483023717999459,0.011084712762385606,0.01819582933312631,0.1854416009038687,-0.004058860344230197,0.0,0.0001,0.0774887289851904,0.3012086503207684,0.4361419573426247,0.0001958742581336992,0.18496479727327825,4.042351526833258,33.56154440945646,12.35483870967742
192,router_only,-3637.659298181534,1.0,0.3547788232564926,0.8604879438877105,0.6503367677330971,0.011129732034169138,0.009881798890637575,0.18016941510140896,-0.003900432171940338,0.0,0.0001,0.07671159598976374,0.2970458507537842,0.4381153143942356,0.00019489882324705832,0.1879323311150074,3.971281624970842,33.89803304530053,12.268817204301074
193,router_only,-3633.270456790924,1.0,0.3565250799059868,0.8600910365581512,0.6506066963076591,0.010805892245844006,0.011350897609008861,0.1810247901827097,-0.0039447988965548575,0.0,0.0001,0.08085026610642672,0.29527604803442953,0.43420967608690264,0.0002164439491025405,0.18944757245481014,4.062720906686425,33.76158778214469,12.258064516129032
194,router_only,-3773.1262553930283,1.0,0.36058445274829865,0.8581275656819344,0.6457016438245773,0.01087452620267868,0.013733936615972234,0.1790709115564823,-0.0036623809959564825,0.0,0.0001,0.08079709243029357,0.30213047564029694,0.431333988904953,0.00022898379102116452,0.18550946414470673,4.2162365483389275,34.44952239309595,12.876344086021504
195,router_only,-3738.5979827046394,1.0,0.35201117768883705,0.861951832473278,0.644454887509346,0.011325125466100872,0.01390513913793262,0.18575246594846248,-0.004180988459120271,0.0,0.0001,0.07514663413167,0.3008411772549152,0.43659870848059656,0.0002161683631129563,0.1871973115950823,4.222636937748829,33.73013665626002,12.693548387096772
196,router_only,-3612.3230504393578,1.0,0.3520720273256302,0.862372425198555,0.6458507880568505,0.011319265980273486,0.001975433772895549,0.17471198439598085,-0.004327309281234193,0.0,0.0001,0.07532189209014177,0.30164013877511026,0.43592985793948175,0.00022966440301388502,0.1868784438818693,4.079057285659,33.65845879281019,12.172043010752688
197,router_only,-3689.3737985491753,1.0,0.3566243782639503,0.860364542901516,0.6468526661396027,0.011170682474039495,0.01804892805375858,0.1734072346240282,-0.0037979072902089685,0.0,0.0001,0.07925702780485153,0.30305935367941855,0.4269053928554058,0.00024869721819413825,0.19052952341735363,4.0242195108092575,33.70282755886291,12.553763440860216
198,router_only,-3656.6647681593895,1.0,0.35519663244485855,0.8600890755653381,0.6509105637669563,0.011055700574070215,0.022643548022824676,0.1855541832745075,-0.004378331355837872,0.0,0.0001,0.07728591077029705,0.29957801178097726,0.4381936341524124,0.00028223279914527664,0.18466021120548248,3.9534298812279665,34.22150234047617,12.403225806451614
199,router_only,-3694.073035776615,1.0,0.35516773015260694,0.8603154227137566,0.6519713059067727,0.01100826058536768,0.015320356066149562,0.17890718281269075,-0.003562303795479238,0.0,0.0001,0.07754527628421784,0.29191783368587493,0.4402050293982029,0.0002893207849410828,0.19004254043102264,4.156379927987377,33.38289266273366,12.5
200,router_only,-3671.659327864647,1.0,0.3520118944346905,0.8617651283740997,0.6525605946779252,0.010720406798645854,0.019913945108783047,0.18196305595338344,-0.003680985563551076,0.0,0.0001,0.08076737597584724,0.2986527048051357,0.43680948913097384,0.0002778914600639837,0.18349253572523594,4.141570900738757,33.88159947623256,12.408602150537634
201,router_only,-3712.6416706442833,1.0,0.35111160203814507,0.8621701255440712,0.655886709690094,0.010728978016413749,0.014316762955422729,0.1742154311388731,-0.004115979795460589,0.0,0.0001,0.0812884470447898,0.3052900195121765,0.4345677733421326,0.0002481772691680817,0.17860558852553368,4.145443377666121,33.54304465604127,12.526881720430108
202,router_only,-3690.0257425308228,1.0,0.3503748670220375,0.8624224215745926,0.6587350055575371,0.010657483898103236,0.002653279379592338,0.1673413457348943,-0.003292105614673346,0.0,0.0001,0.0821391899138689,0.30576575323939326,0.4342217490077019,0.0002483389846020145,0.17762497179210185,4.18797394037881,33.96907728731971,12.53225806451613
203,router_only,-3599.750393986702,1.0,0.3507519528269768,0.8618129789829254,0.6541286796331406,0.011028060736134649,0.012594297539544658,0.18449368830770255,-0.004398273612605408,0.0,0.0001,0.07963513173162937,0.30942804738879204,0.43043474331498144,0.00024225482920883223,0.18025982715189456,4.316447235275095,34.004097680397884,12.161290322580646
204,router_only,-3676.8658257722855,1.0,0.3524750344455242,0.8604605257511139,0.6580648705363273,0.010746275424025953,0.012291286405525131,0.1747438281774521,-0.004086289601400494,0.0,0.0001,0.08333945497870446,0.31186112836003305,0.4271274708211422,0.00025049059331649914,0.17742145322263242,4.057841918866796,34.2804196698413,12.419354838709678
205,router_only,-3638.734729409218,1.0,0.35087350457906724,0.8618601858615875,0.6553666934370994,0.011036603874526919,0.01061412065573677,0.18354285173118115,-0.003557610505231423,0.0,0.0001,0.08149310108274221,0.3121360406279564,0.42366676926612856,0.00028018327393510847,0.1824239134788513,4.073481237585581,34.15363874687388,12.295698924731182
206,router_only,-3504.6321321725845,1.0,0.3491967558860779,0.8630195170640945,0.6568916022777558,0.010688969190232456,0.01998555582686099,0.18207926116883755,-0.004350947221973911,0.0,0.0001,0.08552323207259178,0.30444668754935267,0.4213806189596653,0.000262905594354379,0.18838655725121498,4.196523543962926,33.906056363710384,11.709677419354838
207,router_only,-3625.046231031418,1.0,0.35136267393827436,0.86195759922266,0.6603266894817352,0.01045835306867957,0.004451116943891995,0.18552958816289902,-0.004372668286669068,0.0,0.0001,0.08773143533617259,0.30265139415860176,0.4213979750871658,0.00023560012341476976,0.18798359856009483,4.145380645745377,33.929186249293394,12.220430107526882
208,router_only,-3652.86676967144,1.0,0.351364965736866,0.861469429731369,0.6617241084575654,0.010319252009503543,0.00504409922614279,0.18300001621246337,-0.003891652065794915,0.0,0.0001,0.08978214114904404,0.3021471582353115,0.41938849315047266,0.00022726804272679146,0.1884549420326948,4.160511983555485,33.94327925257802,12.333333333333334
209,router_only,-3572.628113627434,1.0,0.3512402050197124,0.861754086613655,0.6671485006809235,0.009734377078711987,0.01720605559821712,0.17989845648407937,-0.004495168062749144,0.0,0.0001,0.09618636388331651,0.2946182295680046,0.4183323115110397,0.00020935002794431057,0.1906537465751171,4.110110579220418,33.8978540413442,11.989247311827956
210,router_only,-3558.295560359955,1.0,0.34594101160764695,0.8643000960350037,0.6677063316106796,0.009981677681207658,0.011457063141278909,0.18833486475050448,-0.004434310577926226,0.0,0.0001,0.09191955160349607,0.29316976591944693,0.4239757306873798,0.0001960955614777049,0.19073886014521121,4.298079708649219,33.71679649595029,11.96774193548387
211,router_only,-3662.200771152973,1.0,0.3482960946857929,0.8625889047980309,0.6648846864700317,0.010115512018091976,0.008473423164832617,0.1719250651076436,-0.004082924142949196,0.0,0.0001,0.0915675587952137,0.29174329712986946,0.4215174801647663,0.00020140544547757598,0.1949702613055706,4.193629965100188,33.85612694209377,12.35483870967742
212,router_only,-3537.3135672807693,1.0,0.3436295032501221,0.8648786321282387,0.6663357481360436,0.010257285414263606,0.017840104676542966,0.18431323915719985,-0.003363963039828377,0.0,0.0001,0.087413290143013,0.2909407466650009,0.43043753057718276,0.0001790692234862945,0.1910293623805046,4.219863633284294,33.93371599596333,11.827956989247312
213,router_only,-3528.116171360016,1.0,0.34094776287674905,0.8669224724173545,0.6688931971788407,0.009968081675469875,0.015049778640604935,0.18179657831788062,-0.004435598772397497,0.0,0.0001,0.09125312995165587,0.2850976288318634,0.42878236100077627,0.00015246863131324062,0.19471441321074962,3.9530126701644095,33.674526457781525,11.844086021505376
214,router_only,-3513.561335980892,1.0,0.34267487153410914,0.86579549908638,0.6676019355654716,0.010033319587819278,0.006097323894937276,0.17564343325793744,-0.0037269318112521433,0.0,0.0001,0.09141374565660954,0.28412170261144637,0.42670962288975717,0.00015674217302148464,0.19759818352758884,4.159072982475319,34.063416708784025,11.725806451612904
215,router_only,-3639.6386001110077,1.0,0.33725063428282737,0.8683979168534279,0.6700109004974365,0.010186204500496388,0.012136833798831478,0.1740125361829996,-0.0035329802965861747,0.0,0.0001,0.08881528377532959,0.2806517489254475,0.4317558638751507,0.0001707891817204654,0.19860631376504898,4.026703367877242,33.76982509566668,12.311827956989248
216,router_only,-3565.2515311837196,1.0,0.33576532602310183,0.8686169624328614,0.6703820571303367,0.010207846551202238,0.005886738704066427,0.18016495518386363,-0.003839809196506394,0.0,0.0001,0.08932075556367636,0.27974057868123053,0.4297236673533916,0.00019218888228351717,0.20102281421422957,4.202369583717528,33.867758768116516,12.0
217,router_only,-3630.7211015820503,1.0,0.3364785246551037,0.868294857442379,0.6664780721068382,0.010298426379449666,0.009584638829255731,0.17011340856552123,-0.003836040023014675,0.0,0.0001,0.0873414147645235,0.2817878246307373,0.4324669986963272,0.00019393136717553715,0.19820983596146108,4.037065657191271,33.82901139112713,12.349462365591398
218,router_only,-3567.2310139536858,1.0,0.3327567808330059,0.8692391455173493,0.6685043618083,0.010199485882185399,0.007942394223573518,0.18122141174972056,-0.0037075826403452083,0.0,0.0001,0.08878866862505674,0.2778166256844997,0.43261291086673737,0.00019969686909462325,0.20058209970593452,4.125834927049198,33.91153647593539,12.0
219,router_only,-3744.1139767169952,1.0,0.3326884135603905,0.869817028939724,0.6669682949781418,0.010457936604507268,0.011506808317426528,0.19155975859612226,-0.004434172131004744,0.0,0.0001,0.08563981596380472,0.2835556469857693,0.43244237303733823,0.00021408072825579438,0.1981480870395899,3.922826913656364,34.126167805582405,12.704301075268818
220,router_only,-3644.9888914227486,1.0,0.3272680535912514,0.8720203176140785,0.669128654897213,0.010436780378222465,0.011033622951435887,0.1728345749899745,-0.004116581339008008,0.0,0.0001,0.0872224010527134,0.28677561804652213,0.42696907073259355,0.0001705687478533946,0.19886233955621718,4.078024544792322,33.84171032653281,12.344086021505376
221,router_only,-3508.0974392294884,1.0,0.327957134693861,0.8718633994460105,0.6695929780602455,0.010526510281488299,0.004133502339755099,0.16996279470622538,-0.004046647771610878,0.0,0.0001,0.0869058433920145,0.28626223355531694,0.4257322609424591,0.00017728464699757752,0.20092237405478955,4.203809780812698,33.97041038541285,11.741935483870968
222,router_only,-3627.2506769895554,1.0,0.329049438983202,0.8714397460222244,0.6735408052802085,0.010292993509210646,0.005874752065210517,0.17711301576346158,-0.004269221449794714,0.0,0.0001,0.08861973844468593,0.28582798689603806,0.4269307509064674,0.00020227743152645417,0.19841924645006656,4.280170989230235,33.95827996692503,12.290322580645162
223,router_only,-3627.2595567703247,1.0,0.328324718773365,0.8711630523204803,0.6699247255921363,0.010253986832685769,0.007752900474224614,0.17838890068233013,-0.0044974439399084075,0.0,0.0001,0.08799966685473919,0.28700313791632653,0.42962411120533944,0.0002102166738040978,0.19516286812722683,4.229330519605944,33.77394487375587,12.25268817204301
224,router_only,-3573.013325691223,1.0,0.32846047207713125,0.8708814591169357,0.6667375639081001,0.010691910679452122,0.012343700775818442,0.18160929530858994,-0.004388802137691527,0.0,0.0001,0.0848289703950286,0.28815418258309367,0.42662295773625375,0.00022907147249497938,0.20016481950879098,4.120604183064633,33.8193435104247,11.96236559139785
225,router_only,-3566.099096417427,1.0,0.3293633423745632,0.8705504074692726,0.6689055606722831,0.010563538828864693,0.004653401733594353,0.17981321327388286,-0.0036471265244472305,0.0,0.0001,0.08667615018784999,0.2874288909137249,0.42502154782414436,0.00023052979813655838,0.20064288154244422,4.209848757858454,34.14653337844189,12.03763440860215
226,router_only,-3564.929468512535,1.0,0.3236488662660122,0.8739411950111389,0.6656202748417854,0.01095050007570535,0.012484631450570261,0.18671402670443057,-0.0034084054175764324,0.0,0.0001,0.08148408215492964,0.2893038295209408,0.4293766230344772,0.00024283177372126375,0.19959263391792775,4.287063651593953,34.16380736650456,12.043010752688172
227,router_only,-3548.0060592889786,1.0,0.32090777680277827,0.8745785042643547,0.6695838451385498,0.01065871634054929,0.005694810171189601,0.1719211084768176,-0.004019002685345186,0.0,0.0001,0.08433093093335628,0.28826653957366943,0.4290867678821087,0.000243389506067615,0.19807237535715103,4.109650062929055,34.25434373634466,11.940860215053764
228,router_only,-3558.860650539398,1.0,0.32542730793356894,0.8724674075841904,0.669046500325203,0.01066722699906677,0.007482962438734797,0.17554012928158044,-0.003953855756844859,0.0,0.0001,0.08333778567612171,0.2898218475282192,0.43126463890075684,0.00025168585598294156,0.19532403349876404,4.201411487583203,34.011426733355435,11.96236559139785
229,router_only,-3480.610117673874,1.0,0.32325260043144227,0.8733115464448928,0.6667427882552147,0.010988245462067425,0.01174012271221728,0.1813182458281517,-0.00433720555720356,0.0,0.0001,0.08140324074774981,0.2884628430008888,0.4286940395832062,0.0002457773825881304,0.20119409896433355,4.310528265163425,33.86637024292837,11.698924731182796
230,router_only,-3506.6385813355446,1.0,0.32517046555876733,0.8715006187558174,0.6659314662218094,0.010991019243374468,0.022204643280201677,0.19198974426835774,-0.004954378363618161,0.0,0.0001,0.08498937916010618,0.2924639269709587,0.4176255576312542,0.00021193370048422366,0.2047091942280531,4.315210741604807,33.73643807590832,11.768817204301076
231,router_only,-3613.3861944675446,1.0,0.3188938044011593,0.87477146089077,0.6728910028934478,0.010528828925453126,0.013818920821722735,0.18362808488309385,-0.004313745707622729,0.0,0.0001,0.08825212121009826,0.2877600289881229,0.4212722793221474,0.00019031151132367085,0.20252525731921195,4.298299379161553,33.85298172393989,12.193548387096774
232,router_only,-3533.9068435430527,1.0,0.32409062013030054,0.8722392529249191,0.668022646009922,0.010692051402293146,0.007732224575011104,0.17527780756354333,-0.004549201821828319,0.0,0.0001,0.0881619406864047,0.2883876398205757,0.4175015494227409,0.00018511219932406675,0.20576376132667065,4.571327007405458,34.33562444518953,11.801075268817204
233,router_only,-3543.577880561352,1.0,0.32268940284848213,0.8725591361522674,0.6646461904048919,0.011098776408471168,0.020376264470905823,0.1838959041982889,-0.004478330673009623,0.0,0.0001,0.08674292899668216,0.28286375254392626,0.4142568625509739,0.00018456311081536115,0.21595189087092875,4.256814739393871,33.895807515882694,11.82258064516129
234,router_only,-3602.8174263238907,1.0,0.31739509627223017,0.8747437238693238,0.6660759881138801,0.011057398514822125,0.007639562723124993,0.18109883815050126,-0.004447371825153823,0.0,0.0001,0.08623449951410293,0.27957523316144944,0.4180766448378563,0.00017582990076334682,0.21593779250979422,4.309359676338385,34.61135496090802,12.123655913978494
235,router_only,-3573.9301891326904,1.0,0.31521968841552733,0.8758199989795685,0.6719716906547546,0.01061426631640643,0.009562788628136296,0.17440936267375945,-0.004304544001934118,0.0,0.0001,0.09101589117199183,0.27769664824008944,0.41667164489626884,0.00015628823475708487,0.21445952206850052,4.434142982785076,34.11434139167832,11.96236559139785
236,router_only,-3462.3257468938828,1.0,0.312686700373888,0.8765553459525108,0.6719544231891632,0.010635770903900266,0.017971554464020316,0.17997425124049188,-0.004190622168971458,0.0,0.0001,0.08808464929461479,0.2739456623792648,0.4256574273109436,0.00015438883001479554,0.21215787716209888,4.2546979354723735,34.32587137253228,11.483870967741936
237,router_only,-3642.483542919159,1.0,0.3047714151442051,0.8801107436418534,0.6722180604934692,0.011065494152717292,0.010286874471421468,0.17645017262548207,-0.003752113628797815,0.0,0.0001,0.0838139571249485,0.2730906538665295,0.42761524468660356,0.00013665034039149758,0.21534349508583545,4.226372088750781,34.205804523637084,12.327956989247312
238,router_only,-3597.357852756977,1.0,0.30960714668035505,0.8776716724038124,0.6735340848565101,0.010818133596330881,0.01646330767089236,0.18126610554754735,-0.004176527548514742,0.0,0.0001,0.08749485351145267,0.27764141112565993,0.4210197113454342,0.0001294612680794671,0.2137145634740591,4.17845529619509,33.87986847695677,12.129032258064516
239,router_only,-3512.2932448983192,1.0,0.31503807604312895,0.8757604360580444,0.673580887913704,0.010869992012158037,0.006113467278009937,0.1902376353740692,-0.004616680280014407,0.0,0.0001,0.08763341009616851,0.28055959194898605,0.4181766465306282,0.0001277417615710874,0.2135026179254055,4.276675425529449,34.457341009439084,11.629032258064516
240,router_only,-3558.179089844227,1.0,0.31375629752874373,0.8764055505394935,0.6718579873442649,0.01089018201455474,0.006322619029742807,0.17697028405964374,-0.00348280698299277,0.0,0.0001,0.08790144342929125,0.28345286622643473,0.4156482517719269,0.00012531781812867847,0.21287212520837784,4.358564147908598,33.837398723550805,11.951612903225808
241,router_only,-3491.6881386637688,1.0,0.31158651784062386,0.8774268999695778,0.673946364223957,0.010646301065571606,0.011784621948936544,0.19187302738428116,-0.0038813393693999387,0.0,0.0001,0.08807849567383527,0.28451814502477646,0.42029068022966387,0.000132867739739595,0.20697981268167495,4.4816602090964714,34.252841241080986,11.60215053763441
242,router_only,-3544.5443692803383,1.0,0.3122639529407024,0.877338470518589,0.6735671997070313,0.010675441613420844,0.0037493208041269543,0.17898759320378305,-0.0038826858957691003,0.0,0.0001,0.08806195016950369,0.2863889418542385,0.4189279444515705,0.00013673213143192698,0.20648443438112735,4.511760951569813,34.17897977454066,11.811827956989248
243,router_only,-3599.367068171501,1.0,0.31474714875221255,0.8760059386491775,0.6709190413355828,0.011036377539858222,0.010377876582606388,0.16866889391094447,-0.003916533613664797,0.0,0.0001,0.08587055280804634,0.28742293268442154,0.4159304052591324,0.00014014853095432045,0.21063596718013286,4.150114972801291,34.17248201464495,12.080645161290322
244,router_only,-3503.5740963220596,1.0,0.3201913721859455,0.8738426402211189,0.6687534615397454,0.011058248928748071,0.01090599184826716,0.17740178536623716,-0.003918870683992282,0.0,0.0001,0.087133708037436,0.2916127681732178,0.41099460795521736,0.00012974958826816874,0.2101291622966528,4.082616680393526,34.08399985113037,11.78494623655914
245,router_only,-3503.5166733264923,1.0,0.32082901522517204,0.8737782880663871,0.6684746652841568,0.011059191660024226,0.01199782477633567,0.17828829139471053,-0.0038651711423881353,0.0,0.0001,0.08879503551870585,0.288409686088562,0.40819878205657006,0.00013110807067278073,0.2144653931260109,4.241850805959348,33.76198791831679,11.774193548387096
246,router_only,-3542.8748903274536,1.0,0.32265062928199767,0.8729321047663688,0.6681103020906448,0.010847020079381764,0.005242632962290416,0.18312554769217967,-0.004124104643415194,0.0,0.0001,0.09128824844956399,0.28853778839111327,0.4067912168800831,0.0001281706052395748,0.2132545780390501,4.080025159221201,33.7978655105781,11.935483870967742
247,router_only,-3592.4595417380333,1.0,0.32110519632697104,0.8736869066953659,0.6674035951495171,0.010892911441624164,0.011521294586418684,0.18949403204023837,-0.0038193312706425787,0.0,0.0001,0.0901276372373104,0.28393775299191476,0.4103680677711964,0.00013092197805235627,0.2154356237500906,4.3377209637742,34.02294049554836,12.091397849462366
248,router_only,-3544.4822440743446,1.0,0.3214126482605934,0.8732299104332923,0.6633169606328011,0.010941598494537175,0.010638421406292805,0.18681729398667812,-0.004424405222380301,0.0,0.0001,0.09123869687318802,0.2881459049880505,0.4052515096962452,0.00011874958709086058,0.21524514444172382,4.090900470531319,33.84013381174077,11.940860215053764
249,router_only,-3358.128334760666,1.0,0.32175462543964384,0.8728904217481613,0.6646495506167411,0.010734632215462624,0.010615011764275576,0.1749424934387207,-0.0044481492186605465,0.0,0.0001,0.09101176485419274,0.28624461963772774,0.4105590172111988,0.00011761961941374466,0.212066987529397,4.175232687231109,33.90570672153808,11.14516129032258
250,router_only,-3542.652130484581,1.0,0.3267559729516506,0.8705563485622406,0.6619701460003853,0.01077080776449293,0.011258058979183272,0.18957154788076877,-0.004351899226458044,0.0,0.0001,0.09294423889368772,0.2875961363315582,0.40492998361587523,0.00011854999484057771,0.2144110918045044,4.179642090068706,34.39036979831432,11.833333333333334
251,router_only,-3546.97950977087,1.0,0.32403209134936334,0.8713391631841659,0.6619367346167564,0.010964557179249823,0.018488951873587203,0.18731247819960117,-0.004171493866306264,0.0,0.0001,0.09108344670385123,0.28021754771471025,0.40829587504267695,0.00011345704933773959,0.22028967849910258,4.201912719448266,33.93063313386258,11.85483870967742
252,router_only,-3594.835144162178,1.0,0.3234297186136246,0.8716813758015632,0.6571576982736588,0.011379427812062203,0.015500693515969088,0.18416509293019773,-0.003938785693117097,0.0,0.0001,0.08913061376661062,0.2858665525913239,0.40249836072325706,0.00013180869464122225,0.22237266823649407,4.07274888164439,33.77284464722201,12.086021505376344
253,router_only,-3475.871967434883,1.0,0.326596013456583,0.8704381927847862,0.661832532286644,0.011017549503594636,0.011216299113402847,0.19063872769474982,-0.004176324087165994,0.0,0.0001,0.09247847218066454,0.28026445060968397,0.40437004119157793,0.00012575894561450696,0.2227612767368555,4.396162690221158,34.19363997207361,11.655913978494624
254,router_only,-3524.2609387636185,1.0,0.3253203943371773,0.8708681702613831,0.6594122737646103,0.01108767706900835,0.009758234413311561,0.18755606859922408,-0.004089276135346154,0.0,0.0001,0.09091836400330067,0.2769570708274841,0.40801164880394936,0.00011413136653573019,0.22399878799915313,4.3954761366991395,33.809910120132855,11.790322580645162
255,router_only,-3496.403903722763,1.0,0.3249463751912117,0.8702687218785286,0.6556750342249871,0.011144998599775136,0.012234408336917088,0.19045443534851075,-0.00455981538980268,0.0,0.0001,0.09127008654177189,0.2708433009684086,0.40941874161362646,0.00011069597530877218,0.2283571757376194,4.342313029865331,34.023204146045146,11.698924731182796
256,router_only,-3539.4946842193604,1.0,0.32553757131099703,0.8704906657338143,0.6566900759935379,0.010907499608583749,0.014678200388698265,0.18610705211758613,-0.0046029760007513685,0.0,0.0001,0.09250780865550041,0.2769446805119514,0.4078485831618309,8.784759793343256e-05,0.22261108383536338,4.117815055872658,34.16702191553683,11.790322580645162
257,router_only,-3401.2749668955803,1.0,0.3238102778792381,0.8709860578179359,0.6565527439117431,0.011020456091500819,0.009732120277931291,0.19918163642287254,-0.004471747645584401,0.0,0.0001,0.0922070698812604,0.28181074261665345,0.40424517542123795,8.324390410052729e-05,0.2216537758708,4.304043872742152,34.058379510186704,11.311827956989246
258,router_only,-3582.63266146183,1.0,0.3279035411775112,0.8687464267015457,0.6542074710130692,0.011456228303723037,0.019330861324579014,0.19404431842267514,-0.004396576646104222,0.0,0.0001,0.09139245990663766,0.2892080798745155,0.39539440646767615,8.319109983858652e-05,0.22392186820507048,4.190266703978355,33.830730688883534,12.03763440860215
259,router_only,-3501.0391557216644,1.0,0.32496341317892075,0.8708836778998374,0.6545031845569611,0.011287659499794244,0.006768084953182566,0.18623466715216636,-0.004215455591838691,0.0,0.0001,0.0924424173310399,0.2858281031250954,0.3974386498332024,7.91250547990785e-05,0.22421170957386494,4.149045937611525,33.81298393630143,11.704301075268818
260,router_only,-3620.185844361782,1.0,0.3260111890733242,0.8701617762446403,0.6526545464992524,0.011103309923782945,0.0059005775198784,0.18361683525145053,-0.004721503932523774,0.0,0.0001,0.09442241955548525,0.2828778147697449,0.39782302752137183,8.604074782851967e-05,0.2247907031327486,4.226905199617537,34.091461612797524,12.301075268817204
261,router_only,-3480.943370819092,1.0,0.32437328323721887,0.8712683141231536,0.6502664968371391,0.01136996115092188,0.005003453590779835,0.18771212808787824,-0.004316200176253915,0.0,0.0001,0.09192069415003061,0.2835286021232605,0.39804857298731805,8.742635545786471e-05,0.22641471289098264,4.0338556265548675,33.92363450601067,11.526881720430108
262,router_only,-3447.3687736988068,1.0,0.32114911153912545,0.8725208386778831,0.6513931185007096,0.011283679632470012,0.007764483624487245,0.18527789860963823,-0.004225555329139752,0.0,0.0001,0.09352896250784397,0.28579976558685305,0.3953408822417259,9.023094899021089e-05,0.2252401564270258,4.349776214866371,33.923047166108184,11.516129032258064
263,router_only,-3474.785143196583,1.0,0.3242706894874573,0.8709668412804603,0.6498851105570793,0.011330329184420406,0.011512468531873255,0.18724163845181466,-0.004281687399361545,0.0,0.0001,0.09574301652610302,0.2884688965976238,0.3895846508443356,9.353990099043585e-05,0.22610989958047867,4.1130244484836025,34.163284162456485,11.575268817204302
264,router_only,-3553.9462767243385,1.0,0.3272386983036995,0.8697979882359504,0.6498008161783219,0.011840001470409334,0.015398074039148921,0.18905838951468468,-0.004631165531009174,0.0,0.0001,0.09110155552625657,0.28541131913661955,0.3912760816514492,9.545964076096425e-05,0.2321155846118927,4.379898314100906,34.09954560055491,11.973118279569892
265,router_only,-3474.998419880867,1.0,0.32959492355585096,0.8681012630462647,0.6534129604697227,0.011296528717502951,0.011845673775678679,0.1900212999433279,-0.004355097552979715,0.0,0.0001,0.09573038723319768,0.28184107020497323,0.39256792291998865,9.76225130216335e-05,0.22976299561560154,4.231121226804498,34.299110384632456,11.569892473118278
266,router_only,-3507.2102915644646,1.0,0.32789375334978105,0.8691895186901093,0.6522669941186905,0.0116742700105533,0.007347347553513786,0.2021219737827778,-0.0041692009865073485,0.0,0.0001,0.09205671325325966,0.28360788598656655,0.3926822990179062,9.83669784545782e-05,0.2315547328442335,4.169138094191436,33.75628718072696,11.758064516129032
267,router_only,-3414.5219051241875,1.0,0.32923991084098814,0.86762126237154,0.6501964554190636,0.0118985696695745,0.013764195947806025,0.18713563941419126,-0.004736355895147426,0.0,0.0001,0.0909177053719759,0.27786479964852334,0.39410545751452447,0.00010415725573693635,0.2370078857988119,4.039145634472346,34.07144177035259,11.381720430107526
268,router_only,-3602.6650091409683,1.0,0.3285783715546131,0.8685785561800003,0.6533563017845154,0.011539148329757155,0.01947182221047117,0.19074501171708108,-0.004119809616531711,0.0,0.0001,0.09311299901455641,0.2853915460407734,0.39209403321146963,0.00011802473909483524,0.22928339540958403,4.2798105015035945,33.76991104433874,12.010752688172042
269,router_only,-3501.969684779644,1.0,0.33305621817708014,0.866821376979351,0.6546304270625114,0.011484931595623494,0.014792979323101443,0.1983623530715704,-0.0051529504038626325,0.0,0.0001,0.09740565083920956,0.2846420630812645,0.3854470245540142,0.000118048954209371,0.23238720707595348,4.2714475108635,34.12342696358412,11.60752688172043
270,router_only,-3570.6028099656105,1.0,0.3310494415462017,0.8685364112257957,0.6517676204442978,0.011770844389684499,0.007828152688125593,0.18340313024818897,-0.004334374888276216,0.0,0.0001,0.09349157940596342,0.2850588373839855,0.3879204697906971,0.0001343325202469714,0.2333947852253914,4.413520895714102,34.35785082554945,11.935483870967742
271,router_only,-3471.476520895958,1.0,0.3336877316236496,0.8674849942326546,0.6552380457520485,0.011672504316084086,0.0022402058857550894,0.19468034841120244,-0.0046959342358604775,0.0,0.0001,0.09442339297384024,0.28428670912981036,0.3881047323346138,0.0001383602611895185,0.2330468114465475,4.379069656684896,34.15181037236136,11.5
272,router_only,-3493.464037835598,1.0,0.3387197144329548,0.8649887666106224,0.6548804372549057,0.011436415067873896,0.016674375832553743,0.2040458083152771,-0.0039051440136972813,0.0,0.0001,0.09487620871514083,0.2921710819005966,0.3878821790218353,0.00013468123852362625,0.22493585646152497,4.276938493863529,34.292496530321856,11.698924731182796
273,router_only,-3499.28325933218,1.0,0.33561301678419114,0.8666244506835937,0.6545917585492134,0.011533003207296133,0.015329268045752497,0.19712935462594033,-0.004440162766695721,0.0,0.0001,0.09681626725941897,0.28810020461678504,0.3842884197831154,0.00015114090474526164,0.23064396977424623,4.310567485700533,34.50383650623948,11.709677419354838
274,router_only,-3470.5323409438133,1.0,0.33097446262836455,0.8684554189443588,0.6576026365160942,0.011287198634818196,0.009712322014456784,0.19074404500424863,-0.0050323856953582435,0.0,0.0001,0.09785883147269488,0.2908991888165474,0.38530302941799166,0.00015045214040583234,0.22578849457204342,4.246004955564619,34.0189808464075,11.526881720430108
275,router_only,-3677.0111268758774,1.0,0.33220045939087867,0.867806288599968,0.6539086431264878,0.011485835630446672,0.008053896449746361,0.1873123522847891,-0.004278624473226955,0.0,0.0001,0.09583889525383711,0.2888921797275543,0.3864028103649616,0.0001721179298328934,0.22869399897754192,4.578358117100045,34.341894702600705,12.451612903225806
276,router_only,-3524.6966963410378,1.0,0.3275501742959023,0.8705730557441711,0.654490827023983,0.01152925903443247,0.01955881639478321,0.1983011994510889,-0.00449970462359488,0.0,0.0001,0.0929706109687686,0.2965140089392662,0.3885603234171867,0.0001721868393360637,0.2217828780412674,4.44610412344303,34.48014316730408,11.78494623655914
277,router_only,-3508.7506831884384,1.0,0.3279083639383316,0.8703274890780449,0.6569647938013077,0.011383192869834602,0.010342097459397372,0.18867388889193534,-0.004459233639954619,0.0,0.0001,0.0916727289557457,0.29615787863731385,0.39370924383401873,0.00019431505443208154,0.21826584152877332,4.137003795855962,34.118791986160005,11.666666666666666
278,router_only,-3374.5585498809814,1.0,0.32861406058073045,0.869502778351307,0.6513935968279838,0.011925975047051906,0.017924147148187287,0.19133129976689817,-0.004822346477158135,0.0,0.0001,0.0871250906959176,0.29174402356147766,0.39485413059592245,0.0001937314387760125,0.22608302496373653,4.321161390292424,34.4060282486906,11.134408602150538
279,router_only,-3514.085136294365,1.0,0.3284402206540108,0.8700631886720658,0.6513150915503502,0.011983339977450668,0.010220133086477266,0.19491126462817193,-0.005024178413077607,0.0,0.0001,0.08620078638195991,0.2968487344682217,0.3940484017133713,0.00019908667563868222,0.2227029912173748,4.372759250199356,34.279806367788105,11.741935483870968
280,router_only,-3540.4792174100876,1.0,0.33139581978321075,0.868914620578289,0.6492275193333625,0.012245935713872313,0.013547880300757232,0.18677250035107135,-0.004896475454734173,0.0,0.0001,0.0869085319340229,0.3005015656352043,0.38729696795344354,0.0001765798635460669,0.22511635422706605,4.274978446592555,34.26739523164265,11.833333333333334
281,router_only,-3503.9753165245056,1.0,0.33413883075118067,0.8673125401139259,0.6464079186320305,0.012452943180687726,0.007551884398344533,0.18053900264203548,-0.004412445182606461,0.0,0.0001,0.08663182519376278,0.29939846992492675,0.384909899532795,0.00016750903450883924,0.22889229692518712,4.37582101071196,34.02858333284046,11.731182795698924
282,router_only,-3483.815936744213,1.0,0.33592311963438987,0.866419580578804,0.6447549656033515,0.012507549347355961,0.003612582511777826,0.2035947021096945,-0.005203074406654196,0.0,0.0001,0.08556343968957662,0.30028394907712935,0.3858307100832462,0.00015982158547558356,0.22816207706928254,4.253107519917908,34.01235408783006,11.60752688172043
283,router_only,-3638.6709891557693,1.0,0.3365038581192493,0.8666672885417939,0.6461149424314498,0.012239491264335812,0.009958302892482604,0.18744973354041577,-0.004497758783691097,0.0,0.0001,0.08791082855314017,0.30291571244597437,0.3849142469465733,0.00015663319172745104,0.22410257793962957,4.3185900487648246,34.01498479471217,12.295698924731182
284,router_only,-3447.0089767575264,1.0,0.3332405753433704,0.8679666250944138,0.6424181252717972,0.012689063162542879,0.009895932288600296,0.18594774305820466,-0.004218427602882002,0.0,0.0001,0.08530204687267542,0.30372069254517553,0.38257506042718886,0.00016327835128322478,0.22823891676962377,4.322241685764275,34.190268113619595,11.456989247311828
285,router_only,-3483.943632721901,1.0,0.33541596457362177,0.867728927731514,0.6432230234146118,0.012397043686360121,0.01082025662672097,0.19324279241263867,-0.004798571889114101,0.0,0.0001,0.08669736478477716,0.306414370238781,0.3838961973786354,0.00015741987917863298,0.2228346511721611,4.139310939452301,34.2019303137819,11.672043010752688
286,router_only,-3473.544335126877,1.0,0.3354720801115036,0.8666722029447556,0.6432137906551361,0.012559701991267502,0.015599281709728468,0.20019167624413967,-0.005273518312606029,0.0,0.0001,0.08707709331065416,0.3001618064939976,0.38234912008047106,0.00016401699213020038,0.23024796620011329,4.16292183244772,34.25953757807478,11.564516129032258
287,router_only,-3522.7973101735115,1.0,0.3275942638516426,0.8708856746554374,0.6475034669041634,0.01266701677814126,0.008538016582315271,0.20016542002558707,-0.004326276332358247,0.0,0.0001,0.08393522128462791,0.2996555507183075,0.3865880727767944,0.00019407086329010782,0.2296270839869976,4.365192893428764,34.00624877835799,11.78494623655914
288,router_only,-3553.685121178627,1.0,0.32201529294252396,0.8731732338666915,0.6533315598964691,0.01218845252878964,0.012260635614438829,0.19811888597905636,-0.004283119448291473,0.0,0.0001,0.08607377931475639,0.2977124825119972,0.390536966919899,0.00023693782350164838,0.22543983571231366,4.242199919489368,34.08855754212939,11.983870967741936
289,router_only,-3509.5410767793655,1.0,0.32479761019349096,0.8720367684960365,0.6535288140177726,0.012102411314845084,0.015414395079278585,0.18799558877944947,-0.004373079703145777,0.0,0.0001,0.0903616812080145,0.2960309661924839,0.38452238589525223,0.0002258399152196944,0.22885913364589214,4.381408215262242,33.74529341948484,11.811827956989248
290,router_only,-3535.374685227871,1.0,0.32543486058712007,0.87137630879879,0.6572760909795761,0.011548397433944046,0.018882950276383786,0.1925349798053503,-0.003905342494181241,0.0,0.0001,0.09132666233927011,0.29810362458229067,0.39090433046221734,0.00024772606302576606,0.2194176536053419,4.363515049209362,34.2503231431254,11.838709677419356
291,router_only,-3524.823584854603,1.0,0.32381047755479814,0.8719451293349266,0.6572454616427421,0.011489953729324043,0.010757475676291529,0.19615215249359608,-0.004038152590328537,0.0,0.0001,0.09020137321203947,0.2938523665070534,0.3953589014708996,0.0002455356348946225,0.2203418206423521,4.332853084363892,34.177052412389365,11.82258064516129
292,router_only,-3573.062396109104,1.0,0.31994424238801,0.8745955392718315,0.6598589703440666,0.011059190239757299,0.01251789171546987,0.1923514325171709,-0.004746426452766172,0.0,0.0001,0.0915799355134368,0.2935461401939392,0.40019022598862647,0.00029459499164659065,0.21438910141587258,4.311585686338548,34.09256095165534,11.946236559139784
293,router_only,-3471.5895749926567,1.0,0.31501628160476686,0.8754158988595009,0.6608217641711235,0.010933378874324263,0.009958054008166073,0.19908409230411053,-0.004547548721166095,0.0,0.0001,0.09191250521689653,0.28859406635165213,0.4035341814160347,0.00026764151589304676,0.21569160297513007,4.410969898278614,34.24124358084516,11.580645161290322
294,router_only,-3398.7974995970726,1.0,0.3125377014279366,0.8773898288607598,0.662663933634758,0.010992916789837182,0.0070574710909568125,0.1981618210673332,-0.00484577849647394,0.0,0.0001,0.09122572280466557,0.29212280064821244,0.4025826543569565,0.00025307592695753554,0.21381574124097824,4.394981407541268,34.14093507612306,11.24731182795699
295,router_only,-3479.6523399949074,1.0,0.32249369397759436,0.8724335789680481,0.6625766679644585,0.010715350019745528,0.005897337387068593,0.19423898980021476,-0.0050226354636834,0.0,0.0001,0.09417439457029105,0.29183382391929624,0.40181525573134425,0.0002291983037139289,0.2119473285973072,4.5471890715326,34.04236915375884,11.580645161290322
296,router_only,-3551.0183004140854,1.0,0.3191585190594196,0.87449781447649,0.6598983153700828,0.010909265070222319,0.00865987394936383,0.18510460667312145,-0.003912058581772726,0.0,0.0001,0.09423017073422671,0.291045431047678,0.39830511137843133,0.00019780002039624379,0.2162214908748865,4.546479876556081,33.89489651186745,11.935483870967742
297,router_only,-3498.7965505719185,1.0,0.3188809186220169,0.874613207578659,0.6597033604979515,0.011131455935537816,0.00745370638178427,0.1895583875477314,-0.00498080840889088,0.0,0.0001,0.09199924394488335,0.2895495042204857,0.3994772031903267,0.0002107309555867687,0.21876332089304923,4.5062963223525205,33.75580236803017,11.693548387096774
298,router_only,-3478.52805519104,1.0,0.31844225749373434,0.8745731681585311,0.6573015213012695,0.011257050721906126,0.012019667076310733,0.18636589646339416,-0.004357897171576042,0.0,0.0001,0.09292872976511717,0.2864746518433094,0.396545035392046,0.00020791589304280933,0.22384366691112517,4.399479382223324,33.962765239068766,11.639784946236558
299,router_only,-3464.8157678842545,1.0,0.3189480431377888,0.8740283459424972,0.6545985370874405,0.011535071046091616,0.011107282601733414,0.1903558611869812,-0.0038925761115024215,0.0,0.0001,0.09029770661145449,0.2835520327091217,0.398202545940876,0.00021289761243679096,0.22773481495678424,4.221683845181429,33.6064944931247,11.489247311827958
300,router_only,-3467.047838807106,1.0,0.32217022255063055,0.8723823383450509,0.6534002691507339,0.011665619211271405,0.005833291025191959,0.19176758136600255,-0.004526219181570923,0.0,0.0001,0.08893192708492278,0.2864686794579029,0.39755272269248965,0.000190392812146456,0.22685627825558186,4.216353625587669,33.64663524507228,11.526881720430108
301,router_only,-3514.0490092635155,1.0,0.32289421036839483,0.872251170873642,0.6569170355796814,0.011136032128706574,0.016746888883790258,0.19837056584656237,-0.0045088224031133,0.0,0.0001,0.09360106904059648,0.29016964361071584,0.3958925634622574,0.00019373478535271714,0.22014299668371679,4.251628770182425,33.401115084583424,11.763440860215054
302,router_only,-3407.126593232155,1.0,0.32168390080332754,0.8729537129402161,0.6549999222159386,0.011083063250407577,0.010197235139639813,0.19780571348965167,-0.004621804127236828,0.0,0.0001,0.096436688862741,0.29157547280192375,0.3907939426600933,0.00022225286847969982,0.22097164392471313,4.352670364913955,33.745601008063836,11.28494623655914
303,router_only,-3524.8088673353195,1.0,0.322410973906517,0.8724819645285606,0.6579501003026962,0.01073768308851868,0.006829788439426934,0.18335690312087535,-0.004185781851992943,0.0,0.0001,0.09985158164054156,0.2897025004029274,0.390789732336998,0.0001990652679523919,0.21945711858570577,4.731126600383644,33.906168090829176,11.704301075268818
304,router_only,-3475.4038598537445,1.0,0.3254143625497818,0.8715276882052422,0.6570610418915749,0.010865938942879438,0.004869814531411998,0.18539767805486917,-0.005069339464535005,0.0,0.0001,0.09764007907360792,0.2901947654783726,0.3927247069776058,0.0002067318571789656,0.219233712926507,4.387085238266472,33.99147907962704,11.521505376344086
305,router_only,-3442.73429197073,1.0,0.3247921898961067,0.8713765561580658,0.6586394235491753,0.01084157582372427,0.003222992719747694,0.1916250992566347,-0.004536493706109468,0.0,0.0001,0.09728015288710594,0.2889498256146908,0.39419807493686676,0.00020010542102681937,0.21937184520065783,4.3100031979579745,33.491029448217795,11.456989247311828
306,router_only,-3402.856225132942,1.0,0.32794691175222396,0.8692387506365776,0.6588442549109459,0.011092864838428796,0.014670132640458175,0.18957410883158446,-0.005106286349473521,0.0,0.0001,0.098045096360147,0.28626288548111917,0.3895499497652054,0.0002128730895492481,0.22592920139431955,4.550050776446969,33.45446822615343,11.241935483870968
307,router_only,-3408.3616541028023,1.0,0.3292013585567474,0.8688195154070855,0.6562768757343292,0.011254133633337915,0.013173584662581584,0.2002215325832367,-0.005001295506372116,0.0,0.0001,0.0993464445695281,0.28330966383218764,0.3859281063079834,0.00020114287290198262,0.23121464252471924,4.469822492672584,34.077291256077984,11.252688172043012
308,router_only,-3410.5493879318237,1.0,0.3209360845386982,0.8729354590177536,0.6576420143246651,0.01138285247143358,0.012316898800054325,0.2003776930272579,-0.004444447442074307,0.0,0.0001,0.09496025294065476,0.28377083614468573,0.3916169382631779,0.0002095880907290848,0.22944238483905793,4.614903203385021,33.61050813125567,11.274193548387098
309,router_only,-3499.7481573224068,1.0,0.3266302399337292,0.870156517624855,0.6513739690184593,0.012107147416099907,0.020979226886629482,0.18538787886500357,-0.004950494321383303,0.0,0.0001,0.09403960146009922,0.28293676748871804,0.38288700506091117,0.00020462698812480086,0.23993199728429318,4.418787658056798,34.11146779840532,11.629032258064516
310,router_only,-3527.1606311798096,1.0,0.3245713129639626,0.870187608897686,0.6549037039279938,0.011753375153057277,0.008437249848793732,0.19487172104418277,-0.004214153905923013,0.0,0.0001,0.09624254629015923,0.2843776799738407,0.38346177339553833,0.00017928789675352163,0.23573871217668058,4.442230300442401,33.57273314805225,11.844086021505376
311,router_only,-3473.1373242139816,1.0,0.32112516164779664,0.8725196570158005,0.6549716606736183,0.011511136428453028,0.0070129406563864734,0.20029542669653894,-0.004870729952381225,0.0,0.0001,0.09769044518470764,0.285962276160717,0.38393574953079224,0.00015420841173181544,0.2322573222219944,4.626906010100466,33.63862863560125,11.505376344086022
312,router_only,-3557.826987326145,1.0,0.3218646220862865,0.8722415149211884,0.6558559745550155,0.011439737281762064,0.008036808402903283,0.20167549438774585,-0.004761161370697664,0.0,0.0001,0.09816887248307467,0.28948034793138505,0.38289639055728913,0.00017611378334549954,0.22927827723324298,4.263007452320319,33.67972419040964,11.881720430107528
313,router_only,-3433.660843908787,1.0,0.3227119855582714,0.8720151945948601,0.6535099402070046,0.011560050584375859,0.009894234429521007,0.2031472634524107,-0.004351194887135534,0.0,0.0001,0.0956000629812479,0.2928147852420807,0.38450907096266745,0.0001553487139972276,0.226920735090971,4.479373622562012,34.144156656371635,11.349462365591398
314,router_only,-3347.167099773884,1.0,0.32056201100349424,0.8725954636931419,0.6562591835856437,0.011305686854757368,0.00905347100833756,0.18834590055048467,-0.004247490973011736,0.0,0.0001,0.09550903886556625,0.29145791903138163,0.3890358075499535,0.00015110665699467063,0.22384613305330275,4.478020807516152,33.91129038956139,10.983870967741934
315,router_only,-3535.73508477211,1.0,0.3204858712852001,0.8727871969342231,0.6586827889084816,0.01072398629039526,0.017315995251374283,0.19875930175185202,-0.004499977773775754,0.0,0.0001,0.10246340092271566,0.29316155314445497,0.38521640226244924,0.00013471936053974787,0.2190239265561104,4.4711552544300375,33.83016814418921,11.860215053763442
316,router_only,-3484.934511721134,1.0,0.31399591490626333,0.8755730792880059,0.661306245625019,0.010943934600800276,0.01772776892412365,0.19891052693128586,-0.004971140618727077,0.0,0.0001,0.1003405125811696,0.28643001392483713,0.3877422608435154,0.0001252644433407113,0.22536195442080498,4.337921264279697,33.59799546319102,11.60215053763441
317,router_only,-3483.2569621801376,1.0,0.31467589512467387,0.8746990531682968,0.664147287607193,0.010685382341034711,0.008709122583059054,0.18078404143452645,-0.003573704059999727,0.0,0.0001,0.10051478110253811,0.2868995651602745,0.3914487145841122,0.0001295498010222218,0.2210073906928301,4.384470275689149,33.436714525549256,11.68279569892473
318,router_only,-3444.4858989715576,1.0,0.31135796532034876,0.8763610541820526,0.6671764418482781,0.010593203199096023,0.0042768666575284135,0.19541438221931456,-0.004773641668725759,0.0,0.0001,0.10055024810135364,0.28556894659996035,0.39354910477995875,0.00013212752110121074,0.2201995775103569,4.296022494391366,34.23915627544618,11.408602150537634
319,router_only,-3358.9135617017746,1.0,0.31624964252114296,0.874104019999504,0.6631215736269951,0.010889980080537497,0.014130078157541035,0.19122090339660644,-0.004345634321362013,0.0,0.0001,0.10089850425720215,0.2831103466451168,0.3889426626265049,0.00015387752991955495,0.2268946073949337,4.529356314348412,33.749821222988444,11.129032258064516
320,router_only,-3375.1883367300034,1.0,0.3201232269406319,0.8726295545697212,0.6610147297382355,0.011178618390113115,0.012239633821809598,0.19504459500312804,-0.00423043163436887,0.0,0.0001,0.10028775464743375,0.2886574052274227,0.3834335975348949,0.0001618926269657095,0.22745935283601285,4.336322672247705,33.77938018000705,11.198924731182796
321,router_only,-3517.2136058211327,1.0,0.31285480558872225,0.8761488035321235,0.6652485236525536,0.010810885415412485,0.01251941312602874,0.19595626555383205,-0.004505541357139009,0.0,0.0001,0.10146241672337056,0.28460489213466644,0.3885085813701153,0.0001719502452033339,0.2252521563321352,4.257726276319835,34.06134708394427,11.75268817204301
322,router_only,-3370.8272354602814,1.0,0.3144368059933186,0.87528255879879,0.6677380949258804,0.010609522531740367,0.015306694373975915,0.1925013929605484,-0.005109464628185378,0.0,0.0001,0.10377317070960998,0.28994256556034087,0.38566482365131377,0.0001768731572155957,0.2204425700008869,4.3732112063170545,33.94632372483854,11.129032258064516
323,router_only,-3531.6747049093246,1.0,0.3131703592836857,0.8763163357973098,0.6681146681308746,0.010621338500641286,0.0025939281358659445,0.19338133335113525,-0.0044985063555941455,0.0,0.0001,0.10369629058986903,0.2912395283579826,0.38514009937644006,0.00017235835875908378,0.21975172385573388,4.45382551368096,34.00518825737015,11.779569892473118
324,router_only,-3446.1434421539307,1.0,0.3106957636773586,0.8772872775793076,0.6729091078042984,0.010456254193559288,0.005889396377642636,0.18518809825181962,-0.004569177279336145,0.0,0.0001,0.10441169440746308,0.2886777497828007,0.38736832067370414,0.0001734318093440379,0.21936880461871625,4.505762301783061,34.18971426530283,11.5
325,router_only,-3419.8261889219284,1.0,0.310405594855547,0.8763350009918213,0.6742788508534432,0.010401894594542683,0.009964575211779472,0.19559119455516338,-0.004550846290658228,0.0,0.0001,0.10462375544011593,0.28369546607136725,0.3898193046450615,0.00018096282201440772,0.2216805201023817,4.548278829019138,33.813103187420495,11.344086021505376
326,router_only,-3484.7970473766327,1.0,0.31198272854089737,0.8762652933597564,0.6770425856113433,0.009915085695683955,0.009488838949800984,0.19067608378827572,-0.0046843714078931955,0.0,0.0001,0.10901653841137886,0.28274371922016145,0.39017093628644944,0.00017313147800450678,0.21789567396044732,4.654621478683591,33.74995820160709,11.553763440860216
327,router_only,-3404.8033861517906,1.0,0.3104348540306091,0.8768228456377983,0.6738455399870873,0.01065595515538007,0.021104558244041973,0.1929725795984268,-0.004541963458177633,0.0,0.0001,0.10475434679538012,0.27971372157335284,0.3869108475744724,0.00020552610294544138,0.22841555960476398,4.4563899394724835,33.969105915179455,11.333333333333332
328,router_only,-3327.028970718384,1.0,0.3088803358376026,0.8774340689182282,0.6680180609226227,0.010911994241178035,0.005826452876499369,0.20256754718720912,-0.004614153219154105,0.0,0.0001,0.10245255213230849,0.28159818798303604,0.38629941567778586,0.00022698800239595585,0.22942285761237144,4.580910147376573,33.91332872755305,10.897849462365592
329,router_only,-3444.903009355068,1.0,0.3100747726857662,0.8773228779435158,0.6702552929520607,0.010396824521012604,0.012098011169291576,0.19255900755524635,-0.004618801768810954,0.0,0.0001,0.10614748392254114,0.28297239542007446,0.38726886734366417,0.00023740296383039093,0.22337385229766368,4.590308947298196,33.74610344805254,11.440860215053764
330,router_only,-3356.1943633556366,1.0,0.30745826438069346,0.8782475173473359,0.6695894464850426,0.010607009520754218,0.013210395552960146,0.19996047168970107,-0.004138348430569749,0.0,0.0001,0.10212108958512545,0.2804264523088932,0.3922735430300236,0.00020453899596759584,0.22497437074780463,4.449007411984976,33.980413954329926,11.0752688172043
331,router_only,-3458.589248239994,1.0,0.3077741228044033,0.8775730162858963,0.6729313790798187,0.010515123838558793,0.011185688595651267,0.2063250869512558,-0.00462941831065109,0.0,0.0001,0.10127779934555292,0.2756768986582756,0.3975418768823147,0.00023730858229100704,0.2252661120146513,4.471540896365942,33.6303765460042,11.548387096774192
332,router_only,-3415.4293026328087,1.0,0.30670413225889204,0.8780172958970069,0.6751063421368599,0.010123166907578706,0.010672929927022767,0.20391471199691297,-0.005136858896548802,0.0,0.0001,0.10327619165182114,0.2766983643174171,0.3998584866523743,0.00023197671653178985,0.21993498168885708,4.511663537343234,33.33633576492557,11.21505376344086
333,router_only,-3384.686548948288,1.0,0.3056285098195076,0.8784196868538856,0.6775506258010864,0.009756738389842212,0.007576184975187039,0.19429039321839808,-0.004168593916256213,0.0,0.0001,0.10706428028643131,0.2765619643032551,0.3990659162402153,0.00020957070264557843,0.21709826178848743,4.323779541300678,34.01691958968722,11.193548387096774
334,router_only,-3357.596478164196,1.0,0.30014443770051,0.8815181240439415,0.6730022072792053,0.010404245648533105,0.0164671262678894,0.194379723072052,-0.004158131993608549,0.0,0.0001,0.09903702493757009,0.27635566145181656,0.40356495752930643,0.00023447798885172232,0.22080788128077983,4.212451291103319,34.184851638035035,11.010752688172044
335,router_only,-3358.400696337223,1.0,0.30079053044319154,0.881658211350441,0.6759475976228714,0.009971764427609742,0.017292229732265667,0.18397873491048813,-0.004606863668232109,0.0,0.0001,0.10341709591448307,0.28062170296907424,0.40057221949100497,0.00021586150833172724,0.21517311856150628,4.507958555853649,33.73096413385229,11.112903225806452
336,router_only,-3417.615841925144,1.0,0.30472640991210936,0.8798208087682724,0.672483491897583,0.010310879582539201,0.018444363704475143,0.1964882045984268,-0.004909779979789164,0.0,0.0001,0.10435186624526978,0.28456770330667497,0.39135209918022157,0.0002137992560165003,0.21951452903449536,4.485815734924742,34.021535120493006,11.370967741935484
337,router_only,-3392.135788500309,1.0,0.30490642189979555,0.8795454725623131,0.6658402606844902,0.010808601509779692,0.011271595869038665,0.1900331161916256,-0.004273427854059264,0.0,0.0001,0.10117338579148054,0.2846956647932529,0.3888947866857052,0.00021595331927528604,0.2250202164053917,4.450368402250906,34.421192613682166,11.225806451612904
338,router_only,-3317.2525720596313,1.0,0.3041482217609882,0.8806247174739837,0.6719311013817787,0.010259837610647082,0.011223216718644782,0.18953816145658492,-0.0043102732420720715,0.0,0.0001,0.10576889421790839,0.28381764218211175,0.38989272639155387,0.00023410851281369105,0.220286625623703,4.363524688939637,34.21545906240567,10.865591397849462
339,router_only,-3365.618519127369,1.0,0.3032642170786858,0.8814272955060005,0.6737404882907867,0.010037633730098606,0.00619845133005584,0.1960323665291071,-0.0046538435664842835,0.0,0.0001,0.10738216415047645,0.28508300706744194,0.3900949522852898,0.00025247590492654125,0.21718740239739417,4.511019831385985,33.647518611179464,11.129032258064516
340,router_only,-3366.3768668174744,1.0,0.3007235787808895,0.8812510386109352,0.6708979815244674,0.010577603522688151,0.02013931515430158,0.19561556167900562,-0.004661229053454008,0.0,0.0001,0.10154020674526691,0.28090541660785673,0.39356313869357107,0.0002023713204835076,0.22378887869417668,4.46187258856398,34.01468624179236,11.06989247311828
341,router_only,-3412.319977223873,1.0,0.29637793228030207,0.8838250935077667,0.6785735845565796,0.010147189837880433,0.011019015456986312,0.1915609173476696,-0.004523446103848983,0.0,0.0001,0.10702017284929752,0.28066051080822946,0.39061801582574845,0.00023190705687738954,0.22146939374506475,4.341071096161899,33.847493487185446,11.35483870967742
342,router_only,-3286.7643245458603,1.0,0.29476726800203323,0.8840350389480591,0.6837383180856704,0.009511310188099743,0.01826428899003079,0.19921685606241227,-0.004627801796232234,0.0,0.0001,0.10993372164666652,0.27908353358507154,0.3968262806534767,0.00024223558648373,0.21391422413289546,4.536804429730254,33.8123138416133,10.768817204301074
343,router_only,-3365.5772973895073,1.0,0.2991174504160881,0.8820484608411789,0.6798651069402695,0.00973537671379745,0.0062673820288182604,0.18356068693101407,-0.0043895634040382,0.0,0.0001,0.10876477230340242,0.2796666890382767,0.3948615424335003,0.00027546816672838757,0.21643153056502343,4.580400396853783,34.134335086827214,11.086021505376344
344,router_only,-3442.370593190193,1.0,0.3022212788462639,0.8809338510036469,0.6783362716436386,0.009569174540229142,0.007766259849449858,0.19427083097398282,-0.0041786059824517,0.0,0.0001,0.11104773320257663,0.28122735768556595,0.39278472512960433,0.0003149642685457366,0.21462521366775036,4.536173301967458,33.75082387116886,11.413978494623656
345,router_only,-3409.9217690825462,1.0,0.2997113525867462,0.8816304326057434,0.6786843433976173,0.009799767821095883,0.016945784486961168,0.1871978346258402,-0.004432253529557784,0.0,0.0001,0.10641585942357779,0.2773863419890404,0.39904254525899885,0.0003874332200211938,0.21676781959831715,4.271812932317832,33.50714602192859,11.349462365591398
346,router_only,-3476.4283887147903,1.0,0.29730861634016037,0.8830568879842758,0.6810578212141991,0.00954431293066591,0.007089353836636331,0.18789212368428707,-0.00401191455021035,0.0,0.0001,0.10845085922628642,0.2752527445554733,0.4005218490958214,0.000417806368204765,0.21535673998296262,4.288391136535501,34.12175385265792,11.60215053763441
347,router_only,-3467.6500032544136,1.0,0.3014844223856926,0.8805755972862244,0.6785751774907112,0.009417809289880097,0.009847789538616836,0.19710423722863196,-0.004775521960254991,0.0,0.0001,0.10987426843494177,0.2787532299757004,0.39874945878982543,0.0003317358627100475,0.2122913058847189,4.397753201640359,34.00636496056942,11.548387096774192
348,router_only,-3486.9288692474365,1.0,0.30000249966979026,0.8812591761350632,0.6786034420132637,0.009704967890866101,0.00812812294716422,0.17962470538914205,-0.004291184066823916,0.0,0.0001,0.10773060917854309,0.27740576192736627,0.3981942437589169,0.0003140182339848252,0.21635536886751652,4.266828864692754,33.71286688490205,11.725806451612904
349,router_only,-3530.310533761978,1.0,0.3026850953698158,0.8791954949498176,0.678450708091259,0.009676094003953039,0.006586036389853725,0.1945745412260294,-0.004552992025855929,0.0,0.0001,0.10862492341548205,0.2797932393848896,0.3959558367729187,0.00032524265116080643,0.21530075557529926,4.407808691343518,33.86071145239007,11.81720430107527
350,router_only,-3393.9350098371506,1.0,0.2954120196402073,0.8825663551688194,0.6760297894477845,0.010169299272820353,0.010997109515301445,0.1933824334293604,-0.004760533526132349,0.0,0.0001,0.10312636848539114,0.2815825194120407,0.3969999462366104,0.0003563007965567522,0.21793486252427102,4.418282982844204,34.17687942385942,11.29032258064516
351,router_only,-3342.9725753068924,1.0,0.29010450914502145,0.8849462538957595,0.6770656988024711,0.010015146643854677,0.011481004378583754,0.18823231793940068,-0.004587985075340839,0.0,0.0001,0.10484767090529204,0.2758420191705227,0.3988411873579025,0.00036961142905056477,0.22009951248764992,4.36558967888428,34.0817233614436,11.032258064516128
352,router_only,-3390.544658780098,1.0,0.29413643628358843,0.8832419037818908,0.6746521189808845,0.010126874363049865,0.008782659327698636,0.19019905999302864,-0.004583481682857382,0.0,0.0001,0.1056571213528514,0.2777522839605808,0.3944498561322689,0.00039598447838216087,0.22174475230276586,4.467841530480386,33.91357781865193,11.193548387096774
353,router_only,-3377.6185938715935,1.0,0.29809867963194847,0.881904610991478,0.6767025932669639,0.009505232563242316,0.026403176332678416,0.19259573630988597,-0.004789978478220292,0.0,0.0001,0.1111535955220461,0.28539279103279114,0.39200808480381966,0.00046059266751399266,0.21098493672907354,4.343895687803905,33.70825871693937,11.134408602150538
354,router_only,-3453.341342806816,1.0,0.2961342580616474,0.8831527218222618,0.6753133043646813,0.009861157857812941,0.010777466552826853,0.1960761843249202,-0.004875181826355402,0.0,0.0001,0.10919889938086272,0.28411135673522947,0.3898554801940918,0.0004739053598314058,0.21636035554111005,4.240071562352932,34.12348319634659,11.478494623655914
355,router_only,-3444.8426616191864,1.0,0.30036850422620776,0.8818644896149636,0.6757466450333596,0.009953912417404353,0.011031421938969258,0.19656492210924625,-0.0042318773863371465,0.0,0.0001,0.1110129851847887,0.28592475801706313,0.3843397721648216,0.0005254534255072941,0.21819703429937362,4.582428101777489,33.930786499382606,11.473118279569892
356,router_only,-3369.1232714653015,1.0,0.29564746990799906,0.8833851650357246,0.6754275903105735,0.01013246034272015,0.01469263781691552,0.19199587479233743,-0.004305808644130593,0.0,0.0001,0.1079615518450737,0.28162987232208253,0.38839175179600716,0.0005381668437621556,0.22147866003215314,4.407321803113332,34.06677090526807,11.225806451612904
357,router_only,-3407.168420314789,1.0,0.29704709351062775,0.8823260009288788,0.6756897076964379,0.010289004584774376,0.003941212574136451,0.1865726675838232,-0.0045573233608593,0.0,0.0001,0.10644891131669283,0.2811719052493572,0.3888137064874172,0.0005893320092582143,0.2229761451482773,4.268559795517831,33.85762244085176,11.295698924731184
358,router_only,-3360.3573871850967,1.0,0.29630484730005263,0.8831843987107277,0.6775884866714478,0.009846538607962429,0.01628074996624501,0.20201166309416294,-0.004731828367221169,0.0,0.0001,0.10853719636797905,0.28519353792071345,0.3908441632986069,0.0005781617590400856,0.21484693996608256,4.567373154630655,34.13462879562184,11.080645161290322
359,router_only,-3512.515841960907,1.0,0.30000272393226624,0.8821394547820092,0.6720528841018677,0.010353657184168696,0.01952513181677206,0.19370208457112312,-0.00437103584581564,0.0,0.0001,0.10892692990601063,0.2873213917016983,0.3811197079718113,0.0005400514331995509,0.22209191881120205,4.458984098261369,33.59111730752453,11.74731182795699
360,router_only,-3489.916389286518,1.0,0.30590751096606256,0.8793570503592492,0.6715306371450425,0.010097215324640274,0.009226665735332065,0.19593603909015656,-0.004199800544301979,0.0,0.0001,0.11201330535113811,0.2888483479619026,0.37940594404935835,0.0005124454524775502,0.21921995468437672,4.368191962626738,34.28846393721201,11.709677419354838
361,router_only,-3358.3663185834885,1.0,0.3032715402543545,0.8806449919939041,0.6704474687576294,0.010115801868960262,0.008080175756185758,0.1935173999518156,-0.004933698257082142,0.0,0.0001,0.11395718045532703,0.2906648002564907,0.37536585703492165,0.0005536753400519956,0.2194584861397743,4.361585916068824,34.15201930256805,11.0752688172043
362,router_only,-3322.779752790928,1.0,0.30206396654248235,0.8808188125491142,0.6713509082794189,0.010228955838829278,0.004575205076980657,0.19469605349004268,-0.00434383651772805,0.0,0.0001,0.11410004924982786,0.2901275932788849,0.3736154638230801,0.0005908981096581556,0.22156599946320057,4.498288996107315,34.03788461612756,10.908602150537634
363,router_only,-3386.388728439808,1.0,0.30285841077566145,0.8805926069617271,0.6653303056955338,0.010773024777881801,0.011656643555761573,0.2020190741866827,-0.004228263624463579,0.0,0.0001,0.10915119554847479,0.2924666404724121,0.3727520190179348,0.0005748747855250258,0.22505527399480343,4.492815419931386,33.93390251063744,11.193548387096774
364,router_only,-3425.299256801605,1.0,0.30388415083289144,0.8801059737801552,0.6640859916806221,0.011080772802233695,0.007303482769202671,0.19222160652279854,-0.005125796250649728,0.0,0.0001,0.10689521338790656,0.2916385240852833,0.37218437194824217,0.0006161976707517169,0.22866568826138972,4.496990586117221,34.09878636307266,11.43010752688172
365,router_only,-3391.3671043515205,1.0,0.3083657965064049,0.8785655036568641,0.665474285185337,0.01092303330078721,0.008540896962222166,0.1981194268912077,-0.004725325750769116,0.0,0.0001,0.10602591130882502,0.28960995078086854,0.37639189064502715,0.0006791318708565086,0.22729311957955362,4.275413708857713,34.034427559665055,11.241935483870968
366,router_only,-3386.949923455715,1.0,0.3083643242716789,0.8788882106542587,0.6666477590799331,0.010677867755293845,0.005363492762262478,0.19332388266921044,-0.0038275350350886585,0.0,0.0001,0.10768121723085641,0.2892171643674374,0.3773641258478165,0.0007333308414672502,0.22500415332615376,4.731601067002971,34.11800631996561,11.225806451612904
367,router_only,-3455.117584168911,1.0,0.31199940890073774,0.8765793353319168,0.6691468477249145,0.010399838327430189,0.010845232586143571,0.19938054122030735,-0.005614556759701373,0.0,0.0001,0.11188213489949703,0.2851546868681908,0.3760602645576,0.0006770599415176548,0.22622585855424404,4.278100718362781,34.104631216521966,11.451612903225806
368,router_only,-3492.1658982634544,1.0,0.31070379391312597,0.8771662637591362,0.6665531083941459,0.010818538954481483,0.009691802278393877,0.20629090629518032,-0.004624186662840657,0.0,0.0001,0.1083487344905734,0.2838421851396561,0.3762123011052608,0.0006794009663281031,0.23091738112270832,4.7265105144082264,33.67651229723587,11.655913978494624
369,router_only,-3442.549595475197,1.0,0.3126772969961166,0.8760845854878425,0.665669423341751,0.010683736065402627,0.012708628865948382,0.20141352005302907,-0.0050903681531053735,0.0,0.0001,0.11044742669910193,0.2880943790078163,0.3733507767319679,0.0006828259414760396,0.22742458768188953,4.5591380691557095,34.23935464896839,11.387096774193548
370,router_only,-3398.335479438305,1.0,0.3168627664446831,0.8741314053535462,0.6575996696949005,0.011262766271829604,0.011528127318888451,0.20384848453104495,-0.005153056309063686,0.0,0.0001,0.1061317764222622,0.2880560800433159,0.37194066420197486,0.0006908310824655928,0.2331806480884552,4.533786903389923,33.81671216452663,11.236559139784946
371,router_only,-3405.976772725582,1.0,0.31842960268259046,0.8740731984376907,0.6573594525456429,0.011169413360767067,0.015149023219419185,0.21228232197463512,-0.005050133187978645,0.0,0.0001,0.10544410906732082,0.29558866694569585,0.3719825901091099,0.00063315034203697,0.226351485773921,4.478559562903368,34.054141041811334,11.220430107526882
372,router_only,-3396.4379718899727,1.0,0.31750188022851944,0.8746900588274003,0.6574549958109855,0.011178263113833964,0.015028001679456759,0.20271520391106607,-0.005526408580772113,0.0,0.0001,0.10389510169625282,0.28962367326021193,0.3762540467083454,0.0006845726980827749,0.22954260744154453,4.607146167506938,34.19219388980189,11.166666666666666
373,router_only,-3404.7594752311707,1.0,0.31515166983008386,0.8753071814775467,0.6601021870970726,0.010921411216259003,0.021473432186758203,0.2063665371388197,-0.004438344574009534,0.0,0.0001,0.10123121440410614,0.29304890856146815,0.3835099868476391,0.0007401121605653316,0.2214697774499655,4.455076171023497,33.91294648315606,11.29032258064516
374,router_only,-3385.1238562464714,1.0,0.31395936086773873,0.8769658297300339,0.6573731675744057,0.011129439738579095,0.010694254084955914,0.19017140828073026,-0.004392308475507889,0.0,0.0001,0.10220166146755219,0.2941169194877148,0.37816286087036133,0.0007657718553673476,0.22475278787314892,4.5047976942187935,34.03584891309801,11.182795698924732
375,router_only,-3368.392393529415,1.0,0.31702144518494607,0.8752916544675827,0.6591748416423797,0.011022471054457129,0.006999198523408273,0.20504829846322536,-0.004814353818073869,0.0,0.0001,0.10192036032676696,0.29597209468483926,0.3797638677060604,0.000809184329409618,0.2215344849973917,4.335273937491585,34.32978487931904,11.150537634408602
376,router_only,-3368.4903378486633,1.0,0.3124730385839939,0.877471961081028,0.6601349160075187,0.010913017485290766,0.0032651364133925997,0.1938050489872694,-0.004915975291078211,0.0,0.0001,0.10279815606772899,0.2950048461556435,0.38051864579319955,0.0006031251788954251,0.22107523009181024,4.610306830060297,34.160974131870525,11.231182795698924
377,router_only,-3342.2938516139984,1.0,0.31133501678705217,0.877562302350998,0.6567020729184151,0.011414656648412347,0.011855037535860943,0.19931173771619798,-0.004510414047399536,0.0,0.0001,0.0997105760499835,0.29434293136000633,0.37838744595646856,0.0005563014208746608,0.22700274921953678,4.395715228474593,34.08011757117849,11.064516129032258
378,router_only,-3476.5112470388412,1.0,0.3191697925329208,0.874398359656334,0.6530169367790222,0.011374218435958029,0.007225800800370033,0.20646694712340832,-0.004603769427194493,0.0,0.0001,0.10189551953226328,0.29351757615804674,0.37559990137815474,0.0005843984275998082,0.22840260975062848,4.466627024936579,33.981211427330464,11.591397849462366
379,router_only,-3409.4259115457535,1.0,0.3177914246916771,0.8747917205095291,0.6522569298744202,0.011513343127444387,0.006671635388920521,0.19406735338270664,-0.0054441332878923275,0.0,0.0001,0.10103094428777695,0.29685338884592055,0.37394979447126386,0.0005657524634443689,0.2276001151651144,4.75274109667185,34.22911893147153,11.24731182795699
380,router_only,-3403.002156317234,1.0,0.3165084272623062,0.8750490769743919,0.6531738474965095,0.011391266621649266,0.007633057924977043,0.1838504083454609,-0.00415474075707607,0.0,0.0001,0.10191353932023048,0.29311423003673553,0.3754767492413521,0.0004883827110461425,0.22900709472596645,4.610756891186111,34.394818356508935,11.268817204301076
381,router_only,-3467.785631239414,1.0,0.3160251386463642,0.8745147109031677,0.6512050494551659,0.01171709424816072,0.01869892419344974,0.1983393993228674,-0.004650824322015979,0.0,0.0001,0.0978294862434268,0.28788076415658,0.3795493312180042,0.00045644098208867944,0.23428397625684738,4.4057120382599475,34.063253437690896,11.526881720430108
382,router_only,-3377.069604754448,1.0,0.31996814236044885,0.8734062343835831,0.6494899481534958,0.011573834042064846,0.019771489314734873,0.19529602378606797,-0.004371755626198137,0.0,0.0001,0.1005223473533988,0.29507365003228186,0.37461636364459994,0.000448124830290908,0.22933951765298843,4.467766584237322,34.2748097351155,11.155913978494624
383,router_only,-3408.021015882492,1.0,0.31778357848525046,0.8735669702291489,0.6509819090366363,0.011500272480770946,0.005018669240234866,0.19176866933703424,-0.004204738821499632,0.0,0.0001,0.09968695305287838,0.29494255408644676,0.3771257005631924,0.0004463623357878532,0.2277984380722046,4.515939033184126,33.85463109373571,11.301075268817204
384,router_only,-3478.7032026052475,1.0,0.3159360408782959,0.8748407408595085,0.6527248412370682,0.011671250872313976,0.01154020609828875,0.21138897947967053,-0.005072452337572031,0.0,0.0001,0.10083326939493417,0.29956293031573294,0.37148387134075167,0.0004497681315115187,0.2276701595634222,4.607698874610996,33.84857092156666,11.634408602150538
385,router_only,-3301.845741868019,1.0,0.3147601328790188,0.8751187682151794,0.65598823428154,0.011469737510196865,0.016415488107304484,0.1899686984717846,-0.005057119547564071,0.0,0.0001,0.1013306526467204,0.2913589306175709,0.37611146867275236,0.00044602408233913594,0.23075292333960534,4.496267046217637,34.14949065018343,10.881720430107526
386,router_only,-3357.005448102951,1.0,0.31751980930566787,0.8743206277489662,0.6592926949262619,0.011089074052870273,0.008387956538354132,0.19932815358042716,-0.005139409822004381,0.0,0.0001,0.10455767903476954,0.2882577247917652,0.37706625983119013,0.00045818767030141315,0.2296601537615061,4.6311976766755905,34.26464171241613,11.129032258064516
387,router_only,-3247.0093165040016,1.0,0.3188656233251095,0.8733468756079674,0.6580829471349716,0.011356066982261836,0.005363796353776651,0.2041833307594061,-0.005583475701132557,0.0,0.0001,0.10200105793774128,0.28815773203969003,0.3777567557990551,0.000432900883606635,0.23165155351161956,4.55317033047998,34.04479922893338,10.618279569892474
388,router_only,-3375.9732136130333,1.0,0.3239709384739399,0.8703666314482689,0.6535700902342796,0.011484071589075029,0.008350815874291567,0.19219553656876087,-0.004836190346395597,0.0,0.0001,0.1013377545401454,0.29233314096927643,0.3754249431192875,0.0004212421510601416,0.23048292137682438,4.369392973580919,33.91935930448155,11.24731182795699
389,router_only,-3506.7635791301727,1.0,0.327088675647974,0.8690485239028931,0.6537022605538368,0.01144204258453101,0.008641340612666665,0.19881367534399033,-0.004807920230450691,0.0,0.0001,0.1034599369391799,0.2900892451405525,0.373375640809536,0.0003937662433600053,0.23268140554428102,4.5975544093750536,34.02702045444157,11.709677419354838
390,router_only,-3415.1981078982353,1.0,0.32127958089113234,0.871980831027031,0.6532232701778412,0.011430694279260934,0.015378708406205952,0.2203675214201212,-0.005247515273367753,0.0,0.0001,0.10084004402160644,0.2850237175822258,0.3798641853034496,0.0003898351169482339,0.2338822178542614,4.512639754940787,33.778040392848354,11.220430107526882
391,router_only,-3400.373309969902,1.0,0.32532487660646436,0.8696657821536065,0.6535312712192536,0.011299841734580696,0.0062394240267166666,0.20411184728145598,-0.005034442575561115,0.0,0.0001,0.10353772602975368,0.28426082506775857,0.37754475846886637,0.00035244499740656466,0.2343042504042387,4.56160415649219,34.08490316931087,11.231182795698924
392,router_only,-3429.607902288437,1.0,0.3212251178920269,0.8720443814992904,0.6507567167282104,0.01185567663051188,0.009629382293496747,0.20288418494164945,-0.004942355201092141,0.0,0.0001,0.09885667096823454,0.2845490977168083,0.3774693951010704,0.00029417260229820387,0.23883066922426224,4.432709070363209,33.783937291263975,11.32258064516129
393,router_only,-3367.5516075491905,1.0,0.32208549827337263,0.871180172264576,0.6485453501343728,0.011724076070822775,0.002764071621641051,0.21221230030059815,-0.005612093138915952,0.0,0.0001,0.0998529663309455,0.28401085585355756,0.3778551332652569,0.0002813247236190364,0.23799972087144852,4.3878587627803505,33.91738198325585,11.102150537634408
394,router_only,-3290.9923125505447,1.0,0.32421158701181413,0.8702242523431778,0.6536855697631836,0.011099026328884065,0.01867007096807357,0.20459361225366593,-0.004580068151244632,0.0,0.0001,0.10332275666296482,0.288367760181427,0.3793602757155895,0.0002845231232640799,0.2286646854132414,4.538407675883638,34.06433046248054,10.817204301075268
395,router_only,-3334.9112137556076,1.0,0.32430199682712557,0.8695185095071792,0.6512963131070137,0.011368982354179024,0.007204584694773006,0.20561936423182486,-0.004922413327449249,0.0,0.0001,0.10217172466218472,0.2894679978489876,0.3769154451787472,0.0002780952174362028,0.23116674199700354,4.5476145090378965,33.76724446760108,10.940860215053764
396,router_only,-3406.471098601818,1.0,0.3267545536160469,0.8691261082887649,0.6515488684177398,0.011362717230804264,0.01436059612860848,0.20766694769263266,-0.005476659430132713,0.0,0.0001,0.10656980406492948,0.28919163420796395,0.37001150846481323,0.00031776441901456567,0.2339092891663313,4.48026142708685,33.87139419741199,11.306451612903226
397,router_only,-3395.5351542830467,1.0,0.3281540647149086,0.8686836943030357,0.6460240975022316,0.011907481355592608,0.016921961547268445,0.1946363415569067,-0.004620849936327431,0.0,0.0001,0.10333983320742846,0.2843016557395458,0.36967786848545076,0.00031037506596476305,0.2423702720552683,4.5452426335205125,33.87867193225353,11.295698924731184
398,router_only,-3420.9937047958374,1.0,0.3307017430663109,0.8669090032577514,0.6498757794499397,0.011722664581611753,0.005578021697510866,0.20882262885570527,-0.004578971695445943,0.0,0.0001,0.1061113415285945,0.2835235096514225,0.36811845675110816,0.0003278727468568832,0.2419188141822815,4.587953644638968,33.96660691591444,11.39247311827957
399,router_only,-3338.1603710651398,1.0,0.3280934728682041,0.8678751304745674,0.6485533997416496,0.011871794145554304,0.0033356148338498314,0.20701222643256187,-0.00500075408272096,0.0,0.0001,0.10526939798146487,0.28381424248218534,0.3673174038529396,0.00030306496228149626,0.2432958919554949,4.543109791515051,34.03105566860342,10.973118279569892
400,router_only,-3374.162566483021,1.0,0.32410458102822304,0.8699896648526192,0.649132527410984,0.011788085056468844,0.010597792093176383,0.2062310878187418,-0.004285468299349305,0.0,0.0001,0.10279137603938579,0.283249206840992,0.37261630073189733,0.0002655713939020643,0.24107754789292812,4.516799870229312,34.023269676380394,11.236559139784946
401,router_only,-3401.6759155988693,1.0,0.3161170035600662,0.8731447994709015,0.6504606857895852,0.012050518742762506,0.013079611930152234,0.21651174686849117,-0.005718123960286902,0.0,0.0001,0.1006411226466298,0.2788947768509388,0.3745427139103413,0.00023044696245051456,0.24569093883037568,4.3862964521128776,34.010046718354545,11.301075268817204
402,router_only,-3481.9523236751556,1.0,0.3227021962404251,0.869845849275589,0.6487233057618141,0.012289556837640703,0.0129028428731545,0.21961545534431934,-0.005276049995882204,0.0,0.0001,0.10147690009325742,0.28357188776135445,0.3680912911891937,0.00024207437709264923,0.24661784321069719,4.52774777503201,33.77207554105968,11.569892473118278
403,router_only,-3366.0317076444626,1.0,0.3271924577653408,0.8682249262928963,0.6472457185387611,0.01236364918295294,0.015506773024389941,0.20370269939303398,-0.004621940058450491,0.0,0.0001,0.10534939989447593,0.28186626434326173,0.36207223385572435,0.00021337012913136277,0.25049873143434526,4.439842572450499,33.38991934303004,11.220430107526882
404,router_only,-3527.049112677574,1.0,0.3219048485159874,0.8703126728534698,0.6526344776153564,0.012106305453926325,0.015388612942115267,0.2117376659065485,-0.004726968908562413,0.0,0.0001,0.1030369559302926,0.283606918156147,0.36802575960755346,0.00021349560556700454,0.24511686749756337,4.820160729427037,33.79827791966712,11.795698924731182
405,router_only,-3298.193860411644,1.0,0.3184816397726536,0.8718224227428436,0.6535449907183647,0.012178607052192092,0.0035838102750858415,0.1912571169435978,-0.0046036965826715456,0.0,0.0001,0.10144037939608097,0.28341159373521807,0.36964445039629934,0.0002347230376471998,0.24526885859668254,4.640905606963243,34.10338426831514,10.86021505376344
406,router_only,-3305.0020001530647,1.0,0.3175411507487297,0.8725398316979408,0.6595911473035813,0.011519042635336518,0.013592606041129343,0.21331649236381053,-0.0044898399338762825,0.0,0.0001,0.10536153540015221,0.2842076510190964,0.3717164874076843,0.00024177278028219006,0.23847255259752273,4.550929776554854,34.14637298956825,10.85483870967742
407,router_only,-3384.981457531452,1.0,0.31756649166345596,0.8729526087641716,0.65721185952425,0.01172752883285284,0.012894649041118048,0.2102218396961689,-0.00469515432996559,0.0,0.0001,0.10663217678666115,0.2889263018965721,0.3652756631374359,0.00023527514640591106,0.23893058747053147,4.563573033308571,33.66900582128971,11.204301075268818
408,router_only,-3398.733684003353,1.0,0.32059667482972143,0.8724465042352676,0.6519094467163086,0.012035437533631921,0.011610678668876134,0.20631822049617768,-0.005234346544602886,0.0,0.0001,0.10404609013348817,0.29473035857081414,0.3632481604814529,0.0002365558004385093,0.23773883543908597,4.718412973208005,34.31645443033201,11.274193548387098
409,router_only,-3278.603116452694,1.0,0.31721935942769053,0.874157489836216,0.6538230940699578,0.011925834929570556,0.0071430836393119755,0.21249596774578094,-0.004804789769013951,0.0,0.0001,0.10303822308778762,0.29564095512032507,0.36590911224484446,0.0002320509411219973,0.23517967201769352,4.429587910548468,33.808247883529205,10.736559139784946
410,router_only,-3384.010893166065,1.0,0.31643951758742334,0.8732925787568092,0.6598404601216317,0.011470866715535521,0.011214124987964171,0.21124102920293808,-0.005698151155957021,0.0,0.0001,0.10614097695797682,0.2918736331164837,0.3684134162962437,0.00021934321302978786,0.23335263468325138,4.296926216068526,33.83374240177898,11.161290322580646
411,router_only,-3403.3183348178864,1.0,0.31484645381569865,0.8739381760358811,0.6605612024664879,0.011323869950138033,0.006927079162051009,0.20728284679353237,-0.004776316380593925,0.0,0.0001,0.10548833031207323,0.2904256746172905,0.37187695428729056,0.00020770706905750557,0.23200133480131627,4.753213439570093,33.812988916966184,11.268817204301076
412,router_only,-3364.469891667366,1.0,0.3196549341082573,0.8721624970436096,0.6547760784626007,0.01192088972311467,0.019383432382892352,0.20507293492555617,-0.005043055114947492,0.0,0.0001,0.10580955892801285,0.29459580183029177,0.3621988885104656,0.00019405290950089694,0.2372016914188862,4.593333824485738,33.71646689887313,11.112903225806452
413,router_only,-3403.2462587356567,1.0,0.3158733516931534,0.8746136233210564,0.6603651538491249,0.011210433603264392,0.0206411162933364,0.20729816444218158,-0.005244140592549229,0.0,0.0001,0.11026043947786093,0.2991374596953392,0.3635269097983837,0.00018939028195745776,0.22688579745590687,4.7788128403487224,33.78602741240325,11.24731182795699
414,router_only,-3320.905550658703,1.0,0.31493420749902723,0.8747283354401588,0.660442265868187,0.011474289675243199,0.013283563787626945,0.20552662573754787,-0.004952143005357357,0.0,0.0001,0.10751301199197769,0.29524310752749444,0.3652548111975193,0.00020262717953301035,0.23178644329309464,4.586832915327246,34.04268844954131,10.870967741935484
415,router_only,-3312.6609781980515,1.0,0.31483741402626036,0.874724106490612,0.658242666721344,0.011545796226710082,0.013261642133147658,0.21293599605560304,-0.00482314723340096,0.0,0.0001,0.10631900634616613,0.30187319219112396,0.36433789134025574,0.00020336293673608452,0.2272665470838547,4.838372561281045,33.82086469117976,10.903225806451614
416,router_only,-3453.0438166856766,1.0,0.3078210733830929,0.8778045803308487,0.6605718463659287,0.011385117936879397,0.011394461892268695,0.2113961201161146,-0.005072081734033418,0.0,0.0001,0.10572315622121095,0.29677515253424647,0.36873411312699317,0.00020002293858851773,0.2285675574094057,4.5245100826774705,34.36368873960893,11.505376344086022
417,router_only,-3439.980601966381,1.0,0.3120428487658501,0.8760553210973739,0.6600498855113983,0.011324891168624163,0.014470571610945629,0.20618113800883292,-0.005002416161005385,0.0,0.0001,0.10754007827490568,0.30218169242143633,0.365218161791563,0.00021184771394473502,0.22484822385013103,4.537196041071013,34.288977328839,11.446236559139784
418,router_only,-3358.5477375388145,1.0,0.31061325371265414,0.876219068467617,0.6582284674048424,0.011345775634981691,0.017514946589653916,0.20976134650409223,-0.005280877831000908,0.0,0.0001,0.10658934097737074,0.2944005347788334,0.3687546901404858,0.00018626735763973556,0.2300691667944193,4.624891629764254,33.91395338481701,11.064516129032258
419,router_only,-3403.5737365484238,1.0,0.3137441068887711,0.8746754363179207,0.6613262474536896,0.011080990778282285,0.008773735233262447,0.19726269952952863,-0.005205331609431596,0.0,0.0001,0.11085910033434629,0.2945176437497139,0.3657725974917412,0.00017088929162127896,0.22867977060377598,4.66209239817212,33.93295153917499,11.279569892473118
420,router_only,-3309.4603622555733,1.0,0.3126923568546772,0.8749408572912216,0.6570929005742073,0.011993798962794244,0.01794000030276944,0.21847769878804685,-0.0052814266145105645,0.0,0.0001,0.10404381100088358,0.29550023302435874,0.36361788362264635,0.00017442780299461446,0.2366636399179697,4.555099653895947,33.523029362718475,10.93010752688172
421,router_only,-3413.5541672110558,1.0,0.3133747585117817,0.87472013682127,0.6557042449712753,0.012054429505951703,0.005966321156301991,0.21957955621182917,-0.006205150565529038,0.0,0.0001,0.10510890930891037,0.29740788638591764,0.3606429472565651,0.00016620761380181648,0.23667405284941195,4.744157423487492,34.196442967515196,11.365591397849464
422,router_only,-3471.7571724057198,1.0,0.3123914383351803,0.875631895661354,0.6556145161390304,0.011926223221234978,0.010975946663529598,0.21663400307297706,-0.0053496318876568695,0.0,0.0001,0.10810069441795349,0.29990407451987267,0.3571137167513371,0.00016499410921824164,0.2347165234386921,4.857019904905363,33.86649262907744,11.575268817204302
423,router_only,-3336.8668706417084,1.0,0.3127008736133575,0.8747133523225784,0.6528991341590882,0.012104894476942718,0.005187597992699,0.2089615661650896,-0.005077014223934384,0.0,0.0001,0.10642469562590122,0.29898627325892446,0.3576558709144592,0.00016916990898607764,0.23676399141550064,4.900728285684879,33.817057532910304,10.935483870967742
424,router_only,-3366.35176384449,1.0,0.3100106678903103,0.8763812705874443,0.6456353381276131,0.012846840778365731,0.013759352367560493,0.20239681825041772,-0.004794239135662792,0.0,0.0001,0.10122642889618874,0.29924340099096297,0.35597696155309677,0.00016667088348185644,0.24338654093444348,4.544300762509285,33.53982323765191,11.14516129032258
425,router_only,-3435.5652292370796,1.0,0.31156203970313073,0.8748407930135726,0.6488108098506927,0.012459889543242753,0.011600774794169424,0.21851203665137292,-0.004831127051147632,0.0,0.0001,0.10247757956385613,0.2941998690366745,0.36052619814872744,0.00013683774614037247,0.24265951849520206,4.482192958686175,33.56496042490076,11.440860215053764
426,router_only,-3256.542718887329,1.0,0.30847149938344953,0.87673349827528,0.6491324752569199,0.012127278093248605,0.01597229181679716,0.20890970043838025,-0.004671322352805873,0.0,0.0001,0.10352150034159421,0.3003449685871601,0.36132151260972023,0.00013864856209693243,0.23467337228357793,4.892570839747706,33.63051301765695,10.704301075268816
427,router_only,-3246.3727322220802,1.0,0.309724772721529,0.8768670663237572,0.6438212379813194,0.012758354423567653,0.015744836762496522,0.2230319380760193,-0.005280642924844869,0.0,0.0001,0.10040273331105709,0.30529766008257864,0.35656786113977434,0.00013882695129723287,0.2375929206609726,4.591472778250971,33.65793989515205,10.661290322580646
428,router_only,-3310.665897667408,1.0,0.3099696137011051,0.8764863267540932,0.6472380325198174,0.012595484545454384,0.009073876639376898,0.20833637975156308,-0.0048811852000653745,0.0,0.0001,0.10264317262917758,0.3007607214152813,0.3566236786544323,0.0001395565992424963,0.23983287215232849,4.794209590489986,33.685926524079555,10.876344086021506
429,router_only,-3381.5504472255707,1.0,0.30909235402941704,0.8768897414207458,0.6423573225736618,0.013056850037537515,0.011046107365109479,0.21780042722821236,-0.005134989737234719,0.0,0.0001,0.1009577514603734,0.30292683467268944,0.3527997322380543,0.00012586478806042578,0.2431898068636656,4.712567093773335,33.62523702785316,11.204301075268818
430,router_only,-3385.4301245212555,1.0,0.31041535958647726,0.8762199282646179,0.639672015607357,0.013186408020555974,0.0030088996503763845,0.20896738730370998,-0.004753470440033425,0.0,0.0001,0.10086415819823742,0.3029809437692165,0.351393324136734,0.00012142424311605282,0.24464015550911428,4.612104175201539,33.605919391651575,11.236559139784946
431,router_only,-3368.9230530261993,1.0,0.30749722942709923,0.877042506635189,0.6430837765336037,0.012716277199797333,0.01215118304262432,0.20279258526861668,-0.005095133077702485,0.0,0.0001,0.10066017434000969,0.30269847363233565,0.35746519565582274,0.00012514752543211217,0.23905102126300334,4.651283172056575,34.00626083547211,11.134408602150538
432,router_only,-3364.124791443348,1.0,0.30139567106962206,0.8798239767551422,0.6431054443120956,0.013119351631030441,0.010190126949055417,0.22009525522589685,-0.0051894547814299585,0.0,0.0001,0.09556510411202908,0.3046079382300377,0.3595486506819725,0.0001252174650289817,0.2401530884206295,4.7368439440711585,33.88166640378651,11.102150537634408
433,router_only,-3435.8178164958954,1.0,0.2982832431793213,0.8812022164463997,0.6467550754547119,0.01308599258773029,0.011808713183199818,0.20342110767960547,-0.00474672399359406,0.0,0.0001,0.09847126472741366,0.301848278939724,0.3564039558172226,0.0001413265817973297,0.2431351777166128,4.530604092294551,34.081383704869964,11.446236559139784
434,router_only,-3348.9089629650116,1.0,0.30192669928073884,0.879295302927494,0.6417005747556687,0.013387677096761762,0.008242955230525716,0.21885356716811658,-0.005369788561074529,0.0,0.0001,0.09434978533536195,0.3019919328391552,0.3587439149618149,0.00014649745644419455,0.24476786963641645,4.649563331400426,33.855325504871466,11.059139784946236
435,router_only,-3414.1089710593224,1.0,0.30505914613604546,0.8776024639606476,0.6432506188750267,0.012914929795078934,0.011798303138493805,0.20289575830101966,-0.004260271097882651,0.0,0.0001,0.09633385483175516,0.29889857247471807,0.36265899837017057,0.00013299259735504164,0.2419755846261978,4.588490685259989,33.90843465456819,11.301075268817204
436,router_only,-3345.791459739208,1.0,0.3017473541200161,0.879360044002533,0.6500525072216987,0.012134188134223223,0.020341490799000873,0.21040778867900373,-0.00493924663605867,0.0,0.0001,0.09758740477263927,0.29687601774930955,0.37157619297504424,0.00012600205900525907,0.23383438363671302,4.86244590970437,33.88192732216326,11.102150537634408
437,router_only,-3341.6798392534256,1.0,0.30234342366456984,0.8795051395893096,0.6544734984636307,0.01174715927336365,0.009416331099782854,0.20198333337903024,-0.004702790772353182,0.0,0.0001,0.1000443859025836,0.2982905775308609,0.37240075021982194,0.00013807044470013353,0.22912621907889844,4.589773716900349,33.83203821469182,11.06989247311828
438,router_only,-3334.3023505210876,1.0,0.298123274743557,0.8815193325281143,0.651008914411068,0.0122130659641698,0.015773665273445647,0.207917707413435,-0.005118787339597475,0.0,0.0001,0.10030004885047675,0.2967027582228184,0.3661020554602146,0.0001377473485263181,0.23675738424062728,4.721365293068989,33.770408268324445,10.983870967741934
439,router_only,-3374.5149357914925,1.0,0.3001092433929443,0.8810546696186066,0.652280579507351,0.011977489129640162,0.006554063466865009,0.21094651371240616,-0.004789458568848204,0.0,0.0001,0.10337937232106924,0.2968874752521515,0.3644098982214928,0.00015074270850163886,0.23517251387238503,4.67219463795177,34.38839851370196,11.118279569892472
440,router_only,-3340.81015253067,1.0,0.29861530363559724,0.8815986543893815,0.6568540677428245,0.011460616486147046,0.012645159627754745,0.21107414066791536,-0.005244050866167527,0.0,0.0001,0.1069665914401412,0.2923196889460087,0.36714458018541335,0.0001514217949079466,0.23341772072017192,4.787514735755964,34.21912156184801,11.0
441,router_only,-3302.780302166939,1.0,0.3009551763534546,0.8799552455544472,0.6535957515239715,0.011762558831833303,0.008168389756065203,0.2093655277043581,-0.005653316414100118,0.0,0.0001,0.10289937686175107,0.2923027083277702,0.3695300780236721,0.0001544393879157724,0.23511339984834195,4.596050734224053,33.8838340780797,10.865591397849462
442,router_only,-3335.590367913246,1.0,0.3014208897948265,0.8804557606577873,0.651610654592514,0.012050609872676431,0.011924618163538969,0.208002445101738,-0.005043328096871846,0.0,0.0001,0.10364115107804536,0.2907745711505413,0.3651056632399559,0.0001446846617909614,0.2403339371085167,4.718376544512319,34.33813931407569,11.026881720430108
443,router_only,-3277.2465851306915,1.0,0.30447207391262054,0.8793444558978081,0.6535526275634765,0.011633839597925544,0.008948865337697468,0.20451694317162036,-0.004868492449168116,0.0,0.0001,0.10811558291316033,0.29077073708176615,0.36368309035897256,0.00013859456612408394,0.23729200065135955,4.468441045414431,34.18770952408515,10.704301075268816
444,router_only,-3337.2483955025673,1.0,0.3033434055745602,0.8796617805957794,0.6498645544052124,0.012175710289739072,0.011628458030645519,0.20414330586791038,-0.0049096603628640875,0.0,0.0001,0.10230809822678566,0.2950764924287796,0.3640942797064781,0.00013185017378418705,0.2383892849087715,4.541896147113705,34.16666710906964,11.037634408602152
445,router_only,-3310.943195641041,1.0,0.3013786546885967,0.8801175788044929,0.6488902375102044,0.0122733767144382,0.008779475031769814,0.2112548563629389,-0.00545924800389912,0.0,0.0001,0.10427604634314776,0.29576859548687934,0.35970802009105685,0.00012837547037634068,0.24011897444725036,4.666638231863711,33.84780829321279,10.93010752688172
446,router_only,-3375.00060236454,1.0,0.30199333652853966,0.8800104469060898,0.6503333330154419,0.012188568059355021,0.01625569102216102,0.20332659371197223,-0.004995552958280314,0.0,0.0001,0.10110814832150936,0.29906497076153754,0.36453612819314,0.000131731145302183,0.23515902049839496,4.659270963549796,34.04784586685788,11.21505376344086
447,router_only,-3428.2018128037453,1.0,0.3036074243485928,0.8795086100697518,0.6476519584655762,0.012381296441890299,0.006088497222845049,0.2141042623668909,-0.00513521625980502,0.0,0.0001,0.10130165163427592,0.29991253539919854,0.3614918775856495,0.00014425474564632167,0.23714967556297778,4.703834992128588,33.88662482896607,11.365591397849464
448,router_only,-3347.7735832333565,1.0,0.30566966012120245,0.8788408920168876,0.645221970975399,0.012587442831136286,0.00799229233980445,0.2020847462117672,-0.005233371732902015,0.0,0.0001,0.10183856952935458,0.2990480147302151,0.3583602555096149,0.00015491890590055846,0.2405982431024313,4.531926908368676,34.29657032769944,11.102150537634408
449,router_only,-3394.484697341919,1.0,0.30645297318696973,0.8782193347811699,0.642623993754387,0.012687547504901886,0.015075296612303623,0.21466645523905753,-0.004844276751828147,0.0,0.0001,0.10106864329427481,0.30658566355705263,0.35622348412871363,0.00015454071271960856,0.23596767112612724,4.575495677048851,33.772123558141715,11.258064516129032
450,router_only,-3259.4205299019814,1.0,0.30549625009298326,0.8790911793708801,0.6417246237397194,0.01251709284260869,0.010221531321985828,0.2102923806756735,-0.005326410025008954,0.0,0.0001,0.10363490413874388,0.30913016721606257,0.3539650224149227,0.0001364830332022393,0.23313342370092868,4.778991877322519,33.75844881719468,10.768817204301074
451,router_only,-3363.587393641472,1.0,0.3016460359096527,0.8802687600255013,0.6436472505331039,0.012221713131293655,0.0176245256814582,0.21721392050385474,-0.005341414917711518,0.0,0.0001,0.1022845545783639,0.3016684286296368,0.3615605168044567,0.00013631171423185152,0.23435019552707673,4.4620975289815785,33.9539076463581,11.086021505376344
452,router_only,-3311.065826654434,1.0,0.29903127029538157,0.8810540571808815,0.6410850316286087,0.012561297952197492,0.012079051864748174,0.21405280977487565,-0.0050422111235093325,0.0,0.0001,0.09792061783373356,0.29999283626675605,0.36429361924529075,0.00014440544891840544,0.23764852210879325,4.762656920655091,33.81618558899361,10.801075268817204
453,router_only,-3465.948430776596,1.0,0.3020064741373062,0.8797081664204598,0.6481002166867256,0.011898524244315922,0.014888161973613017,0.20920558646321297,-0.0057495116358040835,0.0,0.0001,0.10127171985805035,0.29825003519654275,0.36838432848453523,0.0001466747035010485,0.23194724172353745,4.574848855057558,33.877416594400835,11.53763440860215
454,router_only,-3408.4722954034805,1.0,0.30110093876719474,0.8809721007943153,0.6426253914833069,0.012413892941549421,0.012138276270707127,0.21038101390004157,-0.004504539238951111,0.0,0.0001,0.09880874883383513,0.2999070882797241,0.3647893749177456,0.0001354627875116421,0.23635932840406895,4.631057630634753,33.84564496787372,11.327956989247312
455,router_only,-3356.8073182702065,1.0,0.3072232693433762,0.8783479705452919,0.6422282516956329,0.012180501478724182,0.013780961067095702,0.2081121973693371,-0.005503181007225066,0.0,0.0001,0.10269991625100375,0.3029017835855484,0.36112958043813703,0.0001400824014126556,0.23312864415347576,4.742524986677256,33.961875537498095,11.053763440860214
456,router_only,-3354.6593386530876,1.0,0.3084030322730541,0.8772042900323868,0.6427498102188111,0.011793861677870155,0.016318395364032873,0.20318410210311413,-0.00526931249169138,0.0,0.0001,0.10536919292062522,0.2947425790131092,0.3645277820527554,0.0001530724914118764,0.23520736657083036,4.463737019903775,33.76368220004849,11.10752688172043
457,router_only,-3392.7642490267754,1.0,0.30788818895816805,0.8778989657759666,0.6429074853658676,0.01158853832166642,0.00534111456654505,0.21120064817368983,-0.005118234956171364,0.0,0.0001,0.10569970887154341,0.2949559107422829,0.36665449365973474,0.00014884456923027755,0.23254103921353816,4.611489825780501,34.02792190071891,11.28494623655914
458,router_only,-3405.129322886467,1.0,0.30432868376374245,0.8790650203824043,0.6427395343780518,0.011679405439645052,0.008636753474820605,0.20835584141314029,-0.004890378108393633,0.0,0.0001,0.10232751872390508,0.2941756658256054,0.37097287327051165,0.00013606251195596997,0.2323878824710846,4.645984729740261,33.83431191846509,11.36021505376344
459,router_only,-3386.787236213684,1.0,0.30393395349383356,0.8794296622276306,0.644219234585762,0.011409162916243077,0.006184015169856135,0.21328148618340492,-0.005057052312076848,0.0,0.0001,0.1039723090827465,0.2932414010167122,0.3724200926721096,0.00011903055165021214,0.23024717383086682,4.723781163776626,33.941886876979375,11.21505376344086
460,router_only,-3471.069224834442,1.0,0.3056116499006748,0.8785746306180954,0.6442918121814728,0.01153999122325331,0.0030086235448834623,0.20217613205313684,-0.0045055891805532156,0.0,0.0001,0.10353927817195654,0.29329925775527954,0.3713488087058067,0.00012165681873739231,0.2316909994930029,4.562282977811837,33.746175757827196,11.543010752688172
461,router_only,-3422.7418316602707,1.0,0.30967526882886887,0.8764950394630432,0.6416695445775986,0.011381325568072498,0.005404431396891582,0.20897378139197825,-0.00519242232767283,0.0,0.0001,0.10617383923381567,0.29247310385107994,0.36948211342096327,0.00011229327756154817,0.23175865709781646,4.523638846671853,34.004855535224834,11.349462365591398
462,router_only,-3430.2052526474,1.0,0.3137349598109722,0.8739895910024643,0.6344426482915878,0.01203731750138104,0.013562833087780796,0.2128732495009899,-0.005054154803292477,0.0,0.0001,0.10047094132751226,0.2914083436131477,0.37012694776058197,9.853062256297563e-05,0.23789523504674434,4.606372969165794,34.137127520252896,11.408602150537634
463,router_only,-3434.56002420187,1.0,0.31558916345238686,0.8734969213604927,0.6319116592407227,0.012139999028295278,0.011634017387405013,0.2190886426717043,-0.005671761251869611,0.0,0.0001,0.0967784957960248,0.2892837829887867,0.37531016692519187,9.943945369741413e-05,0.23852811828255654,4.643698594221548,34.19725636615378,11.397849462365592
464,router_only,-3517.5196660757065,1.0,0.3189541205763817,0.8719731226563454,0.6323366552591324,0.012206023512408137,0.005775791772975975,0.22623490877449512,-0.0055531704907480165,0.0,0.0001,0.0975683456286788,0.2879789642989635,0.3737283155322075,9.820974155445583e-05,0.24062616042792798,4.717159196265786,34.42390407908216,11.71505376344086
465,router_only,-3383.848785996437,1.0,0.3173454262316227,0.8728707730770111,0.6354040026664733,0.011755402805283666,0.018506652631003793,0.21953951232135296,-0.005414135925275332,0.0,0.0001,0.10189820993691683,0.2928996592760086,0.3710190661251545,0.00010097926406160695,0.2340820860117674,4.784782078603674,34.32639778126133,11.188172043010752
466,router_only,-3523.359948217869,1.0,0.31761187463998797,0.8726502135396004,0.6342798009514808,0.012079572165384888,0.01686773091669238,0.21646981462836265,-0.005220319538420881,0.0,0.0001,0.0954343132674694,0.290929689258337,0.37790615260601046,0.00010315144472770044,0.23562669157981872,4.692469874550895,33.89283810033873,11.870967741935484
467,router_only,-3376.575783610344,1.0,0.3164774775505066,0.8729050874710083,0.6323153153061867,0.012256812513805925,0.013370379750540456,0.20580229833722113,-0.005250240761233727,0.0,0.0001,0.09768517781049013,0.29008607268333436,0.37207726389169693,9.047005278262077e-05,0.2400610201060772,4.441990325280978,33.94006527102071,11.236559139784946
468,router_only,-3480.314832687378,1.0,0.31666777804493906,0.8729321405291557,0.6336084187030793,0.012374383071437478,0.010508954382748908,0.21589414328336715,-0.005163753691886086,0.0,0.0001,0.09585370738059282,0.29534054845571517,0.37165702432394027,8.871446570992702e-05,0.23706000708043576,4.582265285820392,33.88949349329998,11.60215053763441
469,router_only,-3478.1911973953247,1.0,0.31446828991174697,0.8736416578292847,0.6391675710678101,0.01227979022078216,0.007808368468613455,0.21503924056887627,-0.005173773939895909,0.0,0.0001,0.09755868352949619,0.2919179439544678,0.37118024230003355,8.39147998703993e-05,0.23925921320915222,4.523991979700974,33.92304121331735,11.618279569892472
470,router_only,-3397.1731271743774,1.0,0.3077152296900749,0.8765404760837555,0.6413473218679429,0.011896450025960802,0.011224554646923988,0.21938758715987206,-0.0046993501839551755,0.0,0.0001,0.09840069767087697,0.28999813199043273,0.37595050856471063,8.00498296484875e-05,0.23557061590254308,4.649127371522732,34.06941776947639,11.252688172043012
471,router_only,-3411.975293815136,1.0,0.30758928433060645,0.8767731457948684,0.6450562283396721,0.011686440627090632,0.0068267237445070374,0.20797994174063206,-0.0052517053634801416,0.0,0.0001,0.09862771090120077,0.28825563192367554,0.3791299879550934,8.691703478689306e-05,0.2338997520506382,4.562645569006155,33.853833239712685,11.408602150537634
472,router_only,-3350.9158369898796,1.0,0.30558619275689125,0.878269249200821,0.6496101394295692,0.011467574373818934,0.006637972084445218,0.20964611172676087,-0.005075340866460465,0.0,0.0001,0.09945060554891824,0.2894762560725212,0.38040545731782915,8.389149033973808e-05,0.23058379366993903,4.599836813429133,34.101651196107305,11.13978494623656
473,router_only,-3438.51910340786,1.0,0.3069846659898758,0.8773124739527702,0.6473803624510766,0.01174625086132437,0.011342559188415188,0.21598683446645736,-0.005126591696784999,0.0,0.0001,0.09996463749557734,0.29181537628173826,0.3747362807393074,8.178801281246705e-05,0.23340192064642906,4.9154412661601175,34.07836230886252,11.451612903225806
474,router_only,-3552.6004273295403,1.0,0.3086514912545681,0.8768255621194839,0.6483888491988182,0.011583120352588594,0.011673379834519434,0.2151693344116211,-0.005386929459928069,0.0,0.0001,0.1038586689159274,0.28904285132884977,0.371673958003521,7.994459410838317e-05,0.23534457795321942,4.650318201264614,34.46093384046828,11.956989247311828
475,router_only,-3421.8616107702255,1.0,0.30792718529701235,0.8768200069665909,0.6505655854940414,0.01152434004470706,0.016314876611704717,0.2159806303679943,-0.005434847268224985,0.0,0.0001,0.10420485381036997,0.29685292989015577,0.3692641586065292,8.112306304610683e-05,0.22959694266319275,4.516583175755723,33.976428982604304,11.413978494623656
476,router_only,-3412.5492537021637,1.0,0.3058424904942513,0.8774288535118103,0.6552055925130844,0.011001492734067142,0.012509242482883594,0.21614749692380428,-0.005292023859237815,0.0,0.0001,0.10754724871367216,0.2941411718726158,0.37217399999499323,8.350318867087481e-05,0.2260540746152401,4.786312342087933,33.95137983456884,11.327956989247312
477,router_only,-3339.4663010835648,1.0,0.3050356268882751,0.8774413228034973,0.6511986702680588,0.011998245352879166,0.024627851095920045,0.21173286400735378,-0.005682353602378498,0.0,0.0001,0.10130377393215895,0.29084543883800507,0.36939928606152533,8.876530737325083e-05,0.23836274184286593,4.679200900729722,33.83251115471529,11.06989247311828
478,router_only,-3440.0510382056236,1.0,0.3046064980328083,0.8778226912021637,0.6550243481993675,0.011640622583217918,0.008877751558429728,0.20660230033099652,-0.0047037399217515485,0.0,0.0001,0.10573499947786331,0.2877917177975178,0.3683852918446064,9.641309679864207e-05,0.2379915788769722,4.720460162599123,34.277112317108354,11.387096774193548
479,router_only,-3319.9059725403786,1.0,0.3116410322487354,0.8757486209273339,0.6562426701188088,0.011295398813672364,0.013472025894043334,0.20534776709973812,-0.005605934772756882,0.0,0.0001,0.10893732532858849,0.2913189247250557,0.3667505979537964,0.00010289515448675956,0.2328902617096901,4.73455688625324,34.38383883824094,10.897849462365592
480,router_only,-3441.370329618454,1.0,0.3085055433213711,0.8762282714247703,0.6544626846909523,0.01156414623837918,0.010245514621783516,0.21912447698414325,-0.005192330818681512,0.0,0.0001,0.10900358315557242,0.28906025364995,0.36389241814613343,9.698744215711486e-05,0.2379467599093914,4.895978692322471,33.78660928287962,11.408602150537634
481,router_only,-3403.016444861889,1.0,0.3040577761828899,0.8788248166441918,0.6519612759351731,0.011904422310180962,0.0078588482372652,0.20685348510742188,-0.0047762775382580005,0.0,0.0001,0.10507416017353535,0.29038361385464667,0.3649740792810917,9.699064667074708e-05,0.23947116062045098,4.713322831738133,34.28445623786605,11.258064516129032
482,router_only,-3444.1788833141327,1.0,0.3029473513364792,0.8790457770228386,0.6519259348511696,0.011685994151048363,0.005030596714277591,0.22011666670441626,-0.004940730205271393,0.0,0.0001,0.10628334302455186,0.2894807100296021,0.3662778936326504,9.928755989676574e-05,0.2378587618470192,4.673035805585657,34.47519974590199,11.510752688172044
483,router_only,-3453.8609033226967,1.0,0.3049712598323822,0.8778368726372718,0.6538054957985878,0.011131901293992996,0.019467875957161575,0.2148229394108057,-0.005249454037766554,0.0,0.0001,0.10695838555693626,0.29328862205147743,0.3715288795530796,9.799000436032657e-05,0.22812612392008305,4.77666018790288,34.099628491291874,11.456989247311828
484,router_only,-3449.342529654503,1.0,0.3085980385541916,0.8757830902934074,0.649639680981636,0.01170280056539923,0.015903763123787957,0.21638594828546048,-0.005451066717296271,0.0,0.0001,0.10440162606537343,0.29880397468805314,0.3661337599158287,0.00010074525234813337,0.23055990003049373,4.71460168084963,34.53490605722679,11.46236559139785
485,router_only,-3371.8727981448174,1.0,0.3099433906376362,0.8755759805440902,0.6492946028709412,0.011422032304108144,0.007111067953519542,0.1998824555426836,-0.0044718084718624596,0.0,0.0001,0.10561644118279219,0.2969666689634323,0.3684744775295258,9.825519846344833e-05,0.22884416058659554,4.871977650003079,33.675025166963636,11.252688172043012
486,router_only,-3434.452064394951,1.0,0.30806018486618997,0.876960551738739,0.6509774476289749,0.01137087494134903,0.0030496015824610367,0.21592975594103336,-0.0050755048731389255,0.0,0.0001,0.10522079486399889,0.2971974164247513,0.3697573632001877,0.0001094224691769341,0.22771500572562217,4.71120061588242,33.98772316968141,11.381720430107526
487,router_only,-3324.352355659008,1.0,0.3117933213710785,0.8749876692891121,0.6456457227468491,0.011820571427233518,0.013950681515962057,0.2102444164454937,-0.00496420412309817,0.0,0.0001,0.10462216753512621,0.3013440728187561,0.3633860364556313,0.00010403251708339667,0.23054368682205678,4.635384541103354,33.870432992973335,10.908602150537634
488,router_only,-3368.6702294945717,1.0,0.3052632465958595,0.8780358016490937,0.6497972041368485,0.011538561224006117,0.0072230342650072416,0.2171436868607998,-0.005014811347064096,0.0,0.0001,0.10564539879560471,0.30020829364657403,0.3659743249416351,0.00010089192364830524,0.22807109206914902,4.896078631227009,33.752283765491356,11.188172043010752
489,router_only,-3456.7034450769424,1.0,0.30310769826173783,0.8784647971391678,0.6507699713110924,0.01136032589711249,0.006680698311538444,0.21366733759641648,-0.004270726940012537,0.0,0.0001,0.10613032486289739,0.30163324177265166,0.36740181371569636,0.00010387643123976886,0.2247307412326336,4.879249347724131,34.41568910501546,11.516129032258064
490,router_only,-3361.0077951550484,1.0,0.30180829092860223,0.8787427693605423,0.6505232870578765,0.01160754864104092,0.01694768807737998,0.21418380178511143,-0.004823651297192555,0.0,0.0001,0.10661107636988162,0.29579107984900477,0.3647701345384121,0.00011384391928004334,0.23271386921405793,4.591713480015051,34.41080660919705,11.123655913978494
491,router_only,-3384.1938974261284,1.0,0.30213590413331987,0.8783903837203979,0.6497961550951004,0.011788648809306324,0.007571288722465414,0.2122151307761669,-0.0045427789751556705,0.0,0.0001,0.1055852124467492,0.2995693102478981,0.3627701558172703,0.00012126019264542265,0.2319540698081255,4.595646027443134,34.01299247831086,11.172043010752688
492,router_only,-3386.619363486767,1.0,0.3013606458902359,0.8785077184438705,0.6493822202086449,0.011673729261383414,0.00630633487871819,0.21708193607628345,-0.005025912436394719,0.0,0.0001,0.10498639047145844,0.2974877700209618,0.36591251716017725,0.0001320640145422658,0.23148126229643823,4.886802664966803,34.645300321169664,11.182795698924732
493,router_only,-3390.834659039974,1.0,0.30164483934640884,0.8783193871378898,0.650422728061676,0.011398899904452264,0.009332157763492416,0.2179555382579565,-0.005694291642430471,0.0,0.0001,0.10589849576354027,0.2995637349784374,0.3675855629146099,0.00013702917349291965,0.2268151856958866,5.061286143940031,34.46359024108599,11.220430107526882
494,router_only,-3456.7003713846207,1.0,0.2986839719116688,0.880750273168087,0.6460732638835907,0.011548392544500529,0.00661110635592195,0.2234921358525753,-0.005218233822233742,0.0,0.0001,0.10380053725093603,0.3023053862154484,0.36814946308732033,0.00011164020506839733,0.2256329782307148,4.760281412185022,34.09891655730833,11.494623655913978
495,router_only,-3353.231277048588,1.0,0.2969000682234764,0.881560991704464,0.6471300035715103,0.011560367280617356,0.006604271320975399,0.21534873284399508,-0.00528420812938748,0.0,0.0001,0.10348219554871321,0.2993264630436897,0.3691935151815414,0.00010676535130187404,0.22789105772972107,4.562516181401504,34.084530421102436,11.0752688172043
496,router_only,-3341.8671157956123,1.0,0.29819521903991697,0.8804557293653488,0.642018985748291,0.011964916624128819,0.01116656807516846,0.21270534582436085,-0.005056130361481337,0.0,0.0001,0.10156009662896395,0.30376315489411354,0.3655323326587677,0.0001070279589839629,0.22903738990426065,4.855304611242247,34.15284336375387,11.053763440860214
497,router_only,-3394.2866500020027,1.0,0.29591273292899134,0.8818187430500984,0.6466652467846871,0.011657571606338023,0.0068120474679744915,0.21549070850014687,-0.005132486652291846,0.0,0.0001,0.10357284862548113,0.3025520324707031,0.3669152520596981,0.00011738005032384536,0.22684248834848403,4.637842205896884,33.992341500659926,11.295698924731184
498,router_only,-3456.458423912525,1.0,0.2944474942982197,0.8829956769943237,0.6477803111076355,0.01122648841701448,0.00932065564629736,0.2087691891938448,-0.004521977595322824,0.0,0.0001,0.10821677222847939,0.30006515681743623,0.366308419406414,0.00013378659623413113,0.2252758711576462,4.839689115021772,34.34747688335041,11.43010752688172
499,router_only,-3359.0617102980614,1.0,0.2950926013290882,0.883285365998745,0.6476554676890374,0.011124580097384752,0.006029670497991866,0.22200554609298706,-0.0057054123644775245,0.0,0.0001,0.10949642602354288,0.30178503766655923,0.36530297324061395,0.00014908636221662165,0.22326648123562337,4.69838800758924,33.8151105107371,11.096774193548386
500,router_only,-3348.2925828695297,1.0,0.29963831380009653,0.8812456414103508,0.6515148967504502,0.010768389282748102,0.00871829457319113,0.21130259782075883,-0.005295952417509397,0.0,0.0001,0.11164027117192746,0.2998076148331165,0.3675029069185257,0.00016445552901132033,0.220884757488966,4.660277996193763,33.93914938510776,11.043010752688172
501,dynamic_actor_adapt,-3380.0225363373756,1.0,0.29750608205795287,0.8815818324685096,0.6496998891234398,0.0,0.006663767027566778,3.513272535800934,-0.004229642834252445,1e-05,0.0,0.10944769456982613,0.29867180809378624,0.3677489131689072,0.00016095434948510957,0.2239706337451935,4.775002170179935,33.81657193590012,11.118279569892472
502,dynamic_actor_adapt,-3353.1817297935486,1.0,0.29652429893612864,0.8828939586877823,0.6461290180683136,0.0,0.005941425182390933,3.5387758731842043,-0.0034062770560240097,1e-05,0.0,0.10699541810899973,0.29890502616763115,0.3672307848930359,0.00016064653573266696,0.2267081283032894,4.633623303474606,33.855772358612754,11.00537634408602
503,dynamic_actor_adapt,-3233.9450924396515,1.0,0.29601250439882276,0.8828577056527138,0.6504654705524444,0.0,0.008028448431286934,3.515793061256409,-0.0030766933268751018,1e-05,0.0,0.1094965510070324,0.2995775774121284,0.3680695489048958,0.00016241778321273158,0.22269389927387237,4.527253308179891,33.65239997144718,10.580645161290322
504,dynamic_actor_adapt,-3235.3676958084106,1.0,0.29835332855582236,0.8814157158136368,0.6504771634936333,0.0,0.0029756438680123925,3.446924144029617,-0.002882449553726474,1e-05,0.0,0.10993468649685383,0.2999528333544731,0.36874398216605186,0.00015853819659241707,0.22120995968580245,4.424207074076532,34.00175345170874,10.575268817204302
505,dynamic_actor_adapt,-3159.0228146910667,1.0,0.2978404648602009,0.8812648475170135,0.6455091401934624,0.0,0.016009414596737728,3.613346642255783,-0.0032615134070510974,1e-05,0.0,0.10478777438402176,0.29888646453619006,0.36695255637168883,0.00016424164423369802,0.22920896410942077,4.68041921529503,33.7725666985299,10.220430107526882
506,dynamic_actor_adapt,-3169.771037518978,1.0,0.29435000121593474,0.883123655617237,0.6475294426083564,0.0,0.004137108929899142,3.481214386224747,-0.0030244447756558658,1e-05,0.0,0.10637451466172934,0.2980148158967495,0.3674343712627888,0.00015934112871036633,0.22801695950329304,4.437757948879308,33.95970291019815,10.360215053763442
507,dynamic_actor_adapt,-3180.93850928545,1.0,0.2983813531696796,0.8814221680164337,0.6487265318632126,0.0,0.0051048196562987645,3.5916803419589995,-0.0032661136167007497,1e-05,0.0,0.10810522586107255,0.29883651360869407,0.36714594513177873,0.00015856722857279237,0.22575374878942966,4.507073651625239,33.76588840981577,10.295698924731182
508,dynamic_actor_adapt,-3174.33553981781,1.0,0.29577362164855003,0.8824808061122894,0.6494888946413994,0.0,0.004268759665137636,3.498197281360626,-0.003020434042264242,1e-05,0.0,0.10666443575173616,0.29864238426089285,0.3692755289375782,0.00016336427470378112,0.2252542894333601,4.384225810884904,33.89679510423394,10.28494623655914
509,dynamic_actor_adapt,-3149.2080399394035,1.0,0.29667998403310775,0.8821299031376839,0.6494771286845207,0.0,0.003787969823679291,3.491369128227234,-0.003248418242947082,1e-05,0.0,0.10667429901659489,0.29899669662117956,0.370805337280035,0.00015179293841356413,0.22337187491357327,4.302734053563491,33.52306040225684,10.198924731182796
510,dynamic_actor_adapt,-3205.7769894599915,1.0,0.29886205345392225,0.8811214998364448,0.6472129434347152,0.0,0.0025055690010048594,3.543035888671875,-0.0027943905661686587,1e-05,0.0,0.10686100590974093,0.2988590709865093,0.3696901768445969,0.0001585033311130246,0.22443124055862426,4.394889664079994,34.002272134442656,10.408602150537634
511,dynamic_actor_adapt,-3176.5280187129974,1.0,0.29427075386047363,0.8833812788128853,0.6472813934087753,0.0,0.0050663714595430235,3.578794139623642,-0.0037151894714952506,1e-05,0.0,0.10576830282807351,0.299392132461071,0.36825313344597815,0.0001550623437651666,0.22643136307597161,4.069695629800921,34.091800806717195,10.333333333333334
512,dynamic_actor_adapt,-3173.877527117729,1.0,0.29616673812270167,0.882589639723301,0.6484507739543914,0.0,0.008885610444122024,3.5555740892887115,-0.0034271827498741914,1e-05,0.0,0.10779427848756314,0.3006444230675697,0.36941736117005347,0.00015537560866505374,0.22198855988681315,4.6377513693512995,34.147740887042836,10.327956989247312
513,dynamic_actor_adapt,-3159.260993719101,1.0,0.29999503046274184,0.8802139893174171,0.6485623940825462,0.0,0.006063528277081792,3.5382394194602966,-0.0034952088484715206,1e-05,0.0,0.10765403900295496,0.3012973368167877,0.3665258400142193,0.00015709530707681553,0.22436569407582282,4.371455325640451,33.67372932058233,10.241935483870968
514,dynamic_actor_adapt,-3128.722239971161,1.0,0.2946832276880741,0.8834092020988464,0.6471418097615242,0.0,0.007427630659731241,3.43631574511528,-0.002967789864032966,1e-05,0.0,0.10580375045537949,0.2994344621896744,0.3696686863899231,0.00015644310878997202,0.2249366629868746,4.200920626397716,34.220968254273146,10.059139784946236
515,dynamic_actor_adapt,-3169.0972799658775,1.0,0.29661466628313066,0.882085558772087,0.6469799116253853,0.0,0.010118787057763251,3.533962470293045,-0.003149030614167714,1e-05,0.0,0.10891658533364534,0.30138101801276207,0.3683662161231041,0.00015159997801674762,0.2211845800280571,4.53646264684927,34.124587682272214,10.172043010752688
516,dynamic_actor_adapt,-3132.5889725089073,1.0,0.296244653314352,0.8827159509062767,0.6496049180626869,0.0,0.006377302781038446,3.42875195145607,-0.002916561700112652,1e-05,0.0,0.10993503909558058,0.2987793758511543,0.36777921095490457,0.00015908326695353027,0.22334729842841625,4.403598485075063,34.01420511458309,10.134408602150538
517,dynamic_actor_adapt,-3111.6599802970886,1.0,0.2948155000805855,0.8831826239824295,0.6482400432229042,0.0,0.006729042062033874,3.48965762257576,-0.0034699971874943003,1e-05,0.0,0.10841925665736199,0.3016403570771217,0.36593047007918356,0.00016090353456092997,0.22384901568293572,4.549988069230002,33.983140957437335,9.96236559139785
518,dynamic_actor_adapt,-3094.2353553771973,1.0,0.2961984097957611,0.882483285665512,0.6458251640200615,0.0,0.008869620871882963,3.5580894947052,-0.0030939238808969094,1e-05,0.0,0.10631751194596291,0.2993134520947933,0.36907372400164606,0.0001547433077575988,0.22514057271182536,4.072860305587681,34.34545246204997,9.946236559139784
519,dynamic_actor_adapt,-3058.9921572208405,1.0,0.2958570197224617,0.8827985286712646,0.6465511292219162,0.0,0.007060533291587498,3.5468740344047545,-0.0034550484273495386,1e-05,0.0,0.10435090120881796,0.29774979427456855,0.3692185625433922,0.00015732986521470592,0.2285234123468399,4.250095814982015,34.06959504419183,9.838709677419356
520,dynamic_actor_adapt,-3069.1781470775604,1.0,0.29601365998387336,0.8827083095908165,0.6469323545694351,0.0,0.00748760550577571,3.522162139415741,-0.003412055668013636,1e-05,0.0,0.10669036470353603,0.2991541363298893,0.3680995225906372,0.00015631305359420367,0.2258996691554785,4.1894816635262915,34.46189235391855,9.887096774193548
521,dynamic_actor_adapt,-3109.8826805353165,1.0,0.2966701932251453,0.8826248541474342,0.6496343091130257,0.0,0.004937228396374846,3.5709950983524323,-0.003973359427254764,1e-05,0.0,0.1084983205422759,0.2989090606570244,0.368759535998106,0.0001569527081301203,0.22367612533271314,4.422924666556685,33.9186162437816,10.021505376344086
522,dynamic_actor_adapt,-3050.8222541213036,1.0,0.29798382371664045,0.8815597176551819,0.6486980006098747,0.0,0.002607915850603554,3.432760405540466,-0.0031104676076211036,1e-05,0.0,0.10767824668437243,0.30020484924316404,0.3687675207853317,0.00015714076289441437,0.2231922447681427,4.354835563157722,34.29958582905163,9.801075268817204
523,dynamic_actor_adapt,-3018.3089395165443,1.0,0.2947626657783985,0.8834907427430153,0.648159322142601,0.0,0.004097802455180433,3.517129635810852,-0.002954398153087823,1e-05,0.0,0.10807268004864454,0.2987670376896858,0.36816188395023347,0.00015168630216066958,0.22484671100974082,4.282027574831503,34.357372470819755,9.623655913978494
524,dynamic_actor_adapt,-3157.915360927582,1.0,0.2980655416846275,0.8813171163201332,0.6474065378308296,0.0,0.003800239143674844,3.479824310541153,-0.002923505408307392,1e-05,0.0,0.10692387539893389,0.29929737448692323,0.3695301041007042,0.00015324692849389977,0.224095394089818,4.300508385695095,34.3199572802339,10.166666666666666
525,dynamic_actor_adapt,-3112.172704398632,1.0,0.2955938458442688,0.8824575662612915,0.6479169815778733,0.0,0.003374537192758026,3.5965573251247407,-0.0029048431053524835,1e-05,0.0,0.1070060295984149,0.30072221606969834,0.3678428381681442,0.00016093380472739227,0.22426798269152642,4.229849510904512,34.28028494707748,10.064516129032258
526,dynamic_actor_adapt,-3111.9265251755714,1.0,0.29454445540905,0.8839154347777367,0.6488575398921966,0.0,0.005821992687015188,3.489993119239807,-0.003208330731285969,1e-05,0.0,0.10725169219076633,0.3000726617872715,0.37050817236304284,0.000153768537529686,0.22201370634138584,4.376576635974808,34.25288268771644,10.03763440860215
527,dynamic_actor_adapt,-3030.8850940465927,1.0,0.29749957025051116,0.8817012354731559,0.6478125348687171,0.0,0.004207548480917436,3.616289812326431,-0.0031755842428538017,1e-05,0.0,0.10706199258565903,0.2993179902434349,0.36934876888990403,0.00015408144372486277,0.22411716729402542,4.223261636037499,34.08705768311408,9.752688172043012
528,dynamic_actor_adapt,-2984.325381875038,1.0,0.2961384549736977,0.8830937355756759,0.6504032567143441,0.0,0.00702005705225017,3.3971096336841584,-0.002979031147697242,1e-05,0.0,0.10872530434280633,0.30042723938822746,0.37008486688137054,0.0001554511061840458,0.2206071387976408,4.198376634184564,33.881046110889855,9.526881720430108
529,dynamic_actor_adapt,-3021.267603993416,1.0,0.2972728215157986,0.881874293088913,0.6466128990054131,0.0,0.00906150639384575,3.6334609627723693,-0.00307261161506176,1e-05,0.0,0.10630637668073177,0.300058950483799,0.3683413311839104,0.0001566955426824279,0.22513664849102497,4.353028551936116,33.97251973548361,9.672043010752688
530,dynamic_actor_adapt,-3155.939637720585,1.0,0.2992082417011261,0.8811218366026878,0.6482400059700012,0.0,0.0038424145352109946,3.5233090698719023,-0.0028193327567350933,1e-05,0.0,0.10817140340805054,0.300041401386261,0.36839751303195956,0.00015586294812237612,0.22323382422327995,3.816225390374713,33.995401831532625,10.344086021505376
531,dynamic_actor_adapt,-2977.045862734318,1.0,0.2972091607749462,0.8826055094599724,0.6507430016994477,0.0,0.005646216213972361,3.648610842227936,-0.003017913977146236,1e-05,0.0,0.10744694489985704,0.2979427494108677,0.3706557065248489,0.00015685936668887734,0.22379774004220962,3.8933172176579443,34.08899189629297,9.521505376344086
532,dynamic_actor_adapt,-2955.043514609337,1.0,0.296201279014349,0.8824835747480393,0.6484989926218987,0.0,0.004425202841593973,3.4153680860996247,-0.0036957545729819686,1e-05,0.0,0.10743478164076806,0.3001497149467468,0.36933125779032705,0.00016249793879978823,0.22292175330221653,3.7456248931081313,33.852581793145966,9.50537634408602
533,dynamic_actor_adapt,-3087.834753513336,1.0,0.30072449892759323,0.880196538567543,0.6497165709733963,0.0,0.004211261816271819,3.7079822599887846,-0.002691214402329933,1e-05,0.0,0.10954040735960006,0.3000477746129036,0.36822888627648354,0.00015950211254676106,0.22202342487871646,3.8925692296098187,34.096529603464695,9.956989247311828
534,dynamic_actor_adapt,-3020.140636563301,1.0,0.30002199336886404,0.880511349439621,0.6503321021795273,0.0,0.00237095348657024,3.443515956401825,-0.00312712356535485,1e-05,0.0,0.1097361957654357,0.29886697679758073,0.36886920779943466,0.00015482676026294938,0.22237279526889325,3.767628943402058,33.79460154211065,9.693548387096774
535,dynamic_actor_adapt,-3126.4361629486084,1.0,0.29603331089019774,0.8827959418296814,0.6485121518373489,0.0,0.009465971452664212,3.499871826171875,-0.0026086118650709977,1e-05,0.0,0.10673042796552182,0.30141825675964357,0.3710473388433456,0.00015839936349948402,0.22064557522535325,3.597993083847103,33.952929480686485,10.193548387096774
536,dynamic_actor_adapt,-3014.053711235523,1.0,0.2967081040143967,0.8819009706377983,0.6474176317453384,0.0,0.008710432290536068,3.5765678703784944,-0.0033451266528572885,1e-05,0.0,0.10557702053338289,0.3006777107715607,0.36858800128102304,0.00015647519940102937,0.22500079236924647,3.5229484776918314,33.41193324076444,9.688172043010752
537,dynamic_actor_adapt,-2982.802320599556,1.0,0.29709241837263106,0.8817656919360161,0.648644608259201,0.0,0.005691172439219369,3.424787700176239,-0.0036134246067376806,1e-05,0.0,0.10748672876507044,0.2994118109345436,0.3695238821208477,0.000150200808820955,0.22342738322913647,3.808444154015854,33.67020413805732,9.586021505376344
538,dynamic_actor_adapt,-2982.3773815631866,1.0,0.2955953113734722,0.8828582361340522,0.649671383202076,0.0,0.0012253795339347868,3.5441631972789764,-0.0029909551703894977,1e-05,0.0,0.10688966792076826,0.2996612869203091,0.36987728625535965,0.00016001141284505138,0.22341175526380538,3.68921062968265,33.61086694121306,9.612903225806452
539,dynamic_actor_adapt,-3063.9399325847626,1.0,0.294605465978384,0.8827055260539055,0.6462837412953377,0.0,0.007051444946046104,3.428417718410492,-0.0031384098596390687,1e-05,0.0,0.10619712285697461,0.2998616427183151,0.3670466639101505,0.0001574555300976499,0.22673712112009525,3.765206286112906,34.08001832084578,9.870967741935484
540,dynamic_actor_adapt,-3033.9474036693573,1.0,0.2952326737344265,0.8829702228307724,0.6461366578936577,0.0,0.004551239693319112,3.4030211508274077,-0.003416849208201711,1e-05,0.0,0.10620289091020822,0.30069651529192926,0.36848164424300195,0.00015078371234267252,0.22446817420423032,3.6413618192061987,34.11446664679404,9.693548387096774
541,dynamic_actor_adapt,-3115.566857635975,1.0,0.2951198674738407,0.8828626692295074,0.6492966473102569,0.0,0.002121598378471401,3.4571422219276426,-0.0028033373004291207,1e-05,0.0,0.10701944045722485,0.299787912517786,0.3683294467628002,0.00015865442437643651,0.22470455206930637,3.5329161720013285,33.86000824718759,10.080645161290322
542,dynamic_actor_adapt,-3083.046444773674,1.0,0.29686595499515533,0.88196612149477,0.6481951862573624,0.0,0.002459992940384842,3.5662366271018984,-0.003369754356026533,1e-05,0.0,0.10753666032105684,0.29855848997831347,0.3688953943550587,0.000158073365855671,0.22485137395560742,3.6679668166477155,34.09413115640864,9.897849462365592
543,dynamic_actor_adapt,-2990.005212664604,1.0,0.29882887229323385,0.8804148271679878,0.6471601277589798,0.0,0.008688751743466158,3.3862962663173675,-0.0032228993835815346,1e-05,0.0,0.10732664205133916,0.3029028750956059,0.36738006696105,0.00015698563202022343,0.22223344072699547,3.9842585552798093,33.833412538038296,9.612903225806452
544,dynamic_actor_adapt,-3108.6905642151833,1.0,0.2969021059572697,0.8819853484630584,0.6477778524160385,0.0,0.004834750474583441,3.3808933794498444,-0.0027605851046246244,1e-05,0.0,0.10664949771016836,0.30116263777017593,0.3692400887608528,0.0001581404656462837,0.22278963290154935,4.115112874886804,33.839983578432154,10.069892473118278
545,dynamic_actor_adapt,-2980.558660209179,1.0,0.29726242944598197,0.8822195708751679,0.6489874809980393,0.0,0.006081416206143375,3.5286900401115417,-0.003374306749628886,1e-05,0.0,0.10576539654284715,0.2990094222128391,0.37080037221312523,0.0001547507032228168,0.22427005916833878,3.9638157720383433,34.24954975082537,9.564516129032258
546,dynamic_actor_adapt,-2961.6992006897926,1.0,0.29887965470552447,0.8810944184660912,0.6499680772423744,0.0,0.005253886766877272,3.2277360558509827,-0.0024500134197296573,1e-05,0.0,0.10832461584359407,0.2990709751844406,0.3683677203953266,0.00016092347213998438,0.2240757692605257,4.071818393788057,33.9689106823285,9.451612903225806
547,dynamic_actor_adapt,-3030.8411437273026,1.0,0.2955250605940819,0.882680632174015,0.647589561343193,0.0,0.003789579167823881,3.4857260823249816,-0.0026627434519468805,1e-05,0.0,0.107598134316504,0.30046494081616404,0.3688685461878777,0.00015734156095277286,0.2229110449552536,3.947324434008384,33.98750565757889,9.731182795698924
548,dynamic_actor_adapt,-2959.72090113163,1.0,0.2973477207124233,0.8820538550615311,0.6480599448084832,0.0,0.0035020832883674137,3.5857584476470947,-0.003453866168092645,1e-05,0.0,0.10732474774122239,0.3022147700190544,0.36881262734532355,0.00015854994999244809,0.22148930467665195,4.048664288246276,33.580487753629114,9.349462365591398
549,dynamic_actor_adapt,-2897.316784620285,1.0,0.2941997043788433,0.8832452043890953,0.6441942363977432,0.0,0.013019933362193082,3.5330366432666778,-0.0035755706759118765,1e-05,0.0,0.10321903266012669,0.29981376230716705,0.3689570792019367,0.00015530764667346376,0.22785482108592986,3.7742982508580143,33.39954020312857,9.204301075268816
550,dynamic_actor_adapt,-3056.460160970688,1.0,0.29712888300418855,0.8821078732609748,0.6463469251990318,0.0,0.00862875364236965,3.4647146999835967,-0.0030840367970085937,1e-05,0.0,0.1067322313785553,0.3006149403750896,0.368952676653862,0.00015276096855814102,0.22354739345610142,4.097323047419023,34.151835913447,9.833333333333332
551,dynamic_actor_adapt,-3008.4091969132423,1.0,0.2962698735296726,0.8824188962578774,0.6496785461902619,0.0,0.0050131928492191695,3.433895820379257,-0.002973619986732956,1e-05,0.0,0.10817591510713101,0.3000194579362869,0.3700121156871319,0.00015622887294739485,0.2216362737119198,3.8196220414093465,33.54252808005984,9.612903225806452
552,dynamic_actor_adapt,-3033.912776052952,1.0,0.2980998456478119,0.8815360620617867,0.6479610800743103,0.0,0.007581165467854548,3.4745922327041625,-0.0031983092572772875,1e-05,0.0,0.10621241312474013,0.2983667828142643,0.36983771696686746,0.00015985305653885007,0.22542323917150497,3.5099345557729595,33.34587156966955,9.838709677419356
553,dynamic_actor_adapt,-3064.182076871395,1.0,0.29755134880542755,0.8816750958561897,0.647710494697094,0.0,0.0037767506211820985,3.331075942516327,-0.0031541713782644366,1e-05,0.0,0.10687505397945643,0.2994069032371044,0.37002332881093025,0.0001542693113151472,0.22354044541716575,3.86603700336067,34.22659250261537,9.844086021505376
554,dynamic_actor_adapt,-2994.956476867199,1.0,0.29783902391791345,0.8816137388348579,0.6468293040990829,0.0,0.004202018764226501,3.526818799972534,-0.0030628824322775474,1e-05,0.0,0.10681256968528033,0.29894376173615456,0.3684479482471943,0.00015778122851770605,0.2256379459053278,3.5214127571983895,33.561243140008216,9.60752688172043
555,dynamic_actor_adapt,-3096.586842954159,1.0,0.299367168545723,0.881198562681675,0.6464551001787185,0.0,0.008693892393966927,3.5077533304691313,-0.0027834553460706958,1e-05,0.0,0.10737686771899461,0.3012925125658512,0.3698818415403366,0.00015655423267162404,0.2212922226637602,3.8570465230075754,33.29419706699289,10.026881720430108
556,dynamic_actor_adapt,-2975.218047142029,1.0,0.29513818845152856,0.8830001771450042,0.6480183348059654,0.0,0.006827433195940033,3.724268490076065,-0.003068061007070355,1e-05,0.0,0.10612163227051497,0.2996699005365372,0.3693459749221802,0.00015708934552094433,0.22470540665090083,3.4781253691491965,33.32442438210643,9.532258064516128
557,dynamic_actor_adapt,-2984.757295012474,1.0,0.2959910474717617,0.8820927917957306,0.6469400689005852,0.0,0.0012538191898784023,3.4890951454639434,-0.002993759863784362,1e-05,0.0,0.10583691708743573,0.2994062103331089,0.36997257396578787,0.00015739845512143801,0.22462690100073815,3.639761379357505,33.52055266532611,9.612903225806452
558,dynamic_actor_adapt,-3000.478418290615,1.0,0.29701161906123164,0.8821197897195816,0.6449647411704064,0.0,0.004915459854964841,3.504518526792526,-0.0033074578757805286,1e-05,0.0,0.10456289052963257,0.3017427422106266,0.3687943108379841,0.00015195987543847878,0.2247481007128954,3.7902057386546075,33.62063040704363,9.64516129032258
559,dynamic_actor_adapt,-3039.164237856865,1.0,0.29434024840593337,0.8831849932670593,0.649003128707409,0.0,0.00519639945923697,3.6507533490657806,-0.0036690325025119817,1e-05,0.0,0.10583003237843513,0.3005264990031719,0.37011888176202773,0.0001584461959282635,0.2233661435544491,3.554398844164449,33.556468595861304,9.82258064516129
560,dynamic_actor_adapt,-3018.914272725582,1.0,0.29695210680365564,0.8818781092762947,0.6481613829731941,0.0,0.0038483667676700887,3.5290122985839845,-0.0030025543775991535,1e-05,0.0,0.10768942050635814,0.3005565986037254,0.3701535753905773,0.0001547179695990053,0.22144568637013434,3.7180735963003113,33.7139670824103,9.688172043010752
561,dynamic_actor_adapt,-2993.516386926174,1.0,0.29635616317391394,0.8828726395964622,0.6489099696278572,0.0,0.0063426993116081935,3.722595065832138,-0.003374546789564192,1e-05,0.0,0.1083463104441762,0.30306932479143145,0.36911774799227715,0.0001564548190799542,0.21931016743183135,3.766633515831798,33.84601238485864,9.623655913978494
562,dynamic_actor_adapt,-3022.4076012969017,1.0,0.2938213683664799,0.883364275097847,0.6491239324212075,0.0,0.016156409034192687,3.682134974002838,-0.0031360459979623556,1e-05,0.0,0.10526137482374906,0.2980760559439659,0.37146019339561465,0.00015992055505194004,0.22504246085882187,3.880470715604286,33.767193259642966,9.672043010752688
563,dynamic_actor_adapt,-2985.6428090929985,1.0,0.2992130972445011,0.8811754822731018,0.6481582432985306,0.0,0.00854037461140253,3.564367985725403,-0.002935151798010338,1e-05,0.0,0.10687522534281016,0.30073238983750344,0.36896596625447275,0.00015895364394964419,0.22326746471226216,3.907580854499584,33.673371194867585,9.467741935483872
564,dynamic_actor_adapt,-3042.8450729846954,1.0,0.2953943066298962,0.8832332387566566,0.6484310686588287,0.0,0.0026498541483305884,3.5388983249664308,-0.003397554254843271,1e-05,0.0,0.1072438856586814,0.2994103103876114,0.3693126395344734,0.00015610339960403508,0.2238770555704832,3.896431247986315,34.0290650884517,9.806451612903226
565,dynamic_actor_adapt,-2932.46942204237,1.0,0.29583674669265747,0.8824944332242012,0.6489616528153419,0.0,0.002934750291024127,3.3515607118606567,-0.0032446548604639245,1e-05,0.0,0.1066788200289011,0.29899872466921806,0.36882191747426984,0.0001586629818120855,0.22534187287092208,3.974296101559724,33.941630789264316,9.338709677419354
566,dynamic_actor_adapt,-2949.664877831936,1.0,0.29778889641165734,0.8817334339022637,0.6464585036039352,0.0,0.003485504971649739,3.426838719844818,-0.002729851461481303,1e-05,0.0,0.10714576877653599,0.30026943907141684,0.3680944971740246,0.00016375551495002584,0.2243265438824892,3.8975772145609855,33.99826997544524,9.408602150537634
567,dynamic_actor_adapt,-2972.115466237068,1.0,0.29943065494298937,0.8809448957443238,0.6479479894042015,0.0,0.005268343216448604,3.5087964117527006,-0.003135395431309007,1e-05,0.0,0.10571127999573945,0.30050699412822723,0.37049111500382426,0.0001618043432245031,0.22312881350517272,3.729519935611277,33.58737002477403,9.526881720430108
568,dynamic_actor_adapt,-2955.207885146141,1.0,0.296701642870903,0.8821032360196114,0.6462173312902451,0.0,0.009085017181496447,3.4998011887073517,-0.002627535098508815,1e-05,0.0,0.10614339970052242,0.29855586141347884,0.36790399104356764,0.00015754976411699317,0.22723919972777368,3.7667938761969797,34.00731519508046,9.35483870967742
569,dynamic_actor_adapt,-2882.2662436962128,1.0,0.29401663318276405,0.8836984440684319,0.6462983340024948,0.0,0.006379519613074117,3.5815984547138213,-0.003302459536416791,1e-05,0.0,0.10543205570429563,0.3007348380982876,0.368914770334959,0.00015209740540740314,0.22476623244583607,4.03842572479452,33.855649830658514,9.026881720430108
570,dynamic_actor_adapt,-2929.3950105905533,1.0,0.2976540230214596,0.8819701358675957,0.647597336769104,0.0,0.006315084220295905,3.5261259496212007,-0.0026308819094992943,1e-05,0.0,0.10848396308720112,0.30016341656446455,0.36901900842785834,0.0001534987193736015,0.22218011654913425,3.9478791384783487,33.975505625718235,9.311827956989248
571,dynamic_actor_adapt,-2826.726827263832,1.0,0.29492480829358103,0.8829808935523034,0.6474719747900963,0.0,0.006168792666358042,3.6350119054317473,-0.00277256040571956,1e-05,0.0,0.10665447488427163,0.29951352849602697,0.3684139885008335,0.000154133778414689,0.2252638779580593,3.8497425521522444,34.34119091600636,8.881720430107528
572,dynamic_actor_adapt,-2917.4360781908035,1.0,0.2983060911297798,0.8815924659371376,0.6454755946993828,0.0,0.004650204506106101,3.445872539281845,-0.0026490094438486266,1e-05,0.0,0.10527962371706963,0.30029966235160827,0.3674637354910374,0.00016294173219648654,0.2267940364778042,3.5315550333762555,33.554536761524474,9.241935483870968
573,dynamic_actor_adapt,-2911.620477616787,1.0,0.29902006685733795,0.8813018694519996,0.643964746594429,0.0,0.0009636764425523025,3.5582503736019135,-0.003006334148813039,1e-05,0.0,0.10560304410755635,0.3004465438425541,0.3669848836958408,0.00015995283756637947,0.22680557034909726,3.7083697535485127,34.29932610327372,9.231182795698926
574,dynamic_actor_adapt,-2902.992650985718,1.0,0.30040154606103897,0.8803373545408248,0.6430770069360733,0.0,0.00452831478487499,3.5781336665153503,-0.0026856010081246495,1e-05,0.0,0.10416151341050864,0.3020359717309475,0.3676596134901047,0.0001572956096424605,0.22598560117185115,3.746070362489806,33.75685250158606,9.220430107526882
575,dynamic_actor_adapt,-2986.8608198165894,1.0,0.2961040213704109,0.882618921995163,0.6473321259021759,0.0,0.006017422674813084,3.6915156841278076,-0.0035252728361228947,1e-05,0.0,0.10716938879340887,0.30185746401548386,0.3662415869534016,0.00015813379868632183,0.22457342632114888,3.7763528729183276,34.205443910286085,9.559139784946238
576,dynamic_actor_adapt,-2892.890514731407,1.0,0.299448698759079,0.8810437396168709,0.6454740151762962,0.0,0.00409617853074451,3.523500829935074,-0.0024089247301162684,1e-05,0.0,0.10583616755902767,0.3014587700366974,0.36828967705369,0.0001564153157232795,0.22425897158682345,3.777764138602482,33.903783907400644,9.064516129032258
577,dynamic_actor_adapt,-2961.152583837509,1.0,0.29695162624120713,0.8819826036691666,0.647343136370182,0.0,0.007876883525022974,3.6232473134994505,-0.0028428292120224797,1e-05,0.0,0.10918170753866434,0.3007243201136589,0.3688825130462646,0.0001564818900078535,0.22105498053133488,4.0014342178979785,33.56508803564396,9.456989247311828
578,dynamic_actor_adapt,-2796.827568769455,1.0,0.2971135310828686,0.8817252367734909,0.6496306613087655,0.0,0.0013191025715059562,3.637308579683304,-0.0036719121970236303,1e-05,0.0,0.10907763242721558,0.30017213225364686,0.3689462333917618,0.00015319227131840307,0.2216508101671934,3.7689932724643347,33.648863223100626,8.768817204301076
579,dynamic_actor_adapt,-2892.700386583805,1.0,0.29722504392266275,0.8821410596370697,0.6464845031499863,0.0,0.008172659355841461,3.646752780675888,-0.0034206573960545938,1e-05,0.0,0.10594066567718982,0.29922276735305786,0.36993156746029854,0.00015347554581239818,0.22475152052938938,3.9267711018276095,33.91344251335765,9.091397849462366
580,dynamic_actor_adapt,-2909.54502761364,1.0,0.2952432431280613,0.8830493494868279,0.6466401353478431,0.0,0.009993990060502283,3.4777185916900635,-0.0022689447258017028,1e-05,0.0,0.10712196994572878,0.3030384607613087,0.36862263530492784,0.00015333201354224003,0.22106360383331775,3.822590569343478,33.76698827563418,9.247311827956988
581,dynamic_actor_adapt,-2896.5877041220665,1.0,0.29397625997662546,0.8836343303322792,0.6488892748951912,0.0,0.003915957737444864,3.4577624261379243,-0.0035140118139679543,1e-05,0.0,0.10599925741553307,0.3022031903266907,0.3696739450097084,0.00016050040685513522,0.22196310050785542,3.761240882955014,33.78971220210577,9.20967741935484
582,dynamic_actor_adapt,-2952.1824699044228,1.0,0.2923183523118496,0.8840554311871529,0.6483619138598442,0.0,0.003543175518098002,3.5821071326732636,-0.003120731266972143,1e-05,0.0,0.10571355614811181,0.3007213443517685,0.37008408531546594,0.00015646373485651567,0.22332455180585384,3.7003763397169145,34.0502848552401,9.403225806451612
583,dynamic_actor_adapt,-2989.6558545827866,1.0,0.29829537943005563,0.8810567080974578,0.646007415652275,0.0,0.0026360739835581764,3.5750616550445558,-0.0026751015766421915,1e-05,0.0,0.10551029704511165,0.3010630920529366,0.36896930634975433,0.00015711741834820714,0.22430018633604049,3.775527407319662,33.68185294595008,9.591397849462366
584,dynamic_actor_adapt,-2850.6059744358063,1.0,0.29597227871417997,0.882585147023201,0.6464816182851791,0.0,0.0023183935454653775,3.5025111377239226,-0.002666972343286034,1e-05,0.0,0.10616020634770393,0.30060497894883154,0.3694785974919796,0.0001562861996717402,0.22359993755817414,3.766680683765867,33.69817661550496,8.983870967741936
585,dynamic_actor_adapt,-2879.927973508835,1.0,0.2970584973692894,0.8825190603733063,0.6470051556825638,0.0,0.005384671104366123,3.4528189420700075,-0.0028595341002073836,1e-05,0.0,0.10666838437318801,0.2979126378893852,0.370258916169405,0.00016092360237962566,0.22499913349747658,3.5435550333460895,33.35157227183891,9.10752688172043
586,dynamic_actor_adapt,-2950.309202373028,1.0,0.2964661717414856,0.8824310436844826,0.6493904277682304,0.0,0.00622169447742639,3.6179498553276064,-0.003221890325221466,1e-05,0.0,0.10608828794211149,0.3004227727651596,0.37085638344287875,0.00016417296501458623,0.22246838696300983,3.7188957693005142,33.67598810400617,9.327956989247312
587,dynamic_actor_adapt,-2912.141575217247,1.0,0.2942424565553665,0.8836269095540047,0.6442597210407257,0.0,0.010333434371568759,3.5921393036842346,-0.0030672336122734125,1e-05,0.0,0.10429540425539016,0.29942672699689865,0.36848234087228776,0.00016042861025198363,0.22763510495424272,3.491198574215457,33.406012685997474,9.231182795698926
588,dynamic_actor_adapt,-2759.5238842964172,1.0,0.29104040637612344,0.8849367409944534,0.6481077209115028,0.0,0.004363452173492946,3.5398167788982393,-0.0034438505555044684,1e-05,0.0,0.10406919457018375,0.29799890965223313,0.37066406235098837,0.00015614350595569704,0.2271116863936186,3.411239287166142,33.282831163969476,8.67741935483871
589,dynamic_actor_adapt,-2897.6589898467064,1.0,0.29927167296409607,0.880641607940197,0.6463759422302247,0.0,0.012500790698504682,3.4807431042194366,-0.0023529303833129235,1e-05,0.0,0.10761089734733105,0.3007044784724712,0.36900057196617125,0.00015926735377433943,0.22252478152513505,3.834939580930711,33.1766344542275,9.123655913978494
590,dynamic_actor_adapt,-2964.2458289265633,1.0,0.2955296918749809,0.8827816843986511,0.646133017539978,0.0,0.006489049402989616,3.522066968679428,-0.0025351116442379864,1e-05,0.0,0.10649172198027372,0.2994748532772064,0.36810521632432935,0.00015890307440713514,0.22576931044459342,3.4847846617299014,33.34322059485818,9.46236559139785
591,dynamic_actor_adapt,-2904.41904014349,1.0,0.29659185335040095,0.8822366967797279,0.6448042169213295,0.0,0.005070612743293184,3.6863514959812163,-0.0031180818878056016,1e-05,0.0,0.10595946833491325,0.30201015770435335,0.36785256415605544,0.00015497775857511442,0.22402283325791358,3.7893878204778284,33.61806400226487,9.172043010752688
592,dynamic_actor_adapt,-2893.7239288687706,1.0,0.29601305946707723,0.8823194116353988,0.6482020810246467,0.0,0.009614555656298845,3.502861225605011,-0.0028771613411663565,1e-05,0.0,0.1078380674123764,0.2987287513911724,0.37078124433755877,0.00015274023062374908,0.22249920070171356,3.8160681275351314,33.43882151168776,9.150537634408602
593,dynamic_actor_adapt,-2872.1388211250305,1.0,0.2963224038481712,0.8818338841199875,0.6466927617788315,0.0,0.008591524144867474,3.5426889955997467,-0.0025343210304129117,1e-05,0.0,0.10436316467821598,0.2980120278894901,0.37067710533738135,0.00016168652109627146,0.22678601332008838,3.72047023659067,33.486381579824766,9.102150537634408
594,dynamic_actor_adapt,-2970.6617315411568,1.0,0.29863208159804344,0.8811714872717857,0.6446327611804008,0.0,0.01007496038510001,3.5367315649986266,-0.0023835357689677037,1e-05,0.0,0.10510012358427048,0.30231254994869233,0.3692443259060383,0.0001613684366020607,0.22318163141608238,3.6683141091032967,33.420513518721116,9.50537634408602
595,dynamic_actor_adapt,-2915.9728216528893,1.0,0.2968146279454231,0.8821626111865044,0.6469465866684914,0.0,0.004693950478394923,3.628553545475006,-0.0038255961408140138,1e-05,0.0,0.10514768194407224,0.3039651833474636,0.36989111378788947,0.00016098925007099752,0.22083503976464272,3.8457400217741062,33.397630308962626,9.241935483870968
596,dynamic_actor_adapt,-2956.763907313347,1.0,0.29818047285079957,0.880989034473896,0.6480581194162369,0.0,0.0073952654684035,3.435975694656372,-0.0027735884096728113,1e-05,0.0,0.10674450527876615,0.3002732954919338,0.37097771763801574,0.00015524351783824386,0.22184924446046353,3.7713484807370565,33.784093924154774,9.376344086021506
597,dynamic_actor_adapt,-2897.6246488690376,1.0,0.296839264780283,0.8826564967632293,0.646903195977211,0.0,0.005098219652245423,3.5827647268772127,-0.002942141655694286,1e-05,0.0,0.10530177429318428,0.3008873723447323,0.36987133473157885,0.0001602144227945246,0.22377930246293545,3.838813943215173,33.325900164118025,9.172043010752688
598,dynamic_actor_adapt,-2925.0972992777824,1.0,0.2975241057574749,0.8817399367690086,0.6450306236743927,0.0,0.008154691692470819,3.5433716773986816,-0.003028475486644311,1e-05,0.0,0.10626713000237942,0.2985461227595806,0.36813524067401887,0.0001626521894650068,0.22688885703682898,3.7836696904640643,33.27878046599959,9.268817204301074
599,dynamic_actor_adapt,-2935.329888701439,1.0,0.29821087047457695,0.881470650434494,0.6475893229246139,0.0,0.007066373037559989,3.6129387736320497,-0.002404744333034614,1e-05,0.0,0.10612490754574537,0.2994547463953495,0.370759803801775,0.00016058383898780447,0.2234999615699053,3.715245505678724,33.488431325929064,9.36021505376344
600,dynamic_actor_adapt,-2825.083629667759,1.0,0.2965506210923195,0.882401967048645,0.6447485595941543,0.0,0.005349593002574676,3.516854226589203,-0.0029606244643218815,1e-05,0.0,0.10448343474417925,0.30044652074575423,0.3697328932583332,0.00015416800597449764,0.22518298104405404,3.695570087895224,33.216910734809474,8.881720430107528
601,dynamic_actor_adapt,-2799.6056534051895,1.0,0.2961864240467548,0.8824838533997535,0.6449306458234787,0.0,0.0022147626958030657,3.5796718060970307,-0.0031172036462521644,1e-05,0.0,0.10419593341648578,0.3002399981021881,0.3691195398569107,0.0001561013727041427,0.22628843300044538,4.049698156089162,33.43309912470189,8.731182795698924
602,dynamic_actor_adapt,-3007.6854460835457,1.0,0.2956008814275265,0.8825312912464142,0.6449632689356803,0.0,0.006849489170963332,3.526073086261749,-0.002554068278368504,1e-05,0.0,0.10446079280227423,0.29899965301156045,0.36693666875362396,0.00015456990968232276,0.22944831512868405,3.8259672233604958,33.170640577532104,9.704301075268818
603,dynamic_actor_adapt,-2879.612386882305,1.0,0.29727268889546393,0.8817849442362785,0.6468616381287575,0.0,0.009543520864644984,3.595024138689041,-0.00310793636017479,1e-05,0.0,0.10409354027360677,0.30022971257567405,0.3704744964838028,0.00015844784429646096,0.2250438120216131,4.169136707011635,33.47115757236546,9.043010752688172
604,dynamic_actor_adapt,-2911.07956802845,1.0,0.29647601693868636,0.8826349899172783,0.6471166983246803,0.0,0.003213302538097179,3.5457347214221953,-0.0030424650562054013,1e-05,0.0,0.10553406067192554,0.2996800608932972,0.37064062207937243,0.00015489249399252002,0.2239903625100851,4.030898007656524,33.404152553703135,9.220430107526882
605,dynamic_actor_adapt,-2952.1086069345474,1.0,0.29689432606101035,0.8820058599114418,0.6464727938175201,0.0,0.004544876968975551,3.3300796151161194,-0.0027049796721257736,1e-05,0.0,0.10479969568550587,0.29814421385526657,0.3713086560368538,0.00015266841510310769,0.22559476941823958,3.823009416421954,33.23846435854423,9.370967741935484
606,dynamic_actor_adapt,-2787.2584694623947,1.0,0.29760888069868086,0.8818609282374382,0.6488910883665084,0.0,0.009705691746785336,3.569723129272461,-0.002855306466881302,1e-05,0.0,0.10863982159644366,0.2991569310426712,0.37004962041974065,0.00015258370258379727,0.22200104109942914,3.839326802921171,33.860125898169024,8.725806451612904
607,dynamic_actor_adapt,-2923.570010781288,1.0,0.29586582630872726,0.8824300959706306,0.6465748995542526,0.0,0.009443201519025043,3.5608069717884065,-0.0027348731509391653,1e-05,0.0,0.10712800081819296,0.30387244522571566,0.3693076282739639,0.0001586727114045061,0.2195332556962967,3.993738675888231,33.67033694009009,9.311827956989248
608,dynamic_actor_adapt,-2876.5560725331306,1.0,0.296144288033247,0.8824292778968811,0.6470251336693764,0.0,0.009975883602419388,3.5199434638023375,-0.0027843463503813837,1e-05,0.0,0.10527324434369803,0.3007394753396511,0.37025357857346536,0.00015845454418013106,0.2235752444714308,3.7657769635140435,33.61503571578272,9.043010752688172
609,dynamic_actor_adapt,-2915.723801612854,1.0,0.29840637668967246,0.8813299432396888,0.6485479772090912,0.0,0.0074110295654463785,3.5242524325847624,-0.003110172699962277,1e-05,0.0,0.10801516491919756,0.30017268285155296,0.37121717557311057,0.00015723935139249078,0.22043774016201495,3.6540413337087645,33.819324890977306,9.231182795698926
610,dynamic_actor_adapt,-2837.3676556944847,1.0,0.296700556576252,0.8819972679018975,0.6476904585957527,0.0,0.006374993780264074,3.380504423379898,-0.0022115966414276043,1e-05,0.0,0.10666974503546953,0.2996336206793785,0.3699151910841465,0.0001562124289193889,0.22362524047493934,3.800219359323287,33.78278673576504,8.935483870967742
611,dynamic_actor_adapt,-2953.502385675907,1.0,0.2977538764476776,0.881683672964573,0.6470351085066796,0.0,0.003883189031694223,3.6312537670135496,-0.0026333241898100824,1e-05,0.0,0.10583997946232557,0.30110738053917885,0.37038302049040794,0.00015042810191516763,0.2225191906094551,3.962277237471578,33.794709401723196,9.387096774193548
612,dynamic_actor_adapt,-2797.1284630298615,1.0,0.2973945885896683,0.8817303150892257,0.6476343154907227,0.0,0.006320226114985411,3.5804276406764983,-0.002494995616143569,1e-05,0.0,0.10711329113692045,0.29843850135803224,0.36989178955554963,0.00016218839336943348,0.22439423464238645,3.8646347753502606,34.08293013563624,8.725806451612904
613,dynamic_actor_adapt,-2868.5810208320618,1.0,0.2972171291708946,0.8821122035384178,0.6457560390233994,0.0,0.005613541979619152,3.69159374833107,-0.0028775139282515736,1e-05,0.0,0.10430951658636331,0.29854973033070564,0.3704859048128128,0.00015919213838060385,0.22649566158652307,3.8531541855311944,33.77399972096544,9.059139784946236
614,dynamic_actor_adapt,-2878.398776292801,1.0,0.2943024650216103,0.8829179182648659,0.6470333427190781,0.0,0.011903478684143909,3.4086407661437987,-0.0027335730392223923,1e-05,0.0,0.10698826555162669,0.30182271748781203,0.36815696731209757,0.00015558259819954402,0.2228764660656452,3.636940990620973,33.833932464320135,9.016129032258064
615,dynamic_actor_adapt,-2876.1247079372406,1.0,0.29824480339884757,0.8813722193241119,0.6452447474002838,0.0,0.011773927809917937,3.607193237543106,-0.002671212228415243,1e-05,0.0,0.10361437015235424,0.29931115731596947,0.37166737467050553,0.0001540741142889601,0.22525302246212958,3.6870852556569487,33.60504045087679,9.123655913978494
616,dynamic_actor_adapt,-2907.5141016840935,1.0,0.296808960288763,0.8817949682474137,0.6454600870609284,0.0,0.003924349704357194,3.5742728888988493,-0.0034387633626465687,1e-05,0.0,0.10512000154703856,0.29903620705008505,0.3699801489710808,0.00015835690319363494,0.2257052820175886,3.834344201984738,34.20670375255805,9.161290322580646
617,dynamic_actor_adapt,-2874.6469935774803,1.0,0.2956572562456131,0.8828897982835769,0.6434400409460068,0.0,0.005189418178269986,3.5014012813568116,-0.0027844397554872558,1e-05,0.0,0.10447040051221848,0.301626343280077,0.36840980872511864,0.00016292926884489133,0.22533051371574403,3.9796164414468578,33.94035690424744,9.043010752688172
618,dynamic_actor_adapt,-2864.0533242225647,1.0,0.2984140634536743,0.8810912102460862,0.6447870269417763,0.0,0.003150133687449852,3.5650849640369415,-0.0027248500706264166,1e-05,0.0,0.10524396635591984,0.30242784693837166,0.36786840558052064,0.00015585280852974391,0.22430392913520336,4.055788412874129,33.754408310412316,8.994623655913978
619,dynamic_actor_adapt,-2887.166809976101,1.0,0.29574768990278244,0.8824177518486976,0.6461179360747338,0.0,0.008148790909581302,3.526519739627838,-0.002555642423249083,1e-05,0.0,0.10416218433529138,0.3002686373889446,0.3719376027584076,0.00016105239610624266,0.22347052656114103,3.8260402035527235,33.474636741511446,9.06989247311828
620,dynamic_actor_adapt,-2852.2232360839844,1.0,0.29947590082883835,0.8808643117547035,0.6473333925008774,0.0,0.007617253800344814,3.5243037045001984,-0.002656141417173785,1e-05,0.0,0.10609597042202949,0.3021418280899525,0.37139918059110644,0.0001627025036214036,0.22020032182335852,4.073482069460433,33.79340718951285,8.951612903225808
621,dynamic_actor_adapt,-2868.7063804864883,1.0,0.29631718471646307,0.8821554973721504,0.6472921028733254,0.0,0.007725449077224814,3.4055741369724273,-0.0024126577060087583,1e-05,0.0,0.10605071634054183,0.29858207404613496,0.3711450889706612,0.00015907650777080562,0.2240630451589823,3.740555343531202,33.97375404616016,9.0
622,dynamic_actor_adapt,-2998.3314284682274,1.0,0.29733273983001707,0.8819593250751495,0.645603957772255,0.0,0.007004291225348391,3.5441844403743743,-0.0024199128871259744,1e-05,0.0,0.10416924078017473,0.3020842172205448,0.3705427207052708,0.00015883451651461656,0.22304498292505742,3.8284690012478224,33.83789519831107,9.543010752688172
623,dynamic_actor_adapt,-2894.084496796131,1.0,0.2997433714568615,0.8802062049508095,0.6459952220320702,0.0,0.00498137068880164,3.8053967714309693,-0.002497323785792105,1e-05,0.0,0.10584148056805134,0.30031750798225404,0.3698205441236496,0.00015704018442193047,0.22386343367397785,3.8498444996789325,33.83214981154691,9.134408602150538
624,dynamic_actor_adapt,-2856.8938329815865,1.0,0.2983041532337666,0.8813578292727471,0.6489133387804031,0.0,0.006259151193626159,3.468653899431229,-0.002745415159733966,1e-05,0.0,0.1081388171762228,0.2999479606747627,0.37065278366208076,0.00015198681012407178,0.22110845930874348,3.676381589342447,33.93450215599589,9.03763440860215
625,dynamic_actor_adapt,-2852.105804979801,1.0,0.29725672453641894,0.8819747999310493,0.6450367942452431,0.0,0.01176413862631305,3.6119350016117098,-0.002744387725397246,1e-05,0.0,0.10408904720097781,0.3012776590883732,0.36882048174738885,0.000153954756569874,0.22565885968506336,3.6948896565408207,33.6462402965831,8.96236559139785
626,dynamic_actor_adapt,-2920.5566915273666,1.0,0.29849550873041153,0.8811515748500824,0.6440864384174347,0.0,0.0036351105403810203,3.3930316984653475,-0.002192426017427351,1e-05,0.0,0.10553468111902475,0.3014847166836262,0.36898104548454286,0.00015825208574824501,0.22384130172431468,3.7316309079990866,33.78580497855955,9.188172043010754
627,dynamic_actor_adapt,-2878.3879199028015,1.0,0.29998755156993867,0.8810969308018685,0.6466735690832138,0.0,0.006626877008056859,3.4864390194416046,-0.0026186923671048133,1e-05,0.0,0.10714206006377935,0.30222669839859007,0.3699450120329857,0.00015836627153476002,0.22052786611020564,4.009632345381849,33.934375473716166,9.064516129032258
628,dynamic_actor_adapt,-2822.048841536045,1.0,0.29599037691950797,0.8827950626611709,0.6465060278773308,0.0,0.005751417773353751,3.473421537876129,-0.0028828276132117025,1e-05,0.0,0.10573244802653789,0.3007652685046196,0.37021779716014863,0.00015369586526503554,0.2231307864189148,3.893285147773421,34.33528632348446,8.844086021505376
629,dynamic_actor_adapt,-2900.6115933656693,1.0,0.29679714813828467,0.882302138209343,0.643845172226429,0.0,0.002108596997277351,3.502367913722992,-0.0025661345756816446,1e-05,0.0,0.10523550827056169,0.30064963549375534,0.3697760745882988,0.00016228208751272176,0.22417650185525417,4.106208204512093,33.895431190678984,9.166666666666666
630,dynamic_actor_adapt,-2886.7481226325035,1.0,0.29839209094643593,0.8815674886107445,0.6489958539605141,0.0,0.01239872319838466,3.4601232945919036,-0.0024358428675895992,1e-05,0.0,0.10762258246541023,0.302260185778141,0.3719778098165989,0.00015751868704683147,0.2179819017648697,4.227733371566341,33.76018579233137,9.06989247311828
631,dynamic_actor_adapt,-2822.802010476589,1.0,0.296209828555584,0.8822586998343468,0.6442374050617218,0.0,0.020623755276028492,3.7444382548332213,-0.0029052917336230165,1e-05,0.0,0.1042670276015997,0.2979285940527916,0.36935747787356377,0.00015311780807678588,0.22829377762973307,3.9534648547319224,33.99342193923411,8.801075268817204
632,dynamic_actor_adapt,-2834.690422654152,1.0,0.30031361505389215,0.8805115818977356,0.6463686600327492,0.0,0.007646076768833168,3.489785248041153,-0.0034506924952438568,1e-05,0.0,0.10667771678417921,0.29933621510863306,0.3691868931055069,0.00015784838305989978,0.22464132644236087,3.935159001585694,33.523248058048345,8.849462365591398
633,dynamic_actor_adapt,-2835.4013546705246,1.0,0.29739886373281477,0.8818951472640038,0.6439953804016113,0.0,0.002016507482221641,3.637527459859848,-0.002892421674914658,1e-05,0.0,0.10566946379840374,0.29942187666893005,0.3692766733467579,0.0001581738077220507,0.2254738137125969,4.091083073005505,33.474374551580226,8.903225806451614
634,dynamic_actor_adapt,-2850.309613585472,1.0,0.29483800157904627,0.8831003487110138,0.6455887988209724,0.0,0.0059636233534547415,3.697158318758011,-0.0030780583212617783,1e-05,0.0,0.10493177697062492,0.3005224823951721,0.3711578778922558,0.00015376546944025903,0.2232340957969427,4.266176771667116,33.512581218789315,8.89247311827957
635,dynamic_actor_adapt,-2788.367133319378,1.0,0.29753646776080134,0.8821663469076156,0.647337692975998,0.0,0.007738225425600836,3.581250810623169,-0.002780533999771251,1e-05,0.0,0.1076653366908431,0.301654040068388,0.37043924257159233,0.00015776352829561803,0.22008362114429475,4.179487621682292,33.5686229923784,8.645161290322582
636,dynamic_actor_adapt,-2856.425790309906,1.0,0.29947021007537844,0.8808195129036903,0.6470434904098511,0.0,0.005272838137352673,3.614005994796753,-0.0027880657955416054,1e-05,0.0,0.10757724773138762,0.30061573907732964,0.36892921328544614,0.0001602624895895133,0.22271754108369352,4.170631589226817,33.85152917658161,9.016129032258064
637,dynamic_actor_adapt,-2856.359038054943,1.0,0.2963362641632557,0.8824596524238586,0.6469342827796936,0.0,0.0039333953567620315,3.6554398357868196,-0.0025041904402314684,1e-05,0.0,0.10576429516077042,0.3004701264202595,0.37070565596222876,0.00015212524031085194,0.22290779128670693,4.015956369725517,33.253207950000416,8.951612903225808
638,dynamic_actor_adapt,-2881.20782238245,1.0,0.2967693112790585,0.8820370078086853,0.6471235871315002,0.0,0.0016460091925182857,3.534035402536392,-0.002944080134329852,1e-05,0.0,0.10543336309492587,0.30063312500715256,0.37135963290929797,0.00015815770784683992,0.22241572216153144,4.072564641068094,33.844117773211025,9.075268817204302
639,dynamic_actor_adapt,-2836.0662237405777,1.0,0.29622821509838104,0.882086506485939,0.6432906076312065,0.0,0.008515225561495757,3.7022598028182983,-0.003131796482375648,1e-05,0.0,0.10459338333457709,0.29968222677707673,0.36889290139079095,0.00016100348148029298,0.2266704924404621,4.096405741657354,33.56041233657949,8.865591397849462
640,dynamic_actor_adapt,-2856.3798182606697,1.0,0.2944199927151203,0.8829932078719139,0.6470290467143058,0.0,0.006039070851329547,3.4035631656646728,-0.0026674716074921887,1e-05,0.0,0.10534908138215542,0.3002510920166969,0.37058786675333977,0.0001516180305770831,0.2236603356897831,3.6780526631190815,33.56349487271189,8.973118279569894
641,dynamic_actor_adapt,-2814.4821413755417,1.0,0.2944808192551136,0.8836092934012413,0.6459749504923821,0.0,0.0032692969627533238,3.62202565073967,-0.0029786013808916325,1e-05,0.0,0.10456198789179325,0.3018773324787617,0.3703874506056309,0.00016002720658434555,0.22301319800317287,4.137757743258399,33.67290577490083,8.758064516129032
642,dynamic_actor_adapt,-2854.739797115326,1.0,0.29660790115594865,0.8821214258670806,0.6456826373934745,0.0,0.009272517042336486,3.658738595247269,-0.0027516387548530475,1e-05,0.0,0.10578793194144964,0.300122557580471,0.3675116956233978,0.0001543029608001234,0.22642351686954498,3.964351390633932,33.5282290668477,8.96774193548387
643,dynamic_actor_adapt,-2782.6454362869263,1.0,0.2939228527247906,0.8839305296540261,0.6475079730153084,0.0,0.004711526850223915,3.584498572349548,-0.0021750335763499606,1e-05,0.0,0.10606675799936056,0.2997824169695377,0.3695817179977894,0.00016121582739287988,0.22440789192914962,4.059949310222629,33.39723066656098,8.655913978494624
644,dynamic_actor_adapt,-2746.8271808624268,1.0,0.2936343178153038,0.8837178587913513,0.6444964796304703,0.0,0.004756375312717842,3.601130264997482,-0.002806309644574867,1e-05,0.0,0.10430662725120783,0.29961629658937455,0.369129778444767,0.0001617342983081471,0.22678555808961393,3.8996195120693846,33.42134519333602,8.564516129032258
645,dynamic_actor_adapt,-2866.459871351719,1.0,0.2934140242636204,0.884112186729908,0.645268352329731,0.0,0.002882675813452759,3.916773200035095,-0.0034383074169454632,1e-05,0.0,0.1036363085731864,0.29885429963469506,0.3705065757036209,0.0001527135209471453,0.2268501002341509,4.017336464551905,33.442896869271856,8.989247311827956
646,dynamic_actor_adapt,-2791.2523351311684,1.0,0.2950919695198536,0.883037494122982,0.6455169901251793,0.0,0.005369774629798496,3.6557866454124452,-0.002856293424338219,1e-05,0.0,0.10452599506825208,0.30064328089356424,0.3689738906919956,0.00015893550589680673,0.2256979003548622,3.9446292438093598,32.986133959616346,8.709677419354838
647,dynamic_actor_adapt,-2757.315709233284,1.0,0.29443008452653885,0.8836843624711037,0.645246060192585,0.0,0.0034847902599722284,3.6043083310127257,-0.0021971809619572014,1e-05,0.0,0.1040985930711031,0.3003641411662102,0.3707162864506245,0.0001564935315400362,0.22466448955237867,4.235945569145605,33.41223823791068,8.53225806451613
648,dynamic_actor_adapt,-2902.180029273033,1.0,0.29748402908444405,0.8818457394838333,0.64684177339077,0.0,0.0036914250378686205,3.532348465919495,-0.002520286051731091,1e-05,0.0,0.10545050408691167,0.2997231438755989,0.3712008409202099,0.00016573863413213986,0.2234597723931074,4.16198153631461,33.47270573319778,9.155913978494624
649,dynamic_actor_adapt,-2859.857020378113,1.0,0.2984526209533215,0.8812082678079605,0.6443067580461502,0.0,0.006973786260277859,3.638895070552826,-0.0024951757513917983,1e-05,0.0,0.10595294144004583,0.30120217204093935,0.36772635355591776,0.00015333231913245983,0.22496519945561885,4.103298166783641,33.107447467813024,9.03763440860215
650,dynamic_actor_adapt,-2918.020428299904,1.0,0.2963984698057175,0.8821149215102195,0.644498111307621,0.0,0.0035857799821314928,3.464509040117264,-0.0030434297885221897,1e-05,0.0,0.10508758723735809,0.3002746358513832,0.3684647150337696,0.00015633056173101068,0.22601672932505606,4.0755527166738945,33.12268774806472,9.172043010752688
651,dynamic_actor_adapt,-2868.0488347411156,1.0,0.29925902783870695,0.8807321637868881,0.6465981841087342,0.0,0.007556492711773883,3.55173898935318,-0.0027939346377024777,1e-05,0.0,0.10732380263507366,0.29940081760287285,0.3700050786137581,0.00015799899574631127,0.2231123022735119,4.168528749102072,33.18152461363242,8.978494623655914
652,dynamic_actor_adapt,-2921.232020199299,1.0,0.2978988379240036,0.8819272607564926,0.6471622973680496,0.0,0.0019008850309546548,3.396076965332031,-0.002114443192840554,1e-05,0.0,0.10714043565094471,0.29925637766718866,0.37094640284776687,0.0001671182832069462,0.2224896676838398,4.132650972473248,33.80639856502135,9.193548387096774
653,dynamic_actor_adapt,-2876.09254103899,1.0,0.29749580919742585,0.8817104026675224,0.6445143088698387,0.0,0.008447439321753333,3.5537602305412292,-0.0025664964152383616,1e-05,0.0,0.10499179214239121,0.3012568913400173,0.36887758523225783,0.00016085783463495317,0.22471287176012994,4.221308420416917,33.69772601877082,9.032258064516128
654,dynamic_actor_adapt,-2857.2594492435455,1.0,0.2953259401023388,0.8836694076657295,0.6446296632289886,0.0,0.004094441530469337,3.5713559985160828,-0.0021989115513861178,1e-05,0.0,0.10453294571489095,0.30330411717295647,0.36883811727166177,0.00015593549942423125,0.2231688927859068,4.519138173701491,33.6171927682173,8.913978494623656
655,dynamic_actor_adapt,-2894.7926790714264,1.0,0.296153250336647,0.8821521133184433,0.6446805611252785,0.0,0.006695870545263443,3.7151504278182985,-0.0025472395471297206,1e-05,0.0,0.10508873015642166,0.29995955228805543,0.36969412937760354,0.00015256555288942764,0.22510503195226192,4.55302736745651,33.63088235544032,9.043010752688172
656,dynamic_actor_adapt,-2853.1999369859695,1.0,0.2972471132874489,0.8822768613696098,0.6490936800837517,0.0,0.008022250923022518,3.6711011469364165,-0.0028891619978821835,1e-05,0.0,0.10853497106581926,0.3005244337022305,0.36964320093393327,0.00015226293016894487,0.2211451344192028,4.270968561929302,33.43165770615101,8.956989247311828
657,dynamic_actor_adapt,-2777.216125369072,1.0,0.29412939846515657,0.8835975155234337,0.6438265651464462,0.0,0.010155238521656377,3.4603503227233885,-0.0030306258762720973,1e-05,0.0,0.10448748394846916,0.30202259719371793,0.3686130687594414,0.00015229285672830884,0.22472456023097037,4.558166438588161,33.516075649159674,8.596774193548388
658,dynamic_actor_adapt,-2810.7541734576225,1.0,0.2976828895509243,0.8820834577083587,0.646262814104557,0.0,0.006734528397282694,3.633299022912979,-0.0030289710842168914,1e-05,0.0,0.10570475291460753,0.3016043372452259,0.3707608260214329,0.00015453120213351212,0.2217755563557148,4.642941122981339,33.090324427576576,8.758064516129032
659,dynamic_actor_adapt,-2825.5048906207085,1.0,0.2959865555167198,0.882298319041729,0.6461463570594788,0.0,0.003368689046146775,3.5248154640197753,-0.0026171739220444577,1e-05,0.0,0.10665616393089294,0.3014865815639496,0.3691954597830772,0.00015330844926211284,0.22250848971307277,4.274230190670924,33.36922917152803,8.82258064516129
660,dynamic_actor_adapt,-2870.487794458866,1.0,0.2993480235338211,0.8811898335814476,0.6472476229071618,0.0,0.005853940491033374,3.6333567619323732,-0.002569288310405682,1e-05,0.0,0.10859387200325728,0.3024732358753681,0.3681000076234341,0.00015591479314025491,0.22067697010934353,4.281965477657359,33.739050799651984,8.96774193548387
661,dynamic_actor_adapt,-2892.518664896488,1.0,0.29658974409103395,0.8823358952999115,0.6479114338755607,0.0,0.004571444269822636,3.4141106605529785,-0.002847012085840106,1e-05,0.0,0.1080083955079317,0.30077299252152445,0.3696005165576935,0.00015611401104251855,0.22146198637783526,4.341107713740793,33.89532171414831,9.080645161290322
662,dynamic_actor_adapt,-2890.916094481945,1.0,0.29754288494586945,0.8819773182272911,0.6464701771736145,0.0,0.0047499353167949985,3.430455595254898,-0.002830530936626019,1e-05,0.0,0.10563342571258545,0.3015285037457943,0.37063222378492355,0.0001630063670745585,0.22204284109175204,4.283812737185547,34.15295131511194,9.032258064516128
663,dynamic_actor_adapt,-2821.91594260931,1.0,0.29999992474913595,0.8807644277811051,0.6459543675184249,0.0,0.0029261452387800676,3.443952590227127,-0.002731667660555104,1e-05,0.0,0.10695730056613684,0.3007606968283653,0.36994058936834334,0.0001593757680893759,0.22218203954398633,4.257878889383459,33.65588032421922,8.801075268817204
664,dynamic_actor_adapt,-2851.1333124637604,1.0,0.29625279977917673,0.8825621649622917,0.6453098058700562,0.0,0.010270654022133369,3.5173921823501586,-0.003222985538741341,1e-05,0.0,0.103799894079566,0.29878740906715395,0.37044623494148254,0.00015473872845177538,0.2268117167055607,4.037961922789927,33.42263545115457,8.956989247311828
665,dynamic_actor_adapt,-2857.642644703388,1.0,0.2966591455042362,0.8825203105807304,0.6470666095614434,0.0,0.004543861836464233,3.5885159611701964,-0.002987464204488788,1e-05,0.0,0.10503372065722942,0.2982718341052532,0.3714830011129379,0.00015608290286763803,0.22505536675453186,4.171745418694284,33.28776379038074,8.994623655913978
666,dynamic_actor_adapt,-2793.0681404471397,1.0,0.2951366424560547,0.8826932519674301,0.6455706909298897,0.0,0.009694043685703983,3.507646346092224,-0.003304822475274705,1e-05,0.0,0.10446910317987204,0.3030747212469578,0.3715208783745766,0.0001623353826289531,0.22077295742928982,4.34278303004586,33.419267521468,8.661290322580644
667,dynamic_actor_adapt,-2806.535663485527,1.0,0.29614342376589775,0.8829452753067016,0.6503516614437104,0.0,0.008844753241100997,3.5495314836502074,-0.002527065670437878,1e-05,0.0,0.10816297233104706,0.2991745129227638,0.37100251093506814,0.00015854035682423274,0.22150147072970866,4.530259387572184,33.67739787774285,8.661290322580644
668,dynamic_actor_adapt,-2844.8582961559296,1.0,0.2961424797773361,0.8825486719608306,0.6445495903491973,0.0,0.008179920971633763,3.6034875988960264,-0.0033833182067610325,1e-05,0.0,0.10432698745280504,0.3002596661448479,0.37075264379382133,0.00015442850781255402,0.22450627461075784,4.353824076287442,33.7508905205933,8.93010752688172
669,dynamic_actor_adapt,-2893.52041721344,1.0,0.2998148545622826,0.8806473419070244,0.6459686532616615,0.0,0.0067133697561075735,3.4377050399780273,-0.0022754068035283127,1e-05,0.0,0.10623103640973568,0.30136689320206644,0.37109309434890747,0.00015938732285576408,0.2211495902389288,4.551764442422042,34.13450850865942,8.96774193548387
670,dynamic_actor_adapt,-2737.434605717659,1.0,0.2958361268043518,0.882756806910038,0.6490843519568443,0.0,0.009823150087140681,3.72085617184639,-0.0035889303195290267,1e-05,0.0,0.10530062969774008,0.2973866887390614,0.37322969883680346,0.0001584246221682406,0.2239245619624853,4.435817629272535,33.633667917884,8.435483870967742
671,dynamic_actor_adapt,-2911.81795668602,1.0,0.29471728280186654,0.8835299342870713,0.6479355216026306,0.0,0.006909636664931854,3.4591803193092345,-0.0024429193184914767,1e-05,0.0,0.1048019178211689,0.3008382052183151,0.3714409522712231,0.0001617260450075264,0.22275720164179802,4.049790801001317,33.859986362950586,9.21505376344086
672,dynamic_actor_adapt,-2803.232492148876,1.0,0.2980111621320248,0.8814692303538323,0.6458888843655586,0.0,0.007775117897290346,3.6616414964199064,-0.003488195059253485,1e-05,0.0,0.10671632699668407,0.3028113514184952,0.368795108795166,0.00016004587123461534,0.2215171627700329,4.323288927342254,33.559917106133675,8.68279569892473
673,dynamic_actor_adapt,-2825.694983661175,1.0,0.2968384735286236,0.8823992222547531,0.6471408516168594,0.0,0.006847350138741609,3.7470085620880127,-0.0030089583603512436,1e-05,0.0,0.1061735948547721,0.2999329939484596,0.37029769718647004,0.00015746161170682171,0.22343825064599515,4.3146995580759055,33.67901688147157,8.731182795698924
674,dynamic_actor_adapt,-2738.590570986271,1.0,0.2980362057685852,0.8818998694419861,0.6495398119091987,0.0,0.00768440642368661,3.5331508576869965,-0.0030362066606357983,1e-05,0.0,0.10821474697440862,0.29939601495862006,0.37209874764084816,0.0001571127664647065,0.22013337463140487,4.550339363875772,33.974234345224595,8.403225806451612
675,dynamic_actor_adapt,-2883.935549080372,1.0,0.2944030076265335,0.8837554648518562,0.6468676924705505,0.0,0.007920412594467,3.4079307913780212,-0.002464185740245739,1e-05,0.0,0.10597329959273338,0.2989929258823395,0.3707830771803856,0.00015832727258384692,0.22409236580133438,4.27952334381631,33.727937770865076,9.129032258064516
676,dynamic_actor_adapt,-2814.3376574516296,1.0,0.2945316478610039,0.8835260406136513,0.6473445549607277,0.0,0.0030916112482372803,3.783890002965927,-0.003017150370578747,1e-05,0.0,0.10556331556290388,0.2995387360453606,0.37178307846188546,0.00015629913068551104,0.22295857816934586,4.267456259741042,33.94716162143658,8.741935483870968
677,dynamic_actor_adapt,-2753.3786348104477,1.0,0.296549391746521,0.8825126752257347,0.6496259793639183,0.0,0.00947512316670327,3.572722280025482,-0.0030469210498267783,1e-05,0.0,0.10927582010626793,0.30055657029151917,0.3697864390909672,0.00016352156671928242,0.22021765559911727,4.449991148118523,34.02997685059296,8.510752688172044
678,dynamic_actor_adapt,-2757.584244966507,1.0,0.2961947456002235,0.8826309040188789,0.645021602511406,0.0,0.013018908141930314,3.7847848653793337,-0.003167384531116113,1e-05,0.0,0.10546061769127846,0.2986505411565304,0.3690063625574112,0.00015537158633378568,0.22672710567712784,4.578825435059795,34.00940149733222,8.483870967741936
679,dynamic_actor_adapt,-2877.881788611412,1.0,0.29728612676262856,0.8821455866098404,0.649217602610588,0.0,0.011793466158815106,3.555821967124939,-0.0026833547199203167,1e-05,0.0,0.10835558380931616,0.30092779248952867,0.36972893252968786,0.00015731811072328128,0.22083037346601486,4.495822292618889,33.99488431600683,9.026881720430108
680,dynamic_actor_adapt,-2905.958406627178,1.0,0.29427710399031637,0.8835265472531318,0.6443558827042579,0.0,0.008698527087290154,3.565429311990738,-0.002366808857914293,1e-05,0.0,0.10487160012125969,0.30006699040532114,0.3702803082764149,0.00015284241580957315,0.22462826333940028,4.246752051517782,33.68955337361576,9.204301075268816
681,dynamic_actor_adapt,-2838.880227446556,1.0,0.2948821663856506,0.8830342799425125,0.64736917167902,0.0,0.0030599839328715184,3.581086188554764,-0.0028728142046020367,1e-05,0.0,0.10490048844367265,0.2987196534872055,0.3717773862183094,0.00015686547740187962,0.22444560565054417,4.320486666758548,33.348181453442464,8.849462365591398
682,dynamic_actor_adapt,-2806.95676445961,1.0,0.29718446359038353,0.8824757605791091,0.648564250767231,0.0,0.008613303478887275,3.7263619005680084,-0.0030110636762401555,1e-05,0.0,0.10743487793952226,0.30049191489815713,0.3692930549383163,0.00015639032772014617,0.22262375950813293,4.371094199272749,33.53216024032887,8.725806451612904
683,dynamic_actor_adapt,-2834.4931203722954,1.0,0.2975002691149712,0.8814259305596351,0.6435680121183396,0.0,0.008952135527033542,3.5351445198059084,-0.002429542026584386,1e-05,0.0,0.10374132916331291,0.3009679585695267,0.3685105390846729,0.00016216986368817744,0.22661800719797612,4.224233569408757,33.85411908168845,8.919354838709676
684,dynamic_actor_adapt,-2841.7811596393585,1.0,0.2972965188324451,0.8821182876825333,0.6447892308235168,0.0,0.006256593472790001,3.530925363302231,-0.002494546906382311,1e-05,0.0,0.10506555400788783,0.30065749287605287,0.370314609259367,0.00016155510929820592,0.2238007891923189,4.263858022137633,33.73735916101796,8.89784946236559
685,dynamic_actor_adapt,-2787.461716890335,1.0,0.2972680561244488,0.8820523634552956,0.6472377315163612,0.0,0.006101274034881535,3.642396742105484,-0.0033128069211670664,1e-05,0.0,0.10642858520150185,0.2978453733026981,0.37200221344828605,0.00015731245912320446,0.2235665127635002,4.558553857455028,33.91773782956221,8.60215053763441
686,dynamic_actor_adapt,-2842.103333592415,1.0,0.29819210097193716,0.8818348556756973,0.6465269804000855,0.0,0.007481296656260375,3.6439105749130247,-0.0026559451755019834,1e-05,0.0,0.10595631096512079,0.30158602371811866,0.3716022565960884,0.00015533086771029047,0.22070007920265197,4.625625162814904,33.48158825420208,8.876344086021506
687,dynamic_actor_adapt,-2700.9014348983765,1.0,0.2968056507408619,0.8820593222975731,0.6459731727838516,0.0,0.009568506597497611,3.7373096525669096,-0.0028269802437989712,1e-05,0.0,0.10484275817871094,0.29905430749058726,0.37046420872211455,0.00015439290764334145,0.22548433095216752,4.749271993151296,34.04148309460063,8.263440860215054
688,dynamic_actor_adapt,-2787.128049969673,1.0,0.2965858347713947,0.8824967205524444,0.6470756217837333,0.0,0.005949373405201177,3.581982910633087,-0.003007471427554265,1e-05,0.0,0.10614334307610988,0.2996299095451832,0.3715625211596489,0.00015458164180017774,0.2225096456706524,4.619752483444751,33.95315710309364,8.586021505376344
689,dynamic_actor_adapt,-2875.9254987239838,1.0,0.29904576390981674,0.8811632111668587,0.6472571521997452,0.0,0.0017630269188884772,3.7367515444755552,-0.0032747698583989403,1e-05,0.0,0.10699681211262942,0.29965218901634216,0.3710429482161999,0.00016034684485930484,0.22214770540595055,4.586034076448522,34.22033361929533,8.983870967741936
690,dynamic_actor_adapt,-2770.922448158264,1.0,0.29650633260607717,0.8826631739735603,0.6464862391352654,0.0,0.003573568715182776,3.602849507331848,-0.003281743494426337,1e-05,0.0,0.10621426310390233,0.3005391635000706,0.3700455702841282,0.00015348952565545914,0.2230475153774023,4.477845530109029,33.916264773638645,8.553763440860216
691,dynamic_actor_adapt,-2739.9577540159225,1.0,0.2958832398056984,0.8827500075101853,0.6425127401947975,0.0,0.008665809742342424,3.5670747339725493,-0.0026847143526538275,1e-05,0.0,0.10423612724989653,0.29954212307929995,0.3686878405511379,0.00015766926335345489,0.22737623937427998,4.354236774501051,34.17502292867858,8.46774193548387
692,dynamic_actor_adapt,-2867.6797174811363,1.0,0.29834623262286186,0.8812465697526932,0.6452795624732971,0.0,0.006241063235393129,3.63969424366951,-0.003064132264989894,1e-05,0.0,0.10642647333443164,0.2993145570158958,0.36961762607097626,0.00015807012514414964,0.22448327466845514,4.399867621773942,34.04647071583626,8.994623655913978
693,dynamic_actor_adapt,-2748.023519515991,1.0,0.2990421183407307,0.8809365943074227,0.645082277059555,0.0,0.009567616635467891,3.7169211149215697,-0.0034981073600647505,1e-05,0.0,0.10770587008446456,0.30281063765287397,0.3692950263619423,0.00016640056110190927,0.22002206556499004,4.636964000016075,33.61070860371558,8.489247311827958
694,dynamic_actor_adapt,-2754.7084732055664,1.0,0.2963236138224602,0.8824422240257264,0.6452421307563782,0.0,0.015662984359914825,3.818473255634308,-0.002960479493776802,1e-05,0.0,0.1041939852759242,0.29849967285990714,0.3716117762029171,0.0001577580776938703,0.22553680799901485,4.157275514835844,33.905958429107294,8.553763440860216
695,dynamic_actor_adapt,-2732.8424515128136,1.0,0.2974162109196186,0.881369149684906,0.6434339493513107,0.0,0.00433561185000145,3.607778453826904,-0.003174295889948553,1e-05,0.0,0.10472406260669231,0.29933092966675756,0.3694463953375816,0.00015533554378635017,0.22634328231215478,4.428789627368205,33.8611256123201,8.39247311827957
696,dynamic_actor_adapt,-2793.789197385311,1.0,0.2987013593316078,0.8809360817074776,0.6445595175027847,0.0,0.0024766689963143657,3.4670827388763428,-0.0025380241333550655,1e-05,0.0,0.10509627014398575,0.30019705593585966,0.3685178250074387,0.00015397703700728015,0.22603487595915794,4.5903141503892595,33.797143016511434,8.655913978494624
697,dynamic_actor_adapt,-2744.5021761655807,1.0,0.29535247310996054,0.8827979698777199,0.6442604258656501,0.0,0.005846733260295861,3.630220776796341,-0.00296581025904743,1e-05,0.0,0.10434031095355749,0.2983891874551773,0.371439029276371,0.00015613978721376042,0.22567533738911152,4.289775813369927,34.004145292191126,8.403225806451612
698,dynamic_actor_adapt,-2753.1093294024467,1.0,0.2953795924782753,0.8828168466687203,0.6458036631345749,0.0,0.0062296521242388185,3.587255543470383,-0.00283408805844374,1e-05,0.0,0.10648542400449515,0.29935524314641954,0.37002878710627557,0.0001597947019035928,0.2239707510918379,4.3539856258552705,33.70752527288964,8.456989247311828
699,dynamic_actor_adapt,-2847.5729736089706,1.0,0.2979479655623436,0.8821202084422112,0.647574882209301,0.0,0.004265854032382726,3.7579525232315065,-0.0030273909302195533,1e-05,0.0,0.10718025416135787,0.29972962141036985,0.3710925057530403,0.00015797816686244915,0.2218396406620741,4.477585336525837,34.31456562394748,8.89784946236559
700,dynamic_actor_adapt,-2802.7090839743614,1.0,0.296158941090107,0.8822789013385772,0.6439509347081185,0.0,0.009129161168493698,3.5664011180400848,-0.0029865369239814752,1e-05,0.0,0.10409080106765031,0.29931732937693595,0.3700296700000763,0.00015851457574171944,0.22640368454158305,4.4115897190422455,33.93978419440845,8.67741935483871
701,dynamic_actor_adapt,-2765.509203672409,1.0,0.29644327983260155,0.8822504237294198,0.6457813858985901,0.0,0.007855970171476625,3.4881170868873594,-0.0022834250668893217,1e-05,0.0,0.10569348260760307,0.2992586560547352,0.3723520070314407,0.00016148171471286332,0.22253437340259552,4.738427013777521,34.011201843836595,8.53763440860215
702,dynamic_actor_adapt,-2773.3089738488197,1.0,0.29671703204512595,0.8824720129370689,0.6469981282949447,0.0,0.003019129532367526,3.78554744720459,-0.0035087181706330737,1e-05,0.0,0.10655554737895727,0.29990615993738173,0.3713057182729244,0.00015923364080663304,0.2220733493566513,4.563527755430869,33.996496834584526,8.543010752688172
703,dynamic_actor_adapt,-2781.1745324134827,1.0,0.2959597624838352,0.8825102999806405,0.6461533144116401,0.0,0.006594417396991034,3.4951535284519197,-0.0031205683735606726,1e-05,0.0,0.10540919844061136,0.2997425675392151,0.36932770907878876,0.00014997092621342744,0.2253705535084009,4.496046564537888,33.98241398777889,8.629032258064516
704,dynamic_actor_adapt,-2732.975793302059,1.0,0.29341809302568433,0.883786441385746,0.6465331122279168,0.0,0.005492830683942887,3.6028760969638824,-0.002971644090212067,1e-05,0.0,0.1055281700566411,0.30123150572180746,0.37045379132032397,0.0001623974119866034,0.22262414135038852,4.422579744862118,34.12403812150226,8.424731182795698
705,dynamic_actor_adapt,-2754.673350572586,1.0,0.29479656293988227,0.8830141648650169,0.6468010887503624,0.0,0.007876192919684392,3.4974493622779845,-0.002795450643316144,1e-05,0.0,0.10657086726278067,0.29734154120087625,0.37041243612766267,0.0001556217126562842,0.2255195416510105,4.37960002359247,33.644668210737954,8.526881720430108
706,dynamic_actor_adapt,-2659.312935233116,1.0,0.2965187631547451,0.8819776087999344,0.6452065706253052,0.0,0.0033733315216523284,3.7211298286914825,-0.00307434890892182,1e-05,0.0,0.10490303449332714,0.2987918145954609,0.3703946344554424,0.00015458483303518734,0.2257559284567833,4.310724723977188,33.55754354136948,8.102150537634408
707,dynamic_actor_adapt,-2790.7724797725677,1.0,0.2941086761653423,0.883922453224659,0.64858258664608,0.0,0.006514613898252797,3.6009162425994874,-0.003137267393321963,1e-05,0.0,0.10509035401046277,0.29752463698387144,0.3734562560915947,0.00016295538316626334,0.22376580387353898,4.430262492940227,33.392039506645474,8.612903225806452
708,dynamic_actor_adapt,-2751.9541407823563,1.0,0.29662827104330064,0.882135209441185,0.646682770550251,0.0,0.0023881035729572814,3.7176876842975615,-0.0030151310376822947,1e-05,0.0,0.1053554879501462,0.2974158950150013,0.3723831452429295,0.00015075274186528986,0.2246947180479765,4.510635428504696,33.32805518897059,8.478494623655914
709,dynamic_actor_adapt,-2838.690446972847,1.0,0.29636350274086,0.8824542060494422,0.648588053882122,0.0,0.004716320589795928,3.7014333486557005,-0.0028628861735342072,1e-05,0.0,0.1075341111049056,0.297588225454092,0.37081408649683,0.00015795994240761502,0.22390561699867248,4.515376854814837,33.321328262883064,8.85483870967742
710,dynamic_actor_adapt,-2757.2616545557976,1.0,0.2971178688108921,0.8822990551590919,0.6476471513509751,0.0,0.0075748618188299895,3.475846391916275,-0.0026426965629070764,1e-05,0.0,0.10767331458628178,0.3012358330190182,0.37048664018511773,0.00015857624130148905,0.22044562883675098,4.377122507261162,33.511185878346176,8.53225806451613
711,dynamic_actor_adapt,-2779.3637812137604,1.0,0.2964977763593197,0.8825583204627037,0.6487632647156716,0.0,0.005902267957026133,3.7738882124423982,-0.002951786511403043,1e-05,0.0,0.10743239428848028,0.301755241304636,0.37291246876120565,0.00016447762445750413,0.21773541942238808,4.250955621148202,33.732265076135334,8.629032258064516
712,dynamic_actor_adapt,-2754.212555706501,1.0,0.2954240761697292,0.8828194081783295,0.6471511051058769,0.0,0.013438801225311164,3.6021528005599976,-0.0032713803670048947,1e-05,0.0,0.10451731737703085,0.29966876953840255,0.3711989991366863,0.00016009468999982345,0.22445481941103934,4.2274887163436246,33.56723765175089,8.516129032258064
713,dynamic_actor_adapt,-2754.918790459633,1.0,0.2961323454976082,0.8822581827640533,0.6460004091262818,0.0,0.003163397282878544,3.624282348155975,-0.003233785531756439,1e-05,0.0,0.10541687123477458,0.2994739726185799,0.37188114151358603,0.00015685427551943577,0.2230711556971073,4.298088726274779,33.716326960028745,8.516129032258064
714,dynamic_actor_adapt,-2718.4263731241226,1.0,0.2952372319996357,0.8829034820199013,0.6464840456843376,0.0,0.0011858365656735315,3.7373828887939453,-0.0036982815072406083,1e-05,0.0,0.10542110782116651,0.29888362213969233,0.3721000090241432,0.00015428855913341978,0.22344097197055818,4.070754260218954,33.53204284865886,8.290322580645162
715,dynamic_actor_adapt,-2774.757017493248,1.0,0.2955758810043335,0.8834373116493225,0.6468429327011108,0.0,0.002335772267724684,3.5199399888515472,-0.002670311449037399,1e-05,0.0,0.10604029893875122,0.2994323201477528,0.3716378688812256,0.00015221266421576728,0.22273730486631393,4.134696388494186,33.782262955043336,8.634408602150538
716,dynamic_actor_adapt,-2777.044380366802,1.0,0.29580326974391935,0.8825467750430107,0.6476511299610138,0.0,0.003002579831809268,3.7582588315010073,-0.002972685128770536,1e-05,0.0,0.1059040816500783,0.2989223048090935,0.37078281193971635,0.0001540434072012431,0.22423676438629628,4.007057415487827,33.660294306801106,8.634408602150538
717,dynamic_actor_adapt,-2776.435648918152,1.0,0.29895548298954966,0.8807443350553512,0.6442301839590072,0.0,0.006164935270499003,3.54891813993454,-0.002893496230899473,1e-05,0.0,0.10592188127338886,0.30198430716991426,0.3681904561817646,0.00015670758784835925,0.22374665103852748,4.385929854933047,33.52167796336489,8.623655913978496
718,dynamic_actor_adapt,-2755.4391599297523,1.0,0.29549571201205255,0.8827121168375015,0.6468434110283852,0.0,0.0046096554839095945,3.599924635887146,-0.003116659482839168,1e-05,0.0,0.10577296018600464,0.29982840046286585,0.36993580386042596,0.00015756877000967507,0.22430526986718177,4.455892446743406,33.854273732904346,8.548387096774194
719,dynamic_actor_adapt,-2839.7521896362305,1.0,0.2972020529210567,0.8823413193225861,0.6518727764487267,0.0,0.013675637700543978,3.4913524746894837,-0.002785661295820319,1e-05,0.0,0.1092616891488433,0.30029378086328506,0.3728195123374462,0.0001570770606122096,0.21746794171631337,4.5379092359311555,33.6175906534841,8.85483870967742
720,dynamic_actor_adapt,-2755.1969077587128,1.0,0.2968475162982941,0.8820576176047326,0.6477049916982651,0.0,0.012204483541609083,3.8756364226341247,-0.0029823967895936223,1e-05,0.0,0.10710433665663004,0.2969543054699898,0.3722140997648239,0.0001582237226102734,0.22356903813779355,4.263866000289157,33.688119743109645,8.473118279569892
721,dynamic_actor_adapt,-2735.9582281708717,1.0,0.29388338699936867,0.883602075278759,0.6483409032225609,0.0,0.0074162868429994006,3.4961788415908814,-0.0028536175494082274,1e-05,0.0,0.10663897693157195,0.3006624445319176,0.3716707043349743,0.00015062677339301446,0.2208772424608469,4.104565398901988,34.09625403948364,8.43010752688172
722,dynamic_actor_adapt,-2703.672725558281,1.0,0.2976420193910599,0.8821439534425736,0.6458962842822075,0.0,0.007000533308382695,3.6333487808704374,-0.0030179800698533652,1e-05,0.0,0.10635034050792455,0.3041575327515602,0.36911277920007707,0.00015580753788526635,0.2202235396951437,3.9971200009681587,33.706270078729986,8.306451612903226
723,dynamic_actor_adapt,-2823.5701093673706,1.0,0.2941726967692375,0.8831042766571044,0.648926705121994,0.0,0.01673220021930318,3.607602906227112,-0.0023434075403201858,1e-05,0.0,0.10564019307494163,0.2965033583343029,0.37356467470526694,0.00015402742374135415,0.22413774244487286,4.157411021970385,33.28922108925487,8.849462365591398
724,dynamic_actor_adapt,-2759.691434919834,1.0,0.29925396740436555,0.8805049791932106,0.646677377820015,0.0,0.007149488711911525,3.345860779285431,-0.0029763134152744897,1e-05,0.0,0.10676720663905144,0.29894880428910253,0.3702952809631824,0.00015631423993909266,0.22383239381015302,4.41386730297866,33.63086365886085,8.478494623655914
725,dynamic_actor_adapt,-2677.8597651720047,1.0,0.2938814230263233,0.8834360376000404,0.64803476780653,0.0,0.004804331178820656,3.4949252367019654,-0.002867953001987189,1e-05,0.0,0.10562281124293804,0.2993050292134285,0.3723412245512009,0.00015447532205143945,0.22257646545767784,4.248565506475458,33.700824149577606,8.188172043010752
726,dynamic_actor_adapt,-2807.2287868857384,1.0,0.2966285288333893,0.8820519506931305,0.6486363932490349,0.0,0.007760019845045529,3.6519003808498383,-0.002778444786963519,1e-05,0.0,0.1084359334781766,0.30036947280168536,0.3714212469756603,0.0001569191708767903,0.21961643286049365,4.123281549389817,34.028967226360365,8.736559139784946
727,dynamic_actor_adapt,-2770.6429223418236,1.0,0.2966406293213367,0.8818983107805252,0.6444147989153862,0.0,0.014522649265745726,3.6512302815914155,-0.0024557349155656994,1e-05,0.0,0.10453577321022749,0.29996625855565073,0.36846649572253226,0.00015371736590168438,0.2268777545541525,4.031510026163622,34.08308396316765,8.586021505376344
728,dynamic_actor_adapt,-2836.6644638180733,1.0,0.2957943305373192,0.8827084794640541,0.6478481397032738,0.0,0.009031216664698171,3.569706827402115,-0.002715961086505558,1e-05,0.0,0.10513392761349678,0.2989378832280636,0.37238339632749556,0.00015426913214469095,0.22339051999151707,4.049871061335368,34.05769461037432,8.9247311827957
729,dynamic_actor_adapt,-2698.799819648266,1.0,0.2949226513504982,0.8836732238531113,0.6478443399071694,0.0,0.0026776690399855666,3.594965583086014,-0.0029823171149473636,1e-05,0.0,0.10601846557110547,0.2993921771645546,0.37115423157811167,0.0001505682061178959,0.22328454852104188,3.9263666029843005,34.01915848236568,8.24731182795699
730,dynamic_actor_adapt,-2746.8723573088646,1.0,0.2938137143850327,0.8836742922663688,0.6455436825752259,0.0,0.006550227233674338,3.4707654058933257,-0.002499381745928986,1e-05,0.0,0.10396724380552769,0.2984746776521206,0.3708478443324566,0.0001542587930089212,0.22655597664415836,3.7927316520714003,33.6059263146048,8.521505376344086
731,dynamic_actor_adapt,-2763.943030536175,1.0,0.2952870674431324,0.8822986006736755,0.6439992755651474,0.0,0.0024747057999775003,3.607676512002945,-0.0025904878184519475,1e-05,0.0,0.1040354622527957,0.29964381009340285,0.3700114794075489,0.00015231408015097258,0.22615693137049675,3.854860179883307,33.96758928865269,8.634408602150538
732,dynamic_actor_adapt,-2724.4664607048035,1.0,0.29595806896686555,0.882215815782547,0.6469049498438835,0.0,0.0059064970128019315,3.7031724035739897,-0.002584017194749322,1e-05,0.0,0.10636838674545288,0.2984926708042622,0.37062867283821105,0.00015544916896033102,0.22435482665896417,3.8635564589844824,33.83269778161672,8.489247311827958
733,dynamic_actor_adapt,-2761.950603365898,1.0,0.29819229170680045,0.881193858385086,0.64437275826931,0.0,0.006534793066748562,3.5525949239730834,-0.0027731406546081415,1e-05,0.0,0.10586341246962547,0.30175500065088273,0.3694008834660053,0.00016051055972639007,0.22282018847763538,4.247027465250819,33.52879076331512,8.53225806451613
734,dynamic_actor_adapt,-2802.7520783543587,1.0,0.29640527367591857,0.8821777373552322,0.6461825132369995,0.0,0.003877344323700499,3.626130771636963,-0.0029241368036309725,1e-05,0.0,0.10721175968647004,0.2998684361577034,0.36935441195964813,0.00015488093231397215,0.2234105199575424,4.262795257309248,34.020154627759865,8.68279569892473
735,dynamic_actor_adapt,-2750.9832071065903,1.0,0.2977355279028416,0.8815346106886863,0.6471093192696571,0.0,0.00319650932033253,3.5370956122875215,-0.0027818306465633214,1e-05,0.0,0.10616023242473602,0.29992705807089803,0.3708940386772156,0.00015450342252734117,0.2228641640394926,4.103434124085458,33.77165859445637,8.483870967741936
736,dynamic_actor_adapt,-2750.97135078907,1.0,0.29774323776364325,0.882012489438057,0.6471386730670929,0.0,0.0045067217139149575,3.728355622291565,-0.002028969424281968,1e-05,0.0,0.10626982655376196,0.30207082629203796,0.37084597274661063,0.00015291515119315592,0.22066045887768268,4.3137160373678,33.68673150586263,8.478494623655914
737,dynamic_actor_adapt,-2742.137127161026,1.0,0.29820812344551084,0.8815480157732963,0.6458505362272262,0.0,0.008049263304201295,3.560485523939133,-0.0026707540120696647,1e-05,0.0,0.10610737446695566,0.2985332101583481,0.37052141055464743,0.00015857597391004673,0.22467943094670773,4.06683707943371,33.36904276850552,8.451612903225806
738,dynamic_actor_adapt,-2704.5075261592865,1.0,0.29610892161726954,0.8822561740875244,0.6470989495515823,0.0,0.00204918498584446,3.6509349584579467,-0.002929906615827349,1e-05,0.0,0.10662044603377581,0.29831355437636375,0.3697164706885815,0.0001605399696927634,0.22518898472189902,4.398171276544606,33.99068075086152,8.295698924731184
739,dynamic_actor_adapt,-2728.5737134218216,1.0,0.2936412915587425,0.8834946662187576,0.6453797072172165,0.0,0.004875683578211479,3.67099706530571,-0.0027095074445242064,1e-05,0.0,0.10418260749429464,0.2991729497909546,0.37071956843137743,0.0001608467273399583,0.22576402984559535,4.317021885964498,33.88821085399382,8.370967741935484
740,dynamic_actor_adapt,-2752.3778672218323,1.0,0.2977328486740589,0.8812329426407814,0.6455645829439163,0.0,0.003306953290848391,3.707427680492401,-0.0029491915169273853,1e-05,0.0,0.1047191048040986,0.3002060756087303,0.3708034224808216,0.0001592712476849556,0.2241121292114258,4.156790172416026,33.93280741849344,8.548387096774194
741,dynamic_actor_adapt,-2685.4845861792564,1.0,0.295319389551878,0.8830031037330628,0.6471768140792846,0.0,0.00520672415896119,3.7727708399295805,-0.0035474144213367255,1e-05,0.0,0.10732246413826943,0.2983410008251667,0.37079243287444114,0.00015793042675795732,0.2233861695975065,4.164490088976207,33.95633847821987,8.172043010752688
742,dynamic_actor_adapt,-2798.354044318199,1.0,0.2983911417424679,0.8813507705926895,0.6462272331118584,0.0,0.006528603279730283,3.597122812271118,-0.0023016173188807445,1e-05,0.0,0.1044520813971758,0.30001850724220275,0.372376786917448,0.00016037607401813147,0.222992255166173,4.2313780454174,33.59889083363598,8.720430107526882
743,dynamic_actor_adapt,-2738.8388977646828,1.0,0.2978840723633766,0.881732814013958,0.6480599150061608,0.0,0.00693110696192889,3.59279465675354,-0.003219236060976982,1e-05,0.0,0.1072677917778492,0.3006683476269245,0.3716599203646183,0.00015449623260792577,0.2202494453638792,4.477965926777821,34.02288107725218,8.46236559139785
744,dynamic_actor_adapt,-2743.818055689335,1.0,0.294345735758543,0.8834249347448349,0.6482832074165344,0.0,0.0021503779347767844,3.5650507152080535,-0.002561618488834938,1e-05,0.0,0.10692563541233539,0.30122247636318206,0.3709298148751259,0.00015156747831497342,0.22077050395309925,4.378190623891057,33.73889071627233,8.424731182795698
745,dynamic_actor_adapt,-2702.194247364998,1.0,0.2972955994307995,0.882117873430252,0.6465937942266464,0.0,0.005169733879665722,3.573721784353256,-0.0027190516208065673,1e-05,0.0,0.10642452053725719,0.3008969910442829,0.3735103689134121,0.00015588125788781326,0.21901223808526993,4.500574416574405,33.602230630002914,8.295698924731184
746,dynamic_actor_adapt,-2848.689595282078,1.0,0.2948874861001968,0.883366373181343,0.6462525695562362,0.0,0.009687953577667992,3.55567307472229,-0.0025016648934979456,1e-05,0.0,0.10675020702183247,0.29992583245038984,0.3696396566927433,0.0001537726082460722,0.22353052571415902,4.6021622395687745,33.768406890250304,8.93010752688172
747,dynamic_actor_adapt,-2807.7649031877518,1.0,0.295861329883337,0.882606266438961,0.6492909014225006,0.0,0.006111267960295691,3.8191568672657015,-0.0031129248869547154,1e-05,0.0,0.10668793078511954,0.3001080460846424,0.37251308038830755,0.00015157002417254262,0.22053937390446662,4.591951779540539,33.58047713733761,8.666666666666668
748,dynamic_actor_adapt,-2767.287922859192,1.0,0.29834419786930083,0.881208547949791,0.6450667768716812,0.0,0.005770154984929837,3.428530979156494,-0.002679287282808218,1e-05,0.0,0.10638813991099597,0.30252213552594187,0.3699277929961681,0.00015787353040650487,0.22100405767560005,4.5478637592380995,33.61491661766353,8.53225806451613
749,dynamic_actor_adapt,-2787.1949234604836,1.0,0.2956890814006329,0.882559871673584,0.6464557334780693,0.0,0.006433223232124941,3.744398260116577,-0.003826221789495321,1e-05,0.0,0.10554494578391313,0.30014992132782936,0.37091618180274966,0.00015667021743865918,0.22323228046298027,4.27578347109348,33.82751882513883,8.612903225806452
750,dynamic_actor_adapt,-2723.136085689068,1.0,0.2996561422944069,0.8811945885419845,0.6460521191358566,0.0,0.002527151323374771,3.6343219757080076,-0.003064092973363586,1e-05,0.0,0.10680852495133877,0.2995987869799137,0.3705651447176933,0.00015386258583021116,0.2228736873716116,4.376868701668473,33.59541882731906,8.39247311827957
751,dynamic_actor_adapt,-2803.9420385956764,1.0,0.2948477976024151,0.8832144945859909,0.6456346094608307,0.0,0.00407278170696376,3.4639658510684965,-0.0025591800371330465,1e-05,0.0,0.10537274666130543,0.29899968579411507,0.3710926666855812,0.00015234969068842475,0.22438255473971366,4.482000545210684,34.200549634488034,8.688172043010752
752,dynamic_actor_adapt,-2730.0883974432945,1.0,0.29533304572105407,0.8825624004006386,0.6494521379470826,0.0,0.00863152578895098,3.6926141560077665,-0.0025433480791434704,1e-05,0.0,0.10638270378112794,0.2967602305114269,0.3743933230638504,0.00015749826961837244,0.2223062463104725,4.586531500426613,33.77971590192098,8.397849462365592
753,dynamic_actor_adapt,-2700.8173418045044,1.0,0.2963465377688408,0.8824912130832672,0.6477074220776557,0.0,0.0067488086460798236,3.5432944118976595,-0.00285471212991979,1e-05,0.0,0.10699760857969523,0.29933391734957693,0.37101910039782526,0.00015731656349089463,0.22249205894768237,4.300204891458786,34.23027150593691,8.274193548387098
754,dynamic_actor_adapt,-2715.2142171263695,1.0,0.29373559430241586,0.8836977183818817,0.6469399243593216,0.0,0.008257247915571458,3.4557060062885285,-0.002572427484119544,1e-05,0.0,0.10409866273403168,0.29855360090732574,0.3751469194889069,0.00015812331057531991,0.2220426991581917,4.483166683029848,34.08788775862992,8.28494623655914
755,dynamic_actor_adapt,-2706.8094050884247,1.0,0.2965391382575035,0.8821305945515633,0.6445947527885437,0.0,0.009079913689492994,3.6156312108039854,-0.002819263016158402,1e-05,0.0,0.10366985686123371,0.29876842722296715,0.37103875577449796,0.0001551334980831598,0.22636782713234424,4.454628256623169,34.05081237176388,8.28494623655914
756,dynamic_actor_adapt,-2720.529324412346,1.0,0.2961090371012688,0.8824448004364968,0.6459650859236717,0.0,0.005357794497103913,3.497597944736481,-0.002725360471958993,1e-05,0.0,0.1015253134071827,0.3004351891577244,0.37204769998788834,0.0001583231251061079,0.2258334718644619,4.2487806659314575,33.84356485866056,8.39247311827957
757,dynamic_actor_adapt,-2733.140593111515,1.0,0.2973173692822456,0.8815898165106774,0.6457714587450027,0.0,0.008431898793605794,3.634030616283417,-0.0030448137542407492,1e-05,0.0,0.10574025530368089,0.30009037628769875,0.37003566697239876,0.00015933322865748777,0.2239743709564209,4.710571443742296,34.27192730770797,8.408602150537634
758,dynamic_actor_adapt,-2745.1598049998283,1.0,0.29568822458386423,0.8818268671631813,0.6448434606194496,0.0,0.004684989907218512,3.7187299132347107,-0.00268988424577401,1e-05,0.0,0.10340071562677622,0.3010790333151817,0.37007893100380895,0.0001563731051646755,0.22528494000434876,4.473032216852467,34.19104703762042,8.489247311827958
759,dynamic_actor_adapt,-2733.8899700045586,1.0,0.29541997611522675,0.8831563606858254,0.6439662978053093,0.0,0.007058482454704107,3.4897978961467744,-0.002627142323035514,1e-05,0.0,0.10154458936303853,0.2994059234857559,0.37353885248303415,0.0001589758030604571,0.2253516621887684,4.388953138438113,33.841779384570415,8.43010752688172
760,dynamic_actor_adapt,-2792.653464615345,1.0,0.2963264547288418,0.8825350478291512,0.64631866812706,0.0,0.005286683919257501,3.6263176262378694,-0.0032147642217751128,1e-05,0.0,0.10386875737458467,0.2997250959277153,0.3717774644494057,0.00015892510709818452,0.22446975745260717,4.60869003714968,34.42944263567807,8.60752688172043
761,dynamic_actor_adapt,-2730.8931352496147,1.0,0.29340790435671804,0.8834589868783951,0.6434918746352196,0.0,0.007213759458136343,3.507543885707855,-0.0025000524445204066,1e-05,0.0,0.1018250361084938,0.2989733926951885,0.37096979692578314,0.00015513849994022166,0.22807663828134536,4.528058375677243,34.04749127072668,8.397849462365592
762,dynamic_actor_adapt,-2814.1979091763496,1.0,0.29730053469538686,0.8819309175014496,0.6444537863135338,0.0,0.013075537862278008,3.5010508716106417,-0.00283048976198188,1e-05,0.0,0.10547365061938763,0.30178326070308686,0.37104529812932013,0.00015892439514573198,0.22153887003660203,4.61099669167602,34.31541769217429,8.725806451612904
763,dynamic_actor_adapt,-2647.685255229473,1.0,0.29694098234176636,0.8822410926222801,0.646506205201149,0.0,0.004411756107947454,3.631468689441681,-0.002987118612873019,1e-05,0.0,0.10575159005820751,0.2995816648006439,0.3711895927786827,0.00015463933304999956,0.22332251109182835,4.616541274281373,33.969881301674114,7.994623655913978
764,dynamic_actor_adapt,-2693.751827120781,1.0,0.2952963724732399,0.8828705549240112,0.6461409077048301,0.0,0.0020348513828138985,3.582906711101532,-0.0024141243295161983,1e-05,0.0,0.10617389343678951,0.3001767911016941,0.37103613168001176,0.00015397712977573974,0.22245921269059182,4.4795677248374615,34.168811902251846,8.25268817204301
765,dynamic_actor_adapt,-2655.257113993168,1.0,0.2956224329769611,0.8827627986669541,0.6464017689228058,0.0,0.001444332707978807,3.5302091419696806,-0.0031796454866707792,1e-05,0.0,0.10558880623430014,0.3000397063791752,0.3717081755399704,0.00015638202476111473,0.22250692471861838,4.483210713395162,34.06993423027571,8.06989247311828
766,dynamic_actor_adapt,-2749.9758031368256,1.0,0.29692630395293235,0.8822349771857262,0.6493911862373352,0.0,0.009516447663554533,3.635542643070221,-0.0024251817958429456,1e-05,0.0,0.10791541319340467,0.30179619789123535,0.37238074392080306,0.00015894192529231077,0.2177487038075924,4.51145894295222,34.06410675620421,8.46774193548387
767,dynamic_actor_adapt,-2773.0395307540894,1.0,0.2964860938489437,0.8825404539704322,0.6476338461041451,0.0,0.0064321528760046655,3.6651560842990873,-0.0030314229348732623,1e-05,0.0,0.10691568069159985,0.29958293288946153,0.37254042476415633,0.00015586431272822664,0.22080510072410106,4.359774059437595,34.45673775279661,8.60752688172043
768,dynamic_actor_adapt,-2777.0160024762154,1.0,0.29494659081101415,0.8832510650157929,0.6451536566019058,0.0,0.009624676703788271,3.822355854511261,-0.0023873363563325254,1e-05,0.0,0.10448824558407069,0.301199921220541,0.3701555199921131,0.00015785335635882803,0.22399846017360686,4.465133929140721,34.023055224337405,8.596774193548388
769,dynamic_actor_adapt,-2637.901138961315,1.0,0.29684109762310984,0.8821405455470085,0.6456945896148681,0.0,0.0041472039371001634,3.535376787185669,-0.0027551302880965524,1e-05,0.0,0.10446345005184413,0.29915250837802887,0.37143280655145644,0.00015646017236576882,0.22479477599263192,4.454589452502065,34.298085289844266,7.983870967741935
770,dynamic_actor_adapt,-2664.264922916889,1.0,0.2943572551012039,0.8838350012898445,0.6456300839781761,0.0,0.007000305615292732,3.461317402124405,-0.0024640434269713298,1e-05,0.0,0.10526855308562517,0.2965988114476204,0.37048634737730024,0.00016068364566308447,0.22748559899628162,4.4519850113925745,33.679872228287685,8.129032258064516
771,dynamic_actor_adapt,-2665.928816974163,1.0,0.2984555020928383,0.8815057694911956,0.6468899592757225,0.0,0.014344995990541082,3.7363722562789916,-0.00273799073365808,1e-05,0.0,0.10764757376164198,0.3011677496135235,0.3707108907401562,0.0001580675976583734,0.22031572125852109,4.5258375684435865,33.79060846168733,8.139784946236558
772,dynamic_actor_adapt,-2628.7537353634834,1.0,0.2963398970663548,0.882509583234787,0.6469327926635742,0.0,0.011071467663350617,3.3368580043315887,-0.002329363642274984,1e-05,0.0,0.10381225179880857,0.2994702659547329,0.37419771030545235,0.00015513776561419944,0.22236463390290737,4.627447191864247,34.32123373473206,7.962365591397849
773,dynamic_actor_adapt,-2746.6098299622536,1.0,0.2959470123052597,0.8822659358382225,0.6454885974526405,0.0,0.004930542129659485,3.6615209937095643,-0.003281555512512568,1e-05,0.0,0.10512124635279178,0.2992871761322021,0.3719161428511143,0.0001545265389722772,0.22352091297507287,4.5045091646398685,34.10072980777417,8.478494623655914
774,dynamic_actor_adapt,-2656.072713315487,1.0,0.29641214832663537,0.8825817778706551,0.6451881632208825,0.0,0.0029581370046798785,3.486996179819107,-0.0027910047298064455,1e-05,0.0,0.10488260928541422,0.30028113573789594,0.37239883095026016,0.0001569431562529644,0.22228047735989093,4.475003789261025,33.97012646912935,8.096774193548386
775,dynamic_actor_adapt,-2735.836586177349,1.0,0.29549810439348223,0.8826090544462204,0.6461297124624252,0.0,0.007108232005157375,3.573804086446762,-0.002390313250270992,1e-05,0.0,0.10409283135086297,0.3009705752134323,0.36963922083377837,0.00015221390149235958,0.2251451525837183,4.534608155428652,33.64359188086832,8.43010752688172
776,dynamic_actor_adapt,-2727.564290046692,1.0,0.297378733754158,0.8815815731883049,0.6455326467752457,0.0,0.006268497190285438,3.54779052734375,-0.002473729336634278,1e-05,0.0,0.10474510341882706,0.298929513245821,0.3721149615943432,0.00015845842572161927,0.22405197471380234,4.308328323921519,34.248164158559796,8.376344086021506
777,dynamic_actor_adapt,-2725.1027017235756,1.0,0.29866700395941737,0.8812682554125786,0.64757100045681,0.0,0.008043829245980308,3.6631681859493255,-0.003375604331995419,1e-05,0.0,0.1076971909031272,0.2999993346631527,0.3710981659591198,0.0001568791945828707,0.221048429235816,4.327525041097089,33.82866368199703,8.38709677419355
778,dynamic_actor_adapt,-2583.841521322727,1.0,0.2978203147649765,0.8812972009181976,0.6445229992270469,0.0,0.009358649759815277,3.4913692116737365,-0.0027107546193292364,1e-05,0.0,0.1030178688466549,0.3000035732984543,0.3715547285974026,0.00016305373592331306,0.2252607811242342,4.446889423127051,34.067969508012084,7.758064516129032
779,dynamic_actor_adapt,-2714.8270187973976,1.0,0.2951317459344864,0.8827815890312195,0.6453617081046105,0.0,0.009065146343164096,3.7634043037891387,-0.00274535887856473,1e-05,0.0,0.10457407757639885,0.29700731858611107,0.37002386823296546,0.000157591371316812,0.22823714129626752,4.359129255484238,34.044399419131956,8.311827956989246
780,dynamic_actor_adapt,-2687.9749439954758,1.0,0.2942619495093822,0.8833345994353294,0.6461042746901512,0.0,0.009591244283365089,3.428394544124603,-0.0023883331497927427,1e-05,0.0,0.10331758260726928,0.2998104453086853,0.3720138408243656,0.0001601179854333168,0.22469801791012287,4.3739937941250915,34.20126807923482,8.139784946236558
781,dynamic_actor_adapt,-2709.8254855275154,1.0,0.2948025166988373,0.8830715134739876,0.6455771490931511,0.0,0.0030190902189133452,3.5779869079589846,-0.0026381046664027963,1e-05,0.0,0.10436905696988105,0.2983917877078056,0.3719300627708435,0.0001530076742710662,0.2251560878008604,4.36260376939878,34.479848307082605,8.36021505376344
782,dynamic_actor_adapt,-2771.17421323061,1.0,0.2983411677181721,0.8814370945096016,0.6437921911478043,0.0,0.0037283613264662728,3.7024572134017943,-0.002611006513234315,1e-05,0.0,0.10283053629100322,0.2992493540048599,0.37293331772089006,0.00015637001997674814,0.2248304307460785,4.1983139035824495,33.940167105074885,8.56989247311828
783,dynamic_actor_adapt,-2736.8230897784233,1.0,0.2943755410611629,0.8836302608251572,0.6459444507956504,0.0,0.007823837501018758,3.7631423652172087,-0.003294009757519234,1e-05,0.0,0.10486294124275446,0.3011223778128624,0.37097946777939794,0.00016285253641399323,0.2228723544627428,4.485045220172565,33.99260959431091,8.397849462365592
784,dynamic_actor_adapt,-2678.0870202183723,1.0,0.2946781516075134,0.8832481145858765,0.64564348757267,0.0,0.00615618741703656,3.6260314106941225,-0.00343436495095375,1e-05,0.0,0.10345517564564943,0.2994582049548626,0.37237644046545026,0.00015669918939238415,0.22455347739160061,4.240480006242951,34.19920987715825,8.209677419354838
785,dynamic_actor_adapt,-2729.5758749842644,1.0,0.29453085362911224,0.8837365105748176,0.6455054447054863,0.0,0.003744129249935171,3.6236770391464233,-0.0030695255834871206,1e-05,0.0,0.10408114064484834,0.2986834987998009,0.3712790824472904,0.00015741832885396434,0.22579885832965374,4.339858432964908,34.84626236032675,8.397849462365592
786,dynamic_actor_adapt,-2677.1864318847656,1.0,0.29441870376467705,0.8831660509109497,0.6484958082437515,0.0,0.007818974027395589,3.5367947101593016,-0.002781949596192135,1e-05,0.0,0.10604707188904286,0.2997044362127781,0.3722016990184784,0.00014584382024622754,0.22190094403922558,4.425749057899936,34.481861663249134,8.139784946236558
787,dynamic_actor_adapt,-2681.1553481817245,1.0,0.29585238844156264,0.8824675813317299,0.6498504698276519,0.0,0.007421366570997609,3.610479861497879,-0.002999492414892302,1e-05,0.0,0.10913850255310535,0.30031312853097913,0.37093315944075583,0.00015640732653992017,0.21945880353450775,4.400821482718563,33.99732915197568,8.188172043010752
788,dynamic_actor_adapt,-2760.8254828453064,1.0,0.29362294897437097,0.8836578413844108,0.6461603388190269,0.0,0.01263224447557148,3.6144633412361147,-0.002618920230452204,1e-05,0.0,0.10324093066155911,0.29989457949995996,0.37430463135242464,0.00015930413501337172,0.22240055836737155,4.376734380794941,34.222811896035445,8.596774193548388
789,dynamic_actor_adapt,-2742.705511868,1.0,0.29724483117461203,0.8816200569272041,0.6481210768222809,0.0,0.010356254355429001,3.660667508840561,-0.0033980353156948693,1e-05,0.0,0.1080619340762496,0.3002517051994801,0.3712561495602131,0.0001552655092382338,0.22027495354413987,4.734079904745032,34.15217848908852,8.376344086021506
790,dynamic_actor_adapt,-2692.5457139611244,1.0,0.2966504208743572,0.8820624142885208,0.6469225585460663,0.0,0.005005759888990727,3.5427007615566253,-0.0031034082792757546,1e-05,0.0,0.10616121124476194,0.301877835392952,0.3706578016281128,0.0001514502962891129,0.22115169726312162,4.365437233946414,34.211306154019816,8.24731182795699
791,dynamic_actor_adapt,-2675.0089804530144,1.0,0.2942153766751289,0.8832416474819184,0.6444401383399964,0.0,0.014749825446597226,3.5783777832984924,-0.0031644999180571176,1e-05,0.0,0.10295573342591524,0.29770840480923655,0.372458540648222,0.00015547703587799334,0.22672184854745864,4.313413374626859,34.414083774437124,8.14516129032258
792,dynamic_actor_adapt,-2731.72307318449,1.0,0.2949573591351509,0.8832294702529907,0.6474125400185585,0.0,0.00990370063900623,3.417705166339874,-0.00257143851267756,1e-05,0.0,0.10485313124954701,0.2995644621551037,0.37365693151950835,0.0001552108746182057,0.22177026011049747,4.092856136658961,34.522054077880235,8.38709677419355
793,dynamic_actor_adapt,-2678.743415057659,1.0,0.2953507095575333,0.8830219104886055,0.6483910948038101,0.0,0.006005135308805584,3.5212836384773256,-0.0024759210893535053,1e-05,0.0,0.10613017920404673,0.3012878268957138,0.37141512110829356,0.0001573692517922609,0.2210095062851906,4.3276968787797045,34.015505762055405,8.209677419354838
794,dynamic_actor_adapt,-2701.537817955017,1.0,0.2950239047408104,0.8830866664648056,0.6453247278928756,0.0,0.005388736549321055,3.783649522066116,-0.0027670687210047617,1e-05,0.0,0.10365524720400572,0.3010716803371906,0.37191359475255015,0.00015408111357828602,0.22320540249347687,4.34265792740004,34.45045366206031,8.301075268817204
795,dynamic_actor_adapt,-2692.5887637734413,1.0,0.2939652636647224,0.8830613866448402,0.6451836615800858,0.0,0.010793861422280296,3.537121611833572,-0.0024661169198225254,1e-05,0.0,0.10302324257791043,0.2973715826869011,0.37084876373410225,0.00015576108125969768,0.22860065065324306,4.307834114600678,34.75874047171716,8.25268817204301
796,dynamic_actor_adapt,-2743.2700934410095,1.0,0.29588613063097,0.8824841678142548,0.6494137018918991,0.0,0.014830813326079767,3.7048024892807008,-0.0023584550217492506,1e-05,0.0,0.10739291496574879,0.2979939244687557,0.3732706382870674,0.00015727853369753574,0.22118524350225927,4.567143648262739,34.343299047518656,8.424731182795698
797,dynamic_actor_adapt,-2632.39098405838,1.0,0.29520790874958036,0.8824843510985374,0.6476248934864998,0.0,0.006746462504634118,3.6419348299503325,-0.00318756441347432,1e-05,0.0,0.10507705695927143,0.2983806446194649,0.372216758877039,0.00015378667449112983,0.224171756580472,4.323628833701772,34.09789364233522,8.0
798,dynamic_actor_adapt,-2717.015574157238,1.0,0.2946548044681549,0.8833476215600967,0.64749196767807,0.0,0.0038788971403846324,3.705028247833252,-0.0025404354360944125,1e-05,0.0,0.10569644812494516,0.2985411763191223,0.3733751863241196,0.00015488516073673962,0.22223230823874474,4.274566233358505,34.05468142417153,8.365591397849462
799,dynamic_actor_adapt,-2802.864074230194,1.0,0.29527713134884837,0.8830379411578179,0.6475856184959412,0.0,0.003664307182407384,3.6153416275978087,-0.0024853210959918217,1e-05,0.0,0.10601791217923165,0.2997023306787014,0.3715430311858654,0.00015760916539875325,0.22257911786437035,4.3638887361405585,34.68419529670185,8.698924731182796
800,dynamic_actor_adapt,-2657.375915646553,1.0,0.2962711066007614,0.882512965798378,0.6460523337125779,0.0,0.005791611389577159,3.726963531970978,-0.0031104628109005716,1e-05,0.0,0.10502363201230765,0.3016516722738743,0.3724866047501564,0.00016050108715717215,0.2206775937229395,4.512453842117344,34.06020230227972,8.06989247311828
801,dynamic_actor_adapt,-2717.2909517884254,1.0,0.298200137168169,0.8812177494168282,0.6478256896138191,0.0,0.0027900293953280917,3.6194633841514587,-0.002670615586976055,1e-05,0.0,0.10493211280554533,0.3003485821187496,0.3726883210241795,0.00016009498212952167,0.22187089137732982,4.443123932163327,34.22605203859353,8.354838709677418
802,dynamic_actor_adapt,-2600.9273527264595,1.0,0.2950864158570766,0.8830550655722618,0.6468505650758744,0.0,0.0010543478621912433,3.4922216057777407,-0.002159708163890173,1e-05,0.0,0.10506899897009134,0.3005779251456261,0.372170889377594,0.00015035167471069144,0.22203183509409427,4.266530769626151,34.09528703657126,7.876344086021506
803,dynamic_actor_adapt,-2621.983005642891,1.0,0.2960450887680054,0.8824988409876824,0.6450849905610084,0.0,0.004091447343489626,3.4960019648075105,-0.0028162222588434815,1e-05,0.0,0.10576790552586317,0.29932257905602455,0.37138051018118856,0.0001549212400277611,0.223374081030488,4.327248873725512,34.280166226803914,7.93010752688172
804,dynamic_actor_adapt,-2781.912203848362,1.0,0.2951311685144901,0.882414011657238,0.6467087209224701,0.0,0.006519545658193271,3.762331432104111,-0.002767973612935748,1e-05,0.0,0.10371323227882386,0.3004542037844658,0.3735071584582329,0.00015641829140804474,0.22216897867619992,4.282908719177188,34.34061443872525,8.655913978494624
805,dynamic_actor_adapt,-2677.127289354801,1.0,0.29681658297777175,0.8819568604230881,0.6473080292344093,0.0,0.0061769993060806685,3.6251194715499877,-0.0025966232944483634,1e-05,0.0,0.10626660939306021,0.2998120583593845,0.3740422859787941,0.00015436202265846078,0.21972468569874765,4.2838594539311705,34.67050212956661,8.17741935483871
806,dynamic_actor_adapt,-2722.050768017769,1.0,0.297698412835598,0.8818969756364823,0.6464345246553421,0.0,0.007447696494273221,3.577317625284195,-0.002447790728183463,1e-05,0.0,0.10527069363743066,0.2992200881242752,0.3719063222408295,0.00016121657390613108,0.22344167791306974,4.092850377686514,34.204795323362,8.419354838709678
807,dynamic_actor_adapt,-2720.138407111168,1.0,0.29564316719770434,0.8827219948172569,0.648135370016098,0.0,0.004133918749539578,3.6504573941230776,-0.002692202469916083,1e-05,0.0,0.10408628266304731,0.298599611222744,0.3739732839167118,0.00015590220664307708,0.2231849230825901,4.456582988405794,34.3817952895036,8.349462365591398
808,dynamic_actor_adapt,-2763.024463713169,1.0,0.29762530997395514,0.8816545456647873,0.6450924277305603,0.0,0.0060539837048054325,3.658760333061218,-0.003027870002188138,1e-05,0.0,0.10441594664007425,0.30129693523049356,0.3717466235160828,0.00015458205161849036,0.2223859079182148,4.442969588816259,34.46365047196645,8.553763440860216
809,dynamic_actor_adapt,-2733.4981641173363,1.0,0.2966969721019268,0.8820618882775306,0.6448259979486466,0.0,0.0017723858707540895,3.574315184354782,-0.00220259778725449,1e-05,0.0,0.10522412545979024,0.3013722479343414,0.37166730016469957,0.0001572857161590946,0.22157904058694838,4.595636071305766,34.6756732893043,8.419354838709678
810,dynamic_actor_adapt,-2732.0872856378555,1.0,0.2962291993200779,0.8818617314100266,0.6482075616717339,0.0,0.0036868742519800823,3.597601354122162,-0.002895747104730617,1e-05,0.0,0.10675594210624695,0.29978389143943784,0.37141795083880424,0.0001515522297268035,0.22189065888524057,4.451805891680947,34.54306689307594,8.403225806451612
811,dynamic_actor_adapt,-2716.970921397209,1.0,0.2938874989748001,0.883018036186695,0.6455962389707566,0.0,0.014614558310313427,3.68969447016716,-0.002182390872621909,1e-05,0.0,0.10013189148157835,0.2991006664931774,0.3745954304933548,0.0001619248321730993,0.2260100893676281,4.268383100193572,34.52691621794429,8.456989247311828
812,dynamic_actor_adapt,-2613.0386385321617,1.0,0.2945160947740078,0.8831430152058601,0.6477099671959877,0.0,0.008313594261744555,3.634573894739151,-0.002801745822944213,1e-05,0.0,0.10428868811577559,0.29679872617125513,0.37359507381916046,0.00015172138628258836,0.2251657921820879,4.326339091264885,34.22943589977722,7.935483870967743
813,dynamic_actor_adapt,-2709.512333750725,1.0,0.29937119483947755,0.880442650616169,0.6465930357575417,0.0,0.010690248713581211,3.604891246557236,-0.003242119783681119,1e-05,0.0,0.10636479258537293,0.3000640831887722,0.371269890666008,0.0001553846064780373,0.222145851328969,4.605406192659016,34.57731316133646,8.301075268817204
814,dynamic_actor_adapt,-2713.850645303726,1.0,0.2964989669620991,0.8823754444718361,0.6475802183151245,0.0,0.003728170140857398,3.53141171336174,-0.0027658828061248642,1e-05,0.0,0.10505694728344679,0.2995078429579735,0.3728222526609898,0.00016023903899622382,0.2224527195096016,4.471377321470818,34.402556237923434,8.338709677419356
815,dynamic_actor_adapt,-2632.2738429903984,1.0,0.2962406173348427,0.8819602444767952,0.647964996099472,0.0,0.0033139052658952618,3.682638520002365,-0.0020419606640643905,1e-05,0.0,0.10645751170814037,0.29976369366049765,0.3712840467691422,0.0001607759322723723,0.22233397215604783,4.681768448434856,33.90277242447856,8.00537634408602
816,dynamic_actor_adapt,-2791.4161296486855,1.0,0.2960912100970745,0.8826626524329185,0.6465378299355506,0.0,0.0036103522650591914,3.708308923244476,-0.0022551667112566064,1e-05,0.0,0.10513475518673658,0.29929770082235335,0.37127197682857516,0.0001564180631248746,0.22413914725184442,4.3330431252609065,34.18512844880281,8.68279569892473
817,dynamic_actor_adapt,-2711.5385432243347,1.0,0.2962829224765301,0.8824362710118294,0.6454378619790078,0.0,0.0037462417367350926,3.714831107854843,-0.0034611797645993647,1e-05,0.0,0.10419805161654949,0.29981192797422407,0.3726251244544983,0.0001621671504835831,0.22320273295044898,4.467160452689548,33.80588861531025,8.31720430107527
818,dynamic_actor_adapt,-2684.2999317646027,1.0,0.29449852779507635,0.8831886529922486,0.64426998347044,0.0,0.0041298835600173086,3.575712376832962,-0.0027106607867608545,1e-05,0.0,0.10330037418752909,0.2990616597235203,0.37221778333187105,0.00015251258882926778,0.22526767514646054,4.724562775137513,34.15691399463773,8.198924731182796
819,dynamic_actor_adapt,-2781.732060611248,1.0,0.29624817967414857,0.8824653193354607,0.6470804750919342,0.0,0.005916380202143093,3.608889079093933,-0.0023901927164843074,1e-05,0.0,0.10583358444273472,0.2994782604277134,0.3708600394427776,0.0001608865475645871,0.22366722375154496,4.618485779596374,33.9842999115064,8.639784946236558
820,dynamic_actor_adapt,-2672.1840412020683,1.0,0.2966506563127041,0.8822839707136154,0.6479336276650429,0.0,0.006282454047504932,3.772361606359482,-0.002449588775925804,1e-05,0.0,0.10677695088088512,0.29931249022483825,0.37305790185928345,0.00015599964826833456,0.22069665566086769,4.641705455120811,34.30462733378767,8.064516129032258
821,dynamic_actor_adapt,-2568.3353853821754,1.0,0.2946008011698723,0.8829008713364601,0.6469894155859948,0.0,0.008438417942670653,3.723347622156143,-0.00305119059221397,1e-05,0.0,0.10363329090178013,0.300141903758049,0.371982354670763,0.00016066210373537614,0.2240817904472351,4.36743503050022,33.66369160262623,7.725806451612903
822,dynamic_actor_adapt,-2673.6587341427803,1.0,0.2948486477136612,0.8832301929593086,0.6478597313165665,0.0,0.004851579245223575,3.6482636094093324,-0.0030966926638939184,1e-05,0.0,0.10582447592169046,0.2999009251594543,0.3722169600427151,0.00015656004870834295,0.22190108224749566,4.642964121330861,34.09872532278872,8.182795698924732
823,dynamic_actor_adapt,-2560.148176729679,1.0,0.2962988667190075,0.8826370343565941,0.6467374607920646,0.0,0.004778275355783898,3.626181352138519,-0.002131136290699942,1e-05,0.0,0.10522193592041731,0.2981143303215504,0.3727253593504429,0.0001608699265489122,0.22377751357853412,4.4432837311856455,33.71917918980185,7.655913978494623
824,dynamic_actor_adapt,-2718.171454846859,1.0,0.2962395757436752,0.8824108138680458,0.6463624835014343,0.0,0.0059556116017119715,3.5896350145339966,-0.0020693520869826897,1e-05,0.0,0.10596384406089783,0.30035022646188736,0.37213459685444833,0.0001562469677082845,0.22139509171247482,4.546351275651621,33.964511573304975,8.376344086021506
825,dynamic_actor_adapt,-2621.961885869503,1.0,0.2943356789648533,0.8830382198095321,0.6472732305526734,0.0,0.0036773255518710553,3.7480005621910095,-0.0025746663159225136,1e-05,0.0,0.10453325547277928,0.29994677677750586,0.3721305213868618,0.00015569390598102473,0.22323375046253205,4.728095571021209,33.4055052158666,7.897849462365592
826,dynamic_actor_adapt,-2713.1731077432632,1.0,0.29197992458939553,0.8841635569930076,0.6460725754499436,0.0,0.004052282085649506,3.532162058353424,-0.002843898105857079,1e-05,0.0,0.10462844502180815,0.29834192544221877,0.3717106953263283,0.00015423269996972522,0.22516470439732075,4.293440140212317,33.614093107482454,8.32258064516129
827,dynamic_actor_adapt,-2621.5771651268005,1.0,0.2966293804347515,0.8818626150488853,0.6466499924659729,0.0,0.008259838583580861,3.6458655476570128,-0.0024414740706561132,1e-05,0.0,0.1069099597632885,0.30018702149391174,0.3712720051407814,0.00015754070809634869,0.2214734748005867,4.551701067066567,33.91098896645316,7.9247311827957
828,dynamic_actor_adapt,-2606.36874127388,1.0,0.29553269743919375,0.8830079212784767,0.6475643962621689,0.0,0.004182317143204309,3.4781527876853944,-0.00234456796770246,1e-05,0.0,0.10530239958316087,0.30131167322397234,0.37223850935697556,0.00015563313791062684,0.2209917813539505,4.736433681790169,33.759929747832054,7.86021505376344
829,dynamic_actor_adapt,-2741.9938763976097,1.0,0.29740656465291976,0.881452989578247,0.6479400753974914,0.0,0.0025933337166861555,3.5973113059997557,-0.00213027713180054,1e-05,0.0,0.10468727238476276,0.3019017234444618,0.3729413151741028,0.00015944622882670955,0.22031024396419524,4.83993152719181,33.755018191088965,8.489247311827958
830,dynamic_actor_adapt,-2628.102412223816,1.0,0.29699919670820235,0.8817250728607178,0.64758909791708,0.0,0.004250024597604357,3.502701961994171,-0.0021549784956732764,1e-05,0.0,0.10552334804087878,0.3002353794872761,0.37249048352241515,0.00015160843831836247,0.22159917950630187,4.381384524272987,33.60896805662295,7.994623655913978
831,dynamic_actor_adapt,-2782.756483435631,1.0,0.2949031628668308,0.8831242203712464,0.6488017871975899,0.0,0.0030840300511044945,3.7072733283042907,-0.002712415262067225,1e-05,0.0,0.10556408111006021,0.3000290721654892,0.3739900507032871,0.00015332472830777987,0.2202634733170271,4.802644149821039,33.94707767348131,8.688172043010752
832,dynamic_actor_adapt,-2745.84286826849,1.0,0.29635352566838263,0.8821059554815293,0.6466801330447197,0.0,0.005169390446098976,3.762755739688873,-0.002915404047234915,1e-05,0.0,0.10389537457376719,0.30031676441431043,0.3730740614235401,0.00016298023983836175,0.2225508201867342,4.920873580453112,34.04458153609125,8.435483870967742
833,dynamic_actor_adapt,-2724.230698466301,1.0,0.2966307945549488,0.8818343460559845,0.6477888762950897,0.0,0.0053236869327519835,3.6515577018260954,-0.002748233376451026,1e-05,0.0,0.10510412119328975,0.3017698585987091,0.371896942704916,0.000156619010886061,0.2210724540054798,4.714140354052762,33.89898358141557,8.295698924731184
834,dynamic_actor_adapt,-2609.8360312581062,1.0,0.2932971380650997,0.8835416704416275,0.6484877213835716,0.0,0.002414538084303838,3.458916223049164,-0.0023357350546575617,1e-05,0.0,0.10591903049498796,0.30205347165465357,0.3720056913793087,0.00015368280528491596,0.21986812315881252,4.554372487210211,34.03365844518279,7.892473118279569
835,dynamic_actor_adapt,-2589.92932420969,1.0,0.2963710315525532,0.8819682687520981,0.6468665465712548,0.0,0.008166282011916404,3.6970358967781065,-0.0023669762929785067,1e-05,0.0,0.10523642934858798,0.2989658534526825,0.3716927722096443,0.00015682577941333875,0.22394812367856504,4.506765335462618,34.34181934611418,7.725806451612903
836,dynamic_actor_adapt,-2653.7120322585106,1.0,0.29636988788843155,0.8832285284996033,0.649215792119503,0.0,0.013993765903433139,3.7341031193733216,-0.002528159822577436,1e-05,0.0,0.10763042401522398,0.30194819867610934,0.37331331223249437,0.00015503025861107744,0.21695303320884704,4.421603081601342,34.28018584478431,8.048387096774194
837,dynamic_actor_adapt,-2706.309334874153,1.0,0.29677614569664,0.8821802228689194,0.6462484180927277,0.0,0.009462069629807997,3.880106347799301,-0.0027719833145965823,1e-05,0.0,0.10686443801969289,0.30109707787632944,0.3701993852853775,0.00015999598035705277,0.2216791033744812,4.473661446526566,33.92858056448472,8.301075268817204
838,dynamic_actor_adapt,-2662.7168563604355,1.0,0.2951049342751503,0.883072367310524,0.6484464854001999,0.0,0.00393517432385127,3.6376857101917266,-0.0019022373657207937,1e-05,0.0,0.10688542239367962,0.2991309940814972,0.37152276039123533,0.00015849258707021364,0.2223023310303688,4.821887313849942,34.254902372182634,8.06989247311828
839,dynamic_actor_adapt,-2628.848099410534,1.0,0.29682032093405725,0.8825912743806839,0.6494870081543922,0.0,0.005286310177325509,3.6087422311306,-0.002721222507534549,1e-05,0.0,0.10783980078995228,0.29974355921149254,0.3725989706814289,0.00015435944078490138,0.2196633078157902,4.756571133536744,34.46822576789003,7.897849462365592
840,dynamic_actor_adapt,-2690.8254930973053,1.0,0.29782128185033796,0.881745059788227,0.6474271297454834,0.0,0.006523738157920883,3.626784253120422,-0.0023037870254484006,1e-05,0.0,0.10900899767875671,0.3018342927098274,0.3698272846639156,0.00015629930094291923,0.2191731259226799,4.5501747233929555,33.90783508975053,8.263440860215054
841,dynamic_actor_adapt,-2630.3711196780205,1.0,0.29670385718345643,0.8822660073637962,0.6467116996645927,0.0,0.010730942545160382,3.8177671134471893,-0.002728542289696634,1e-05,0.0,0.10630745198577643,0.29917138665914533,0.37114976719021797,0.00015528302155871644,0.22321611791849136,4.296720305568274,34.284799627002315,7.951612903225806
842,dynamic_actor_adapt,-2660.2590129971504,1.0,0.29579477682709693,0.8825736746191979,0.6497393026947975,0.0,0.0037665886149625323,3.615840125083923,-0.002389703888184158,1e-05,0.0,0.10732981264591217,0.29934744015336034,0.37183464765548707,0.00015522758021688788,0.2213328793644905,4.436468316661246,33.771288307254025,8.129032258064516
843,dynamic_actor_adapt,-2623.1918085813522,1.0,0.29650873243808745,0.8822263017296791,0.6458025217056275,0.0,0.0071138153050925,3.5094161331653595,-0.0020612615429854487,1e-05,0.0,0.10552484448999166,0.30101008489727976,0.37008270546793937,0.00015898828060016966,0.2232233788818121,4.452145121755207,33.841178575204836,7.956989247311828
844,dynamic_actor_adapt,-2697.9323484301567,1.0,0.2954829931259155,0.8827473074197769,0.6460516214370727,0.0,0.00412882561649896,3.5336995482444764,-0.0017017363225022564,1e-05,0.0,0.10630486197769642,0.30066218227148056,0.37136709988117217,0.0001515725794888567,0.2215142834931612,4.6864112308631185,33.3656557419692,8.268817204301076
845,dynamic_actor_adapt,-2712.014222383499,1.0,0.294931910187006,0.8830838963389397,0.6457320347428321,0.0,0.004180998668380187,3.6518645346164704,-0.0021910428986302577,1e-05,0.0,0.10421436224132777,0.3011056691408157,0.371882539242506,0.00015525217568210792,0.22264217659831048,4.623501293243342,33.96026647614097,8.295698924731184
846,dynamic_actor_adapt,-2627.792742908001,1.0,0.2975057415664196,0.8817938879132271,0.6473387092351913,0.0,0.008167926325404482,3.4509337186813354,-0.0018760023207505584,1e-05,0.0,0.10654377080500126,0.29800725504755976,0.3736348137259483,0.00015753308798593935,0.22165662832558156,4.770377120198898,34.1534491276616,7.919354838709677
847,dynamic_actor_adapt,-2684.9124444127083,1.0,0.2967755667865276,0.8819277971982956,0.6470713540911674,0.0,0.008040874159814818,3.671913665533066,-0.001644548295007553,1e-05,0.0,0.10721797496080399,0.3013534888625145,0.3711453005671501,0.00015542263008683221,0.22012781575322152,4.603123456264399,34.07043484059989,8.161290322580646
848,dynamic_actor_adapt,-2756.095763325691,1.0,0.29717689752578735,0.88194629997015,0.6456966057419777,0.0,0.0027458484813905866,3.658611845970154,-0.002012904438743135,1e-05,0.0,0.10584537573158741,0.30135503858327867,0.37195041552186014,0.00015509484474023337,0.22069407254457474,4.695257959149472,33.65302464358512,8.510752688172044
849,dynamic_actor_adapt,-2662.720540046692,1.0,0.29723630622029307,0.8819944128394127,0.6459237486124039,0.0,0.002986277357740627,3.7225976288318634,-0.0018536172232415994,1e-05,0.0,0.10733849834650755,0.30090263187885286,0.3716057099401951,0.0001551156105051632,0.21999805085361004,4.448784010764895,34.3717656503599,8.150537634408602
850,dynamic_actor_adapt,-2646.2000630497932,1.0,0.29800428077578545,0.8813799679279327,0.6489714950323104,0.0,0.006298804192738297,3.5779469192028044,-0.0018775069293496926,1e-05,0.0,0.10690128318965435,0.2981904424726963,0.3726457737386227,0.00016290044550260063,0.2220996018499136,4.305835745579419,33.844687271880844,8.112903225806452
851,dynamic_actor_adapt,-2703.899332165718,1.0,0.2947279721498489,0.8831891939043999,0.6472965553402901,0.0,0.0037831349200132284,3.6721612393856047,-0.0016348786928574554,1e-05,0.0,0.10709504932165145,0.2992593601346016,0.3707607053220272,0.00015640261772205123,0.22272848673164844,4.488140784238452,34.10679672255983,8.301075268817204
852,dynamic_actor_adapt,-2583.8045198321342,1.0,0.2965733677148819,0.8817944064736366,0.6450856238603592,0.0,0.00879953331932486,3.7712447106838227,-0.002586781005084049,1e-05,0.0,0.10269527602940798,0.30037310644984244,0.3729208938777447,0.0001585263653396396,0.2238521881401539,4.4339471686322405,33.99336179127677,7.768817204301075
853,dynamic_actor_adapt,-2670.519663453102,1.0,0.2958784244954586,0.8822560742497444,0.6473682820796967,0.0,0.0017128145158494784,3.6194281816482543,-0.0024125594814904615,1e-05,0.0,0.10355168972164393,0.30021089166402815,0.3728156141936779,0.00015198831097222864,0.22326981984078884,4.272788352108119,33.50186013435224,8.182795698924732
854,dynamic_actor_adapt,-2640.71704518795,1.0,0.2946668565273285,0.8830477759242058,0.646446542441845,0.0,0.0034694869395025555,3.7648003101348877,-0.0018256455674418247,1e-05,0.0,0.10528643373399973,0.3000069327652454,0.3723235450685024,0.000150903846588335,0.22223218940198422,4.540174641215195,33.666148518235104,8.112903225806452
855,dynamic_actor_adapt,-2652.0874029397964,1.0,0.2948677375912666,0.8827850326895714,0.6469313099980354,0.0,0.006709708500420683,3.7820705235004426,-0.002083145456708735,1e-05,0.0,0.10573565661907196,0.3028984770178795,0.37233442068099976,0.00015411508757097182,0.2188773348927498,4.489781346901333,33.49099006057942,8.129032258064516
856,dynamic_actor_adapt,-2693.325995028019,1.0,0.2970983423292637,0.8816652506589889,0.6493446007370949,0.0,0.0016633485798592835,3.6638334333896636,-0.0018727726532233647,1e-05,0.0,0.1061748182401061,0.30285022780299187,0.37272449135780333,0.00015655546758353012,0.2180939082056284,4.363137545723819,33.915298063137726,8.301075268817204
857,dynamic_actor_adapt,-2607.881929755211,1.0,0.2980813078582287,0.8817574769258499,0.6469222128391265,0.0,0.005113555612660958,3.639320856332779,-0.002166191750438884,1e-05,0.0,0.10689380988478661,0.301945386081934,0.37107255309820175,0.00016023859752749557,0.21992800906300544,4.4078966594232964,34.101272550922424,7.892473118279569
858,dynamic_actor_adapt,-2711.8578845858574,1.0,0.2975333400070667,0.8814709588885308,0.6463005259633064,0.0,0.012496042926250084,3.6022435128688812,-0.002395594562403858,1e-05,0.0,0.10464396458119155,0.29795371145009997,0.3711991116404533,0.00015373896767414407,0.2260494738817215,4.179958297959888,33.80839643956645,8.32258064516129
859,dynamic_actor_adapt,-2659.002034008503,1.0,0.29488758072257043,0.883079594373703,0.6466457322239876,0.0,0.011043421151407518,3.587803465127945,-0.0028316677711700323,1e-05,0.0,0.10547174643725157,0.30264209657907487,0.3711117133498192,0.0001592840346347657,0.22061516307294368,4.25753513815118,33.52472969115997,8.129032258064516
860,dynamic_actor_adapt,-2606.33820605278,1.0,0.29877221658825875,0.8812258511781692,0.6484570592641831,0.0,0.007256806213990758,3.6867738902568816,-0.0025563845789292826,1e-05,0.0,0.10816173404455184,0.3030820071697235,0.37161021679639816,0.0001484459166022134,0.21699759662151336,4.499974660193868,33.81522609218918,7.903225806451612
861,dynamic_actor_adapt,-2573.6926867961884,1.0,0.29705971032381057,0.881498484313488,0.6458624109625817,0.0,0.01219002317939157,3.655096584558487,-0.002273119893288822,1e-05,0.0,0.10565278697758913,0.2998660907149315,0.37124006897211076,0.0001547900144942105,0.2230862643569708,4.260513666703893,33.89827506613592,7.779569892473118
862,dynamic_actor_adapt,-2625.10514742136,1.0,0.29675382897257807,0.8822495818138123,0.6483318507671356,0.0,0.007370295536020435,3.6931210696697234,-0.0017698375349937123,1e-05,0.0,0.1070157928392291,0.3010259807109833,0.37240232080221175,0.00014880107737553773,0.2194071054458618,4.623175382484677,34.24095237045727,7.935483870967743
863,dynamic_actor_adapt,-2616.0822399258614,1.0,0.2972180135548115,0.8818336248397827,0.6440228044986724,0.0,0.011561075754616481,3.7770840883255006,-0.002381482475902885,1e-05,0.0,0.10360334329307079,0.2990365751087666,0.3720236405730247,0.00015499583296332275,0.22518145106732845,4.253605389614266,33.58907795722415,7.956989247311828
864,dynamic_actor_adapt,-2680.4765773415565,1.0,0.2958294920623302,0.8823397845029831,0.647325724363327,0.0,0.009969645017372339,3.566813254356384,-0.002385893038820086,1e-05,0.0,0.10649449806660413,0.30112783387303355,0.37181699350476266,0.00015740258058940526,0.22040327340364457,4.302509616064949,33.60438729358795,8.21505376344086
865,dynamic_actor_adapt,-2642.0422599315643,1.0,0.29546537920832633,0.8824952706694603,0.6479355499148369,0.0,0.004022069000711739,3.5300130009651185,-0.002303348252826254,1e-05,0.0,0.10540614947676659,0.30032957121729853,0.37170070558786394,0.00014926588992238976,0.22241430655121802,4.252174318899395,33.866298821437354,8.0
866,dynamic_actor_adapt,-2651.0545664429665,1.0,0.2964039146900177,0.8819577500224114,0.6473593100905418,0.0,0.0029480639324901887,3.7697685837745665,-0.002200114839797607,1e-05,0.0,0.1052903862670064,0.2989973954856396,0.37317112237215044,0.00015288253598555457,0.22238821499049663,4.224795034245893,33.73467004111625,8.06989247311828
867,dynamic_actor_adapt,-2633.8852571845055,1.0,0.29615297466516494,0.8822392955422401,0.6460999175906181,0.0,0.006243572778112136,3.67602618932724,-0.0018703035515500233,1e-05,0.0,0.10459622573107481,0.30120960921049117,0.37074349597096445,0.00015454999738722107,0.22329611964523793,4.2373456248763,34.4253871428164,8.0
868,dynamic_actor_adapt,-2621.6191719174385,1.0,0.29716405272483826,0.8812725722789765,0.6455046653747558,0.0,0.0043503699458597,3.6118381798267363,-0.0017117054303525947,1e-05,0.0,0.10546913947910071,0.2997668609023094,0.3720456510782242,0.000154666376147361,0.22256368324160575,4.049014494278064,34.35814513046335,8.021505376344086
869,dynamic_actor_adapt,-2711.40583974123,1.0,0.29700015038251876,0.8818080022931098,0.648163914680481,0.0,0.012346393297411797,3.6255724251270296,-0.0026051097938761814,1e-05,0.0,0.10817821640521288,0.30270415768027303,0.3725724726915359,0.00015419730716530465,0.21639095433056355,4.275039377411756,33.93550034159013,8.36021505376344
870,dynamic_actor_adapt,-2587.01180934906,1.0,0.29764411598443985,0.8816361352801323,0.6485554128885269,0.0,0.007407284124019456,3.669898211956024,-0.002287701852765167,1e-05,0.0,0.10652230884879828,0.3015702195465565,0.3716608829796314,0.00015199494700937066,0.2200946006923914,4.0742157459363755,33.965933702257026,7.822580645161291
871,dynamic_actor_adapt,-2635.219533264637,1.0,0.29752256274223327,0.8815822795033454,0.6476607710123062,0.0,0.0065531839478354,3.6153434455394744,-0.002119781506189611,1e-05,0.0,0.10797244943678379,0.298293624073267,0.3719769209623337,0.0001607392139703734,0.22159626632928847,4.105356678902164,33.86919460042376,8.048387096774194
872,dynamic_actor_adapt,-2640.865214943886,1.0,0.29530245438218117,0.8828122928738594,0.6478741124272347,0.0,0.006280271700415988,3.498582345247269,-0.0021302995359292255,1e-05,0.0,0.10597217231988906,0.300343195348978,0.3730674870312214,0.00015399272178910904,0.2204631555825472,4.33607863516137,34.34940162618357,8.037634408602152
873,dynamic_actor_adapt,-2630.404322564602,1.0,0.2957529403269291,0.8826754078269005,0.6476664006710052,0.0,0.002733327500754984,3.6723380744457246,-0.0022347569889461737,1e-05,0.0,0.10592132583260536,0.3005975142121315,0.3717573270201683,0.00014833507102594013,0.22157550007104873,4.185836558730733,33.850352993474395,7.951612903225806
874,dynamic_actor_adapt,-2656.581534743309,1.0,0.29645701572299005,0.8822437822818756,0.6446002632379532,0.0,0.005448953837003468,3.7314295530319215,-0.0024873693873814773,1e-05,0.0,0.10454333256930112,0.29955227896571157,0.37145607694983485,0.00015945229824865237,0.2242888581007719,4.165464370179726,33.70331907131167,8.129032258064516
875,dynamic_actor_adapt,-2650.5887848734856,1.0,0.29517040848731996,0.8824302911758423,0.6464810132980346,0.0,0.005825670731064716,3.6517159223556517,-0.002243636221101042,1e-05,0.0,0.10420500561594963,0.3016396313905716,0.3722815580666065,0.0001553484096803004,0.22171845175325872,4.181211145309061,33.76415398705497,8.118279569892472
876,dynamic_actor_adapt,-2616.582406401634,1.0,0.29937101528048515,0.8807560265064239,0.647458752989769,0.0,0.005709189093431638,3.415569454431534,-0.0016441471505459048,1e-05,0.0,0.10671532265841961,0.301215323805809,0.37262207865715025,0.0001591078895216924,0.21928816735744477,4.311828503274176,33.948520550430075,7.951612903225806
877,dynamic_actor_adapt,-2569.987042248249,1.0,0.2961805261671543,0.8823691964149475,0.6471167027950286,0.0,0.007036660718767948,3.667590832710266,-0.002567359452950768,1e-05,0.0,0.1065760213881731,0.2998705796897411,0.37059651538729665,0.0001503861327364575,0.2228064976632595,4.200199527528983,33.43335212936764,7.768817204301075
878,dynamic_actor_adapt,-2610.2722133994102,1.0,0.2956597737967968,0.8821368306875229,0.645797461271286,0.0,0.005409037457138785,3.6405860781669617,-0.0023094685908290557,1e-05,0.0,0.10454189386218786,0.2992011561989784,0.3722624443471432,0.0001494190983066801,0.22384508810937404,4.34016974837334,33.82367677683919,7.897849462365592
879,dynamic_actor_adapt,-2696.2603893876076,1.0,0.29695786312222483,0.8820355489850045,0.6486565440893173,0.0,0.006498337885204842,3.7153038322925567,-0.002566812421719078,1e-05,0.0,0.10588783472776413,0.29994591847062113,0.3734086945652962,0.0001616367222595727,0.22059592120349408,4.376732638046627,33.53483949493597,8.32258064516129
880,dynamic_actor_adapt,-2646.6116872429848,1.0,0.29774882048368456,0.8815576657652855,0.6474056228995323,0.0,0.006313291723381545,3.9336850166320803,-0.0021598898325464687,1e-05,0.0,0.10553760696202516,0.3031025633215904,0.37329526990652084,0.0001607929714737111,0.217903770506382,4.148705334137431,33.4829389032893,8.123655913978494
881,dynamic_actor_adapt,-2658.9739289283752,1.0,0.29650958478450773,0.8820039123296738,0.6479108899831771,0.0,0.004477471678910669,3.691244649887085,-0.0021721716984757222,1e-05,0.0,0.10664560813456773,0.3016950190067291,0.37442600429058076,0.00015066296891745877,0.21708270870149135,4.650685620158371,33.08531322148777,8.17741935483871
882,dynamic_actor_adapt,-2661.6810891628265,1.0,0.29529059678316116,0.8820706531405449,0.6486453413963318,0.0,0.003944823783058391,3.568894749879837,-0.002497450298142212,1e-05,0.0,0.10659283436834813,0.30086513981223106,0.3733362443745136,0.00015480333495361266,0.21905097924172878,4.31800373752603,33.49992062016335,8.150537634408602
883,dynamic_actor_adapt,-2653.032966852188,1.0,0.29529539942741395,0.883138145506382,0.6490156173706054,0.0,0.004347306049930907,3.6385749697685243,-0.0019041069504055486,1e-05,0.0,0.10724507998675108,0.30213526338338853,0.373587529361248,0.00015410360665555345,0.21687802709639073,4.365169571886991,33.780449836342626,8.080645161290324
884,dynamic_actor_adapt,-2673.87262403965,1.0,0.29763556867837904,0.8818385004997253,0.6477810621261597,0.0,0.0054442159676909765,3.595279210805893,-0.0014464534760918468,1e-05,0.0,0.10602378882467747,0.30106212943792343,0.3731598474085331,0.000155085763981333,0.2195991538465023,4.384657948372473,33.39964811988445,8.231182795698924
885,dynamic_actor_adapt,-2697.9344502687454,1.0,0.29500887021422384,0.8829627826809883,0.6484268739819526,0.0,0.004692778446224124,3.8377495765686036,-0.001866691670147702,1e-05,0.0,0.10556173715740443,0.29917779117822646,0.37464418113231657,0.0001593861352375825,0.22045690827071668,4.169348758424507,33.436411457831454,8.327956989247312
886,dynamic_actor_adapt,-2613.384243309498,1.0,0.2962624207139015,0.8823203474283219,0.6469507828354836,0.0,0.008122286384423184,3.762363922595978,-0.002346194723941153,1e-05,0.0,0.10652113258838654,0.3022795356810093,0.37128869965672495,0.00015857849466556219,0.21975205093622208,4.270834256324249,33.931151341654676,7.9247311827957
887,dynamic_actor_adapt,-2636.699345767498,1.0,0.2969311147928238,0.8816294476389885,0.6473709270358086,0.0,0.002576810251593997,3.5600160658359528,-0.002183807353139855,1e-05,0.0,0.10621833354234696,0.3021989457309246,0.37257653921842576,0.00015914747655187966,0.21884703822433949,4.4723053176161764,33.579537126348875,8.043010752688172
888,dynamic_actor_adapt,-2731.856471300125,1.0,0.2971660114824772,0.8820397928357124,0.6479972258210183,0.0,0.005223063894118229,3.7201359629631043,-0.002146220693248324,1e-05,0.0,0.10759839527308941,0.3034304141998291,0.3717074654996395,0.00015225293973344378,0.21711147278547288,4.4025233692377235,33.91934352087615,8.424731182795698
889,dynamic_actor_adapt,-2622.3991270065308,1.0,0.29828558340668676,0.8816466391086578,0.6489304900169373,0.0,0.00159811948615243,3.6586250960826874,-0.0016553867229958997,1e-05,0.0,0.10684356894344091,0.30391532853245734,0.37201463654637335,0.0001592262473423034,0.2170672383159399,4.39375741785142,34.001982750478945,8.0
890,dynamic_actor_adapt,-2704.7946839928627,1.0,0.29567415565252303,0.8831798285245895,0.647831255197525,0.0,0.0064045805633213574,3.872798854112625,-0.0015281434109056136,1e-05,0.0,0.10573508758097887,0.3018242381513119,0.37289688363671303,0.00015650751556677277,0.21938728131353855,4.627039812723431,33.57266846772731,8.338709677419356
891,dynamic_actor_adapt,-2656.50621509552,1.0,0.29562190994620324,0.8826070874929428,0.6453766018152237,0.0,0.007635778845724447,3.6072498500347137,-0.002237314404555946,1e-05,0.0,0.10255753807723522,0.3026601128280163,0.37226067408919333,0.00015237718798744027,0.2223692961037159,4.300238764510996,33.802059116583585,8.161290322580646
892,dynamic_actor_adapt,-2610.8350476026535,1.0,0.2976797379553318,0.8815475299954414,0.6490109413862228,0.0,0.011814652939210645,3.695198655128479,-0.0025476261464064008,1e-05,0.0,0.10775348879396915,0.3015605859458447,0.37296916246414186,0.0001552633537357906,0.21756149530410768,4.201516544186709,33.52107823557894,7.967741935483871
893,dynamic_actor_adapt,-2597.790079176426,1.0,0.2946666307747364,0.8826370432972908,0.6483976006507873,0.0,0.0103825306794533,3.61721231341362,-0.002404414083866868,1e-05,0.0,0.105747539550066,0.29923574775457384,0.37211024910211565,0.00015369851807918168,0.22275276035070418,4.341501630210801,33.93735877558272,7.908602150537634
894,dynamic_actor_adapt,-2700.885034620762,1.0,0.2989213079214096,0.8809456706047059,0.6483776465058326,0.0,0.005681278199881482,3.632984387874603,-0.0012274766226511246,1e-05,0.0,0.1070790246129036,0.30074113681912423,0.37197279259562493,0.00015746815515740308,0.22004958242177963,4.134816511448585,33.69935430402629,8.36021505376344
895,dynamic_actor_adapt,-2619.5241184830666,1.0,0.29446777477860453,0.882641114294529,0.6465026199817657,0.0,0.015083837188649349,3.5403470516204836,-0.0021092403563670813,1e-05,0.0,0.10255922246724367,0.297724986076355,0.37286808863282206,0.00015150000181165523,0.22669620253145695,4.13973054943426,33.70547174233222,7.935483870967743
896,dynamic_actor_adapt,-2571.347844541073,1.0,0.2963459514081478,0.8822843909263611,0.6472166046500206,0.0,0.01072309248884265,3.6269627094268797,-0.0018354302999796345,1e-05,0.0,0.10448467452079058,0.30115810707211493,0.37286637872457506,0.00015447659061464946,0.22133636958897113,4.3067809016324725,34.04745092486,7.731182795698925
897,dynamic_actor_adapt,-2561.563580751419,1.0,0.2924004778265953,0.8841577842831612,0.6453349739313126,0.0,0.011036271423654412,3.5303398609161376,-0.002251983066162211,1e-05,0.0,0.10334127880632878,0.29931528195738794,0.3703400045633316,0.00014893223305989522,0.22685450166463852,4.054341935588686,34.17271846487092,7.752688172043011
898,dynamic_actor_adapt,-2575.227064847946,1.0,0.29514495134353635,0.8830274477601051,0.6483086198568344,0.0,0.01401563975778119,3.7721709251403808,-0.0019002767774509266,1e-05,0.0,0.10654250886291265,0.30096074715256693,0.3724898621439934,0.00016019974427763372,0.21984668225049972,4.40218555951141,33.47217819820294,7.833333333333334
899,dynamic_actor_adapt,-2623.5055345892906,1.0,0.2981155954301357,0.8812647089362144,0.6478956043720245,0.0,0.0035665392562805346,3.549598628282547,-0.0015425698722538073,1e-05,0.0,0.10698125194758176,0.2997198186814785,0.37195101380348206,0.00015671066867071204,0.22119121253490448,4.425504240855849,33.58690567530302,7.989247311827957
900,dynamic_actor_adapt,-2691.81177341938,1.0,0.2945388726890087,0.8828827008605004,0.647014832496643,0.0,0.011335397168477404,3.78830771446228,-0.0018798344653987442,1e-05,0.0,0.10322743859142065,0.2978059336543083,0.3728687845170498,0.00015840346986806253,0.22593944780528546,4.063717262995299,33.762979877948126,8.258064516129032
901,dynamic_actor_adapt,-2724.705752015114,1.0,0.2981998324394226,0.881608460843563,0.6461035311222076,0.0,0.005530199469285482,3.559011900424957,-0.0015094974514795467,1e-05,0.0,0.10390703044831753,0.2998914383351803,0.37285230681300163,0.00015512981026404303,0.22319409623742104,4.0869212432232755,33.7398519658292,8.46774193548387
902,dynamic_actor_adapt,-2646.446863591671,1.0,0.2962735012173653,0.8820575013756752,0.6456674799323082,0.0,0.004067789537111871,3.829783004522324,-0.0022756066664442187,1e-05,0.0,0.10361503958702087,0.2999549448490143,0.3711104042828083,0.00015830949196242726,0.22516130618751048,4.138230126218402,33.74050505295114,8.139784946236558
903,dynamic_actor_adapt,-2551.7122948765755,1.0,0.2959685131907463,0.8823880985379219,0.6456915408372879,0.0,0.00443096523158604,3.772590923309326,-0.0020434040554391684,1e-05,0.0,0.10404225327074527,0.3005669079720974,0.3722867086529732,0.0001552753456053324,0.22294885627925395,4.17043364260858,33.832128690169185,7.731182795698925
904,dynamic_actor_adapt,-2596.010806918144,1.0,0.29632487893104553,0.8819504335522652,0.6474001228809356,0.0,0.0043932776381552605,3.642576903104782,-0.0024257871071313277,1e-05,0.0,0.1053105141967535,0.2988964907824993,0.3732150845229626,0.00015171998020377942,0.22242618799209596,4.141064463182537,33.51427423944745,7.908602150537634
905,dynamic_actor_adapt,-2662.263436973095,1.0,0.2977200120687485,0.8816067606210709,0.6486511424183845,0.0,0.00385555122011286,3.7808908939361574,-0.002405742526752874,1e-05,0.0,0.10567341949790716,0.30045777559280396,0.37186283320188523,0.00015530966957157943,0.22185066789388658,4.236207068309496,33.7994553579674,8.155913978494624
906,dynamic_actor_adapt,-2677.8146483302116,1.0,0.29800836071372033,0.8812236592173577,0.6478917002677917,0.0,0.004499004752869939,3.5423095703125,-0.0016034210289944894,1e-05,0.0,0.10682115815579891,0.298208274692297,0.3729276217520237,0.00015742504729132634,0.22188552916049958,4.011414593876398,33.90509994830705,8.231182795698924
907,dynamic_actor_adapt,-2642.216369330883,1.0,0.2950598306953907,0.883372850716114,0.6471648633480072,0.0,0.004882927674952945,3.670056438446045,-0.002120912783846052,1e-05,0.0,0.10511164776980877,0.2989434890449047,0.37219747751951215,0.00015561337513645413,0.22359177619218826,3.7764378712139113,33.79593940288486,8.129032258064516
908,dynamic_actor_adapt,-2601.4603421092033,1.0,0.2954039916396141,0.8823200687766075,0.6470243245363235,0.0,0.002230234426133426,3.816426473855972,-0.0018856709099054569,1e-05,0.0,0.10514640528708696,0.29998886585235596,0.3722303844988346,0.00015768703997309785,0.22247665673494338,3.89808570863288,33.91885651265801,7.85483870967742
909,dynamic_actor_adapt,-2539.355565428734,1.0,0.2956183530390263,0.8825587019324302,0.646976937353611,0.0,0.00510934567646471,3.720140832662582,-0.0018314248940441758,1e-05,0.0,0.10749196112155915,0.300197983533144,0.3705570951104164,0.00015369134380307514,0.2215992696583271,3.8460868549867793,33.68566228509289,7.698924731182796
910,dynamic_actor_adapt,-2554.179706096649,1.0,0.29653719887137414,0.8817843586206436,0.647684958577156,0.0,0.005896199924973158,3.6323233366012575,-0.0015048456782096765,1e-05,0.0,0.10555081181228161,0.29919103235006334,0.37273561879992484,0.00015700840012868866,0.22236552834510803,3.9611813561750893,33.781602890317195,7.677419354838709
911,dynamic_actor_adapt,-2633.1736058592796,1.0,0.29626730009913443,0.8821997061371804,0.6482880890369416,0.0,0.004039930261751559,3.5040098786354066,-0.0015302547377359587,1e-05,0.0,0.10580548867583275,0.3002295412123203,0.3734623961150646,0.00015424936809722568,0.22034832015633582,3.868322228789081,33.72991759626976,8.059139784946238
912,dynamic_actor_adapt,-2657.6664669513702,1.0,0.2946091189980507,0.882978044450283,0.6503748297691345,0.0,0.003121368132633451,3.7492555558681486,-0.001706048648338765,1e-05,0.0,0.10655720103532076,0.29926211163401606,0.37426633983850477,0.00015928271222946931,0.21975507102906705,3.7671254589970187,33.63403491387511,8.198924731182796
913,dynamic_actor_adapt,-2556.5350549817085,1.0,0.29751442149281504,0.8817490786314011,0.6458206310868263,0.0,0.0064606108602674045,3.7042389452457427,-0.00198754854791332,1e-05,0.0,0.10470841620117426,0.3000398978590965,0.37289036214351656,0.00015373716196336317,0.22220758758485318,3.8345576470007865,33.39347407176299,7.736559139784946
914,dynamic_actor_adapt,-2566.995409011841,1.0,0.29709853008389475,0.8818336382508278,0.649838374555111,0.0,0.0076115738860608045,3.7841516017913817,-0.0026509815666940994,1e-05,0.0,0.10621178299188613,0.30066192150115967,0.3745662771165371,0.0001582192709975061,0.2184018012136221,3.85462198161364,33.91430818854451,7.801075268817205
915,dynamic_actor_adapt,-2622.874170124531,1.0,0.2941954918205738,0.8833865195512771,0.6476172924041748,0.0,0.011379265352843523,3.6811508655548097,-0.0022046698388294315,1e-05,0.0,0.10500334370881319,0.29994421973824503,0.3708027847111225,0.0001586828235303983,0.22409096956253052,3.882693679348861,33.56582994558487,8.026881720430106
916,dynamic_actor_adapt,-2555.6248901486397,1.0,0.2962222069501877,0.8820264667272568,0.6499192476272583,0.0,0.013004883507892431,3.6155407667160033,-0.0018301720707313506,1e-05,0.0,0.10777969807386398,0.299579057097435,0.3745288707315922,0.00015311617935367394,0.21795925572514535,3.7268248911468014,33.775112619996165,7.736559139784946
917,dynamic_actor_adapt,-2566.5526983737946,1.0,0.29586856439709663,0.8826154738664627,0.648695795238018,0.0,0.0073231792943261155,3.5739453554153444,-0.0022063579541281796,1e-05,0.0,0.10535564403980971,0.2983438581228256,0.37576360404491427,0.00015077623793331442,0.22038610875606537,3.7347894534135895,33.7746141452819,7.774193548387097
918,dynamic_actor_adapt,-2621.1656813025475,1.0,0.2961457811295986,0.8825776413083076,0.647311595082283,0.0,0.00547154442228936,3.8650207936763765,-0.0019335726654389873,1e-05,0.0,0.10508526619523764,0.29917553812265396,0.37329821214079856,0.00015094544814928668,0.22229003421962262,3.9049869846563854,33.76579102300602,8.064516129032258
919,dynamic_actor_adapt,-2548.882776558399,1.0,0.2962882712483406,0.8817632719874382,0.6490646079182625,0.0,0.007130783688626216,3.6992262601852417,-0.0014266560028772801,1e-05,0.0,0.1086461303755641,0.297344122081995,0.37212479263544085,0.00015547566599707351,0.2217294804751873,4.032547035791983,34.13494066334565,7.677419354838709
920,dynamic_actor_adapt,-2615.157065451145,1.0,0.29864139184355737,0.8810661301016808,0.6475533664226532,0.0,0.005742688081954911,3.7047746002674105,-0.0020086137238649825,1e-05,0.0,0.10677147917449474,0.30021546483039857,0.37139454334974287,0.0001517520746347145,0.22146675921976566,3.841372196025124,33.987044227377844,8.010752688172044
921,dynamic_actor_adapt,-2638.450923025608,1.0,0.29456627145409586,0.8835404559969902,0.6476612851023674,0.0,0.002902020596957361,3.656836009025574,-0.0024900858661567327,1e-05,0.0,0.10632933508604765,0.29920659884810447,0.37238782420754435,0.0001522060842034989,0.22192403487861156,3.953416784974792,33.546362962875584,8.118279569892472
922,dynamic_actor_adapt,-2591.2781109809875,1.0,0.29721335619688033,0.8817347005009651,0.6493358358740806,0.0,0.004394851503457131,3.534817987680435,-0.0018038700218312442,1e-05,0.0,0.10690212082117796,0.29965885281562804,0.3735602110624313,0.0001522050881249015,0.21972661092877388,3.7261125246160223,33.59217687445323,7.935483870967743
923,dynamic_actor_adapt,-2659.8765856027603,1.0,0.29763269126415254,0.8816844448447227,0.6463166430592537,0.0,0.006415567842850575,3.592901962995529,-0.0017399255899363197,1e-05,0.0,0.10761275831609965,0.30112393423914907,0.37035242691636083,0.00015672080826334422,0.22075415998697281,3.9759449708561703,33.958925268194214,8.182795698924732
924,dynamic_actor_adapt,-2542.044206380844,1.0,0.295956489443779,0.8824575185775757,0.6450001850724221,0.0,0.015473435675630734,3.543342465162277,-0.002162783034691529,1e-05,0.0,0.10355865508317948,0.2974447011947632,0.373424357175827,0.00015333782939705998,0.22541894614696503,3.9089211376933037,33.80406499814313,7.639784946236559
925,dynamic_actor_adapt,-2604.185629785061,1.0,0.2966947428882122,0.8824827924370766,0.6476421132683754,0.0,0.008594708280543335,3.6708260774612427,-0.0016556399805267574,1e-05,0.0,0.10446126777678728,0.30066085755825045,0.3736003749072552,0.0001559048765557236,0.2211215917021036,3.701977831409121,33.90454089810318,8.016129032258064
926,dynamic_actor_adapt,-2619.014941215515,1.0,0.2956713579595089,0.8829084590077401,0.6496326506137848,0.0,0.009431696996034532,3.7808179378509523,-0.0019850372525979766,1e-05,0.0,0.10827315989881754,0.3015648163855076,0.37326487302780154,0.00014487472417386017,0.21675227768719196,3.806211500498122,33.92178234895331,8.0
927,dynamic_actor_adapt,-2648.041010260582,1.0,0.29982714653015136,0.8803115159273147,0.646993039548397,0.0,0.010365894602182416,3.7754761457443236,-0.0015610380913130939,1e-05,0.0,0.10638463497161865,0.2990508399903774,0.3724844239652157,0.00016042406496126206,0.22191967256367207,3.9578428677548882,34.386120435561665,8.021505376344086
928,dynamic_actor_adapt,-2541.426383435726,1.0,0.29789367914199827,0.8815375238656997,0.6492947861552238,0.0,0.00938742660910064,3.781665748357773,-0.0018531210305809509,1e-05,0.0,0.10647326800972223,0.30183629542589185,0.37430404871702194,0.0001530174708022969,0.21723336577415467,4.052325458712172,34.274416161275425,7.682795698924731
929,dynamic_actor_adapt,-2595.8332805633545,1.0,0.2941355317831039,0.8832623481750488,0.6495210602879524,0.0,0.001432546396790757,3.706950920820236,-0.001621068020176608,1e-05,0.0,0.1059516541659832,0.30219382494688035,0.37410939335823057,0.0001556985445859027,0.21758943237364292,3.9094612454500433,34.043009652314836,7.897849462365592
930,dynamic_actor_adapt,-2639.629716038704,1.0,0.2979835785925388,0.8812632173299789,0.650137123465538,0.0,0.005321233296672246,3.817682373523712,-0.0017827510135248303,1e-05,0.0,0.10767252147197723,0.30313218012452126,0.372291024774313,0.000157091752771521,0.21674718335270882,4.1854125531805755,33.73635745066122,8.10752688172043
931,dynamic_actor_adapt,-2608.949434518814,1.0,0.29317793548107146,0.8833762586116791,0.648761722445488,0.0,0.01632015974773824,3.647059988975525,-0.0023314076475799083,1e-05,0.0,0.10393689088523388,0.2987100131809711,0.3750437505543232,0.00015480880592804168,0.22215453684329986,3.9661595139286008,33.97922217855766,7.919354838709677
932,dynamic_actor_adapt,-2700.9023639559746,1.0,0.29451528042554853,0.883002744615078,0.6442090675234795,0.0,0.008891255649905389,3.631738132238388,-0.0018077143875416368,1e-05,0.0,0.10279199834913015,0.30020167753100396,0.3717430137097836,0.00015612016322847922,0.22510718740522861,4.070639682975677,34.49926149261734,8.258064516129032
933,dynamic_actor_adapt,-2599.1099514365196,1.0,0.298534968495369,0.8810400545597077,0.6484120905399322,0.0,0.014178254918078833,3.503802961111069,-0.0015787428142175486,1e-05,0.0,0.10730572827160359,0.3011975198984146,0.3733225718140602,0.00015128706763789523,0.21802289597690105,4.014738262614953,34.05220929687554,7.908602150537634
934,dynamic_actor_adapt,-2714.6740210056305,1.0,0.2967877633869648,0.8820053309202194,0.6485361352562904,0.0,0.002594551501169923,3.7249451518058776,-0.0022137367210234515,1e-05,0.0,0.10802268795669079,0.3017767213284969,0.3724555432796478,0.0001523991239082534,0.21759264618158342,4.401373542173421,33.98394276305458,8.370967741935484
935,dynamic_actor_adapt,-2504.3885911107063,1.0,0.29469729140400885,0.8829283937811852,0.6453021049499512,0.0,0.016161039451617357,3.616741007566452,-0.001697477362040445,1e-05,0.0,0.10224748328328133,0.29947140589356425,0.3725283697247505,0.00015556560065306259,0.22559717260301113,3.992710202791515,33.99657095706965,7.516129032258065
936,dynamic_actor_adapt,-2636.871308207512,1.0,0.29756282940506934,0.881516908109188,0.6483510926365852,0.0,0.00945184410211368,3.5942462027072906,-0.002307424806849667,1e-05,0.0,0.10423027221113443,0.3018662050366402,0.37287552654743195,0.00015674700789531927,0.22087125480175018,4.1231824425980745,34.27636858390001,8.021505376344086
937,dynamic_actor_adapt,-2599.8615538477898,1.0,0.2947873391211033,0.8830429911613464,0.6475084811449051,0.0,0.005854336493030199,3.675761753320694,-0.001744465551655594,1e-05,0.0,0.1054973065853119,0.2998636275529861,0.37195454016327856,0.00015314265510824043,0.22253138870000838,4.107267675787277,33.92937507298025,7.946236559139786
938,dynamic_actor_adapt,-2657.244297027588,1.0,0.2952084869146347,0.8829902529716491,0.6470975905656815,0.0,0.005234647170436863,3.7420922994613646,-0.0021319383231457323,1e-05,0.0,0.10287998057901859,0.300260092318058,0.37374376207590104,0.00015728257094451691,0.2229588832706213,3.8624873588290547,33.944908584086534,8.172043010752688
939,dynamic_actor_adapt,-2646.8161974549294,1.0,0.29560289829969405,0.883322787284851,0.6496978282928467,0.0,0.009063717487879297,3.533999413251877,-0.0020667241726187056,1e-05,0.0,0.10698290970176458,0.30010172054171563,0.37417269200086595,0.00015334498784795868,0.21858933418989182,4.163545039503735,34.389726144520644,8.129032258064516
940,dynamic_actor_adapt,-2631.1560299396515,1.0,0.299117261916399,0.8808250740170479,0.647570013999939,0.0,0.004184445599821595,3.7307094037532806,-0.0017394456903275569,1e-05,0.0,0.10581799186766147,0.30171418860554694,0.3732491672039032,0.00014956228078517598,0.2190690863877535,4.119935751401016,34.505941105916115,8.037634408602152
941,dynamic_actor_adapt,-2539.6124388575554,1.0,0.2983493782579899,0.8812874525785446,0.6465512976050377,0.0,0.004423999371829251,3.791742813587189,-0.002850519071216695,1e-05,0.0,0.10479501225054264,0.3005251720547676,0.37346713319420816,0.00015912915678200078,0.2210535567253828,4.013126700562336,34.30300257959688,7.64516129032258
942,dynamic_actor_adapt,-2586.980728983879,1.0,0.29240207448601724,0.8839924350380898,0.6467771381139755,0.0,0.003686955215198376,3.7816274583339693,-0.0022397825407097114,1e-05,0.0,0.10435361806303263,0.3004749149084091,0.37212267592549325,0.00015176107481238433,0.22289703525602816,3.8707123670246353,33.91512622749618,7.811827956989248
943,dynamic_actor_adapt,-2549.334938764572,1.0,0.2975509323179722,0.8812655135989189,0.6473837718367577,0.0,0.0021240518290142037,3.656886452436447,-0.0022108796272732436,1e-05,0.0,0.10534378234297037,0.30008684322237966,0.37218860238790513,0.00015769218880450352,0.22222307696938515,3.8171818139012403,34.42160016461357,7.639784946236559
944,dynamic_actor_adapt,-2512.111419558525,1.0,0.29651906415820123,0.8816768571734428,0.6468189299106598,0.0,0.004678750761377165,3.736214315891266,-0.00246005507560767,1e-05,0.0,0.1061459830030799,0.3016105219721794,0.37220210060477255,0.00015432082291226833,0.2198870752006769,4.157007974608125,33.89264917941877,7.446236559139785
945,dynamic_actor_adapt,-2580.414893567562,1.0,0.29563132002949716,0.8831055939197541,0.6447723388671875,0.0,0.007810319870623033,3.45993977189064,-0.0019115029890599544,1e-05,0.0,0.10383243206888437,0.30205260813236234,0.37061048969626426,0.00015778823362779803,0.22334667965769767,4.1083742014667815,34.125357321982804,7.779569892473118
946,dynamic_actor_adapt,-2619.6138486862183,1.0,0.29647624418139457,0.8825657472014428,0.6471370071172714,0.0,0.008705416313387088,3.749632215499878,-0.0021969610723317603,1e-05,0.0,0.10527070853859186,0.2992619201540947,0.37352309823036195,0.00015961622520990204,0.2217846643179655,3.7508475565977593,34.20254248717976,8.0
947,dynamic_actor_adapt,-2623.800806581974,1.0,0.2944123849272728,0.8835118979215622,0.6479832887649536,0.0,0.0030206233972421225,3.7120976865291597,-0.00212058968936617,1e-05,0.0,0.10478832051157952,0.30058311149477956,0.37371221631765367,0.00015910262300167233,0.22075725197792054,4.194848324333562,34.061467056996634,8.0
948,dynamic_actor_adapt,-2637.4890666007996,1.0,0.29520163163542745,0.8827070653438568,0.646255162358284,0.0,0.0038396660673243044,3.822425538301468,-0.0018820865167072042,1e-05,0.0,0.10477342735975981,0.30250294059515,0.37306077107787133,0.00014710360574099468,0.21951575241982937,3.9631682711277865,33.96661599691424,8.021505376344086
949,dynamic_actor_adapt,-2619.509870648384,1.0,0.29676452949643134,0.8820694267749787,0.6476808860898018,0.0,0.004041967899138371,3.568430769443512,-0.001082069266703911,1e-05,0.0,0.10420115999877452,0.30105422660708425,0.3740823775529861,0.0001568219424370909,0.22050541415810584,4.273271249867484,33.7603585058312,7.956989247311828
950,dynamic_actor_adapt,-2691.818695664406,1.0,0.298824180662632,0.881439046561718,0.6472628369927407,0.0,0.007569476757998936,3.6724467813968658,-0.002058262494392693,1e-05,0.0,0.10519803389906883,0.3038340151309967,0.3731665201485157,0.00016489854024257511,0.2176365338265896,4.243268477465686,34.20568648677255,8.301075268817204
951,dynamic_actor_adapt,-2588.790375173092,1.0,0.29813630133867264,0.8812345445156098,0.6473819240927696,0.0,0.011908747810412023,3.528858035802841,-0.0015675247945182492,1e-05,0.0,0.10541870277374983,0.29886179119348527,0.37219149321317674,0.0001577761619046214,0.22337023951113225,4.01941753352426,33.596008484425795,7.9247311827957
952,dynamic_actor_adapt,-2544.810881972313,1.0,0.29519308879971506,0.8828705489635468,0.6479077741503716,0.0,0.0007459277288944411,3.838178151845932,-0.0018140366548323073,1e-05,0.0,0.10556078404188156,0.29909267351031305,0.37215966507792475,0.0001547996547742514,0.22303208000957966,4.181859058634973,33.74925046643536,7.677419354838709
953,dynamic_actor_adapt,-2570.0483868718147,1.0,0.2985381081700325,0.8813064068555831,0.648635171353817,0.0,0.012674173545929052,3.6297550082206724,-0.002075722121480794,1e-05,0.0,0.10727365612983704,0.3018464483320713,0.37403010576963425,0.0001545554425320006,0.2166952382773161,4.416492281679878,33.93280547794751,7.736559139784946
954,dynamic_actor_adapt,-2607.903277218342,1.0,0.29765171855688094,0.8815406054258347,0.6476469919085502,0.0,0.00619265977820758,3.5292128682136537,-0.0019623796142695937,1e-05,0.0,0.1057645756751299,0.30078746005892754,0.37350184470415115,0.00015950840752338992,0.21978661529719828,4.423520657020802,34.22588072408365,7.897849462365592
955,dynamic_actor_adapt,-2616.2154402136803,1.0,0.2974773645401001,0.8814215585589409,0.648624663054943,0.0,0.005617770100070618,3.8120798766613007,-0.0019771891609707383,1e-05,0.0,0.10421747379004956,0.30078026205301284,0.3763107270002365,0.000157601511455141,0.2185339342802763,4.102899839519216,34.15979124463497,7.951612903225806
956,dynamic_actor_adapt,-2625.17462849617,1.0,0.2956234961748123,0.8825574174523354,0.6505895853042603,0.0,0.004608537065723756,3.5436497747898104,-0.0019492646992148367,1e-05,0.0,0.1063555758446455,0.2993314556777477,0.3754552684724331,0.00016218156488321256,0.21869552433490752,4.041531914702813,34.446099681191015,7.989247311827957
957,dynamic_actor_adapt,-2637.088702440262,1.0,0.2989870645105839,0.8808071345090867,0.6494175568223,0.0,0.0033098966128818933,3.650298672914505,-0.0017667072377662407,1e-05,0.0,0.10609346646815539,0.3009681850671768,0.37406893745064734,0.00015567364443995756,0.21871374323964118,4.224201061413468,33.99671070943507,8.06989247311828
958,dynamic_actor_adapt,-2549.082891225815,1.0,0.2958999015390873,0.8824463367462159,0.6475489571690559,0.0,0.00814276154233085,3.8463059782981874,-0.0024101194729155397,1e-05,0.0,0.10407042615115643,0.29926212802529334,0.3737284913659096,0.00015383499867311913,0.222785122692585,4.2866064696646,34.22172892520415,7.661290322580645
959,dynamic_actor_adapt,-2608.011622786522,1.0,0.29560507014393805,0.8829166457056999,0.6489553734660148,0.0,0.009598714963613078,3.717507553100586,-0.0023155673540713904,1e-05,0.0,0.10572627410292626,0.30146193578839303,0.37467208281159403,0.00015394537258544004,0.2179857652634382,4.230472716742729,34.304593679209276,7.956989247311828
960,dynamic_actor_adapt,-2677.6795752048492,1.0,0.2951679274439812,0.88265450745821,0.6502974018454551,0.0,0.006656059747729176,3.719600558280945,-0.0016221597586991265,1e-05,0.0,0.10393659640103578,0.2999267980456352,0.3749248906970024,0.00015072901824169093,0.22106098532676696,3.893887135853956,34.31583259330881,8.258064516129032
961,dynamic_actor_adapt,-2563.3563526272774,1.0,0.29765659049153326,0.8815431371331215,0.6479866519570351,0.0,0.009600162829701709,3.692670112848282,-0.002175963033005246,1e-05,0.0,0.10635428968816996,0.30229940861463545,0.371944647282362,0.0001605078563443385,0.21924114860594274,4.130513711243219,34.47029597275787,7.774193548387097
962,dynamic_actor_adapt,-2499.406176507473,1.0,0.29885570108890536,0.8806310355663299,0.6470303416252137,0.0,0.007379290524113421,3.7525865137577057,-0.0020062680167029614,1e-05,0.0,0.10489959847182036,0.3000673934817314,0.37391249015927314,0.00015757002984173596,0.22096295207738875,3.8773743934750295,34.233196649331845,7.446236559139785
963,dynamic_actor_adapt,-2628.8292548060417,1.0,0.29623269513249395,0.8822974190115929,0.6457508832216263,0.0,0.008174871787559893,3.870207154750824,-0.0015600915070535849,1e-05,0.0,0.10456393472850323,0.30294243767857554,0.37016397938132284,0.00015430411986017134,0.2221753392368555,3.89868619981114,34.12043455632071,8.06989247311828
964,dynamic_actor_adapt,-2610.879803240299,1.0,0.29694950953125954,0.8818188294768333,0.6484591111540794,0.0,0.011571623468080416,3.8800965785980224,-0.0021358682452046196,1e-05,0.0,0.10654173791408539,0.3009153001010418,0.37397199496626854,0.00015193847739283228,0.21841903775930405,3.968620932642334,33.801950702479274,8.010752688172044
965,dynamic_actor_adapt,-2609.226866722107,1.0,0.2960401222109795,0.8820360109210015,0.645516362786293,0.0,0.014303990053849696,3.737388676404953,-0.0020589846015354853,1e-05,0.0,0.10318010430783034,0.2990536384284496,0.3720444694161415,0.00015076149902597534,0.22557103000581263,3.6884429154113314,34.14879275149879,8.010752688172044
966,dynamic_actor_adapt,-2540.5960437059402,1.0,0.29620069786906245,0.8821037024259567,0.6457348540425301,0.0,0.00468139757867902,3.825911116600037,-0.0019398633274249732,1e-05,0.0,0.10503227915614843,0.29953405261039734,0.37203649431467056,0.00015886845249042382,0.2232383035123348,3.617023131470349,34.050646218338684,7.64516129032258
967,dynamic_actor_adapt,-2637.3231388926506,1.0,0.29570807740092275,0.8823882013559341,0.6468104064464569,0.0,0.0031404459607074055,3.827083134651184,-0.0020724467178297344,1e-05,0.0,0.10408571362495422,0.30026785656809807,0.37287291437387465,0.00015783508115418954,0.22261568047106267,3.694417561598004,33.94839865632305,8.102150537634408
968,dynamic_actor_adapt,-2611.4204074144363,1.0,0.29653542339801786,0.8821762651205063,0.6473500072956085,0.0,0.001599155359326704,3.705517452955246,-0.0024045335390837862,1e-05,0.0,0.10475877448916435,0.30039437487721443,0.37214875891804694,0.0001573165278387023,0.22254077829420565,3.4724096587366406,33.71034921124604,7.978494623655914
969,dynamic_actor_adapt,-2547.3143242001534,1.0,0.2976162888109684,0.8813753336668014,0.646957129240036,0.0,0.003015475831489306,3.804697024822235,-0.0018829306325642392,1e-05,0.0,0.10462598372250795,0.29968166053295137,0.3736555315554142,0.0001582813030836405,0.221878544986248,3.6808291604093686,33.809638401836224,7.709677419354839
970,dynamic_actor_adapt,-2570.656295835972,1.0,0.29370470717549324,0.88346496373415,0.6487936913967133,0.0,0.0034953258360473833,3.7079230070114138,-0.002078250156046124,1e-05,0.0,0.10496248789131642,0.3002528831362724,0.37449471205472945,0.00015903543098829686,0.22013088054955005,3.7149881748059026,33.94170102953558,7.774193548387097
971,dynamic_actor_adapt,-2512.0514500141144,1.0,0.29318119809031484,0.8841904118657112,0.6487957328557968,0.0,0.005964171834602905,3.734528625011444,-0.0019034482189454137,1e-05,0.0,0.1037388227880001,0.2985017880797386,0.3749979093670845,0.0001517096994575695,0.22260976918041706,3.840084660893359,33.93236171996972,7.548387096774194
972,dynamic_actor_adapt,-2512.8304557800293,1.0,0.296230361610651,0.882329261302948,0.6474166750907898,0.0,0.004007689583704649,3.6633145570755006,-0.0016192353774385992,1e-05,0.0,0.10390054509043693,0.30015069171786307,0.37299406379461286,0.00015953907095536123,0.22279515787959098,4.196451276618161,33.736306806283324,7.505376344086022
973,dynamic_actor_adapt,-2519.6722222566605,1.0,0.2947020910680294,0.8831790521740913,0.6488658666610718,0.0,0.00819402718007046,3.8315725088119508,-0.001732765846827533,1e-05,0.0,0.10501904729753733,0.3023509941995144,0.37377227246761324,0.00015275541954906657,0.2187049277126789,4.222475077454841,33.6224232304939,7.532258064516128
974,dynamic_actor_adapt,-2577.5921307206154,1.0,0.2938420310616493,0.88330407589674,0.6490458860993386,0.0,0.003735382072954957,3.8738201916217805,-0.0016995547244732733,1e-05,0.0,0.10550842713564634,0.3016893766820431,0.37256620153784753,0.00015586823519697646,0.22008012868463994,4.163209374336492,33.56770484241217,7.768817204301075
975,dynamic_actor_adapt,-2588.8464270830154,1.0,0.29378544017672537,0.8834622383117676,0.6459237530827522,0.0,0.008571499541176326,3.564485889673233,-0.0012948467563546728,1e-05,0.0,0.10257851798087358,0.30033679530024526,0.3733587145805359,0.00015260641594068148,0.22357336282730103,3.9772212263464684,33.81734441826797,7.887096774193549
976,dynamic_actor_adapt,-2613.2488621473312,1.0,0.2969351775944233,0.8818183586001396,0.6485743567347526,0.0,0.010444823331999961,3.847420132160187,-0.002210094987822231,1e-05,0.0,0.10680717583745718,0.3013290658593178,0.37185720801353456,0.00015409211373480504,0.21985246017575263,3.915037660867974,33.76873389600348,7.989247311827957
977,dynamic_actor_adapt,-2516.371043384075,1.0,0.29777996614575386,0.881860288977623,0.646643191576004,0.0,0.0067998657965290255,4.037617820501327,-0.001886844008549815,1e-05,0.0,0.10340724494308233,0.30189534947276114,0.3733639530837536,0.0001555560627821251,0.2211779024451971,4.0713308314447065,33.75613221076753,7.553763440860214
978,dynamic_actor_adapt,-2512.1718369722366,1.0,0.2950975328683853,0.8824759662151337,0.6448728576302528,0.0,0.009536016669335354,3.7338948011398316,-0.0009420409003723762,1e-05,0.0,0.10227940566837787,0.2982801377773285,0.3733415983617306,0.00015294935401470865,0.22594590671360493,3.922857797904315,33.938486060940214,7.510752688172043
979,dynamic_actor_adapt,-2607.2469851374626,1.0,0.2933055445551872,0.883812452852726,0.6484925448894501,0.0,0.0158999352783212,3.717187285423279,-0.001440132228890434,1e-05,0.0,0.10670662093907594,0.30180289074778555,0.37215531021356585,0.00015043468320072862,0.21918474249541758,3.9493738094439084,33.93460891374508,7.951612903225806
980,dynamic_actor_adapt,-2563.4096351265907,1.0,0.29555564001202583,0.8824020728468895,0.646287952363491,0.0,0.005221530936432831,3.7514174222946166,-0.0018358339318183426,1e-05,0.0,0.10443025920540094,0.3016575612127781,0.37196623608469964,0.00015408076615130994,0.22179186195135117,3.8502664542441214,33.9660618448316,7.790322580645161
981,dynamic_actor_adapt,-2611.892103433609,1.0,0.2966326504945755,0.8824844181537628,0.6477767542004585,0.0,0.003239652152842573,3.7572279632091523,-0.0016247640742221847,1e-05,0.0,0.10482742991298437,0.3009376086294651,0.3731888897716999,0.00015406808925035875,0.2208919994533062,3.8431897590413113,33.72040377323625,7.994623655913978
982,dynamic_actor_adapt,-2632.135468482971,1.0,0.298904425650835,0.8806157529354095,0.6480848073959351,0.0,0.0085864071688775,3.7796018958091735,-0.0016699819243513048,1e-05,0.0,0.10896009765565395,0.30109814628958703,0.3718545839190483,0.00014766478543606353,0.2179395068436861,3.9212445506734666,33.88436352828256,8.0752688172043
983,dynamic_actor_adapt,-2539.1090519428253,1.0,0.2947687588632107,0.8826851844787598,0.6463816598057747,0.0,0.006179693648118709,3.8567811369895937,-0.0022858003979308707,1e-05,0.0,0.10587025322020054,0.3036013960838318,0.371985687315464,0.00015300119812309277,0.2183896664530039,4.22620113560163,33.84694920392358,7.629032258064516
984,dynamic_actor_adapt,-2508.211955845356,1.0,0.2958247810602188,0.8825364947319031,0.649467471241951,0.0,0.008677446194997251,3.66228501200676,-0.0012768048589350655,1e-05,0.0,0.10757091157138347,0.3015467293560505,0.3746237508952618,0.00015177622481132858,0.21610683389008045,4.282711192307456,34.041473960762204,7.489247311827957
985,dynamic_actor_adapt,-2657.2263064980507,1.0,0.2968683302402496,0.8817995071411133,0.6487250581383706,0.0,0.008270909446582705,3.5165221333503722,-0.001760408883819764,1e-05,0.0,0.10641183517873287,0.3022038504481316,0.3716473698616028,0.00015707861239206978,0.21957986243069172,4.4044452005195955,33.97793609833386,8.14516129032258
986,dynamic_actor_adapt,-2555.349931716919,1.0,0.2970349118113518,0.8815213799476623,0.6481232553720474,0.0,0.007208595554220704,3.677498149871826,-0.0018575674199382774,1e-05,0.0,0.10605315081775188,0.2989633046090603,0.3728687703609467,0.0001520124607850448,0.22196276113390923,4.568383634396291,33.926516904007066,7.666666666666666
987,dynamic_actor_adapt,-2510.9833483695984,1.0,0.29436500519514086,0.882915735244751,0.64666288793087,0.0,0.0035271125469080204,3.707447749376297,-0.002002705189624976,1e-05,0.0,0.10428959671407938,0.2996725752949715,0.37307463586330414,0.00015591550290992018,0.2228072803467512,4.296622397838011,33.60279889540912,7.537634408602151
988,dynamic_actor_adapt,-2603.91206407547,1.0,0.2980342023074627,0.882136219739914,0.6474700644612312,0.0,0.008362211324128996,3.7506674408912657,-0.00229470606718678,1e-05,0.0,0.10706795621663331,0.3010753221809864,0.37075225710868837,0.00015526652023254429,0.22094920314848424,4.361797063345424,33.82835657975461,7.913978494623657
989,dynamic_actor_adapt,-2610.358061492443,1.0,0.29721852466464044,0.8815265193581581,0.6489588260650635,0.0,0.011869441700582666,3.805946046113968,-0.002453084297303576,1e-05,0.0,0.10325074344873428,0.2989578142762184,0.3749788910150528,0.00015756333068566163,0.22265499345958234,4.10129141923896,34.04119293757768,7.946236559139786
990,dynamic_actor_adapt,-2643.442617058754,1.0,0.2965303286910057,0.8820925921201705,0.6484806969761848,0.0,0.008816493461381464,3.6325550734996797,-0.002101089124334976,1e-05,0.0,0.10614797007292509,0.3004679553210735,0.37258358895778654,0.00015843613873585128,0.2206420425325632,4.380661672316213,34.08316746562189,8.048387096774194
991,dynamic_actor_adapt,-2602.596199154854,1.0,0.2984189331531525,0.8811009064316749,0.6479128792881965,0.0,0.0030205280103473148,3.554341596364975,-0.0021689697186957346,1e-05,0.0,0.10517952144145966,0.30197822377085687,0.3721038714051247,0.00015017097193776864,0.2205882143229246,4.324815097480525,33.9229633739438,7.817204301075269
992,dynamic_actor_adapt,-2523.09204685688,1.0,0.29388489201664925,0.8832506358623504,0.6460136085748672,0.0,0.012729921921527382,3.6658096492290495,-0.0020441968550585442,1e-05,0.0,0.1027150733396411,0.29807770997285843,0.3740180343389511,0.00015077203206601553,0.22503841035068034,4.20997631174631,33.811905270550355,7.559139784946237
993,dynamic_actor_adapt,-2618.928293466568,1.0,0.2982634507119656,0.8809990674257279,0.6473078921437263,0.0,0.006236460929721891,3.7077047646045687,-0.0018367381846474018,1e-05,0.0,0.10582472532987594,0.29742113724350927,0.37236966714262965,0.0001593483339092927,0.22422511763870717,4.083512096943496,33.449276511522335,7.940860215053763
994,dynamic_actor_adapt,-2636.0617927908897,1.0,0.29489280804991724,0.8828931152820587,0.6481178894639015,0.0,0.009213352545157242,3.7140861451625824,-0.0017495370888354956,1e-05,0.0,0.10570109002292156,0.301837507635355,0.37255997583270073,0.00015025344091554871,0.21975117437541486,4.035078235270224,33.90598389226888,8.06989247311828
995,dynamic_actor_adapt,-2605.7859463095665,1.0,0.2947134539484978,0.8830166399478913,0.645492997765541,0.0,0.011551002924534237,3.620001232624054,-0.0013789850047032815,1e-05,0.0,0.1039894662797451,0.2977736309170723,0.37291411831974985,0.00015378366497316166,0.22516900412738322,4.122631876098642,34.31070788720796,7.897849462365592
996,dynamic_actor_adapt,-2525.632761359215,1.0,0.2956851661205292,0.8825853645801545,0.6472134158015251,0.0,0.00639940244436728,3.8410035729408265,-0.002083297906938242,1e-05,0.0,0.10482521373778582,0.300133391469717,0.3725879818201065,0.000157974852299958,0.2222954373806715,3.9546025609623,34.08731568651849,7.612903225806451
997,dynamic_actor_adapt,-2631.455343067646,1.0,0.29644536077976225,0.8816366642713547,0.6469359293580055,0.0,0.003758260268477914,3.6752850711345673,-0.0017531328805489466,1e-05,0.0,0.1034610440954566,0.29961905553936957,0.3744317330420017,0.00015735083288745955,0.22233081683516503,4.110232987608385,33.962946164769406,8.0
998,dynamic_actor_adapt,-2612.5875123739243,1.0,0.29632079154253005,0.8822783991694451,0.6492005527019501,0.0,0.014403539441809717,3.6773644745349885,-0.0021897615377383774,1e-05,0.0,0.10831015314906836,0.30197171345353124,0.37316864579916,0.00015176260658336104,0.2163977198302746,4.07668445426061,33.51940421616763,7.978494623655914
999,dynamic_actor_adapt,-2604.806011080742,1.0,0.2956429272890091,0.8824224501848221,0.6464989840984344,0.0,0.009390657202311511,3.6763167798519136,-0.0018914354033768177,1e-05,0.0,0.1049110896885395,0.3010835573077202,0.37276633083820343,0.00014597090430470416,0.22109305076301097,4.1821644796911155,33.705195944700066,7.951612903225806
1000,dynamic_actor_adapt,-2562.9165301322937,1.0,0.29272528141736986,0.8839368924498558,0.6502445995807647,0.0,0.006892039735976127,3.556604212522507,-0.0022029646387636604,1e-05,0.0,0.10588027257472277,0.29907251298427584,0.37524009570479394,0.00014904642684996361,0.21965807862579823,4.033585211179622,33.927246558740805,7.693548387096774
