hour,day,hour_of_day,baseline_load,plotted_target_load,grouped_comm_v2,tarmac,gat,powernet_global,dial,weighted_comm_default
0,1,0,89.44082641601562,56.264562810600005,148.61990666389465,133.0019429922104,116.57042837142944,110.30969738960266,123.8602443933487,145.90067303180695
1,1,1,83.0643081665039,56.264562810600005,128.73301815986633,126.37545037269592,101.35010898113252,76.99972999095917,121.6995174884796,137.6718760728836
2,1,2,78.60829162597656,56.264562810600005,149.91564440727234,128.0274817943573,104.38489365577698,108.86315882205965,126.42268931865692,125.19262325763702
3,1,3,83.07950592041016,56.264562810600005,108.34846365451811,84.2627312541008,80.00494921207428,77.19637250900269,101.72763788700104,100.29691183567049
4,1,4,82.75498962402344,56.264562810600005,132.6923632621765,114.32542335987092,114.25714778900146,101.77643036842346,127.743772149086,109.9503390789032
5,1,5,94.54297637939452,56.264562810600005,111.60353660583496,122.32041025161745,125.5966260433197,108.75478053092957,127.07352948188782,117.41790390014648
6,1,6,112.32801055908205,56.264562810600005,135.76370906829834,115.36641204357149,134.69372594356537,119.47645175457,129.18911492824554,122.1537219285965
7,1,7,113.23038482666016,56.264562810600005,97.77180299162865,101.29124188423155,100.3949636220932,86.88003242015839,99.68545725941658,99.81339167058468
8,1,8,113.15670013427734,56.264562810600005,56.68162351846695,53.414135098457336,54.952562034130096,50.88889199495316,87.24025321006775,69.3056446313858
9,1,9,95.74092864990234,56.264562810600005,51.59304177761078,55.16396045684815,40.84380638599396,33.58311998844147,65.76935374736786,73.32509672641754
10,1,10,95.99382781982422,56.264562810600005,-14.194324731826782,-5.172239780426025,-19.921292901039124,-12.54029929637909,17.85060453414917,-5.602335214614868
11,1,11,86.68492126464844,56.264562810600005,-31.857471466064453,-8.764782071113586,-30.96221506595612,-12.119351744651794,1.5230005979537964,4.197032809257507
12,1,12,87.78263854980469,56.264562810600005,-22.54210901260376,-15.406325459480286,-40.99262845516205,-20.95998740196228,-13.26889419555664,-17.94574749469757
13,1,13,76.26077270507812,56.264562810600005,-50.045414686203,-30.12354862689972,-40.33442544937134,-39.47292757034302,-23.30154848098755,-28.80709731578827
14,1,14,70.68318939208984,56.264562810600005,37.99036920070648,8.014529943466187,11.564432263374329,37.77879238128662,7.874664843082428,22.614052176475525
15,1,15,75.01203155517578,56.264562810600005,80.57697683572769,60.672503769397736,88.93648970127106,81.97124761343002,40.27193987369537,85.99404668807983
16,1,16,89.55243682861328,56.264562810600005,115.00102627277374,114.3131468296051,136.2820690870285,149.62690329551697,75.07167059183121,109.54523730278017
17,1,17,88.20510864257812,56.264562810600005,109.18364369869232,110.0227484703064,111.35993874073029,144.48372435569763,103.57888090610504,102.72444117069244
18,1,18,86.31256866455078,56.264562810600005,129.58472740650177,124.21825730800629,143.70979607105255,153.58553850650787,147.94449365139008,99.7129204273224
19,1,19,90.81399536132812,56.264562810600005,130.86570918560028,110.2054055929184,106.98884224891664,135.55438029766083,165.17759680747986,113.1617636680603
20,1,20,91.5804214477539,56.264562810600005,103.6865702867508,97.53363454341888,125.1586663722992,142.12809240818024,169.0045731663704,110.73086822032928
21,1,21,87.5021743774414,56.264562810600005,134.6774218082428,116.1125065088272,142.01542472839355,137.0180730819702,208.79588037729263,100.64740920066832
22,1,22,77.84564971923828,56.264562810600005,152.92117059230804,88.61387276649475,149.89302325248718,149.27472034096718,158.16862535476685,109.04074394702911
23,1,23,91.6836395263672,56.264562810600005,164.63591122627258,129.77725294232368,154.80763792991638,135.3750011920929,188.27387404441836,113.87078928947447
24,2,0,95.44234466552734,103.26987717391668,165.77472722530365,123.52833408117294,155.04185438156128,146.94163990020752,186.3392699956894,123.01304268836977
25,2,1,112.69786071777344,103.26987717391668,156.09208977222443,128.09366169571877,164.79240584373474,142.90041947364807,204.50845336914065,129.4255155324936
26,2,2,107.75880432128906,103.26987717391668,144.94231915473938,140.7027381658554,128.6214040517807,148.8945951461792,188.42996776103973,143.12651419639587
27,2,3,120.53536987304688,103.26987717391668,149.7595705986023,164.95677399635315,136.07107508182526,192.25980973243716,166.4182881116867,152.80201649665833
28,2,4,127.66242218017578,103.26987717391668,156.67264997959137,173.16332960128784,160.6637521982193,207.36725068092343,190.30435997247696,194.33191084861755
29,2,5,145.71302795410156,103.26987717391668,186.6182632446289,200.18476915359497,193.024838924408,230.17518997192383,188.31838327646253,190.92768621444705
30,2,6,182.42465209960935,103.26987717391668,178.97023248672485,199.53661489486691,163.57217121124268,229.679447889328,188.42740714550015,213.6314642429352
31,2,7,187.05474853515625,103.26987717391668,196.90060818195343,179.4920317530632,144.00774538516998,185.09871518611908,159.1432797908783,190.4082205891609
32,2,8,196.02426147460935,103.26987717391668,146.3406958580017,127.35683262348176,95.81949639320374,158.04596424102783,106.66565501689912,131.33653497695923
33,2,9,204.2544403076172,103.26987717391668,80.53914487361908,90.97035145759584,86.71408677101135,131.21368217468262,104.78351473808289,133.50396418571472
34,2,10,189.5810089111328,103.26987717391668,50.826005697250366,71.63965082168579,69.46669125556946,93.30716061592102,55.98718929290772,83.77957034111023
35,2,11,189.03857421875,103.26987717391668,14.88146185874939,20.84001636505127,51.79221677780152,53.03545260429382,35.76306676864624,64.45495176315308
36,2,12,165.27540588378906,103.26987717391668,20.72443652153015,41.11900091171265,46.812328815460205,32.11874723434448,3.889005661010742,43.39306783676148
37,2,13,163.39498901367188,103.26987717391668,11.245070099830627,37.226356983184814,61.92582583427429,55.67043423652649,24.35617208480835,59.95592451095581
38,2,14,155.6564178466797,103.26987717391668,72.37137079238892,80.71032285690308,110.1095688343048,112.13220286369324,79.5707836151123,105.11469316482544
39,2,15,150.84466552734375,103.26987717391668,178.88276028633118,209.4981815814972,180.71427059173584,218.5988767147064,149.51093035936356,174.63362956047058
40,2,16,184.52284240722656,103.26987717391668,200.65077364444733,200.1059450507164,197.6429958343506,235.28286266326904,183.3841979503632,186.44048500061035
41,2,17,193.63429260253903,103.26987717391668,236.5262644290924,222.15662026405332,207.82742881774905,220.9553508758545,215.2644590139389,194.61522579193115
42,2,18,198.595703125,103.26987717391668,224.2015008926392,237.74422073364255,206.8466165065765,251.7186872959137,239.29567432403564,218.46559357643127
43,2,19,209.87396240234372,103.26987717391668,266.34138917922974,246.04037475585935,251.31742072105408,242.06386828422544,246.3662840127945,245.4831702709198
44,2,20,243.89041137695312,103.26987717391668,249.36355447769165,204.43220281600952,195.8469709157944,225.04045939445496,243.87430012226105,221.66183638572693
45,2,21,204.1798095703125,103.26987717391668,267.29035782814026,249.01595973968503,235.72525835037231,234.84302401542664,252.3042907714844,234.4057297706604
46,2,22,207.78549194335935,103.26987717391668,232.38842630386355,197.51475530862808,197.29850959777832,231.63851499557492,230.4057819843292,231.0512616634369
47,2,23,189.02133178710935,103.26987717391668,237.8005394935608,215.49935150146484,223.68328332901,248.04639720916748,242.11478638648987,217.3388359546661
48,3,0,193.0967712402344,121.463727324625,234.0617537498474,205.62214720249176,228.88756895065308,242.1011288166046,252.60187673568728,240.5184953212738
49,3,1,197.36068725585935,121.463727324625,238.9692759513855,238.70227229595184,240.5212345123291,235.2869212627411,240.96379041671756,224.0944859981537
50,3,2,200.2850646972656,121.463727324625,238.42214107513428,238.4403476715088,250.087019443512,239.52164125442505,246.02634620666504,264.92691469192505
51,3,3,211.34506225585935,121.463727324625,241.44824361801147,235.5096864700317,263.68482780456543,231.2350647449493,222.40774655342105,241.30225324630737
52,3,4,212.3661651611328,121.463727324625,242.84578895568848,231.32206463813785,236.81073474884036,236.93141889572144,209.4344744682312,275.41794443130493
53,3,5,221.9376373291016,121.463727324625,248.3585476875305,258.76786756515503,227.6775302886963,225.67851519584656,179.54943013191223,239.3822009563446
54,3,6,230.8044891357422,121.463727324625,236.26083993911743,234.52474105358124,228.60055780410767,221.04934692382807,203.66066074371335,260.2900719642639
55,3,7,243.1004180908203,121.463727324625,270.26667881011963,252.1222426891327,231.86098861694336,244.0338156223297,227.8849277496338,250.1740863323212
56,3,8,258.5841979980469,121.463727324625,252.79871320724487,243.1920170783997,228.27807891368863,228.8242678642273,239.09843230247495,247.2037831544876
57,3,9,270.42547607421875,121.463727324625,172.0726101398468,138.09718668460846,121.00841236114502,118.62452602386476,126.48199832439424,118.90005838871002
58,3,10,215.11639404296875,121.463727324625,85.38947892189026,80.39738631248474,88.03656768798828,92.7776608467102,100.08114743232728,76.2459956407547
59,3,11,178.76768493652344,121.463727324625,39.04010045528412,46.037104845047,60.045172929763794,59.94945955276489,55.64207088947296,48.43954253196716
60,3,12,171.79380798339844,121.463727324625,26.451445817947388,50.58262586593628,56.19419085979462,70.72548961639404,68.7718335390091,57.4773964881897
61,3,13,150.16859436035156,121.463727324625,46.28034424781799,54.27207517623901,76.3050651550293,61.06359720230103,74.99474787712097,48.81897139549256
62,3,14,140.23226928710938,121.463727324625,58.264180123806,106.30694818496704,49.33588647842407,98.12965929508208,101.86254107952118,77.90752279758453
63,3,15,128.96417236328125,121.463727324625,143.91601765155792,122.09400534629822,148.54037189483645,156.45422863960266,163.23411309719086,130.50667548179626
64,3,16,136.8740997314453,121.463727324625,165.58799386024475,160.78697568178177,131.9298436641693,177.29528188705444,156.0581905245781,159.8173360824585
65,3,17,151.2753448486328,121.463727324625,167.4444472193718,169.30314826965332,179.50141513347626,160.1552562713623,155.74860048294067,177.4399061203003
66,3,18,143.5692138671875,121.463727324625,165.25124096870422,144.10887169837952,129.57285809516907,154.15540158748627,166.73342752456665,157.07054817676544
67,3,19,146.15695190429688,121.463727324625,141.858540058136,173.66725850105286,174.94072675704956,129.04994040727615,160.74749946594238,151.11114692687988
68,3,20,133.56752014160156,121.463727324625,146.28422617912292,138.68351542949677,155.40500807762146,155.95474767684937,165.2904736995697,146.7084367275238
69,3,21,128.20623779296875,121.463727324625,163.62622165679932,176.17370462417605,167.99274325370789,136.70192551612854,168.1706019639969,164.63558650016785
70,3,22,127.13275909423828,121.463727324625,157.93626379966736,135.64501070976257,152.98253107070923,143.1878319978714,124.13395038247108,139.33154034614563
71,3,23,113.44141387939452,121.463727324625,139.0771853029728,168.4331042766571,144.4395787715912,144.3181927204132,123.30851554870604,131.26344275474548
72,4,0,115.40795135498048,72.06773195127501,160.52851223945618,137.11017686128616,130.67679572105408,148.87450581789017,117.5722645521164,131.4416868686676
73,4,1,114.46881866455078,72.06773195127501,135.64161479473114,126.55252170562744,133.63972115516663,146.67076539993286,119.44869261980055,136.01063656806946
74,4,2,113.58196258544922,72.06773195127501,139.36938881874084,131.61611318588257,117.52850782871246,142.8045995235443,105.4733829498291,127.9405312538147
75,4,3,106.19221496582033,72.06773195127501,132.54154813289642,115.16491124033928,136.38636875152588,144.14664697647095,111.78035205602646,133.0602880716324
76,4,4,106.19307708740234,72.06773195127501,119.5498012304306,124.06468558311462,111.01349052786829,132.70384216308594,100.69393849372864,133.77915501594543
77,4,5,110.84555053710938,72.06773195127501,117.3555793762207,127.30575323104858,146.0863699913025,124.9754445552826,137.83462727069855,131.99101614952087
78,4,6,104.66710662841795,72.06773195127501,110.217529296875,124.30173137784004,118.15134632587431,119.3072029352188,144.4981198310852,132.91829565167427
79,4,7,121.76676940917967,72.06773195127501,118.42108857631683,109.67110347747804,125.96822905540466,111.55558753013612,116.26483541727066,117.95694690942764
80,4,8,136.57315063476562,72.06773195127501,109.07699996232986,113.09939455986024,90.87661242485046,106.42379689216614,94.9929878115654,100.11197012662888
81,4,9,132.12353515625,72.06773195127501,111.17799603939056,121.69127714633942,101.07384818792345,119.37409818172456,123.72526913881302,109.66108679771423
82,4,10,133.30125427246094,72.06773195127501,77.97011542320251,79.71023237705231,66.00832390785217,100.36965465545654,50.05441933870316,83.16323745250702
83,4,11,119.5793228149414,72.06773195127501,29.19106721878052,29.688839316368103,51.00079846382141,58.688825845718384,16.17940080165863,52.38028573989868
84,4,12,112.6951904296875,72.06773195127501,34.89745473861694,51.06072461605072,56.535927176475525,54.594576954841614,21.79055881500244,58.06699442863464
85,4,13,112.61154174804688,72.06773195127501,43.64208912849426,98.1452944278717,78.30497014522552,95.7165709733963,40.259426295757294,84.76988184452057
86,4,14,99.87879180908205,72.06773195127501,91.5284811258316,97.42925441265106,113.24584567546844,123.00970339775084,67.3808836042881,100.77906560897829
87,4,15,100.26728057861328,72.06773195127501,106.62274730205536,83.74321155250072,108.00563287734984,118.15203177928925,81.7441395521164,126.85556077957152
88,4,16,101.5513687133789,72.06773195127501,131.16341543197632,112.81870579719543,138.196761906147,134.28927946090698,119.28490591049194,132.20357656478882
89,4,17,112.79793548583984,72.06773195127501,130.38010993599892,125.67656326293944,153.93579602241516,135.71817660331726,148.891854763031,147.32322669029236
90,4,18,111.62776184082033,72.06773195127501,114.3347828388214,107.3323090672493,111.76471370458604,109.30206823349,136.9569706916809,121.04074776172638
91,4,19,99.1876220703125,72.06773195127501,115.50815904140472,117.17268633842468,142.45699310302734,130.1751766204834,141.95901489257812,128.73412132263184
92,4,20,104.15387725830078,72.06773195127501,135.4493578672409,130.98176473379135,121.33953654766084,140.4503297805786,152.82858622074127,115.17975866794586
93,4,21,113.19488525390624,72.06773195127501,123.355574965477,98.5822298526764,147.82798433303833,141.84417259693146,186.86878407001493,106.11936962604524
94,4,22,99.45592498779295,72.06773195127501,117.955016374588,109.6204503774643,136.87399291992188,105.6873040497303,168.95807671546936,91.44313299655914
95,4,23,83.4729995727539,72.06773195127501,115.94076788425446,76.47203570604324,122.74401211738586,111.6089769601822,162.20652174949646,97.21551609039308
96,5,0,80.20663452148438,71.26784696154166,122.02195513248444,100.52838808298112,116.817973613739,107.7822687625885,138.97744059562683,109.35029256343842
97,5,1,79.41280364990234,71.26784696154166,111.14267206192017,76.7903818488121,122.72409415245056,102.83327889442444,136.4222536087036,119.91727590560912
98,5,2,80.25402069091797,71.26784696154166,111.0691145658493,127.44772946834564,126.6654531955719,102.58111834526062,148.264829069376,110.82866847515106
99,5,3,81.16465759277344,71.26784696154166,146.4219241142273,139.82985883951187,111.4250922203064,123.5759665966034,160.23644617199898,129.29920554161072
100,5,4,99.3834991455078,71.26784696154166,94.28023993968964,119.85378623008728,112.76217031478882,121.59334087371826,81.60365289449692,139.18210864067078
101,5,5,86.60247039794922,71.26784696154166,127.14287507534029,149.68449485301971,123.50329184532166,137.21394288539886,76.92378303408623,148.9896433353424
102,5,6,117.32553100585938,71.26784696154166,110.50089263916016,142.87836980819702,141.2074997425079,144.55006802082062,90.8946808576584,140.89912605285645
103,5,7,146.63528442382812,71.26784696154166,141.23542016744614,132.15136098861694,141.52511367201805,115.05767840147018,71.77369531989098,116.8067039847374
104,5,8,159.90963745117188,71.26784696154166,124.66560792922974,108.6297606229782,74.77147090435028,87.53635942935944,102.94213438034058,122.86559534072876
105,5,9,164.5292510986328,71.26784696154166,60.7731237411499,45.02150130271912,13.064069271087646,56.31244385242462,33.25632166862488,69.90090441703796
106,5,10,153.2958984375,71.26784696154166,-22.04595351219177,-0.5072958469390869,-3.622594594955444,40.15205430984497,20.338441848754883,27.120152235031128
107,5,11,137.5763702392578,71.26784696154166,-58.811750411987305,-43.12135052680969,-9.617693901062012,-33.99378252029419,-21.51997804641724,-20.06561279296875
108,5,12,126.06587982177734,71.26784696154166,-35.89578878879547,-51.244221687316895,-9.451459169387816,-5.893307685852051,-49.83773946762085,-11.696974515914915
109,5,13,125.48875427246094,71.26784696154166,-14.993801832199097,-5.100190877914429,7.601503133773804,1.017928123474121,-17.851787328720093,-8.699049711227417
110,5,14,124.63038635253906,71.26784696154166,31.870795786380768,33.40692722797394,36.72778916358948,54.42694354057312,-2.3094242811203003,42.63531231880188
111,5,15,124.0030517578125,71.26784696154166,83.90756368637085,95.5627498626709,111.15031743049622,120.25522011518478,50.23667049407959,102.2790151834488
112,5,16,117.6517105102539,71.26784696154166,161.1068663597107,164.51823663711548,156.6756145954132,193.28639483451843,97.60698011517523,143.70811009407043
113,5,17,136.77047729492188,71.26784696154166,170.7469835281372,170.8314151763916,148.56986618041992,192.52312660217285,149.2247884273529,148.31664562225342
114,5,18,145.6184539794922,71.26784696154166,174.19988465309143,170.11320757865906,153.11577081680298,155.17190289497375,138.4093018770218,170.08513402938843
115,5,19,155.0782928466797,71.26784696154166,197.6013731956482,186.31245708465576,171.65524554252625,155.1774537563324,151.51238191127777,169.43462896347046
116,5,20,165.37283325195312,71.26784696154166,203.419456243515,190.527051448822,173.31389236450195,193.83597588539124,194.4945305585861,199.73493480682373
117,5,21,175.13331604003906,71.26784696154166,195.9448049068451,195.02971947193143,174.35652613639832,190.0626130104065,213.18744206428528,201.08501505851743
118,5,22,174.0373077392578,71.26784696154166,199.991952419281,157.37301522493362,178.19087207317352,180.85726523399356,200.2504951953888,191.18613743782043
119,5,23,153.60806274414062,71.26784696154166,179.62468600273132,184.70843744277957,182.91630935668945,200.36799538135529,212.9346581697464,175.961110830307
120,6,0,152.4560546875,80.61506569283334,181.0360145568848,168.48672652244568,163.99089312553406,160.13775634765625,193.7580406665802,166.18540382385254
121,6,1,138.72772216796875,80.61506569283334,161.15819370746613,156.70652151107788,178.17949271202087,161.76176738739014,214.63526105880737,164.80374264717102
122,6,2,137.83441162109375,80.61506569283334,161.09645128250122,178.63237261772156,164.70875716209412,202.06806445121765,144.6794159412384,168.8768482208252
123,6,3,149.3118133544922,80.61506569283334,155.355903506279,151.65630686283112,144.23206305503845,142.97578930854797,182.189689040184,159.97202920913696
124,6,4,146.6134033203125,80.61506569283334,164.97404885292053,183.58845901489255,153.6774384975433,173.58641242980957,136.4495792388916,177.8546999692917
125,6,5,155.51785278320312,80.61506569283334,158.07094383239746,181.416162610054,169.32460761070251,188.94406604766849,152.39976108074188,165.93797934055328
126,6,6,161.38804626464844,80.61506569283334,178.17980194091797,181.1795597076416,161.96347379684448,189.26014626026156,161.75232994556427,201.91148400306705
127,6,7,174.09414672851562,80.61506569283334,135.4133756160736,142.1208873987198,116.3339616060257,133.46504890918732,126.28137147426604,127.99048614501952
128,6,8,159.6364288330078,80.61506569283334,88.14104437828064,92.72693371772766,86.05606627464294,76.68155586719513,110.11061584949492,105.32990252971648
129,6,9,151.83953857421875,80.61506569283334,44.24732220172882,41.47050619125366,44.04572570323944,69.91541731357574,38.23453187942505,53.9449634552002
130,6,10,134.30665588378906,80.61506569283334,5.353830814361572,31.08929121494293,24.98452627658844,35.804548382759094,30.81420636177063,23.528467297554016
131,6,11,123.1189193725586,80.61506569283334,-3.505489587783813,0.9906795024871826,11.002511262893677,36.313663482666016,13.248998403549194,28.533071517944336
132,6,12,112.0652847290039,80.61506569283334,-23.40779590606689,-14.330681324005129,-14.906586289405825,27.00070333480835,21.13654148578644,-12.676685810089111
133,6,13,108.7978973388672,80.61506569283334,32.74244403839111,29.03866219520569,40.207321524620056,64.29884433746338,40.471670269966125,51.946587800979614
134,6,14,95.2704849243164,80.61506569283334,34.447858452796936,43.53987991809845,67.35511422157288,68.72581112384796,90.70688033103944,43.31739509105682
135,6,15,103.6544952392578,80.61506569283334,126.38810521364212,104.77939677238464,120.15019869804382,133.90734124183655,137.7724233865738,99.77506828308104
136,6,16,121.85956573486328,80.61506569283334,132.82097426056862,156.53039121627808,141.59893465042114,146.5027379989624,169.11531883478165,131.00086325407028
137,6,17,114.23497772216795,80.61506569283334,150.2257730960846,130.52931356430054,136.25591433048248,166.70378875732422,164.0881770849228,153.2401111125946
138,6,18,123.0033187866211,80.61506569283334,138.0908409357071,147.77182269096377,145.17202711105347,150.34852170944214,181.4588965177536,155.13695812225342
139,6,19,119.652099609375,80.61506569283334,161.91608560085297,155.9349149465561,154.0457148551941,150.72959780693054,188.95040547847748,161.6730978488922
140,6,20,129.43292236328125,80.61506569283334,182.38853406906128,167.41370964050293,163.2823555469513,144.35598808526993,177.95741379261017,180.14053344726562
141,6,21,133.1992645263672,80.61506569283334,161.2752098441124,167.9084056019783,170.14250004291534,165.41061878204346,183.7411089539528,182.2082507610321
142,6,22,133.4457244873047,80.61506569283334,182.8242474794388,164.7828744649887,147.01316452026367,124.87453579902648,150.65082836151123,150.89361000061035
143,6,23,130.42141723632812,80.61506569283334,155.98002579808235,167.48072600364685,168.19615519046783,157.08528220653534,131.41322207450867,155.59958171844482
144,7,0,130.08815002441406,106.18141793066668,179.0541125535965,158.13921689987183,157.59061861038208,192.38358759880063,110.78388138115406,166.4415991306305
145,7,1,141.79922485351562,106.18141793066668,162.6297106742859,184.12771224975583,191.67446327209475,192.77198576927185,81.08949348330498,182.8315851688385
146,7,2,142.0665283203125,106.18141793066668,175.46699595451355,166.80089408159256,175.03133082389832,193.82616555690765,83.1230653822422,196.1837472915649
147,7,3,152.5546417236328,106.18141793066668,176.24140053987503,177.6769082546234,202.1289808750153,212.62618350982663,139.3538139462471,182.1407618522644
148,7,4,157.4105682373047,106.18141793066668,178.4283401966095,179.5296391248703,173.6632780432701,202.04875659942627,172.47746539115906,190.7699643373489
149,7,5,165.06637573242188,106.18141793066668,186.1337208747864,179.30995666980743,202.6347362995148,198.85988128185272,214.2550859451294,199.0479600429535
150,7,6,179.61383056640625,106.18141793066668,184.57398623228076,190.1599689722061,207.3331201076508,189.95108580589292,176.05204319953918,191.4805247783661
151,7,7,184.21511840820312,106.18141793066668,176.24753141403198,181.3394376039505,162.5229490995407,165.96491861343384,198.21968507766724,189.12137687206268
152,7,8,175.0878448486328,106.18141793066668,181.9718117713928,172.7391706109047,162.93720048666,178.1753315925598,176.4152830839157,200.91868317127228
153,7,9,177.9656219482422,106.18141793066668,168.36563920974731,162.36684679985046,137.58398699760437,141.67323642969131,168.31210577487946,165.9919192790985
154,7,10,174.0074005126953,106.18141793066668,143.7328119277954,161.59937000274658,133.09287756681442,152.81613969802856,119.41038662195206,119.3538230061531
155,7,11,154.79071044921875,106.18141793066668,90.3351185321808,101.28242248296738,115.6367557644844,141.03530871868134,93.85044085979462,125.0145514011383
156,7,12,146.56558227539062,106.18141793066668,93.28527116775513,111.01344323158264,99.58035576343536,137.22461533546448,98.29035705327988,88.89405250549316
157,7,13,127.20040130615234,106.18141793066668,91.2805106639862,134.17136198282242,119.5872733592987,152.1542557477951,115.20516115427016,121.40616965293884
158,7,14,125.90459442138672,106.18141793066668,118.6646053791046,142.49527823925018,128.61796161532402,152.865239828825,137.15137426555157,141.06310415267944
159,7,15,130.93768310546875,106.18141793066668,142.06643496453762,134.15898406505585,157.7491067647934,162.2699933052063,153.8293617963791,159.3950233459473
160,7,16,133.55392456054688,106.18141793066668,163.8208553791046,168.35454845428467,171.36618280410767,171.8750228881836,171.3743423819542,151.61089062690735
161,7,17,139.28176879882812,106.18141793066668,167.21550488471985,154.21521949768066,153.1584016084671,172.48942685127258,187.86051213741305,157.82409691810608
162,7,18,140.7870635986328,106.18141793066668,168.56155288219452,157.7523591518402,158.8994619846344,147.18160462379456,201.24386286735532,155.3013846874237
163,7,19,141.45965576171875,106.18141793066668,157.83009839057922,183.37704801559448,175.9138661623001,181.10442781448364,217.9800621271133,176.5531222820282
164,7,20,160.4430694580078,106.18141793066668,176.5109372138977,192.37097239494324,206.07131707668304,179.39388513565063,243.9188182353973,167.09930515289307
165,7,21,164.53311157226562,106.18141793066668,197.29600977897644,156.47696816921234,201.6107712984085,190.89949536323547,244.27759408950809,181.65029668807983
166,7,22,161.48191833496094,106.18141793066668,177.272021651268,162.6413893699646,160.24126970767975,183.9211449623108,211.6265857219696,169.7063788175583
167,7,23,148.6255340576172,106.18141793066668,188.80554389953613,139.0790090560913,182.13409185409543,168.4828770160675,229.7706422805786,182.97424149513245
168,8,0,142.51731872558594,92.26443310588331,176.77078413963318,138.09001022577286,194.8671720027924,170.41069769859314,236.2246608734131,179.21673226356506
169,8,1,134.21669006347656,92.26443310588331,169.48940253257751,159.00131356716156,170.61791229248047,164.49062824249268,226.8847246170044,173.0327069759369
170,8,2,132.75173950195312,92.26443310588331,179.44698107242584,150.021986246109,180.47843194007876,176.0708613395691,228.6759054660797,167.3486475944519
171,8,3,137.8254852294922,92.26443310588331,174.37901306152344,160.37009286880493,191.86197900772092,185.6201627254486,178.2061858177185,158.9398787021637
172,8,4,144.0221405029297,92.26443310588331,192.5528326034546,232.19141459465027,170.0955102443695,194.31000447273252,184.65072572231293,196.89677810668945
173,8,5,161.22552490234375,92.26443310588331,161.431223154068,197.56059455871585,170.0179122686386,171.38587880134585,161.22997850179672,184.40469241142276
174,8,6,167.2251739501953,92.26443310588331,193.4067599773407,211.3623616695404,172.03004038333893,184.483416557312,199.27347347140312,208.4104256629944
175,8,7,185.55116271972656,92.26443310588331,150.5384948849678,174.03001368045807,138.95445626974106,172.65166413784027,168.0315362215042,193.0071860551834
176,8,8,182.8270721435547,92.26443310588331,169.8996102809906,124.55921733379364,84.33977425098419,128.81230914592743,121.8694806098938,158.43419790267944
177,8,9,169.4810028076172,92.26443310588331,62.43728458881378,62.42429554462433,63.57903420925141,95.89176404476166,94.37310898303986,95.85446488857268
178,8,10,147.79721069335938,92.26443310588331,2.12146520614624,24.59132981300354,-4.079257011413574,25.772736430168152,26.33049511909485,29.66602349281311
179,8,11,126.99063110351562,92.26443310588331,-26.04749703407288,-20.48235034942627,31.9879686832428,44.83086371421814,17.057042837142944,37.05323219299317
180,8,12,129.30018615722656,92.26443310588331,2.2470552921295166,-7.035952091217041,22.053152918815613,-0.557805061340332,22.51837706565857,17.257805705070496
181,8,13,112.25940704345705,92.26443310588331,-25.048254370689392,1.255313515663147,18.96635317802429,7.413641333580017,4.718789577484131,19.95966339111328
182,8,14,98.85592651367188,92.26443310588331,48.43913435935974,27.920637607574463,66.59032893180847,62.06224703788757,40.4734799861908,49.823644399642944
183,8,15,104.83612823486328,92.26443310588331,102.59169042110445,112.59157383441924,120.28773891925812,148.22994297742844,75.00704222917557,115.7267970442772
184,8,16,120.60801696777344,92.26443310588331,169.72029674053192,173.74661135673523,167.9902960062027,181.96412152051929,143.39155036211014,154.34211993217468
185,8,17,144.06698608398438,92.26443310588331,195.9120444059372,179.0863971710205,184.16504096984863,197.91638815402985,198.830584526062,193.0673496723175
186,8,18,162.19166564941406,92.26443310588331,177.671058177948,194.50764679908752,157.14767456054688,177.18035292625427,150.73059833049774,158.0438106060028
187,8,19,152.83494567871094,92.26443310588331,236.3959589004517,219.6170814037323,202.2084242105484,215.03544569015503,248.78767263889316,197.2077119350433
188,8,20,190.2866058349609,92.26443310588331,203.65422010421756,219.791921377182,190.8801257610321,196.95918250083923,220.02512621879575,203.4515175819397
189,8,21,182.3501892089844,92.26443310588331,212.68596529960632,194.518091917038,175.9935680627823,187.56950330734253,213.9717228412628,195.5939283370972
190,8,22,160.35906982421875,92.26443310588331,196.0774314403534,180.02139151096344,179.06948900222778,177.3198642730713,210.40719163417816,200.18056106567383
191,8,23,141.70199584960938,92.26443310588331,175.6798436641693,147.4789507985115,170.00470626354218,178.06063866615295,181.70216464996335,165.1539707183838
192,9,0,130.04811096191406,88.72331906716666,156.99889934062958,140.8292317390442,169.16946053504944,178.09337162971497,197.11638948321345,154.76060390472412
193,9,1,125.66195678710938,88.72331906716666,171.25416672229767,130.65299606323242,185.9739053249359,161.27360045909882,207.18746089935303,140.17854189872742
194,9,2,130.3159942626953,88.72331906716666,160.7519121170044,171.61704969406128,144.77239882946014,184.8839988708496,171.85441729426384,172.76918363571167
195,9,3,141.6019744873047,88.72331906716666,171.71329283714294,180.69334530830383,195.25858640670776,185.32673859596247,192.2016203403473,178.4372787475586
196,9,4,148.3688201904297,88.72331906716666,173.56120944023132,200.9479511976242,184.3307638168335,197.1315245628357,171.69753217697144,208.33257746696472
197,9,5,163.81199645996094,88.72331906716666,168.92224621772766,181.601170539856,156.6216448545456,175.96652573347092,143.97395086288452,179.26253938674927
198,9,6,164.34573364257812,88.72331906716666,185.00856232643127,181.9323446750641,160.57031166553497,198.73652386665344,167.69174671173096,182.0823245048523
199,9,7,177.48193359375,88.72331906716666,197.112479031086,178.10511219501495,166.17758190631866,178.4536998271942,159.61096161603928,179.327503323555
200,9,8,191.61050415039065,88.72331906716666,139.9052815437317,137.02910155057907,127.37840580940248,146.49809396266937,123.4517753124237,125.54119634628296
201,9,9,167.5531768798828,88.72331906716666,109.93559098243712,94.81953310966492,110.50448834896088,103.54795801639555,86.0006891489029,102.1461775302887
202,9,10,158.90711975097656,88.72331906716666,68.65328669548035,90.70114994049072,68.97577404975891,75.24480402469635,63.09668064117432,74.71222829818726
203,9,11,151.3626251220703,88.72331906716666,7.472182989120483,14.626643896102903,9.828227996826172,47.43699908256531,-0.4808679819107055,21.37089490890503
204,9,12,130.94056701660156,88.72331906716666,-16.067668080329895,16.212334632873535,-1.450528621673584,28.57077050209045,7.089731693267822,8.662607192993164
205,9,13,116.12831115722656,88.72331906716666,18.726766705513,31.57627868652344,10.011461734771729,50.222362995147705,31.45092642307281,32.829965710639954
206,9,14,114.95996856689452,88.72331906716666,55.80490505695343,69.46518313884735,61.47837853431702,77.49620997905731,65.8133977651596,76.62138676643372
207,9,15,123.00092315673828,88.72331906716666,113.19464147090912,128.8796827197075,105.61881506443024,122.75292241573334,129.00447127223015,108.07835218310356
208,9,16,124.51837158203124,88.72331906716666,150.26733082532883,149.66311132907867,159.4048821926117,161.63267540931702,154.7754223942757,144.28008139133453
209,9,17,132.25555419921875,88.72331906716666,162.26940953731537,166.5514235496521,155.3433848619461,162.5657096505165,155.20695066452026,173.81113195419312
210,9,18,143.517333984375,88.72331906716666,161.62063479423523,187.5844675898552,159.96167600154877,171.49929648637772,156.56631672382355,166.07927060127258
211,9,19,145.7301025390625,88.72331906716666,185.6111152172089,178.30241513252258,165.01866602897644,154.7208407521248,178.2202991247177,168.749258518219
212,9,20,151.7377166748047,88.72331906716666,154.56144416332245,152.616201877594,159.71213054656982,154.89187341928482,162.29456329345703,165.77814769744873
213,9,21,135.9732208251953,88.72331906716666,162.7962684929371,149.68891942501068,147.83043479919434,158.85895347595215,154.0110673904419,168.88791227340698
214,9,22,124.39777374267578,88.72331906716666,149.40687942504883,142.86921799182892,147.64725136756897,134.0938596725464,135.16305363178253,152.2472826242447
215,9,23,106.61013793945312,88.72331906716666,122.67801654338837,136.2152608036995,129.1052222251892,143.48765909671783,124.80599945783617,116.51818919181824
216,10,0,100.2164535522461,73.654282278,130.41618502140045,153.78425359725952,127.42523503303528,144.10079765319824,130.84143203496933,123.8081613779068
217,10,1,101.33645629882812,73.654282278,132.16745924949646,117.73999214172365,121.05314004421234,142.53735196590424,149.4590253829956,116.77144312858582
218,10,2,98.73594665527344,73.654282278,132.97209429740906,132.77448576688766,114.92099153995514,133.22666639089584,119.16136792302132,135.4722340106964
219,10,3,92.35323333740234,73.654282278,115.46508690714836,113.60324215888976,104.55656480789185,121.9146407842636,138.1876421570778,134.23383355140686
220,10,4,95.7864990234375,73.654282278,128.48394870758057,116.54976487159728,119.49603378772736,125.89610385894775,127.37129032611848,138.50143790245056
221,10,5,96.04596710205078,73.654282278,101.24202620983124,120.8200249671936,124.85125410556792,114.57292330265044,72.97335362434387,116.26164412498474
222,10,6,99.73233795166016,73.654282278,98.74000591784716,126.9115742444992,126.1749820113182,114.92757391929626,122.58973229676484,112.9425372481346
223,10,7,109.09495544433594,73.654282278,105.6940798163414,108.6614294052124,109.98696404695512,106.82962787151337,99.7627404332161,121.38122016191484
224,10,8,113.70726013183594,73.654282278,143.08143937587738,121.40848469734192,139.72477141022682,119.34723353385924,91.47328090667725,128.00060558319092
225,10,9,124.9125518798828,73.654282278,96.56133183836936,84.65584874153137,111.98278141021729,91.2871173620224,69.39996507763863,101.72239485383034
226,10,10,106.9002914428711,73.654282278,112.97068136930466,115.5732729434967,84.80909931659698,93.59208303689957,66.39679634571075,80.78069078922272
227,10,11,103.0708236694336,73.654282278,84.88903763890266,97.5461203455925,86.62496128678322,86.46622431278229,85.59902614355087,68.71009564399719
228,10,12,91.63052368164062,73.654282278,81.76791670918465,82.61599588394165,73.32712495326996,85.75319039821625,59.373435378074646,60.521697133779526
229,10,13,84.13117218017578,73.654282278,93.50502529740334,96.76954704523088,87.77976247668266,78.77317100763321,59.53736943006516,51.484503984451294
230,10,14,90.32337188720705,73.654282278,73.17593681812286,74.7922973036766,102.13790345191956,85.45647358894348,70.64235818386078,75.07327729463577
231,10,15,101.4735870361328,73.654282278,94.16590678691864,100.68558132648468,96.94335713982582,120.69377583265305,99.26027324795724,93.72828729450704
232,10,16,102.4730224609375,73.654282278,118.66176450252532,140.76447224617004,152.70102548599243,128.26347279548645,130.43565499782562,132.0250232219696
233,10,17,118.97926330566406,73.654282278,132.36005461215973,150.3952510356903,117.9759156703949,144.6733169555664,129.01138871908188,146.4023562669754
234,10,18,122.30577850341795,73.654282278,131.53087532520294,159.8285710811615,159.05809330940247,148.97455179691315,149.02356445789337,151.17974257469177
235,10,19,128.97764587402344,73.654282278,162.4055358171463,170.8629276752472,154.65954637527466,163.80820608139038,148.4488024711609,149.4291032552719
236,10,20,134.51358032226562,73.654282278,155.13970065116882,171.89323115348816,176.414368391037,168.09412717819214,169.23703861236572,165.99391674995422
237,10,21,142.81777954101562,73.654282278,168.57217049598694,143.33267736434937,139.8099067211151,135.74804216623306,144.4333324432373,149.53443586826324
238,10,22,124.19820404052734,73.654282278,157.57970345020294,156.88918936252594,151.4967395067215,146.02019619941711,141.01834571361542,165.62359642982483
239,10,23,120.00377655029295,73.654282278,160.98999667167664,150.79056000709534,133.89622282981873,150.4631153345108,115.84899532794952,152.0563952922821
240,11,0,115.68246459960938,76.35465082491667,140.13414549827576,134.3741011619568,145.61048984527588,154.80230355262756,120.89099997282028,142.3419246673584
241,11,1,110.7603988647461,76.35465082491667,157.55579733848572,136.25825095176697,131.46202409267426,156.5661791563034,102.2917428612709,126.8662816286087
242,11,2,110.52313995361328,76.35465082491667,125.79498136043549,122.01423108577728,124.65054416656494,159.00134181976318,103.96092885732652,141.7186794281006
243,11,3,109.72364807128906,76.35465082491667,142.90352880954742,128.0607414841652,146.41036877036095,148.46283793449402,89.5780194401741,138.1737937927246
244,11,4,110.83394622802734,76.35465082491667,142.3503714799881,141.68606841564178,153.1994559764862,156.9077272415161,126.02386632561684,156.15201103687286
245,11,5,122.0825424194336,76.35465082491667,134.5754325389862,129.45911753177643,157.14009881019592,125.19348192214966,141.71247339248657,151.27528774738312
246,11,6,123.42562866210938,76.35465082491667,133.6669363975525,150.13490974903107,171.28315567970276,151.9400537610054,155.86461383104324,159.47293826937675
247,11,7,140.7843475341797,76.35465082491667,143.0017811357975,144.2438122034073,152.22830206155777,141.79603731632233,181.75690400600436,162.5063956975937
248,11,8,147.37799072265625,76.35465082491667,123.53987234830856,135.7434213757515,127.384051322937,133.039484500885,118.2061910033226,138.4945064485073
249,11,9,133.31593322753906,76.35465082491667,104.5647587776184,128.25081539154053,107.79973548650742,128.41294527053833,119.55252170562744,127.8554756641388
250,11,10,146.80592346191406,76.35465082491667,83.22743082046509,108.4317569732666,113.40373122692108,133.5672550201416,84.86927235126495,108.601606965065
251,11,11,137.51898193359375,76.35465082491667,67.83090496063232,87.4665647149086,83.63610577583313,125.43763661384584,66.80488556623459,95.72918164730072
252,11,12,123.22848510742188,76.35465082491667,34.731555581092834,84.19405376911163,79.77128446102142,101.7030999660492,27.480979204177856,77.24695122241974
253,11,13,109.17672729492188,76.35465082491667,56.54454845190048,92.5261538028717,55.52392828464508,111.88426840305328,59.728844344615936,72.27855217456818
254,11,14,102.3731689453125,76.35465082491667,84.95359972119331,93.08548992872238,89.30952572822571,132.40160125494003,68.81740689277649,106.17519772052763
255,11,15,101.15525817871094,76.35465082491667,107.26752388477324,107.81126999855042,114.0408535003662,125.49466443061829,66.61012664437294,112.27354836463928
256,11,16,99.35128021240234,76.35465082491667,123.78435826301576,99.11239406466484,123.48667705059052,130.82380962371826,95.03210020065308,130.95570850372314
257,11,17,97.07032775878906,76.35465082491667,150.28083086013794,122.0225373506546,151.6869924068451,118.17694211006165,156.01507711410522,149.0673611164093
258,11,18,116.91651916503906,76.35465082491667,141.11184442043304,118.5150260925293,134.62331688404083,124.81132012605669,118.37725788354874,128.83980560302734
259,11,19,105.53983306884766,76.35465082491667,115.2876787185669,98.72266125679016,113.536463201046,102.58958315849304,121.52780795097352,101.41808128356934
260,11,20,92.98677825927734,76.35465082491667,109.17351937294006,87.50641858577728,101.22764652967452,104.22007513046265,114.2248877286911,90.2237182855606
261,11,21,82.1491928100586,76.35465082491667,109.27451455593108,96.15928614139555,115.10244584083556,74.22712457180023,142.27580404281616,100.20935130119324
262,11,22,80.80905151367188,76.35465082491667,113.02581641077995,80.62463283538818,125.61260771751404,105.4710737466812,109.69157707691193,75.18858504295349
263,11,23,66.32506561279297,76.35465082491667,108.64297807216644,76.51074820756912,133.1970489025116,78.00633382797241,112.74539625644684,73.37053501605988
264,12,0,66.62117767333984,52.91160712909283,102.78302586078644,70.77401685714722,133.25607752799988,105.23271024227142,101.33043217658997,84.84154617786407
265,12,1,63.87630844116211,52.91160712909283,108.54762828350069,91.02803927659988,108.50851798057556,85.2289947271347,119.1581936776638,97.06354129314424
266,12,2,66.66744232177734,52.91160712909283,92.45366996526718,93.54340493679048,80.9682126045227,96.76974785327911,107.00506460666656,102.12478315830232
267,12,3,76.69723510742188,52.91160712909283,113.34128737449646,103.65925240516664,98.69011855125429,106.9795548915863,110.15805840492249,116.74734270572662
268,12,4,93.63689422607422,52.91160712909283,105.332102060318,120.5941971540451,95.29980516433716,113.0502415895462,101.00782437622549,127.1949986219406
269,12,5,103.0302505493164,52.91160712909283,117.31331646442412,159.6107212305069,118.81590151786804,115.82523477077484,75.23589557409286,127.00343215465546
270,12,6,116.77503967285156,52.91160712909283,96.04026018083096,148.57380838692188,126.99515211582184,135.68303763866425,97.0391561985016,126.69098627567293
271,12,7,127.36719512939452,52.91160712909283,143.0224411487579,121.1921501159668,119.84378039836884,105.08035498857498,95.8499594926834,126.02685105800629
272,12,8,129.9610137939453,52.91160712909283,104.70851808786392,67.36457371711731,47.93090176582336,61.14578294754028,60.678401470184326,93.66182339191435
273,12,9,123.9008560180664,52.91160712909283,4.364242315292358,2.972659707069397,-10.371029019355774,14.202099442481996,8.901286959648132,26.33126950263977
274,12,10,104.50909423828124,52.91160712909283,-51.56537902355194,-40.99880504608154,-38.25312912464142,-17.410101413726807,-46.39365029335022,-21.152029275894165
275,12,11,89.35826110839844,52.91160712909283,-89.75885117053986,-59.7243195772171,-63.24244356155396,-43.0179181098938,-34.95152711868286,-58.657374143600464
276,12,12,84.63447570800781,52.91160712909283,-73.3469295501709,-80.53071856498718,-60.0137460231781,-67.44491744041443,-64.75910496711731,-58.51746106147766
277,12,13,74.7635498046875,52.91160712909283,-38.220274925231934,-52.23932659626007,-38.302844285964966,-28.53746461868286,-44.44058167934418,-49.48453640937805
278,12,14,74.43315124511719,52.91160712909283,-19.935091376304623,-24.573818683624268,-4.579140543937683,-15.6017005443573,-37.78115212917328,-11.813764691352844
279,12,15,70.62598419189453,52.91160712909283,58.373735427856445,52.92478024959564,58.04338753223419,69.54324150085449,46.77981716394424,51.80926293134689
280,12,16,83.69291687011719,52.91160712909283,80.82587513327599,114.77366390824318,106.97025483846664,133.0705598294735,69.25340765714645,100.72260630130768
281,12,17,85.04769897460938,52.91160712909283,119.59851616621016,142.11282122135162,139.87126111984253,146.58656775951383,134.42378109693527,113.7335274219513
282,12,18,113.9760971069336,52.91160712909283,118.95545041561128,117.3650313615799,112.34067988395692,132.46466672420502,144.9104186296463,107.7594530582428
283,12,19,117.7842025756836,52.91160712909283,135.23409688472748,140.58940398693085,159.82862293720245,161.42622756958008,160.3897500038147,120.02555227279665
284,12,20,125.1045913696289,52.91160712909283,165.98748582601547,131.14318990707395,153.1840935945511,159.4909006357193,163.05002093315125,143.29278683662417
285,12,21,138.4558868408203,52.91160712909283,171.59201407432556,119.36857223510742,159.9388768672943,150.3057723045349,186.0392587184906,136.97139966487885
286,12,22,128.0814666748047,52.91160712909283,165.64414930343628,122.93891990184784,154.1594967842102,164.96037125587463,189.7792445421219,154.09661269187927
287,12,23,114.3684539794922,52.91160712909283,154.79658436775208,131.6106373667717,145.6839497089386,158.88929319381714,191.85096645355225,141.40457701683044
288,13,0,115.12653350830078,75.70713178958333,162.77112293243408,119.14301806688307,154.1040759086609,149.94950246810913,201.28961804509163,161.8397355079651
289,13,1,121.11620330810548,75.70713178958333,171.97220957279205,143.78188395500183,154.28182005882263,166.52663004398346,190.52664411067963,152.56077003479004
290,13,2,128.83859252929688,75.70713178958333,153.8794411420822,151.96881318092346,150.97502851486206,182.41770577430725,147.3767944574356,158.86611318588257
291,13,3,133.90200805664062,75.70713178958333,176.01923274993896,206.02285504341123,164.03678846359253,184.8736171722412,139.4714617729187,188.5843529701233
292,13,4,143.4490966796875,75.70713178958333,165.94720458984375,221.24034643173215,177.95355534553528,182.8526723384857,185.8240431547165,202.94687485694885
293,13,5,163.1753692626953,75.70713178958333,182.51488757133484,177.3353078365326,178.57577311992645,191.9945024251938,169.51760232448578,192.0476999282837
294,13,6,181.9066162109375,75.70713178958333,176.36804848909378,207.04099142551425,173.38325482606888,185.78920650482175,190.8925337791443,206.24416947364807
295,13,7,191.3550720214844,75.70713178958333,195.62256789207456,165.0697926878929,141.50577807426453,158.39989924430847,146.85812973976135,183.492203950882
296,13,8,190.88465881347656,75.70713178958333,81.12609958648682,97.58903002738953,82.79712462425232,103.27609896659852,69.11455297470093,103.92246985435486
297,13,9,155.8975830078125,75.70713178958333,45.841975808143616,44.11983060836792,50.85581386089325,66.29960870742798,72.95996451377869,62.95726096630096
298,13,10,135.934814453125,75.70713178958333,-31.165301084518436,-1.033708572387695,-17.195517539978027,0.5364353656768799,21.01709759235382,9.656912565231323
299,13,11,122.65780639648438,75.70713178958333,-63.08869981765747,-26.05610752105713,-59.706911444664,4.9801576137542725,1.820683717727661,-44.08477330207825
300,13,12,103.48838806152344,75.70713178958333,-24.14145314693451,-13.236138105392456,-20.550870895385746,-45.03206241130829,-9.352639555931091,-19.74379253387451
301,13,13,106.76600646972656,75.70713178958333,-12.903066396713257,-5.329774618148804,-17.816413402557373,15.508599758148192,-10.567677021026611,-8.809967041015625
302,13,14,90.7283706665039,75.70713178958333,21.843665957450867,52.54977345466614,55.28281056880951,18.58711612224579,15.243477821350098,46.84562695026398
303,13,15,93.91346740722656,75.70713178958333,66.79889941215515,68.24578976631165,75.88980722427368,109.87332475185394,55.017881870269775,83.22307312488556
304,13,16,91.77223205566406,75.70713178958333,120.8498717546463,124.30269911885262,157.79660987854004,148.2420340180397,81.30448541045189,134.94867038726807
305,13,17,103.01485443115234,75.70713178958333,147.83550465106964,124.4687083363533,137.31611013412476,152.6080183982849,124.7900413274765,142.66404795646667
306,13,18,116.22357177734376,75.70713178958333,163.17564845085144,150.95902824401855,126.3131935596466,134.0060007572174,91.05762642621994,140.78489422798157
307,13,19,122.732421875,75.70713178958333,154.4048639535904,145.45274579524994,149.1523952484131,160.7690770626068,125.01845526695251,150.90159821510315
308,13,20,122.25773620605467,75.70713178958333,137.63029396533966,175.0964183807373,151.70470893383026,113.57311427593233,118.61936837434769,137.4044008255005
309,13,21,124.0854721069336,75.70713178958333,140.6625097990036,128.92567151784897,138.86199426651,148.20449829101562,135.99035251140594,126.50694918632507
310,13,22,113.16159057617188,75.70713178958333,123.82986283302309,104.62695622444151,125.58235239982604,110.10338878631592,118.40827071666718,120.66426014900208
311,13,23,100.42938995361328,75.70713178958333,150.01491856575012,113.64440357685088,115.56612408161163,137.81983995437622,108.54241678118706,128.24355149269104
312,14,0,100.69043731689452,52.49715500095834,121.13397133350372,104.48278057575226,141.92336869239807,125.40595245361328,139.62573778629303,116.915975689888
313,14,1,95.07015228271484,52.49715500095834,132.76493990421295,92.37652254104614,129.6870503425598,130.57482647895813,145.65709346532822,128.5431296825409
314,14,2,98.08011627197266,52.49715500095834,140.84194135665894,111.33179944753648,113.71030449867249,130.0095921754837,161.7988200187683,127.6638652086258
315,14,3,104.49922943115234,52.49715500095834,125.22342669963837,136.1405280828476,80.6079626083374,136.8278056383133,161.48710989952087,120.33995151519775
316,14,4,103.29629516601562,52.49715500095834,115.54811489582062,163.90594053268433,130.92289435863495,137.23966932296753,109.60353940725328,124.87719583511353
317,14,5,107.2948989868164,52.49715500095834,133.23697209358215,132.86715495586395,125.541566491127,122.01227167248726,88.68872225284576,122.35640949010848
318,14,6,117.39173889160156,52.49715500095834,120.66499215364456,156.98664259910583,143.43964445590973,136.94937443733215,74.74234627187252,135.08189879357815
319,14,7,136.3162841796875,52.49715500095834,158.33760023117063,133.16694486141205,151.92110657691956,128.90005141496658,84.30241718888283,124.28444403409958
320,14,8,132.1981658935547,52.49715500095834,41.33180284500122,83.87344920635223,79.17425739765167,61.61061489582062,29.405104279518127,73.66301202774048
321,14,9,126.08995056152344,52.49715500095834,38.77799344062805,46.82911658287048,22.45763671398163,32.0850967168808,5.981513023376465,31.44684362411499
322,14,10,120.33926391601562,52.49715500095834,-21.430882573127747,5.659483313560486,-7.388007640838623,16.235600471496582,-22.073623180389404,-11.44591760635376
323,14,11,96.09205627441406,52.49715500095834,-61.502766489982605,-64.30048596858978,-86.11515426635742,-38.938753843307495,-60.17051482200623,-83.50506281852722
324,14,12,83.25413513183594,52.49715500095834,-78.45375752449036,-56.14550757408142,-94.33609688282012,-38.22800135612488,-76.54208552837372,-77.0265486240387
325,14,13,70.176025390625,52.49715500095834,-30.83591902256012,-45.62083578109741,-58.5577175617218,-34.4686598777771,-18.010192394256592,-43.74355912208557
326,14,14,78.44644165039062,52.49715500095834,-23.18606173992157,-9.676068544387816,-29.38664937019348,-6.470315337181091,-22.31502890586853,-9.391194224357603
327,14,15,71.76863098144531,52.49715500095834,21.99732220172882,30.662535905838013,22.471938908100128,36.881362318992615,25.45056915283203,33.7060923576355
328,14,16,61.27796936035156,52.49715500095834,88.93635007739067,85.61244338750839,110.08666706085204,109.00794187188148,76.88543782383204,122.45568537712096
329,14,17,86.25469207763672,52.49715500095834,131.07396739721298,108.27907133102416,128.1125956773758,139.6929943561554,90.2655423283577,105.51266658306122
330,14,18,98.2829818725586,52.49715500095834,110.10306179523468,104.58553171157835,132.66701066493988,109.92163133621216,90.21924543380736,89.68615245819092
331,14,19,82.75125122070312,52.49715500095834,111.2142083644867,100.51147186756134,97.49993455410004,115.1847846508026,112.03705149888992,109.15813314914703
332,14,20,88.55333709716797,52.49715500095834,94.39785331487656,108.48101687431335,122.54195472598076,115.52467846870422,105.94327086210252,100.27805161476137
333,14,21,79.62713623046875,52.49715500095834,74.36829793453217,98.03140780329704,91.51354360580444,81.78884434700012,81.97769755125046,94.43628549575806
334,14,22,64.79468536376953,52.49715500095834,97.6926257610321,96.17174714803696,112.94381228089333,113.02536606788637,91.6517299413681,106.36646628379822
335,14,23,62.74320983886719,52.49715500095834,81.20525217056274,98.82912999391556,81.83700275421143,79.80689537525177,95.45832747220992,94.58229291439056
336,15,0,57.12416458129883,46.715857215125,92.95192813873292,99.9601047039032,91.44407761096954,119.89880418777466,86.91490611433983,90.03920829296112
337,15,1,58.2351188659668,46.715857215125,99.95106491446496,105.41815638542175,93.89659357070924,83.29808592796326,80.22863593697548,98.4378068447113
338,15,2,60.65298461914063,46.715857215125,93.3616373538971,90.75167667865752,87.96625727415085,109.83846950531006,106.38829547166824,98.3548036813736
339,15,3,61.60860061645508,46.715857215125,99.33842515945436,102.61612296104433,84.12052035331726,91.43158531188963,75.70868287980556,107.88047778606416
340,15,4,71.87322998046875,46.715857215125,99.12911519408226,90.51427918672562,113.81192874908449,114.25963640213013,84.45045857131481,113.80857336521149
341,15,5,71.7216567993164,46.715857215125,104.0025006532669,101.97831851243971,105.99965912103652,93.97943270206451,69.6808365881443,113.72321796417236
342,15,6,79.37728881835938,46.715857215125,106.94820654392242,105.79207479953766,125.75658416748048,102.21684050559998,91.36270851641892,108.64545339345932
343,15,7,97.24559020996094,46.715857215125,92.14168107509612,84.30211520195007,76.9718000292778,76.41338962316513,53.27680563926697,80.29556435346603
344,15,8,83.0595703125,46.715857215125,70.26077353954315,56.92284733057022,57.40188533067703,49.32658064365387,33.80910122394562,55.06092512607575
345,15,9,83.0838851928711,46.715857215125,54.41971790790558,75.8446786403656,59.954276382923126,40.92795717716217,11.659006029367449,64.47411721944809
346,15,10,75.17999267578125,46.715857215125,63.82053327560425,67.09323835372925,64.92784506082535,41.64955550432205,39.53619408607483,56.39815592765808
347,15,11,82.95439147949219,46.715857215125,66.28964626789093,55.26077917218208,56.26889890432358,49.08403831720352,50.5906298160553,49.901297599077225
348,15,12,66.24197387695312,46.715857215125,40.727461874485016,45.32087206840515,29.279779076576236,19.428614914417267,8.896757245063782,13.988172829151154
349,15,13,62.84391403198242,46.715857215125,-3.387852430343628,-24.74488866329193,-21.030179142951965,-21.731767058372498,-26.627010703086853,-30.211302280426025
350,15,14,51.66927719116211,46.715857215125,-16.809308350086212,-14.34084814786911,-53.66729801893234,-0.936890423297882,-18.600965321063995,-0.495299220085144
351,15,15,47.51331329345703,46.715857215125,10.960312306880953,25.0086242556572,12.459698379039764,50.49197643995285,47.74322283267975,19.991149187088013
352,15,16,50.60961151123047,46.715857215125,80.09673833847046,71.91088861227036,74.83569234609604,58.01766383647919,87.01040060818195,83.35960257053375
353,15,17,65.36668395996094,46.715857215125,77.30719012022018,61.32231795787811,108.33228313922882,96.22438883781432,70.5710979104042,79.4401028752327
354,15,18,61.30098342895508,46.715857215125,92.48227429389954,95.9619791507721,106.78816932439804,107.17662024497986,84.23637580871582,106.08090794086456
355,15,19,83.85076141357422,46.715857215125,87.52899777889252,85.53300005197525,95.56764578819276,103.10561454296112,95.53927445411682,92.91934776306152
356,15,20,66.38712310791016,46.715857215125,78.22002440690994,81.36759752035141,103.2140492796898,91.98481523990633,92.05861359834672,87.48627841472626
357,15,21,63.14963912963867,46.715857215125,65.83451128005981,60.08600223064423,80.51351857185364,83.2462267279625,76.9685127735138,73.67614591121674
358,15,22,50.92760467529297,46.715857215125,63.29076844453812,71.27311035990715,82.26189291477203,78.5828822851181,88.56969365477562,75.85539150238037
359,15,23,47.802581787109375,46.715857215125,78.59751319885254,80.18189477920532,92.72544276714324,77.07619243860245,104.95204555988312,84.11704695224762
360,16,0,47.83769607543945,50.15172543847916,67.46711659431458,94.56921982765198,85.00754582881927,87.14358353614807,63.721814662218094,88.91134244203568
361,16,1,41.97346115112305,50.15172543847916,80.4958016872406,105.90381813049316,87.14425387978554,75.58612090349197,77.90637588500977,76.76749950647354
362,16,2,43.72172927856445,50.15172543847916,85.77729654312134,80.2269321680069,94.0368863940239,90.98107248544692,85.12729942798615,92.09248149394988
363,16,3,54.2407341003418,50.15172543847916,82.38010549545288,101.12468230724336,81.49651083350182,92.18447542190552,71.46579414606094,84.37509047985077
364,16,4,50.56156921386719,50.15172543847916,87.29300782084465,87.61156046390533,104.11839804053308,87.21632790565491,75.59891045093536,102.12592262029648
365,16,5,58.99940872192383,50.15172543847916,66.46284687519073,98.62506437301636,84.209019780159,93.99345815181732,64.08102923631668,76.43731391429901
366,16,6,60.60668563842773,50.15172543847916,117.01674389839172,100.45997217297554,109.8589966893196,99.9148302078247,109.09098775684834,123.51223087310792
367,16,7,89.44622039794922,50.15172543847916,90.38284653425217,74.67685887217522,71.90639379620552,66.86145389080048,59.25961646437645,80.48139083385468
368,16,8,67.80587005615234,50.15172543847916,43.20807719230652,33.38946080207825,44.02867305278778,29.75101673603058,18.414656937122345,60.42327398061752
369,16,9,62.25130081176758,50.15172543847916,81.1522895693779,61.8856840133667,49.01752597093582,48.65848618745804,44.1435152888298,57.1575009226799
370,16,10,70.56774139404297,50.15172543847916,31.55422329902649,20.24897837638855,28.74554806947708,26.41413736343384,10.693419933319092,29.4131760597229
371,16,11,66.86038970947266,50.15172543847916,25.75220227241516,52.46995806694031,-0.8620156049728394,24.90479528903961,3.071913242340088,6.8174179792404175
372,16,12,64.0551528930664,50.15172543847916,24.04932284355164,18.95950198173523,-5.673282623291016,28.7440447807312,21.24943232536316,10.84675759077072
373,16,13,70.2222900390625,50.15172543847916,-15.891889214515686,-1.6256067752838137,-14.0986909866333,11.868806838989258,-6.343185544013977,-1.816224813461304
374,16,14,68.67230224609375,50.15172543847916,66.20357397198677,81.65668684244156,72.70911908149719,114.71139454841614,83.38831481337547,70.6981711089611
375,16,15,77.05448150634766,50.15172543847916,105.67451107501984,102.40816131234168,100.2108469605446,113.02432555705307,95.01243677735329,88.41569340229034
376,16,16,94.44123840332033,50.15172543847916,94.04230004549026,127.32464921474455,115.48299252986908,123.26942563056946,109.30616664886476,98.09318536520004
377,16,17,101.41056823730467,50.15172543847916,139.92468237876892,137.12167751789093,128.95886063575745,147.42372834682465,143.1967500448227,127.96330523490906
378,16,18,121.69223022460938,50.15172543847916,125.52163237333298,137.17934226989746,137.16215014457703,134.35653066635132,144.078471660614,126.03395402431488
379,16,19,113.68289184570312,50.15172543847916,129.7555342912674,142.8002052307129,136.23299515247345,130.15159910917282,144.75639563798904,117.4705902338028
380,16,20,114.53321075439452,50.15172543847916,137.36781439185145,144.60766756534576,142.81277012825012,141.95156621932983,118.81251311302184,132.20918083190918
381,16,21,116.92941284179688,50.15172543847916,154.7453374862671,150.0575066804886,150.10986304283142,116.95999225974084,132.75716590881348,148.94558715820312
382,16,22,117.82537078857422,50.15172543847916,150.26001691818237,138.9032506942749,146.59437453746796,139.708824634552,105.25877457857132,159.1778597831726
383,16,23,106.96792602539062,50.15172543847916,150.8971781730652,134.8226266503334,147.1257426738739,142.9033341407776,131.3932237625122,154.19273161888125
384,17,0,108.09612274169922,81.06656552196667,152.59468579292297,125.02477359771729,144.962033867836,154.16441535949707,154.69231629371643,152.77162182331085
385,17,1,109.18283081054688,81.06656552196667,134.6867983341217,136.6500118970871,153.19271159172058,159.54280281066897,155.16046631336212,148.97284650802612
386,17,2,109.3627700805664,81.06656552196667,163.53163838386536,141.92684745788574,112.1049502491951,148.3137140274048,135.3771252632141,146.85011267662048
387,17,3,118.0752944946289,81.06656552196667,150.24762678146362,155.4184377193451,178.15536546707153,170.30093908309937,136.14150309562683,143.53522062301636
388,17,4,127.69747161865234,81.06656552196667,150.6096911430359,150.938143491745,150.5017113685608,153.56151938438416,155.7493292093277,148.26509070396423
389,17,5,135.8477325439453,81.06656552196667,161.83841061592102,156.86443400382996,154.22982478141785,165.6668107509613,159.8436478972435,158.32806634902954
390,17,6,140.43692016601562,81.06656552196667,168.56908184289932,167.84119248390198,164.99918484687805,159.08599281311035,170.71905279159546,180.8994822502136
391,17,7,158.35423278808594,81.06656552196667,181.1226267814636,172.15905332565308,184.997971534729,177.02644515037537,163.73665308952332,173.27196669578552
392,17,8,164.9292755126953,81.06656552196667,157.79243075847626,150.38744348287582,138.99186718463898,146.27659592032433,116.07423251867294,159.3485285639763
393,17,9,150.32940673828125,81.06656552196667,125.7994263768196,145.33485382795334,146.410546541214,144.55709612369537,121.71571362018584,146.45321533083916
394,17,10,145.85577392578125,81.06656552196667,68.78043508529663,77.36430096626282,66.17316555976868,82.83138608932495,48.8042221069336,66.31711387634277
395,17,11,153.41831970214844,81.06656552196667,49.46616196632385,70.30165684223175,49.19563674926758,81.7480800151825,33.81406247615814,49.24344086647034
396,17,12,151.43582153320312,81.06656552196667,25.92492747306824,48.28488600254059,37.34797370433808,43.67177712917328,44.30546593666077,18.145800590515137
397,17,13,121.85729217529295,81.06656552196667,49.73331952095032,42.34021067619324,50.00018656253815,67.4198397397995,56.15991765260696,56.447394609451294
398,17,14,91.82445526123048,81.06656552196667,76.1576936841011,80.49436670541763,78.6157853603363,78.03093838691711,72.01761788129807,72.41680163145065
399,17,15,87.07159423828125,81.06656552196667,96.76010763645172,101.5850669145584,103.4583390057087,102.65904641151428,89.55144321918488,95.6482470035553
400,17,16,88.03752136230469,81.06656552196667,120.13223076239228,124.9344430565834,98.48530760407448,129.20159435272217,101.11944854259492,127.58644145727158
401,17,17,103.10122680664062,81.06656552196667,133.25112509727478,142.4720709323883,135.5905020236969,140.7404518723488,116.16036081314088,140.86841225624084
402,17,18,105.78710174560548,81.06656552196667,118.84016728401184,118.11554563045502,111.70280909538268,122.45070886611938,99.12570506334303,130.57379233837128
403,17,19,103.72528076171876,81.06656552196667,136.3324671983719,115.53693199157716,128.63233828544617,124.73956048488616,134.74334806203842,130.60065913200378
404,17,20,99.0046615600586,81.06656552196667,128.20470714569092,132.958718419075,126.18907582759856,128.83379191160202,115.97676408290864,136.34751868247986
405,17,21,100.6431655883789,81.06656552196667,129.39048773050308,131.6246223449707,115.77489793300629,108.69053876399994,111.09947645664217,127.82546031475069
406,17,22,88.85277557373047,81.06656552196667,121.93148756027222,131.98750436306,111.46527230739594,122.5671285390854,99.05632215738297,109.50085055828094
407,17,23,86.9298324584961,81.06656552196667,112.09447705745696,95.23055672645567,121.90381062030792,105.15350246429443,113.67665112018584,119.25383579730988
408,18,0,83.49609375,63.48714293325,126.21437764167786,117.5317132472992,118.43630170822144,131.88763046264648,99.913749396801,104.92676317691804
409,18,1,83.56333923339844,63.48714293325,114.2401393353939,106.10934945940971,129.53409719467163,106.84004658460616,117.0591961145401,108.78918707370758
410,18,2,77.6810531616211,63.48714293325,115.96268546581268,118.2831249833107,74.50268417596817,135.85686016082764,106.27997663617134,119.63415682315826
411,18,3,76.40530395507812,63.48714293325,108.29773771762848,108.37764239311218,114.7274529337883,109.64667618274687,104.95252847671507,101.1479598879814
412,18,4,77.45826721191406,63.48714293325,111.94824421405792,106.39919221401216,109.59328374266624,131.53080201148987,103.46805942058565,111.79714679718018
413,18,5,83.47853088378906,63.48714293325,115.90761435031892,129.45352268218994,110.7926743030548,119.46819186210632,88.03610372543335,123.35503482818604
414,18,6,101.71324920654295,63.48714293325,104.8732436299324,126.2437949180603,134.8233598470688,132.25127410888672,110.92584240436554,141.08701610565186
415,18,7,108.91366577148438,63.48714293325,122.5998876094818,94.29083305597304,110.17089676856996,114.47081899642944,97.38814035058022,127.66040962934494
416,18,8,112.66532135009766,63.48714293325,110.21390354633331,139.18742716312408,92.1543297469616,125.35859799385072,94.66189366579056,125.27728736400604
417,18,9,127.18419647216795,63.48714293325,44.540489196777344,45.5419784784317,64.00683867931366,69.26336872577667,19.304458916187286,56.48784911632538
418,18,10,94.97212982177734,63.48714293325,-11.9379004240036,41.5151492357254,4.4120436906814575,52.7142790555954,7.870218515396118,26.240294218063354
419,18,11,84.5997314453125,63.48714293325,8.01619005203247,9.529110550880432,11.963671684265137,32.082290172576904,-7.321192741394043,3.482356190681457
420,18,12,84.18077850341797,63.48714293325,70.06356191635132,85.69347536563873,77.92797219753265,112.16744589805604,63.20805555582047,72.94305855035782
421,18,13,121.32781982421876,63.48714293325,79.64553958177567,60.82355266809464,76.35962212085724,94.9681966304779,59.63201612234116,65.92254304885864
422,18,14,87.51626586914062,63.48714293325,48.02688527107239,66.99363899230957,63.241926193237305,69.22447991371155,41.31647363305092,56.27674853801727
423,18,15,78.89274597167969,63.48714293325,122.0726639032364,104.48954877257349,105.61575564742088,118.6195769906044,96.57812961935996,84.25012755393982
424,18,16,87.19037628173828,63.48714293325,131.68894147872925,119.92496424168348,124.55123037099838,113.05195799469948,91.92274961061776,124.7646745443344
425,18,17,99.0400619506836,63.48714293325,149.28248274326324,115.66843056678772,129.37581861019137,142.18749821186066,90.61779695749284,116.0121865272522
426,18,18,100.60870361328124,63.48714293325,109.22346377372742,132.1648046374321,109.3353397846222,104.24172043800354,113.30236226320268,126.18117618560792
427,18,19,94.62203979492188,63.48714293325,140.97615349292755,134.54108834266663,133.27182108163834,145.84585815668106,117.3813854455948,142.95789790153503
428,18,20,108.6868896484375,63.48714293325,126.26366001367568,121.6532421708107,130.12270510196686,105.36974120140076,117.17703115940094,136.5794552564621
429,18,21,99.16378021240234,63.48714293325,136.32708287239075,138.3952865600586,112.8716870546341,148.10149502754211,128.87290453910828,124.22169291973114
430,18,22,98.29064178466795,63.48714293325,103.79836082458496,113.32794278860092,135.72747206687927,111.71843671798706,119.61942917108536,93.04783654212952
431,18,23,76.92842102050781,63.48714293325,137.9267315864563,108.8280621767044,140.8752726316452,114.2946344614029,122.04504525661469,101.99576830863953
432,19,0,83.73641967773438,46.068102811816665,108.01388132572174,102.16594576835632,120.36044085025787,116.96879363059998,105.9110324382782,114.08292806148528
433,19,1,78.16576385498047,46.068102811816665,127.48140168190002,97.53827142715454,86.70890665054321,118.62009263038637,141.81631687283516,112.53228557109831
434,19,2,77.68180847167969,46.068102811816665,71.2068904042244,104.32251465320589,80.5718155503273,123.09362125396729,126.2441520690918,105.01774430274963
435,19,3,75.71500396728516,46.068102811816665,107.05994951725006,135.70412170886993,99.52045929431917,94.80896759033205,53.53201325237751,103.78541648387908
436,19,4,78.47040557861328,46.068102811816665,77.12962400913239,140.3635425567627,88.83429670333862,102.18381762504578,65.5212604701519,103.10945415496826
437,19,5,86.04846954345703,46.068102811816665,117.23463177680968,121.77790677547456,134.01261043548584,118.96451926231384,61.37371447682381,107.85557627677916
438,19,6,99.69852447509766,46.068102811816665,80.68986316025257,108.71730709075928,115.97449082136154,95.6876612007618,75.54786524176598,104.93155413866045
439,19,7,99.77476501464844,46.068102811816665,90.71674758195876,67.89264595508575,78.36885124444962,78.09859067201614,54.10000324249268,71.81903100013733
440,19,8,103.7935562133789,46.068102811816665,7.444974422454834,19.37131917476654,19.139002203941345,39.63535761833191,8.55923581123352,24.241039752960205
441,19,9,95.08650970458984,46.068102811816665,-10.640733122825624,-34.46763038635254,-30.865352630615234,0.3341348171234131,-7.8824383020401,-29.302495002746586
442,19,10,89.54055786132812,46.068102811816665,-30.03544795513153,-25.607412099838257,-38.32034456729889,-12.71247148513794,-33.45210540294647,-37.70541501045227
443,19,11,105.91385650634766,46.068102811816665,-50.6316431760788,-46.772181153297424,-37.13533425331116,-15.787973523139954,-33.62371265888214,-65.15841865539551
444,19,12,66.38428497314453,46.068102811816665,-70.32570362091064,-63.79257595539093,-80.56915771961212,-74.36754035949707,-57.84339606761933,-71.38963758945465
445,19,13,62.66224670410156,46.068102811816665,-31.01441729068756,-41.04647123813629,-41.370731472969055,-9.141700506210327,-45.44981896877289,-31.84512221813202
446,19,14,60.93439102172852,46.068102811816665,59.325936019420624,69.4511838555336,60.12427443265915,57.94698631763458,37.08400928974152,57.31484898924828
447,19,15,62.662723541259766,46.068102811816665,76.79788386821747,60.62611651420593,94.076350659132,68.95678740739822,71.27576653659344,69.62501615285873
448,19,16,60.34782791137695,46.068102811816665,90.6177191734314,108.58659142255785,80.59103459119797,101.7058128118515,65.9264067709446,105.85017025470734
449,19,17,81.9683609008789,46.068102811816665,80.1472036242485,81.7884830236435,110.80846548080444,96.27408170700072,79.41096144914627,93.4568841457367
450,19,18,80.13392639160156,46.068102811816665,86.50456577539444,94.20659309625626,85.43342012166977,108.1649260520935,78.48016822338104,108.77269768714903
451,19,19,83.06748962402344,46.068102811816665,93.80016422271729,100.3298281431198,126.2462762594223,111.01861822605132,83.54810756444931,114.94896626472472
452,19,20,86.5517578125,46.068102811816665,72.11207568645477,79.73233276605606,82.72297304868698,97.3673620223999,119.06510663032532,85.24242770671844
453,19,21,66.59274291992188,46.068102811816665,81.94057762622833,103.7510753273964,111.44946718215942,103.89347863197328,80.74927943944931,88.77208364009857
454,19,22,68.3495864868164,46.068102811816665,71.8226124048233,84.76818937063217,72.5529964864254,72.49687469005585,41.914873510599136,74.55374193191528
455,19,23,51.991329193115234,46.068102811816665,64.85401725769043,88.81485539674759,85.42523610591888,91.40586805343628,13.223306730389597,71.62341606616974
456,20,0,48.63689422607422,41.165601924820834,76.40783679485321,80.19262784719467,71.34499251842499,85.41894143819809,-2.5299791246652603,65.55292356014252
457,20,1,49.59658432006836,41.165601924820834,86.83222424983978,101.8065905570984,97.73190093040466,108.43149653077126,38.43188335001469,86.30483853816986
458,20,2,58.52248001098633,41.165601924820834,86.20132327079773,78.4943596124649,80.23242908716202,85.0904335975647,16.243485510349274,82.13328695297241
459,20,3,47.507511138916016,41.165601924820834,92.61837774515152,88.96957248449326,95.9924578666687,100.85921669006348,46.1063639074564,93.58073937892914
460,20,4,53.911529541015625,41.165601924820834,83.78648483753204,87.8662383556366,86.6004627943039,93.9400678873062,89.50744912028313,86.70794308185577
461,20,5,56.15682220458984,41.165601924820834,97.57589912414552,95.30856147408484,96.36732378602028,92.0129731297493,75.47001264989376,119.74580371379852
462,20,6,66.71349334716797,41.165601924820834,77.77698647975922,77.72655722498894,94.2149666249752,81.05226105451584,78.16229064762592,110.69075328111649
463,20,7,70.09503936767578,41.165601924820834,74.98980152606964,72.85326540470123,80.16486212611198,80.84123104810715,63.1556308567524,97.2413374185562
464,20,8,72.02519226074219,41.165601924820834,36.32989954948425,42.41109931468964,27.102620720863342,37.21618127822876,14.265034258365633,46.73092794418335
465,20,9,66.1377182006836,41.165601924820834,4.373923897743225,17.15539312362671,41.68614482879639,29.34997498989105,-7.089458227157593,1.8957054615020752
466,20,10,56.29299545288086,41.165601924820834,17.597137928009033,-5.36117422580719,-0.656091570854187,9.97980284690857,5.37687349319458,-18.495451748371124
467,20,11,50.58027267456055,41.165601924820834,20.09315848350525,39.06962436437607,41.34584218263626,42.69909191131592,29.702863216400143,23.30193024873733
468,20,12,47.78311538696289,41.165601924820834,35.30557781457901,29.667868554592133,27.998394906520844,17.19952428340912,25.349576830863956,17.40159022808075
469,20,13,51.97623825073242,41.165601924820834,53.295481622219086,58.29297876358032,82.4201668202877,55.83877247571945,58.83900961279869,45.32009243965149
470,20,14,52.75047302246094,41.165601924820834,55.42466703057289,63.555395781993866,78.19983685016632,38.12464225292206,78.82099920511246,63.89000192284584
471,20,15,57.29099655151367,41.165601924820834,62.18191224336624,51.69487577676773,53.68970501422882,52.57501152157784,60.35173806548119,60.141481935977936
472,20,16,52.00070571899414,41.165601924820834,64.24062520265579,70.16252034902573,91.08663362264632,82.84693670272827,78.31022509932518,85.44394040107727
473,20,17,62.98511505126953,41.165601924820834,75.45425671339035,62.84682184457779,82.27340930700302,94.90274107456209,76.36016827821732,76.02710556983948
474,20,18,57.84175109863281,41.165601924820834,66.74462389945984,60.00361251831055,76.63020819425583,68.22257024049759,87.61875361204147,78.737997174263
475,20,19,56.083194732666016,41.165601924820834,54.90675890445709,57.52452772855759,62.63144886493683,69.2824604511261,64.30283343791962,69.71681272983551
476,20,20,42.03319549560547,41.165601924820834,25.377480447292328,45.83686596155167,66.55124753713608,65.2466835975647,86.171855032444,63.72828912734985
477,20,21,46.52604675292969,41.165601924820834,66.29314994812012,58.481786012649536,53.86263310909271,67.33432251214981,64.87911117076874,55.18515527248383
478,20,22,32.38218307495117,41.165601924820834,43.16014474630356,-1.8755968511104584,52.94124719500542,31.020268082618717,17.958738446235657,60.68719786405563
479,20,23,26.569408416748047,41.165601924820834,41.016133248806,57.91087186336517,47.91908156871796,55.43678414821625,12.14146713912487,54.108003079891205
480,21,0,19.943431854248047,32.352004676662496,43.93162548542023,42.81945917010307,44.392338275909424,53.65418338775635,15.652442023158072,54.72042605280876
481,21,1,23.95507049560547,32.352004676662496,40.02494323253632,35.53957125544548,40.39568993449211,41.5394649207592,29.07587666809559,49.82125025987625
482,21,2,21.362903594970703,32.352004676662496,41.70088571310043,38.17269766330719,43.59807360172272,46.327210515737534,14.787871807813644,52.31736409664154
483,21,3,21.620769500732425,32.352004676662496,37.5769367814064,46.52389845252037,52.154396533966064,31.327149212360386,39.37485903501511,66.97612053155899
484,21,4,25.961923599243164,32.352004676662496,66.02779391407967,49.15550135076046,73.08758282661438,40.95654660463333,35.23357938230038,77.68467402458191
485,21,5,45.30651092529297,32.352004676662496,58.71791160106659,60.65910542011261,79.05441641807556,41.32711359858513,65.7521490752697,72.54869616031647
486,21,6,46.47896957397461,32.352004676662496,41.209263160824776,56.98204097151756,51.64980408549309,26.4253052175045,33.52943879365921,60.58118606358767
487,21,7,40.29972076416016,32.352004676662496,6.658771336078644,22.480321764945984,15.660021662712095,-1.223118245601654,4.616627186536789,22.54964938759804
488,21,8,34.73180389404297,32.352004676662496,-19.280859887599945,-29.419527679681774,-22.90758889913559,-34.89839679002762,-26.806350469589237,-16.68978723883629
489,21,9,42.072021484375,32.352004676662496,-64.2516508102417,-39.38189172744751,-54.094966411590576,-59.85878682136536,-44.7109968662262,-56.82607090473175
490,21,10,33.27701568603516,32.352004676662496,-75.03741800785065,-65.57942295074463,-83.69686388969421,-75.07492482662201,-75.01107978820801,-77.77993679046631
491,21,11,29.537731170654297,32.352004676662496,-13.125036656856537,-5.86655992269516,-15.243452668190002,-14.96741807460785,1.5655651092529297,-9.956054985523224
492,21,12,38.69043731689453,32.352004676662496,24.75541865825653,38.351906061172485,16.813616275787354,8.781055212020874,12.137715339660645,20.952325224876404
493,21,13,46.56272506713867,32.352004676662496,10.714042067527773,-5.4632139801979065,10.355813682079315,13.586121290922163,-1.14221853017807,7.937525629997253
494,21,14,32.93556213378906,32.352004676662496,43.71287149190903,45.10851527750492,39.63576138019562,31.75353580713272,36.19346609711647,34.69004461169243
495,21,15,38.89536285400391,32.352004676662496,70.47060108184814,39.14768263045698,71.83360696211457,68.53383405506611,58.52382227778435,55.42444843053818
496,21,16,58.28504180908203,32.352004676662496,84.5602445602417,87.38753327727318,91.49050027132034,96.96537697315216,62.01238760352135,59.369109749794006
497,21,17,78.8872299194336,32.352004676662496,78.91222441196442,70.68813067674637,58.19678044319153,74.46137654781342,69.68174463510513,52.05834400653839
498,21,18,69.1711196899414,32.352004676662496,85.48753237724304,110.5873590707779,109.5238447189331,106.38756906986237,102.38125157356262,70.15535843372345
499,21,19,81.07444763183594,32.352004676662496,75.23012167215347,71.1778119802475,84.52430486679077,98.05689680576324,95.57065671682358,68.90375709533691
500,21,20,71.5356674194336,32.352004676662496,75.24251353740692,99.45038676261902,99.09508347511292,80.41154217720032,102.14522916078568,67.71564137935638
501,21,21,71.62782287597656,32.352004676662496,88.11821150779724,103.15147948265076,101.93549478054048,103.73812675476074,95.42866998910904,97.06460213661194
502,21,22,79.10921478271484,32.352004676662496,87.79528653621674,76.7184824347496,114.65147876739502,96.3262179493904,118.01572942733765,90.98101365566254
503,21,23,73.49090576171875,32.352004676662496,102.37923538684844,107.11147546768188,106.16296714544296,92.7604547739029,85.28702223300934,101.84562802314758
504,22,0,77.09757995605469,73.539249575,120.07851833105089,93.56226643919943,103.27882760763168,118.914745926857,108.48626881837843,98.53550136089324
505,22,1,73.44939422607422,73.539249575,106.98707950115204,104.17793536186218,116.61235192418098,107.66956460475922,71.43065947294235,107.00681018829346
506,22,2,78.48754119873047,73.539249575,112.41033750772476,117.87912213802338,97.09642350673676,117.99314498901369,90.31528103351592,101.91877692937852
507,22,3,79.98530578613281,73.539249575,122.35564815998076,120.44874280691148,124.4304915368557,114.2180598974228,88.2274334281683,125.9117033481598
508,22,4,92.08890533447266,73.539249575,104.87209939956664,112.18046435713768,119.20180022716522,117.33025026321413,121.8599056005478,117.45302414894104
509,22,5,89.2698974609375,73.539249575,120.71863305568696,137.1093888282776,119.26802325248718,121.72789442539217,130.18347719311714,149.75929057598114
510,22,6,113.1146240234375,73.539249575,122.73405277729034,129.49296797811985,119.81289845705032,123.38957244157793,113.597953684628,140.38461312651634
511,22,7,110.83878326416016,73.539249575,137.36378610134125,123.85272777080536,125.73447895050047,119.50961256027222,108.58433550596236,145.77857422828674
512,22,8,118.40306854248048,73.539249575,107.6624701321125,124.96306085586548,96.61447793245316,124.2986936569214,98.06042504310608,117.19647479057312
513,22,9,111.86697387695312,73.539249575,99.90559673309326,102.31329822540285,94.6672134399414,107.53366541862488,73.85049432516098,110.00676488876344
514,22,10,111.32910919189452,73.539249575,74.60188055038452,84.635020673275,78.11932009458542,108.20494788885117,82.32695686817169,79.68541711568832
515,22,11,110.96002197265624,73.539249575,103.02295035123824,87.94077926874161,96.8098920583725,113.13564121723176,87.74414652585983,78.0128464102745
516,22,12,107.03858947753906,73.539249575,92.98132330179214,82.68863028287888,103.63622891902924,115.17483216524124,76.98042821884155,89.87126594781876
517,22,13,107.99138641357422,73.539249575,96.32220613956451,107.16677170991898,94.07519656419754,114.89599651098251,92.89033114910126,103.26367020606996
518,22,14,102.05574798583984,73.539249575,111.77988141775133,124.89799934625626,114.06536319851875,118.9038599729538,106.75029706954956,113.90960049629211
519,22,15,109.88351440429688,73.539249575,125.25078615546228,130.77820712327957,136.62910033762455,144.51472508907318,119.06177384406328,112.45761680975556
520,22,16,109.92438507080078,73.539249575,112.31922006607056,121.4979795217514,109.75254118442535,136.11398720741272,124.60138583183289,111.07202577590942
521,22,17,106.73605346679688,73.539249575,143.2258734703064,162.04220807552338,137.39504969120026,141.25695836544037,123.3172961473465,139.7509627342224
522,22,18,124.48311614990234,73.539249575,146.58100986480713,165.94934844970703,156.57477736473083,171.9835705757141,155.47218310832977,147.50806641578674
523,22,19,132.26776123046875,73.539249575,182.60779857635495,185.62050008773804,162.5531349182129,147.10729563236237,148.9103161096573,152.66764640808103
524,22,20,139.46983337402344,73.539249575,164.1259259581566,179.77501034736633,163.88419246673584,168.47251951694489,154.4580239057541,156.41848754882812
525,22,21,132.7042236328125,73.539249575,187.74231934547424,176.0164270401001,144.40751099586487,145.53376588225365,132.49868774414062,165.0977873802185
526,22,22,130.10325622558594,73.539249575,154.79303804039955,168.59924340248108,164.97995162010193,155.5919544696808,155.91015648841858,165.37374210357666
527,22,23,115.84906005859376,73.539249575,162.9792959690094,155.98486065864563,159.93646240234375,156.79994249343872,111.27074420452118,142.39618623256683
528,23,0,112.2405776977539,74.70000826425,147.7513964176178,138.07160985469818,159.5317633152008,158.57627761363983,135.63572531938553,153.49192428588867
529,23,1,114.59136199951172,74.70000826425,153.79222333431244,137.71265876293182,132.73627603054047,174.57968711853027,110.3388088941574,132.92525839805603
530,23,2,112.10700225830078,74.70000826425,137.68115830421448,117.98822355270386,149.99207305908203,162.56144618988037,121.12745827436449,149.33386945724487
531,23,3,116.7606430053711,74.70000826425,160.86594653129578,144.96860527992249,151.09622931480408,170.29523921012878,102.22086188197136,146.353004693985
532,23,4,122.89791870117188,74.70000826425,135.21907210350037,129.9694013595581,149.57350206375122,159.23016691207886,145.79226529598236,161.68289256095886
533,23,5,124.65522003173828,74.70000826425,160.8003933429718,145.33123111724854,150.51039576530457,157.3526816368103,151.6756535768509,164.92233836650848
534,23,6,131.12655639648438,74.70000826425,160.55518355965614,164.7375097796321,155.9362762272358,171.19930481910706,182.8952760696411,169.77979409694672
535,23,7,148.61151123046875,74.70000826425,123.58004224300385,140.6588270664215,140.03699031472206,126.06438627839088,149.8814893066883,147.88240388035774
536,23,8,135.62002563476562,74.70000826425,109.84416449069975,103.43628311157228,86.12840664386749,116.1016085743904,125.72289776802064,113.67574334144592
537,23,9,116.01163482666016,74.70000826425,80.40893316268921,106.51653754711153,112.67399311065674,106.29125666618349,71.04880982637405,105.61988830566406
538,23,10,109.59537506103516,74.70000826425,87.72066622972488,83.5437480211258,85.5274857878685,95.07249373197556,95.92445361614227,78.2260080575943
539,23,11,96.16411590576172,74.70000826425,83.45533430576324,92.48928785324097,74.58441019058228,87.05896508693695,57.61259490251541,69.3582535982132
540,23,12,89.39810943603516,74.70000826425,67.4383037686348,72.36197555065155,77.75547391176224,71.50961291790009,60.5453115105629,62.1325831413269
541,23,13,86.98684692382812,74.70000826425,93.1828896701336,77.7007645368576,64.80209317803383,87.9567883014679,69.0072511434555,103.1867807507515
542,23,14,92.1663589477539,74.70000826425,95.54642809927464,114.08034253120422,104.734259724617,98.95988315343855,74.85885947942734,92.72720840573312
543,23,15,94.53334045410156,74.70000826425,98.467773899436,99.45949436724186,99.30080598592758,114.35568679869176,104.29598799347878,101.06699085235596
544,23,16,90.68070220947266,74.70000826425,127.17075264453888,151.93352514505386,131.9679729938507,150.4663441181183,105.8005142211914,134.0057225227356
545,23,17,121.10255432128906,74.70000826425,129.71887516975403,129.13541531562805,145.44907653331757,144.09463262557983,114.77134203910828,127.19164431095123
546,23,18,108.2127456665039,74.70000826425,97.31595933437347,119.90860962867735,96.70684057474136,107.46035194396973,116.28704059123991,119.23740804195404
547,23,19,97.61748504638672,74.70000826425,118.67184591293336,121.1587523818016,125.1564337015152,108.79226422309875,114.91237047314644,125.34642708301544
548,23,20,106.6885986328125,74.70000826425,117.49746763706209,133.72182750701904,154.01569271087646,133.1741240024567,141.83108055591583,136.20125567913055
549,23,21,107.32301330566406,74.70000826425,112.46581768989564,110.38683092594148,118.24147832393646,93.02150028944016,103.95190405845642,123.06350028514862
550,23,22,86.26231384277344,74.70000826425,97.77612709999084,103.06871157884598,113.46598958969116,103.38529765605928,122.52176189422607,107.34648180007936
551,23,23,75.71248626708984,74.70000826425,98.807537317276,93.93919277191162,97.0465965270996,90.48685604333878,91.79706287384032,98.66028499603271
552,24,0,65.85944366455078,56.39540272062501,80.29536175727844,88.64041781425476,85.92304536700249,98.5166620016098,107.22901618480682,91.8323825597763
553,24,1,62.86289978027344,56.39540272062501,104.28695511817932,71.9575138092041,92.8196233510971,92.1668426990509,100.95739686489104,74.82320374250412
554,24,2,60.6605339050293,56.39540272062501,106.07898879051208,93.46580812335014,88.18942540884018,93.93506956100464,103.91945612430573,93.6998289823532
555,24,3,63.22798156738281,56.39540272062501,112.82044345140456,91.2597954273224,92.3480167388916,100.16613042354584,93.79162287712096,94.8100882768631
556,24,4,58.90158081054688,56.39540272062501,89.21796214580536,83.39942261576653,82.2497669160366,87.55369544029236,85.26577109098434,88.63606798648834
557,24,5,62.85601425170898,56.39540272062501,91.45147043466568,94.28909930586816,98.487664103508,89.46829378604889,77.83382087945938,108.23853719234468
558,24,6,65.99434661865234,56.39540272062501,105.629286326468,107.21191047877072,108.76816603541374,99.53018802404404,92.28016412258148,112.46152871847153
559,24,7,85.13560485839844,56.39540272062501,114.9165712594986,116.8336769938469,115.15974225103857,104.83456471562386,84.76929587125778,122.40425950288773
560,24,8,103.64185333251952,56.39540272062501,89.87658056616783,87.2145836353302,72.90165558457375,76.8582678437233,58.86675316095352,91.83937191963196
561,24,9,89.80916595458984,56.39540272062501,91.5854988694191,78.37400007247925,86.29439264535904,80.7756267786026,55.23947542905808,79.38525375723839
562,24,10,88.96810913085938,56.39540272062501,88.92505046725273,90.1512287259102,86.27301207184792,80.54722610116005,58.60215929150581,66.51160225272179
563,24,11,90.45672607421876,56.39540272062501,89.6827861070633,68.65152895450592,67.06031382083893,70.37923341989517,36.01186218857765,54.96822252869606
564,24,12,79.5216064453125,56.39540272062501,39.18912959098816,22.35111773014069,39.33553731441498,29.00446081161499,10.837007462978365,14.04737412929535
565,24,13,73.46109008789062,56.39540272062501,18.332122921943665,18.24830746650696,15.72419023513794,33.056227922439575,-18.01204204559326,-3.0755244493484497
566,24,14,73.34927368164062,56.39540272062501,22.984766125679016,29.01377248764038,21.04348373413086,40.81595516204834,47.38470387458801,33.10102331638336
567,24,15,71.1850814819336,56.39540272062501,67.17335891723633,95.63454309105872,93.91720268130302,88.6642472743988,80.15313363075256,59.60179263353348
568,24,16,82.52947235107422,56.39540272062501,101.15366271138193,99.68487614393234,126.06132486462592,108.38854932785034,100.03739655017851,101.16182643175124
569,24,17,89.41136169433594,56.39540272062501,101.26490443944932,137.18033599853516,104.12523007392883,110.72967541217804,111.24007093906404,111.62444019317628
570,24,18,88.53309631347656,56.39540272062501,126.34468412399292,142.7315013408661,121.34764832258224,136.58855962753296,122.91703939437866,128.8537653684616
571,24,19,99.4882583618164,56.39540272062501,131.74593526124954,133.92398899793625,124.13328170776369,126.84799885749815,129.69459027051926,137.19264423847198
572,24,20,107.50324249267578,56.39540272062501,118.50224006175996,140.8924561738968,119.35457170009612,115.56149399280548,125.2110240459442,137.67764580249786
573,24,21,94.27462768554688,56.39540272062501,124.93161204457284,128.27738165855408,122.46615481376648,123.837471306324,128.06985077261925,142.06759333610535
574,24,22,97.7852020263672,56.39540272062501,124.61226785182951,129.26201447844505,137.9632728099823,119.74162411689758,110.5452874302864,142.7037980556488
575,24,23,98.31410217285156,56.39540272062501,118.32433903217316,114.6319019794464,108.15561437606812,131.7539323568344,85.07962244749069,124.80225086212158
576,25,0,87.10909271240234,67.16472042141667,127.04466581344604,124.69879710674286,126.49085545539856,125.77676180005074,99.51914501190186,125.3461742401123
577,25,1,89.89289855957031,67.16472042141667,126.16464948654176,113.1136702299118,109.7463082075119,136.87286067008972,113.41574597358704,117.1028983592987
578,25,2,85.93340301513672,67.16472042141667,119.41520345211028,131.67659521102905,118.42379814386368,131.903728723526,107.1386152803898,129.1103673577309
579,25,3,88.33749389648438,67.16472042141667,119.90146708488464,106.9084419608116,104.53779220581056,122.89385879039764,115.956863373518,135.33477425575256
580,25,4,85.27574920654297,67.16472042141667,112.39517998695374,107.25622284412384,109.37751159071922,121.53438782691956,107.38275289535522,120.27865421772005
581,25,5,87.04588317871094,67.16472042141667,103.85856807231904,120.32496646046638,118.07853227853776,103.32647740840912,93.55261480808258,120.25946778059006
582,25,6,87.20769500732422,67.16472042141667,104.96133533120155,117.06173813343048,93.94576740637422,117.63288152217864,114.6115533709526,122.62425369024275
583,25,7,100.35460662841795,67.16472042141667,116.13921692967416,122.61581325531006,112.50575312972067,107.6367050409317,102.4589841067791,135.37521544098854
584,25,8,114.90428924560548,67.16472042141667,99.31930500268936,111.24109935760498,93.4368905723095,124.85884928703308,61.3927039206028,119.78794637322426
585,25,9,108.09102630615234,67.16472042141667,108.65323579311372,94.67927646636964,119.06849181652068,109.68993175029756,83.49002873897552,117.22674429416656
586,25,10,103.50526428222656,67.16472042141667,115.75149524211884,108.96535348892212,94.87512232363224,130.99140810966492,96.20760688185692,104.87939997017384
587,25,11,102.15574645996094,67.16472042141667,109.76702296733856,123.70342969894408,126.31408724188805,118.12220922112463,78.70300540328026,129.52374649047852
588,25,12,110.95812225341795,67.16472042141667,81.49042797088623,95.5186034142971,111.69220966100691,123.02819919586182,79.4841459095478,110.94354057312012
589,25,13,95.92401123046876,67.16472042141667,99.363856472075,114.21932756900787,92.6909287571907,119.51513919234276,69.30086326599121,105.94194427132608
590,25,14,93.8602066040039,67.16472042141667,105.54665994644164,103.86631464958192,112.14709320664406,120.44087952375412,115.26802361011504,100.65901744365692
591,25,15,97.7287826538086,67.16472042141667,131.40006330609322,116.15167260169984,122.94261821359396,120.69552537798882,103.25539810955524,124.0448481440544
592,25,16,105.70806121826172,67.16472042141667,116.79294204711914,111.8315789103508,115.01448851823808,119.43759512901306,104.17160224914552,115.26055008172987
593,25,17,100.30870056152344,67.16472042141667,118.76481652259828,131.69423055648804,114.52164256572723,116.23500883579254,101.5511771440506,110.45668816566469
594,25,18,100.8327178955078,67.16472042141667,111.84547019004822,122.09235662221909,136.5748479962349,108.29903423786163,118.80497270822524,89.44789516925812
595,25,19,97.7572250366211,67.16472042141667,113.62467789649963,125.3632475733757,134.2230441570282,104.4829604625702,117.27731513977052,96.53120255470276
596,25,20,88.49087524414062,67.16472042141667,125.20938467979433,100.0494572520256,115.63615131378174,107.41746237874032,104.65258252620696,102.47869575023653
597,25,21,92.677001953125,67.16472042141667,109.24243038892746,100.33861297369003,109.59892320632936,99.42195618152618,114.70362651348114,96.86085605621338
598,25,22,83.1617660522461,67.16472042141667,95.28351843357086,102.12063485383987,107.83806383609772,83.47144815325737,87.50616849958897,98.4922046661377
599,25,23,70.32215118408203,67.16472042141667,91.27053111791612,95.1100350022316,99.79380118846892,94.3771831393242,119.8769428730011,99.43726646900176
600,26,0,67.19058990478516,43.94522550337499,92.74188601970673,80.8316513299942,106.03292524814606,82.06894969940186,109.16929537057877,99.67004632949828
601,26,1,63.15768432617188,43.94522550337499,86.37853732705116,84.75657975673676,66.87176132202148,89.39621412754059,91.94041752815248,93.73644840717316
602,26,2,60.661659240722656,43.94522550337499,71.53473651409149,113.89272844791412,70.8995258808136,99.96899342536926,78.70975524187088,104.72264391183852
603,26,3,57.739871978759766,43.94522550337499,63.79149502515793,91.12236785888672,66.23536515235901,106.56610757112504,79.95216006040573,109.44711339473724
604,26,4,62.48955154418945,43.94522550337499,100.65023350715636,91.38053488731384,96.99554944038393,87.75520461797714,102.31827174127102,111.98081851005554
605,26,5,75.83322143554688,43.94522550337499,111.07481098175047,128.11336743831637,110.09431791305542,110.12567603588104,101.11016458272934,96.27386593818665
606,26,6,95.10921478271484,43.94522550337499,74.83281597495079,97.20356285572052,89.07505458593369,74.89419513940811,62.40384819358587,80.32186029851437
607,26,7,86.11912536621094,43.94522550337499,63.77828919887543,54.639700055122375,40.4002046585083,57.072288155555725,17.850559949874878,64.17577660083771
608,26,8,77.51910400390625,43.94522550337499,-3.750330209732056,10.195569276809692,14.730604410171509,51.610939025878906,5.023251891136169,43.70436429977417
609,26,9,66.93960571289062,43.94522550337499,34.78928583860397,34.94923406839371,30.641796588897705,39.46595776081085,-1.8326733112335205,42.70963668823242
610,26,10,66.24641418457031,43.94522550337499,-55.21297478675842,-38.82151770591736,-26.0232355594635,-15.588673114776611,-56.489049434661865,-34.15706968307495
611,26,11,63.6302375793457,43.94522550337499,-71.33948826789856,-53.6694700717926,-80.77521812915802,-61.28827714920044,-89.95554947853088,-67.5983669757843
612,26,12,55.83417892456055,43.94522550337499,-49.3264262676239,-37.659228801727295,-56.7390992641449,-9.522251963615416,-36.37840700149536,-41.55705142021179
613,26,13,60.46515655517578,43.94522550337499,-11.477153360843658,22.71542078256607,13.051925003528597,1.4884584546089172,4.540635883808136,15.684264719486237
614,26,14,50.2971305847168,43.94522550337499,72.56052875518799,31.54945567250252,46.316923916339874,68.07653898000717,38.36608511209488,34.81761592626572
615,26,15,56.42057418823242,43.94522550337499,66.6123680472374,55.10453486442566,70.13490343093872,79.60598862171173,34.9420128762722,56.4264839887619
616,26,16,60.94517135620117,43.94522550337499,109.03545835614204,65.48231092095375,101.66897037625311,117.04132008552553,56.63087254017592,71.9438259974122
617,26,17,72.51644897460938,43.94522550337499,102.5979858636856,97.75962042808531,105.99363255500792,108.45682525634766,82.68111449480057,80.50563097000122
618,26,18,78.36978912353516,43.94522550337499,109.65725773572922,113.76466071605682,118.27777761220932,114.9459034204483,73.74405044317245,78.2571530342102
619,26,19,83.74144744873047,43.94522550337499,104.58074426651,109.83040702342988,116.83801001310349,112.9425004720688,123.19112491607666,92.12738156318665
620,26,20,84.56258392333984,43.94522550337499,96.13396376371384,97.66403460502625,106.89945328235626,106.57658112049104,109.17250752449036,99.8105673789978
621,26,21,81.65487670898438,43.94522550337499,98.60100722312929,96.91311061382294,110.42859852313995,105.13058352470398,85.88304448127747,98.51463711261748
622,26,22,80.19512939453125,43.94522550337499,100.8747534751892,90.39297020435332,133.72424721717834,115.89316594600676,104.49315202236176,116.71637058258057
623,26,23,75.82862854003906,43.94522550337499,116.16344141960144,82.73437362909317,93.9384081363678,94.6101380586624,129.99391067028046,106.25188648700714
624,27,0,83.48856353759766,43.08930080841666,108.24852776527403,104.1517540216446,120.23853859305382,126.61192518472672,117.9035713672638,113.39745926856996
625,27,1,76.75967407226562,43.08930080841666,119.3239095211029,104.86349469423294,104.77360653877258,140.63553619384766,135.12312763929367,97.38078117370604
626,27,2,68.71609497070312,43.08930080841666,64.55531537532806,100.3249852657318,86.0641154050827,111.88885486125946,100.82430985569954,101.11840629577635
627,27,3,66.03546142578125,43.08930080841666,90.1946098804474,98.87741148471832,79.66959524154663,110.64323568344116,84.57245999574661,100.08900451660156
628,27,4,70.64006042480469,43.08930080841666,62.89352607727051,123.84845036268234,113.19522368907928,100.75970888137816,77.86271154880524,112.4525396823883
629,27,5,77.64484405517578,43.08930080841666,111.97606015205383,157.2299919128418,133.22985410690308,111.40083599090576,78.08061546087265,124.26848077774048
630,27,6,109.63224029541016,43.08930080841666,89.87001392245293,116.782890021801,121.60986423492432,105.0899264216423,85.91179326176643,115.0783643424511
631,27,7,108.1034164428711,43.08930080841666,90.60959088802338,96.38420796394348,59.10272324085236,75.3597229719162,18.57237914204597,78.51078569889069
632,27,8,96.27875518798828,43.08930080841666,17.05724835395813,39.36545979976654,15.823211312294006,44.07863116264343,-15.685949563980104,26.73549211025238
633,27,9,96.0219497680664,43.08930080841666,-6.862391114234924,-25.018855571746823,-54.75070416927338,-16.022082328796387,-60.420830726623535,-25.961166977882385
634,27,10,71.71936798095703,43.08930080841666,-54.88603603839874,-37.8992714881897,-55.01228547096253,-22.75739073753357,-60.98547077178955,-21.633050560951236
635,27,11,90.33468627929688,43.08930080841666,-58.017415165901184,-65.20103418827057,-81.95322799682617,-34.83975410461426,-58.422417402267456,-62.58604061603546
636,27,12,54.31168746948242,43.08930080841666,-108.02263522148132,-105.23350846767426,-109.43781971931458,-109.35481131076811,-75.75982308387756,-90.86776995658876
637,27,13,45.55209732055664,43.08930080841666,-94.23742306232452,-83.03936111927032,-99.68218898773192,-60.00167846679688,-77.64924669265747,-77.20243179798126
638,27,14,37.570682525634766,43.08930080841666,-59.05592620372772,-41.20295584201813,-56.771329402923584,-51.65986549854279,-45.1742342710495,-56.539565443992615
639,27,15,37.34244537353516,43.08930080841666,-16.497910976409912,11.760902166366575,-7.772189378738403,18.31517553329468,-18.698266699910164,-0.4262188673019409
640,27,16,40.61528396606445,43.08930080841666,66.24183970689774,62.23796212673187,73.45178711414337,89.29345199465752,60.72245167195797,54.243380934000015
641,27,17,58.09511566162109,43.08930080841666,96.89645636081696,71.87176156044006,89.58887302875519,95.40237879753111,80.52971479296684,68.38374292850494
642,27,18,65.78490447998047,43.08930080841666,81.75153774023056,81.43841326236725,91.34324657917024,97.69869589805604,74.02883350849152,75.0077314376831
643,27,19,67.71769714355469,43.08930080841666,126.9077252149582,111.09577089548112,131.64940011501312,112.2208852171898,127.14856159687042,108.57234013080596
644,27,20,90.64962768554688,43.08930080841666,95.2921302318573,91.86997139453888,94.9925332069397,127.0779995918274,97.55433464050292,98.0778295993805
645,27,21,71.1522216796875,43.08930080841666,81.61787581443787,90.34216046333312,89.10603046417236,68.9709061384201,87.31674280762672,91.46706926822662
646,27,22,60.13677215576172,43.08930080841666,76.70506662130356,80.80951607227325,82.32090425491333,89.22450369596481,70.93906152248383,83.40150272846222
647,27,23,54.88160705566406,43.08930080841666,64.31464970111847,78.97913461923599,72.16583329439163,65.90931272506714,79.13696420192719,80.72389364242554
648,28,0,47.30442810058594,37.13403659316667,77.500812292099,74.5372149348259,91.26884412765504,89.40999662876129,92.78020298480988,95.34381818771362
649,28,1,48.99928283691406,37.13403659316667,73.58163547515869,66.57462576031685,75.88789868354797,64.44902658462524,66.36383955180645,86.0181225836277
650,28,2,49.27072525024414,37.13403659316667,83.69836658239365,61.67929202318192,96.6535460948944,89.29719877243042,70.96176666021347,86.11013722419739
651,28,3,55.64564514160156,37.13403659316667,78.95267045497894,47.2634083032608,58.106746554374695,66.23637974262238,80.69382899999619,87.9734503030777
652,28,4,52.48114776611328,37.13403659316667,103.08034580945969,120.111490547657,126.83849674463272,95.67024326324464,81.40521967411041,99.78717374801636
653,28,5,83.44657897949219,37.13403659316667,78.01531744003296,88.51459646224976,103.70493268966676,82.2425125837326,66.53338420391083,89.2734524011612
654,28,6,69.21451568603516,37.13403659316667,98.58328542113304,114.64854454994202,86.77212223410606,62.34292706847191,67.13074712455273,91.8797023743391
655,28,7,80.80169677734375,37.13403659316667,76.6243836581707,92.62983950972556,78.70554721355438,47.08321234583855,44.95144021511078,77.22492671012878
656,28,8,73.48445129394531,37.13403659316667,69.96881198883057,72.38236367702484,78.1595610678196,28.754599392414093,36.243474662303925,62.87882196903229
657,28,9,72.51848602294922,37.13403659316667,4.384672164916992,29.293357849121094,18.692760109901428,-12.935475587844849,-8.185635268688202,15.408320665359495
658,28,10,71.1778335571289,37.13403659316667,-0.727850079536438,5.051037669181824,12.83820354938507,-21.6702219247818,-0.9571276903152466,4.9256651401519775
659,28,11,56.61349487304688,37.13403659316667,-73.39701545238495,-76.85925471782684,-86.36826086044312,-90.01900172233582,-84.27478957176208,-80.80504286289215
660,28,12,54.525978088378906,37.13403659316667,-58.16311144828797,-55.80898714065552,-68.27964460849762,-16.263356685638428,-19.03620994091034,-56.51479387283325
661,28,13,55.29652786254883,37.13403659316667,-80.00819671154022,-99.31490516662598,-106.81289935112,-104.02410304546356,-87.70418155193329,-99.34258222579956
662,28,14,36.345096588134766,37.13403659316667,-73.34831428527832,-58.12548404932022,-70.52884632349014,-17.691243648529053,-48.19342172145844,-60.024400651454926
663,28,15,40.38531875610352,37.13403659316667,26.751341372728348,4.768648535013199,7.466958999633789,23.22577029466629,18.889605820178986,11.130613803863524
664,28,16,39.1422004699707,37.13403659316667,58.00975358486176,55.099144756793976,68.75308388471603,60.24143376946449,50.56413005292416,48.90918034315109
665,28,17,46.06145858764648,37.13403659316667,64.23984169960022,41.51878845691681,67.95152831077576,53.0069734454155,38.44279211759567,54.07828068733215
666,28,18,47.64126968383789,37.13403659316667,64.7012147307396,76.38029992580414,84.57699984312057,80.33850526809692,62.26741033792496,75.74993920326233
667,28,19,56.08773040771485,37.13403659316667,82.13027143478394,70.25556188821793,83.95525270700455,78.33992111682892,74.12997579574585,83.30043888092041
668,28,20,59.49394226074219,37.13403659316667,63.691685169935226,68.67266857624054,80.65962624549866,74.32814675569534,76.22639125585556,84.60794657468796
669,28,21,52.9608154296875,37.13403659316667,70.81138497591019,57.38221949338913,81.86818647384644,73.36714631319046,82.8379870057106,67.94311916828156
670,28,22,44.03541564941406,37.13403659316667,42.3020658493042,71.4346231520176,83.3087063729763,62.28416949510574,44.20960968732834,60.66540306806564
